Timestamp,Ch1,Ch2,Ch3,Ch4,Ch5,Ch6,Ch7,Ch8
2025-09-03 13:05:11.208,-1636412,-4747925,-6825411,-7869198,2,2,2,2
2025-09-03 13:05:11.210,-3733759,-6828600,-6841632,-3675015,2,2,2,2
2025-09-03 13:05:11.211,-1636290,-6844919,-2630659,-7869035,2,2,2,2
2025-09-03 13:05:11.214,-1636201,-6844799,-2638986,-7869164,2,2,2,2
2025-09-03 13:05:11.216,-1636361,-6844959,-2638955,-7869136,2,2,2,2
2025-09-03 13:05:11.219,-1636486,-6828681,-6841574,-3683074,2,2,2,2
2025-09-03 13:05:11.222,-1636359,-4747784,-6825001,-7869052,2,2,2,2
2025-09-03 13:05:11.224,-1636238,-6844820,-2647289,-7868932,2,2,2,2
2025-09-03 13:05:11.227,-1636225,-6828405,-6841244,-3682797,2,2,2,2
2025-09-03 13:05:11.229,-1636350,-6844918,-2647066,-7868960,2,2,2,2
2025-09-03 13:05:11.232,-1636043,-6844641,-2630412,-7868687,2,2,2,2
2025-09-03 13:05:11.235,-1636159,-2650478,-6824917,-7868820,2,2,2,2
2025-09-03 13:05:11.238,-1636231,-6828344,-6841244,-7868823,2,2,2,2
2025-09-03 13:05:11.240,-1636252,-6844875,-6841322,-7868903,2,2,2,2
2025-09-03 13:05:11.244,-3733392,-6828412,-6841247,-3674511,2,2,2,2
2025-09-03 13:05:11.246,-1636206,-6844702,-2638711,-7868721,2,2,2,2
2025-09-03 13:05:11.248,-1636091,-6844574,-6824706,-7868923,2,2,2,2
2025-09-03 13:05:11.251,-1636331,-2650505,-6841325,-7868898,2,2,2,2
2025-09-03 13:05:11.253,-1636214,-2650388,-6841149,-7868781,2,2,2,2
2025-09-03 13:05:11.256,-1636076,-6828156,-6841330,-3682707,2,2,2,2
2025-09-03 13:05:11.259,-1636104,-2650345,-6824717,-7868921,2,2,2,2
2025-09-03 13:05:11.261,-1636193,-6844670,-2646882,-7868682,2,2,2,2
2025-09-03 13:05:11.264,-1635969,-6844446,-2646910,-7868705,2,2,2,2
2025-09-03 13:05:11.267,-1636068,-6844522,-2646940,-7868719,2,2,2,2
2025-09-03 13:05:11.269,-1636038,-4747273,-6824904,-7868697,2,2,2,2
2025-09-03 13:05:11.272,-1635967,-6844418,-2646902,-7868688,2,2,2,2
2025-09-03 13:05:11.274,-1635920,-6844658,-2638692,-7868666,2,2,2,2
2025-09-03 13:05:11.277,-3732993,-6828169,-6841079,-3682442,2,2,2,2
2025-09-03 13:05:11.280,-3733240,-6828156,-6841073,-3674230,2,2,2,2
2025-09-03 13:05:11.283,-1635893,-6844400,-6824477,-7868649,2,2,2,2
2025-09-03 13:05:11.287,-1635889,-4747168,-6824502,-7868568,2,2,2,2
2025-09-03 13:05:11.289,-1636045,-6844405,-6824525,-7868657,2,2,2,2
2025-09-03 13:05:11.291,-1635839,-6844206,-4743911,-7868486,2,2,2,2
2025-09-03 13:05:11.294,-1635803,-6844411,-6824572,-7868399,2,2,2,2
2025-09-03 13:05:11.297,-1635811,-6828030,-6840962,-3674102,2,2,2,2
2025-09-03 13:05:11.299,-1635829,-6844185,-2638487,-7868425,2,2,2,2
2025-09-03 13:05:11.302,-1635802,-4747261,-6824571,-7868397,2,2,2,2
2025-09-03 13:05:11.304,-1635637,-4747158,-6824508,-7868289,2,2,2,2
2025-09-03 13:05:11.308,-1635693,-2649987,-6840842,-7868278,2,2,2,2
2025-09-03 13:05:11.310,-1635587,-6844258,-2646425,-7868164,2,2,2,2
2025-09-03 13:05:11.313,-1635588,-6844261,-2638321,-7868173,2,2,2,2
2025-09-03 13:05:11.315,-1635786,-6844168,-2638234,-7868386,2,2,2,2
2025-09-03 13:05:11.318,-1635628,-4746874,-6824199,-7868190,2,2,2,2
2025-09-03 13:05:11.321,-1635837,-6844168,-2646500,-7868388,2,2,2,2
2025-09-03 13:05:11.324,-1635690,-2649703,-6840583,-7868175,2,2,2,2
2025-09-03 13:05:11.326,-1635559,-6844141,-2638209,-7868103,2,2,2,2
2025-09-03 13:05:11.329,-3732744,-6827521,-6840803,-7868063,2,2,2,2
2025-09-03 13:05:11.332,-1635592,-6844170,-6840731,-7868315,2,2,2,2
2025-09-03 13:05:11.334,-1635784,-6844042,-6824296,-7868263,2,2,2,2
2025-09-03 13:05:11.337,-1635817,-6844114,-6840699,-7868276,2,2,2,2
2025-09-03 13:05:11.340,-1635701,-2641513,-6840581,-7868159,2,2,2,2
2025-09-03 13:05:11.342,-1635559,-6827723,-6840687,-7867931,2,2,2,2
2025-09-03 13:05:11.345,-1635560,-6844042,-2646379,-7867932,2,2,2,2
2025-09-03 13:05:11.348,-1635540,-4746609,-6823991,-7867896,2,2,2,2
2025-09-03 13:05:11.351,-1635563,-6843846,-4743294,-7867922,2,2,2,2
2025-09-03 13:05:11.353,-1635389,-4746516,-6824186,-7867803,2,2,2,2
2025-09-03 13:05:11.357,-1635451,-2649376,-6840573,-7867876,2,2,2,2
2025-09-03 13:05:11.360,-1635345,-6843875,-4743312,-7867719,2,2,2,2
2025-09-03 13:05:11.362,-1635458,-2641174,-6840326,-7867805,2,2,2,2
2025-09-03 13:05:11.365,-1635222,-6843682,-6840336,-7867881,2,2,2,2
2025-09-03 13:05:11.367,-3732459,-6827318,-6840425,-3673592,2,2,2,2
2025-09-03 13:05:11.370,-1635348,-6843800,-2629761,-7867667,2,2,2,2
2025-09-03 13:05:11.373,-1635228,-6843677,-4743181,-7867833,2,2,2,2
2025-09-03 13:05:11.375,-1635359,-6843860,-4743308,-7867663,2,2,2,2
2025-09-03 13:05:11.378,-1635259,-6843668,-2637830,-7867851,2,2,2,2
2025-09-03 13:05:11.381,-1635103,-6843542,-6823819,-7867673,2,2,2,2
2025-09-03 13:05:11.384,-1635211,-6827258,-6823908,-3673460,2,2,2,2
2025-09-03 13:05:11.386,-1635326,-6827324,-6840343,-3673575,2,2,2,2
2025-09-03 13:05:11.389,-1635272,-4746476,-6823878,-7867750,2,2,2,2
2025-09-03 13:05:11.392,-1635187,-2649236,-6823897,-7867664,2,2,2,2
2025-09-03 13:05:11.395,-1635199,-2649316,-6823902,-7867673,2,2,2,2
2025-09-03 13:05:11.397,-1635307,-2649096,-6823693,-7867528,2,2,2,2
2025-09-03 13:05:11.400,-1635086,-6827079,-6823803,-3673320,2,2,2,2
2025-09-03 13:05:11.403,-1635284,-6843634,-6823682,-7867495,2,2,2,2
2025-09-03 13:05:11.406,-1635318,-6843643,-4726544,-7867468,2,2,2,2
2025-09-03 13:05:11.408,-1635097,-6843441,-4726654,-7867605,2,2,2,2
2025-09-03 13:05:11.411,-1635109,-4746351,-6823876,-7867541,2,2,2,2
2025-09-03 13:05:11.415,-1635074,-2649100,-6823711,-7867505,2,2,2,2
2025-09-03 13:05:11.417,-1635229,-6843617,-2637814,-7867400,2,2,2,2
2025-09-03 13:05:11.420,-1635170,-6827079,-6823800,-3673227,2,2,2,2
2025-09-03 13:05:11.423,-1634952,-6843271,-2637464,-7867379,2,2,2,2
2025-09-03 13:05:11.425,-1634856,-6843163,-6823560,-7867278,2,2,2,2
2025-09-03 13:05:11.428,-1634839,-4746000,-6823537,-7867257,2,2,2,2
2025-09-03 13:05:11.431,-1634931,-6843170,-4726405,-7867280,2,2,2,2
2025-09-03 13:05:11.434,-1634964,-6843336,-2629352,-7867375,2,2,2,2
2025-09-03 13:05:11.437,-1634967,-6843267,-2629360,-7867367,2,2,2,2
2025-09-03 13:05:11.439,-1634951,-2648931,-6823636,-7867274,2,2,2,2
2025-09-03 13:05:11.442,-1634714,-6826612,-6823406,-3672728,2,2,2,2
2025-09-03 13:05:11.445,-1634674,-2648598,-6823362,-7866991,2,2,2,2
2025-09-03 13:05:11.448,-1634801,-6843031,-2629113,-7867120,2,2,2,2
2025-09-03 13:05:11.451,-1634812,-6843115,-6823435,-7867120,2,2,2,2
2025-09-03 13:05:11.453,-1634878,-4746012,-6823551,-7867240,2,2,2,2
2025-09-03 13:05:11.457,-1634784,-2648706,-6823406,-7867020,2,2,2,2
2025-09-03 13:05:11.459,-1634702,-6842917,-6823327,-7866996,2,2,2,2
2025-09-03 13:05:11.462,-1634811,-6843017,-2628874,-7867091,2,2,2,2
2025-09-03 13:05:11.465,-3731822,-6826510,-6823301,-3672589,2,2,2,2
2025-09-03 13:05:11.468,-1634682,-6842884,-6823294,-7866891,2,2,2,2
2025-09-03 13:05:11.470,-1634668,-6843131,-4726133,-7867122,2,2,2,2
2025-09-03 13:05:11.473,-1634710,-2640411,-6823397,-7866907,2,2,2,2
2025-09-03 13:05:11.476,-1634623,-6842882,-6823299,-7867136,2,2,2,2
2025-09-03 13:05:11.479,-1634807,-6842996,-2629110,-7866918,2,2,2,2
2025-09-03 13:05:11.482,-1634673,-6843037,-2628970,-7867098,2,2,2,2
2025-09-03 13:05:11.484,-3731826,-6826726,-6823283,-3672734,2,2,2,2
2025-09-03 13:05:11.487,-1634563,-2648699,-6823173,-7866993,2,2,2,2
2025-09-03 13:05:11.490,-1634794,-6842984,-2637294,-7866902,2,2,2,2
2025-09-03 13:05:11.492,-1634567,-2648447,-6823178,-7866737,2,2,2,2
2025-09-03 13:05:11.495,-3731814,-6826423,-6823280,-3672465,2,2,2,2
2025-09-03 13:05:11.498,-1634675,-6842777,-2628974,-7866763,2,2,2,2
2025-09-03 13:05:11.501,-1634713,-6842881,-6823325,-7866868,2,2,2,2
2025-09-03 13:05:11.503,-1634806,-6842909,-4726020,-7866935,2,2,2,2
2025-09-03 13:05:11.506,-1634572,-6842980,-6823173,-7866981,2,2,2,2
2025-09-03 13:05:11.509,-1634795,-4745729,-6823362,-7866874,2,2,2,2
2025-09-03 13:05:11.511,-1634780,-6842857,-6823303,-7866779,2,2,2,2
2025-09-03 13:05:11.514,-1634769,-4745632,-6823369,-7866767,2,2,2,2
2025-09-03 13:05:11.517,-3731851,-6826468,-6823309,-7866766,2,2,2,2
2025-09-03 13:05:11.520,-1634717,-6826433,-6823308,-3672462,2,2,2,2
2025-09-03 13:05:11.522,-3731738,-6826307,-6823180,-3672330,2,2,2,2
2025-09-03 13:05:11.525,-1634558,-6842627,-2637036,-7866846,2,2,2,2
2025-09-03 13:05:11.528,-1634442,-2648458,-6822961,-7866655,2,2,2,2
2025-09-03 13:05:11.530,-1634359,-2648427,-6822942,-7866648,2,2,2,2
2025-09-03 13:05:11.533,-1634553,-6826483,-6823139,-3672468,2,2,2,2
2025-09-03 13:05:11.536,-3731462,-6826233,-6823150,-3672211,2,2,2,2
2025-09-03 13:05:11.538,-1634404,-2648335,-6822922,-7866608,2,2,2,2
2025-09-03 13:05:11.541,-1634539,-2648222,-6823130,-7866492,2,2,2,2
2025-09-03 13:05:11.543,-1634417,-6826046,-6822941,-3672313,2,2,2,2
2025-09-03 13:05:11.546,-1634323,-4745468,-6822918,-7866518,2,2,2,2
2025-09-03 13:05:11.548,-1634308,-6842605,-4725748,-7866564,2,2,2,2
2025-09-03 13:05:11.551,-1634445,-6842481,-2628719,-7866619,2,2,2,2
2025-09-03 13:05:11.554,-1634531,-6826107,-6823031,-3672067,2,2,2,2
2025-09-03 13:05:11.556,-1634446,-6826086,-6823024,-3672309,2,2,2,2
2025-09-03 13:05:11.559,-1634446,-6842398,-4725859,-7866605,2,2,2,2
2025-09-03 13:05:11.562,-1625990,-6842397,-2628452,-7866340,2,2,2,2
2025-09-03 13:05:11.564,-1634056,-6825873,-6822812,-3671812,2,2,2,2
2025-09-03 13:05:11.567,-3731339,-6826046,-6822756,-3671965,2,2,2,2
2025-09-03 13:05:11.570,-1634165,-6842368,-2628607,-7866171,2,2,2,2
2025-09-03 13:05:11.573,-1634280,-6842229,-6822779,-7866346,2,2,2,2
2025-09-03 13:05:11.576,-1634063,-6842265,-6822634,-7866126,2,2,2,2
2025-09-03 13:05:11.579,-1625872,-6842328,-4725734,-7866127,2,2,2,2
2025-09-03 13:05:11.581,-1634088,-4745200,-6822659,-7866216,2,2,2,2
2025-09-03 13:05:11.584,-1634151,-6842343,-2628606,-7866145,2,2,2,2
2025-09-03 13:05:11.587,-1633951,-6842130,-2628128,-7866058,2,2,2,2
2025-09-03 13:05:11.590,-3730953,-6825598,-6822538,-3671797,2,2,2,2
2025-09-03 13:05:11.592,-3731169,-6825485,-6822497,-3671676,2,2,2,2
2025-09-03 13:05:11.595,-1633907,-6842009,-2628341,-7865861,2,2,2,2
2025-09-03 13:05:11.598,-1634048,-2647656,-6822458,-7865996,2,2,2,2
2025-09-03 13:05:11.600,-1633917,-6842009,-2636274,-7865850,2,2,2,2
2025-09-03 13:05:11.603,-1633943,-6842102,-6822422,-7865920,2,2,2,2
2025-09-03 13:05:11.606,-1625869,-6842161,-4725382,-7865994,2,2,2,2
2025-09-03 13:05:11.609,-1634282,-4745215,-6822706,-7866144,2,2,2,2
2025-09-03 13:05:11.612,-1634111,-4745103,-6822896,-7866342,2,2,2,2
2025-09-03 13:05:11.615,-1634060,-6842211,-2628477,-7866168,2,2,2,2
2025-09-03 13:05:11.618,-1633926,-6842075,-6822637,-7866059,2,2,2,2
2025-09-03 13:05:11.621,-1633923,-6842079,-4725504,-7866059,2,2,2,2
2025-09-03 13:05:11.623,-1634023,-6842102,-6822499,-7865865,2,2,2,2
2025-09-03 13:05:11.626,-1633891,-6825573,-6822288,-3671408,2,2,2,2
2025-09-03 13:05:11.629,-1633776,-6825466,-6822174,-3671300,2,2,2,2
2025-09-03 13:05:11.631,-1634021,-6842098,-6822457,-7865851,2,2,2,2
2025-09-03 13:05:11.634,-1633943,-6825655,-6822406,-3671522,2,2,2,2
2025-09-03 13:05:11.637,-1634046,-6825680,-6822501,-3671548,2,2,2,2
2025-09-03 13:05:11.639,-1633822,-6841871,-6822275,-7865619,2,2,2,2
2025-09-03 13:05:11.642,-1633642,-2639201,-6822355,-3671393,2,2,2,2
2025-09-03 13:05:11.644,-1633792,-6841852,-2627962,-7865594,2,2,2,2
2025-09-03 13:05:11.647,-1633667,-6825325,-6822298,-3671328,2,2,2,2
2025-09-03 13:05:11.650,-1633584,-6841631,-6822284,-7865699,2,2,2,2
2025-09-03 13:05:11.653,-1633760,-4744581,-6822141,-7865478,2,2,2,2
2025-09-03 13:05:11.655,-1633737,-4744566,-6822380,-7865709,2,2,2,2
2025-09-03 13:05:11.658,-3730925,-6825416,-6822145,-3671429,2,2,2,2
2025-09-03 13:05:11.661,-1633566,-6841855,-6822262,-7865549,2,2,2,2
2025-09-03 13:05:11.664,-1633662,-2639134,-6822360,-7865607,2,2,2,2
2025-09-03 13:05:11.666,-1633542,-6841837,-6822172,-7865492,2,2,2,2
2025-09-03 13:05:11.669,-1633792,-6841756,-6822156,-7865480,2,2,2,2
2025-09-03 13:05:11.672,-1633689,-2639225,-6822132,-7865376,2,2,2,2
2025-09-03 13:05:11.674,-1633475,-6841485,-2627587,-7865453,2,2,2,2
2025-09-03 13:05:11.677,-1633508,-6841465,-6822128,-7865364,2,2,2,2
2025-09-03 13:05:11.680,-1633526,-6841471,-2627839,-7865373,2,2,2,2
2025-09-03 13:05:11.683,-1625333,-6841538,-4724992,-7865408,2,2,2,2
2025-09-03 13:05:11.685,-1625328,-6841400,-4724977,-7865364,2,2,2,2
2025-09-03 13:05:11.688,-1633533,-6841547,-4724737,-7865400,2,2,2,2
2025-09-03 13:05:11.691,-1633538,-6825093,-6821896,-3671067,2,2,2,2
2025-09-03 13:05:11.694,-1633426,-6841362,-2627733,-7865322,2,2,2,2
2025-09-03 13:05:11.696,-1633433,-6824973,-6822040,-3671020,2,2,2,2
2025-09-03 13:05:11.699,-1633481,-4744438,-6822092,-7865226,2,2,2,2
2025-09-03 13:05:11.702,-1625091,-6841397,-2627594,-7865095,2,2,2,2
2025-09-03 13:05:11.704,-1633329,-2647267,-6821948,-7865206,2,2,2,2
2025-09-03 13:05:11.707,-1633505,-2647058,-6822115,-7865240,2,2,2,2
2025-09-03 13:05:11.710,-1633412,-6841570,-2627711,-7865137,2,2,2,2
2025-09-03 13:05:11.712,-1633406,-6841499,-2627706,-7865122,2,2,2,2
2025-09-03 13:05:11.715,-1633344,-2647266,-6821949,-7865204,2,2,2,2
2025-09-03 13:05:11.717,-1633290,-4744221,-6821895,-7865326,2,2,2,2
2025-09-03 13:05:11.720,-1633393,-6824845,-6821739,-3670794,2,2,2,2
2025-09-03 13:05:11.722,-1633497,-6841337,-6821816,-7865211,2,2,2,2
2025-09-03 13:05:11.725,-1633253,-6841329,-4724631,-7864950,2,2,2,2
2025-09-03 13:05:11.728,-1624986,-6841319,-4724624,-7864873,2,2,2,2
2025-09-03 13:05:11.731,-1633422,-6841230,-2627464,-7865111,2,2,2,2
2025-09-03 13:05:11.733,-1633394,-6824818,-6821658,-3670768,2,2,2,2
2025-09-03 13:05:11.736,-1633334,-4744057,-6821656,-7865077,2,2,2,2
2025-09-03 13:05:11.738,-1633505,-6841320,-2627459,-7865118,2,2,2,2
2025-09-03 13:05:11.741,-1633406,-2646900,-6821659,-7865068,2,2,2,2
2025-09-03 13:05:11.744,-1633035,-6824710,-6821616,-3670662,2,2,2,2
2025-09-03 13:05:11.746,-1633250,-4744169,-6821847,-7864929,2,2,2,2
2025-09-03 13:05:11.749,-1633271,-6841070,-2627232,-7864867,2,2,2,2
2025-09-03 13:05:11.752,-1633249,-2646680,-6821578,-7864840,2,2,2,2
2025-09-03 13:05:11.755,-1633031,-6841087,-2627318,-7864889,2,2,2,2
2025-09-03 13:05:11.757,-1633144,-6840857,-2635290,-7864788,2,2,2,2
2025-09-03 13:05:11.760,-1633053,-4743685,-6821632,-7864695,2,2,2,2
2025-09-03 13:05:11.763,-3730304,-6824498,-6821483,-7864732,2,2,2,2
2025-09-03 13:05:11.766,-1633047,-2638346,-6821628,-7864674,2,2,2,2
2025-09-03 13:05:11.768,-1633125,-2638607,-6821644,-7864941,2,2,2,2
2025-09-03 13:05:11.771,-1633261,-6840966,-6821511,-7864732,2,2,2,2
2025-09-03 13:05:11.774,-1633246,-6840958,-6821488,-7864721,2,2,2,2
2025-09-03 13:05:11.776,-1633077,-6840844,-6821380,-7864598,2,2,2,2
2025-09-03 13:05:11.779,-1633003,-6841026,-4724353,-7864712,2,2,2,2
2025-09-03 13:05:11.782,-1633044,-4743829,-6821563,-7864810,2,2,2,2
2025-09-03 13:05:11.785,-1633006,-2646644,-6821440,-7864714,2,2,2,2
2025-09-03 13:05:11.788,-1633123,-2646753,-6821612,-7864819,2,2,2,2
2025-09-03 13:05:11.790,-1632835,-6840814,-2635257,-7864572,2,2,2,2
2025-09-03 13:05:11.793,-3730176,-6824251,-6821262,-7864452,2,2,2,2
2025-09-03 13:05:11.797,-1624581,-6840638,-2626959,-7864514,2,2,2,2
2025-09-03 13:05:11.800,-1632908,-6840592,-2635037,-7864327,2,2,2,2
2025-09-03 13:05:11.802,-3730167,-6824246,-6821253,-7864429,2,2,2,2
2025-09-03 13:05:11.805,-1632785,-6840777,-6821280,-7864458,2,2,2,2
2025-09-03 13:05:11.808,-1632827,-6840821,-6821128,-7864549,2,2,2,2
2025-09-03 13:05:11.811,-1632865,-6840791,-6821362,-7864460,2,2,2,2
2025-09-03 13:05:11.814,-1624677,-6840782,-2627049,-7864380,2,2,2,2
2025-09-03 13:05:11.817,-1632785,-2646387,-6821328,-7864425,2,2,2,2
2025-09-03 13:05:11.819,-1632660,-6840570,-2635027,-7929831,2,2,2,2
2025-09-03 13:05:11.822,-3730031,-6824336,-6821346,-3670136,2,2,2,2
2025-09-03 13:05:11.824,-1632672,-2646267,-6821146,-7929828,2,2,2,2
2025-09-03 13:05:11.827,-1632651,-6824096,-6821126,-3735436,2,2,2,2
2025-09-03 13:05:11.830,-1632536,-6840371,-2626712,-7929628,2,2,2,2
2025-09-03 13:05:11.833,-1632516,-2646038,-6821058,-7929852,2,2,2,2
2025-09-03 13:05:11.835,-3729824,-6824140,-6820890,-3735446,2,2,2,2
2025-09-03 13:05:11.838,-3729807,-6824133,-6820882,-3735429,2,2,2,2
2025-09-03 13:05:11.841,-1632747,-2646017,-6820918,-7929754,2,2,2,2
2025-09-03 13:05:11.843,-1632759,-2646019,-6820918,-7929750,2,2,2,2
2025-09-03 13:05:11.846,-1632636,-6840452,-2634998,-7929616,2,2,2,2
2025-09-03 13:05:11.848,-1632648,-2646157,-6820867,-7929631,2,2,2,2
2025-09-03 13:05:11.851,-1632666,-2646169,-6820889,-7929705,2,2,2,2
2025-09-03 13:05:11.854,-1632642,-2646144,-6821118,-7929611,2,2,2,2
2025-09-03 13:05:11.856,-1632757,-6840572,-2634868,-7929795,2,2,2,2
2025-09-03 13:05:11.859,-1632700,-6840466,-2634767,-7929637,2,2,2,2
2025-09-03 13:05:11.862,-1632610,-6840344,-6821014,-7929569,2,2,2,2
2025-09-03 13:05:11.864,-1632622,-2637853,-6821091,-3735197,2,2,2,2
2025-09-03 13:05:11.867,-1632659,-6840454,-2634760,-7929614,2,2,2,2
2025-09-03 13:05:11.869,-3729824,-6824080,-6820881,-3735314,2,2,2,2
2025-09-03 13:05:11.872,-1632635,-2637935,-6821105,-7929503,2,2,2,2
2025-09-03 13:05:11.875,-1632531,-6823923,-6820983,-7929452,2,2,2,2
2025-09-03 13:05:11.878,-1632520,-2637800,-6820913,-3735071,2,2,2,2
2025-09-03 13:05:11.880,-1632550,-6840322,-6821000,-7929460,2,2,2,2
2025-09-03 13:05:11.883,-1632470,-6823797,-6820863,-7929575,2,2,2,2
2025-09-03 13:05:11.886,-1632273,-6823921,-6820726,-7929366,2,2,2,2
2025-09-03 13:05:11.889,-1624073,-6823661,-4723566,-7929090,2,2,2,2
2025-09-03 13:05:11.891,-1623964,-6823478,-4723460,-7929311,2,2,2,2
2025-09-03 13:05:11.894,-1632246,-6823561,-6820625,-3735016,2,2,2,2
2025-09-03 13:05:11.897,-1632272,-6823564,-6820678,-7929336,2,2,2,2
2025-09-03 13:05:11.899,-1624085,-6823631,-4723563,-7929335,2,2,2,2
2025-09-03 13:05:11.902,-1632268,-2637452,-6820653,-3735032,2,2,2,2
2025-09-03 13:05:11.904,-1632372,-6823658,-2626434,-7929107,2,2,2,2
2025-09-03 13:05:11.907,-1632500,-6823786,-6820857,-7929227,2,2,2,2
2025-09-03 13:05:11.910,-1632359,-6823656,-4723583,-7929336,2,2,2,2
2025-09-03 13:05:11.912,-1632312,-6823669,-6820753,-7929089,2,2,2,2
2025-09-03 13:05:11.915,-1632386,-2629367,-6820821,-7929096,2,2,2,2
2025-09-03 13:05:11.918,-1632362,-6823645,-6820736,-7929296,2,2,2,2
2025-09-03 13:05:11.921,-1632353,-2629261,-6820654,-7929243,2,2,2,2
2025-09-03 13:05:11.924,-3729283,-6823662,-6820499,-7929078,2,2,2,2
2025-09-03 13:05:11.927,-1632197,-6823658,-6820500,-7929083,2,2,2,2
2025-09-03 13:05:11.929,-1632211,-4726277,-6820544,-7929094,2,2,2,2
2025-09-03 13:05:11.932,-1624053,-6823457,-4723203,-7928890,2,2,2,2
2025-09-03 13:05:11.935,-1632123,-2637467,-6820416,-3734676,2,2,2,2
2025-09-03 13:05:11.937,-1632194,-4726511,-6820531,-7929062,2,2,2,2
2025-09-03 13:05:11.940,-1632236,-6823431,-6820542,-7929080,2,2,2,2
2025-09-03 13:05:11.943,-1623946,-6823646,-4723336,-7928972,2,2,2,2
2025-09-03 13:05:11.945,-1632006,-2637336,-6820362,-3734544,2,2,2,2
2025-09-03 13:05:11.948,-1632022,-2629217,-6820386,-7928931,2,2,2,2
2025-09-03 13:05:11.951,-1632241,-6823416,-6820593,-3734759,2,2,2,2
2025-09-03 13:05:11.953,-1632100,-6823272,-2626077,-7928859,2,2,2,2
2025-09-03 13:05:11.956,-1632001,-4726022,-6820347,-7928823,2,2,2,2
2025-09-03 13:05:11.959,-1631760,-6823187,-2625812,-7928584,2,2,2,2
2025-09-03 13:05:11.962,-1631865,-2628982,-6820146,-7928681,2,2,2,2
2025-09-03 13:05:11.965,-1631885,-2629011,-6820293,-7928706,2,2,2,2
2025-09-03 13:05:11.967,-1631940,-2628990,-6820290,-7928680,2,2,2,2
2025-09-03 13:05:11.970,-1631997,-6823150,-2634221,-7928792,2,2,2,2
2025-09-03 13:05:11.973,-1631819,-6822942,-2634015,-7928576,2,2,2,2
2025-09-03 13:05:11.975,-1631756,-6823148,-4722941,-7928500,2,2,2,2
2025-09-03 13:05:11.978,-1623534,-6823116,-4722920,-7928367,2,2,2,2
2025-09-03 13:05:11.981,-1631759,-6823066,-6820088,-7928459,2,2,2,2
2025-09-03 13:05:11.984,-1631513,-2628593,-6819849,-7928477,2,2,2,2
2025-09-03 13:05:11.987,-1631721,-2628730,-6820055,-7928430,2,2,2,2
2025-09-03 13:05:11.990,-1631745,-2628764,-6820079,-7928448,2,2,2,2
2025-09-03 13:05:11.992,-1631745,-6823044,-2625763,-7928423,2,2,2,2
2025-09-03 13:05:11.995,-3728784,-6822947,-6819965,-7928321,2,2,2,2
2025-09-03 13:05:11.998,-1631754,-6823065,-2633967,-7928373,2,2,2,2
2025-09-03 13:05:12.001,-1631849,-6823148,-2625808,-7928521,2,2,2,2
2025-09-03 13:05:12.004,-1631730,-4725875,-6820023,-7928337,2,2,2,2
2025-09-03 13:05:12.006,-3728654,-6822800,-6820078,-3734047,2,2,2,2
2025-09-03 13:05:12.009,-1631713,-4725518,-6819891,-7928292,2,2,2,2
2025-09-03 13:05:12.012,-1631496,-6822782,-2625512,-7928071,2,2,2,2
2025-09-03 13:05:12.015,-1631742,-2628471,-6820052,-7928315,2,2,2,2
2025-09-03 13:05:12.017,-3728666,-6822782,-6819821,-3733778,2,2,2,2
2025-09-03 13:05:12.020,-3728672,-6822795,-6819841,-3733783,2,2,2,2
2025-09-03 13:05:12.023,-3728495,-6822579,-6819838,-3733860,2,2,2,2
2025-09-03 13:05:12.026,-1631473,-6822424,-6819722,-7928037,2,2,2,2
2025-09-03 13:05:12.028,-1623066,-6822462,-2625522,-7928071,2,2,2,2
2025-09-03 13:05:12.032,-1631383,-6822596,-6819687,-3733618,2,2,2,2
2025-09-03 13:05:12.034,-1631363,-6822611,-6819608,-7927839,2,2,2,2
2025-09-03 13:05:12.037,-3728627,-6822652,-6819708,-3733645,2,2,2,2
2025-09-03 13:05:12.039,-1631385,-2628326,-6819627,-7927911,2,2,2,2
2025-09-03 13:05:12.042,-1631483,-6822408,-6819728,-7927949,2,2,2,2
2025-09-03 13:05:12.045,-1631247,-6822415,-6819741,-7927963,2,2,2,2
2025-09-03 13:05:12.048,-1631487,-6822651,-2625403,-7927863,2,2,2,2
2025-09-03 13:05:12.050,-3728487,-6822455,-6819735,-3733645,2,2,2,2
2025-09-03 13:05:12.053,-3728633,-6822607,-6819695,-3733610,2,2,2,2
2025-09-03 13:05:12.055,-1631373,-2628228,-6819587,-7928065,2,2,2,2
2025-09-03 13:05:12.058,-1631504,-6822652,-2625414,-7928122,2,2,2,2
2025-09-03 13:05:12.061,-3728656,-6822647,-6819713,-3733869,2,2,2,2
2025-09-03 13:05:12.063,-1631382,-6822444,-6819587,-7927962,2,2,2,2
2025-09-03 13:05:12.066,-3728415,-6822404,-6819733,-7927927,2,2,2,2
2025-09-03 13:05:12.069,-1631330,-6822638,-6819712,-7927917,2,2,2,2
2025-09-03 13:05:12.071,-1631472,-2636415,-6819602,-7928058,2,2,2,2
2025-09-03 13:05:12.074,-1631429,-2628118,-6819556,-7927937,2,2,2,2
2025-09-03 13:05:12.077,-3728260,-6822199,-6819563,-3733385,2,2,2,2
2025-09-03 13:05:12.079,-1631124,-6822247,-2625277,-7927772,2,2,2,2
2025-09-03 13:05:12.082,-1631191,-2627937,-6819580,-7927697,2,2,2,2
2025-09-03 13:05:12.084,-1631225,-6822200,-6819349,-7927782,2,2,2,2
2025-09-03 13:05:12.087,-1631204,-6822250,-6819334,-7927702,2,2,2,2
2025-09-03 13:05:12.090,-1631105,-6822394,-6819480,-7927665,2,2,2,2
2025-09-03 13:05:12.093,-1631229,-6822257,-2625056,-7927783,2,2,2,2
2025-09-03 13:05:12.095,-3728371,-6822188,-6819343,-7927698,2,2,2,2
2025-09-03 13:05:12.098,-1631222,-6822246,-2625052,-7927755,2,2,2,2
2025-09-03 13:05:12.101,-1631203,-6822164,-4722184,-7927679,2,2,2,2
2025-09-03 13:05:12.103,-1623010,-6822153,-4722183,-7927603,2,2,2,2
2025-09-03 13:05:12.106,-1630948,-6821907,-2624774,-7927355,2,2,2,2
2025-09-03 13:05:12.109,-1630985,-2627704,-6819116,-7927448,2,2,2,2
2025-09-03 13:05:12.112,-1631103,-6822091,-6819221,-3733251,2,2,2,2
2025-09-03 13:05:12.115,-1631080,-6822025,-6819192,-3733150,2,2,2,2
2025-09-03 13:05:12.118,-1630955,-6821899,-6819322,-7927324,2,2,2,2
2025-09-03 13:05:12.120,-1630873,-2627835,-6819308,-7927307,2,2,2,2
2025-09-03 13:05:12.123,-1631089,-6822016,-2624895,-7927502,2,2,2,2
2025-09-03 13:05:12.126,-1631153,-6822128,-2624997,-7927540,2,2,2,2
2025-09-03 13:05:12.128,-1631200,-6822136,-6819321,-7927551,2,2,2,2
2025-09-03 13:05:12.131,-1631119,-6822116,-4722148,-7927484,2,2,2,2
2025-09-03 13:05:12.134,-1631114,-2635924,-6819286,-7927449,2,2,2,2
2025-09-03 13:05:12.136,-1630992,-6822160,-6819352,-7927577,2,2,2,2
2025-09-03 13:05:12.139,-1631192,-6822121,-6819297,-7927522,2,2,2,2
2025-09-03 13:05:12.142,-1623032,-6822140,-4722178,-7927546,2,2,2,2
2025-09-03 13:05:12.144,-1622900,-6822190,-2625142,-7927592,2,2,2,2
2025-09-03 13:05:12.148,-3728357,-6822090,-6819218,-7927431,2,2,2,2
2025-09-03 13:05:12.150,-1630990,-2635785,-6819074,-7927543,2,2,2,2
2025-09-03 13:05:12.153,-3728028,-6822026,-6819212,-3733128,2,2,2,2
2025-09-03 13:05:12.156,-3728116,-6822065,-6819300,-3733132,2,2,2,2
2025-09-03 13:05:12.159,-1630866,-6821939,-6819199,-7927367,2,2,2,2
2025-09-03 13:05:12.161,-1630745,-2627575,-6819084,-7927275,2,2,2,2
2025-09-03 13:05:12.164,-1630851,-6821735,-2624640,-7927074,2,2,2,2
2025-09-03 13:05:12.166,-1630965,-6821785,-6818976,-7927176,2,2,2,2
2025-09-03 13:05:12.170,-1630837,-6821646,-2624611,-7927290,2,2,2,2
2025-09-03 13:05:12.172,-3727977,-6821887,-6819169,-3732967,2,2,2,2
2025-09-03 13:05:12.175,-1630777,-6821866,-2624520,-7927241,2,2,2,2
2025-09-03 13:05:12.178,-1630689,-2627437,-6819014,-7927069,2,2,2,2
2025-09-03 13:05:12.181,-1630593,-6821631,-2624609,-7927018,2,2,2,2
2025-09-03 13:05:12.184,-1630586,-6821632,-4721688,-7926984,2,2,2,2
2025-09-03 13:05:12.187,-1630492,-2627300,-6818824,-7926927,2,2,2,2
2025-09-03 13:05:12.190,-1630671,-2627074,-6818603,-7927014,2,2,2,2
2025-09-03 13:05:12.193,-1630495,-6821591,-6818813,-7926901,2,2,2,2
2025-09-03 13:05:12.195,-1630468,-2635385,-6818780,-3732493,2,2,2,2
2025-09-03 13:05:12.198,-1630580,-6821610,-2624267,-7926904,2,2,2,2
2025-09-03 13:05:12.201,-1630482,-6821429,-4721560,-7926792,2,2,2,2
2025-09-03 13:05:12.203,-1622425,-6821390,-4721522,-7926967,2,2,2,2
2025-09-03 13:05:12.206,-1630485,-2635394,-6818782,-7926799,2,2,2,2
2025-09-03 13:05:12.209,-1622295,-6821427,-4721562,-7926791,2,2,2,2
2025-09-03 13:05:12.212,-1630478,-6821488,-6818713,-7927031,2,2,2,2
2025-09-03 13:05:12.214,-1630713,-6821435,-6818697,-3732713,2,2,2,2
2025-09-03 13:05:12.217,-1622502,-6821632,-4721526,-7926914,2,2,2,2
2025-09-03 13:05:12.220,-1622278,-6821408,-4721553,-7927011,2,2,2,2
2025-09-03 13:05:12.222,-1630596,-6821535,-2624262,-7926806,2,2,2,2
2025-09-03 13:05:12.226,-1630539,-6821500,-2624490,-7926780,2,2,2,2
2025-09-03 13:05:12.228,-3727496,-6821307,-6818562,-3732243,2,2,2,2
2025-09-03 13:05:12.231,-1630268,-6821141,-2624138,-7926672,2,2,2,2
2025-09-03 13:05:12.234,-1630354,-6821326,-4721420,-7926534,2,2,2,2
2025-09-03 13:05:12.236,-1622144,-6821178,-4721399,-7926474,2,2,2,2
2025-09-03 13:05:12.239,-1630363,-6821179,-6818310,-7926513,2,2,2,2
2025-09-03 13:05:12.242,-1630322,-6821150,-2624158,-7926420,2,2,2,2
2025-09-03 13:05:12.244,-1630446,-6821337,-6818410,-7926543,2,2,2,2
2025-09-03 13:05:12.247,-1630360,-2635143,-6818314,-7926510,2,2,2,2
2025-09-03 13:05:12.249,-1630338,-2635116,-6818552,-7926672,2,2,2,2
2025-09-03 13:05:12.252,-1630347,-6821145,-2624247,-7926741,2,2,2,2
2025-09-03 13:05:12.255,-1630311,-6821116,-2624139,-7926314,2,2,2,2
2025-09-03 13:05:12.258,-1630447,-4724101,-6818323,-7926518,2,2,2,2
2025-09-03 13:05:12.261,-1630260,-4723976,-6818493,-7926403,2,2,2,2
2025-09-03 13:05:12.264,-1630318,-6821106,-6818448,-7926370,2,2,2,2
2025-09-03 13:05:12.267,-1613822,-2634877,-6818327,-7926505,2,2,2,2
2025-09-03 13:05:12.269,-1613817,-2626688,-6818317,-7926509,2,2,2,2
2025-09-03 13:05:12.272,-1630221,-6821006,-2624112,-7926514,2,2,2,2
2025-09-03 13:05:12.275,-1622035,-6821070,-2624116,-7926514,2,2,2,2
2025-09-03 13:05:12.278,-1613823,-6820973,-6818322,-3732118,2,2,2,2
2025-09-03 13:05:12.280,-1630232,-6820999,-6818335,-3732126,2,2,2,2
2025-09-03 13:05:12.283,-1630098,-6820869,-2623976,-7926306,2,2,2,2
2025-09-03 13:05:12.286,-1613814,-2626662,-6818061,-7926161,2,2,2,2
2025-09-03 13:05:12.289,-3710738,-6820982,-6818149,-3731859,2,2,2,2
2025-09-03 13:05:12.292,-1613704,-2634980,-6818242,-3731949,2,2,2,2
2025-09-03 13:05:12.294,-1613606,-6820988,-6818113,-7926165,2,2,2,2
2025-09-03 13:05:12.297,-1630199,-6820883,-6818302,-7926113,2,2,2,2
2025-09-03 13:05:12.300,-1613728,-2634738,-6818273,-7926267,2,2,2,2
2025-09-03 13:05:12.302,-1621890,-6820821,-4721029,-7926247,2,2,2,2
2025-09-03 13:05:12.305,-1630006,-6820714,-2623768,-7926135,2,2,2,2
2025-09-03 13:05:12.308,-1613604,-6820719,-6818107,-7926130,2,2,2,2
2025-09-03 13:05:12.310,-1613610,-4723567,-6818118,-7926132,2,2,2,2
2025-09-03 13:05:12.313,-1613789,-2626461,-6818257,-7926166,2,2,2,2
2025-09-03 13:05:12.316,-1613717,-6820826,-6818196,-7926169,2,2,2,2
2025-09-03 13:05:12.319,-1613718,-2626445,-6818248,-7926160,2,2,2,2
2025-09-03 13:05:12.322,-1613687,-2626401,-6818092,-7926129,2,2,2,2
2025-09-03 13:05:12.324,-1613451,-2634620,-6817853,-7925894,2,2,2,2
2025-09-03 13:05:12.327,-1613566,-6820833,-6818027,-7925919,2,2,2,2
2025-09-03 13:05:12.330,-1629751,-6820632,-6817890,-7925787,2,2,2,2
2025-09-03 13:05:12.333,-1613409,-2634496,-6817807,-7925767,2,2,2,2
2025-09-03 13:05:12.335,-1629840,-6820717,-2623607,-7925809,2,2,2,2
2025-09-03 13:05:12.338,-1630019,-6820609,-2623760,-7926010,2,2,2,2
2025-09-03 13:05:12.341,-1613696,-6820627,-6818148,-3731719,2,2,2,2
2025-09-03 13:05:12.344,-1613591,-4723681,-6818037,-7925986,2,2,2,2
2025-09-03 13:05:12.346,-1621619,-6820600,-4720658,-7925999,2,2,2,2
2025-09-03 13:05:12.349,-1613317,-6820546,-6818022,-7925886,2,2,2,2
2025-09-03 13:05:12.352,-1613552,-2626146,-6817995,-7925792,2,2,2,2
2025-09-03 13:05:12.355,-3710568,-6820541,-6817791,-3731345,2,2,2,2
2025-09-03 13:05:12.357,-1629673,-6820449,-2623354,-7925512,2,2,2,2
2025-09-03 13:05:12.360,-1613198,-6820354,-6817639,-7925731,2,2,2,2
2025-09-03 13:05:12.363,-1621398,-6820363,-4720496,-7925751,2,2,2,2
2025-09-03 13:05:12.366,-1613337,-2634372,-6817769,-7925602,2,2,2,2
2025-09-03 13:05:12.368,-1613344,-6820496,-6817777,-3731310,2,2,2,2
2025-09-03 13:05:12.371,-1613286,-6820367,-6817667,-7925750,2,2,2,2
2025-09-03 13:05:12.374,-1613330,-6820401,-4720613,-7925559,2,2,2,2
2025-09-03 13:05:12.376,-1613284,-2634245,-6817732,-7925733,2,2,2,2
2025-09-03 13:05:12.379,-1621475,-6820347,-4720488,-7925715,2,2,2,2
2025-09-03 13:05:12.382,-1629544,-6820218,-2623462,-7925525,2,2,2,2
2025-09-03 13:05:12.385,-1613191,-6820244,-6817541,-3723119,2,2,2,2
2025-09-03 13:05:12.387,-1613075,-4722965,-6817678,-7925483,2,2,2,2
2025-09-03 13:05:12.390,-1613255,-2625934,-6817547,-7925601,2,2,2,2
2025-09-03 13:05:12.393,-1613207,-2625940,-6817577,-7925359,2,2,2,2
2025-09-03 13:05:12.396,-1629429,-6820085,-2623096,-7925301,2,2,2,2
2025-09-03 13:05:12.398,-1629437,-6820095,-2623108,-7925047,2,2,2,2
2025-09-03 13:05:12.401,-3710187,-6820071,-6817382,-7925279,2,2,2,2
2025-09-03 13:05:12.404,-1613077,-6820102,-6817428,-7925380,2,2,2,2
2025-09-03 13:05:12.406,-1629578,-6820219,-2623240,-7925252,2,2,2,2
2025-09-03 13:05:12.409,-1629582,-6820220,-2623245,-7925491,2,2,2,2
2025-09-03 13:05:12.411,-1613082,-6820091,-6817424,-7925376,2,2,2,2
2025-09-03 13:05:12.414,-3710058,-6819859,-6817506,-7925132,2,2,2,2
2025-09-03 13:05:12.417,-1613081,-2633969,-6817483,-7925352,2,2,2,2
2025-09-03 13:05:12.419,-1613161,-2633996,-6817512,-7925384,2,2,2,2
2025-09-03 13:05:12.422,-1629430,-6819974,-2623000,-7925240,2,2,2,2
2025-09-03 13:05:12.425,-1629313,-6819868,-2623209,-7925192,2,2,2,2
2025-09-03 13:05:12.428,-1612926,-2625547,-6817507,-7925111,2,2,2,2
2025-09-03 13:05:12.431,-1613044,-4722820,-6817310,-7925219,2,2,2,2
2025-09-03 13:05:12.434,-1612905,-6820077,-6817417,-7925005,2,2,2,2
2025-09-03 13:05:12.437,-1612818,-2633885,-6817341,-7925247,2,2,2,2
2025-09-03 13:05:12.439,-1629362,-6819859,-2623230,-7925050,2,2,2,2
2025-09-03 13:05:12.442,-1629191,-6819982,-2623092,-7925228,2,2,2,2
2025-09-03 13:05:12.446,-1612827,-2625684,-6817342,-7925235,2,2,2,2
2025-09-03 13:05:12.448,-3710198,-6819960,-6817310,-3730829,2,2,2,2
2025-09-03 13:05:12.451,-1612923,-2625517,-6817246,-7925002,2,2,2,2
2025-09-03 13:05:12.453,-3710069,-6819819,-6817249,-7924998,2,2,2,2
2025-09-03 13:05:12.456,-1629156,-6819601,-2622730,-7924775,2,2,2,2
2025-09-03 13:05:12.459,-3709944,-6819655,-6817053,-3722366,2,2,2,2
2025-09-03 13:05:12.462,-1612663,-6819828,-6817256,-7924992,2,2,2,2
2025-09-03 13:05:12.464,-1612772,-6819604,-6817028,-7924766,2,2,2,2
2025-09-03 13:05:12.467,-1612683,-6819832,-6817276,-7924741,2,2,2,2
2025-09-03 13:05:12.470,-1629058,-6819809,-2622956,-7924965,2,2,2,2
2025-09-03 13:05:12.473,-1612673,-6819823,-6817251,-3722472,2,2,2,2
2025-09-03 13:05:12.475,-1629077,-6819827,-2622959,-7924982,2,2,2,2
2025-09-03 13:05:12.478,-1628955,-6819440,-2622579,-7924523,2,2,2,2
2025-09-03 13:05:12.481,-1628932,-6819346,-2622561,-7924503,2,2,2,2
2025-09-03 13:05:12.483,-3709678,-6819331,-6816774,-3730182,2,2,2,2
2025-09-03 13:05:12.486,-1612445,-2625182,-6817004,-7924707,2,2,2,2
2025-09-03 13:05:12.489,-1612525,-2625026,-6816781,-7924734,2,2,2,2
2025-09-03 13:05:12.492,-1629053,-6819465,-2622611,-7924541,2,2,2,2
2025-09-03 13:05:12.494,-3709811,-6819442,-6816892,-3722091,2,2,2,2
2025-09-03 13:05:12.497,-1628775,-6819359,-2622578,-7924503,2,2,2,2
2025-09-03 13:05:12.500,-1612433,-2625156,-6816989,-7924607,2,2,2,2
2025-09-03 13:05:12.502,-1628686,-6819329,-2622494,-7924464,2,2,2,2
2025-09-03 13:05:12.505,-1612325,-2625044,-6816814,-7924487,2,2,2,2
2025-09-03 13:05:12.507,-1612422,-6819373,-6816910,-7924509,2,2,2,2
2025-09-03 13:05:12.510,-1612528,-2624919,-6816760,-7924356,2,2,2,2
2025-09-03 13:05:12.513,-3709549,-6819082,-6816616,-3730168,2,2,2,2
2025-09-03 13:05:12.515,-1612521,-2624898,-6816746,-7924344,2,2,2,2
2025-09-03 13:05:12.518,-1628786,-6819073,-2622320,-7924469,2,2,2,2
2025-09-03 13:05:12.521,-1612297,-2624909,-6816762,-7924356,2,2,2,2
2025-09-03 13:05:12.523,-1612394,-2625016,-6816542,-7924449,2,2,2,2
2025-09-03 13:05:12.526,-3709428,-6819206,-6816669,-3730025,2,2,2,2
2025-09-03 13:05:12.529,-3709436,-6819012,-6816492,-7924069,2,2,2,2
2025-09-03 13:05:12.532,-1628568,-6819095,-2622328,-7924223,2,2,2,2
2025-09-03 13:05:12.535,-1612236,-4721918,-6816584,-7924201,2,2,2,2
2025-09-03 13:05:12.537,-1620470,-6818860,-4719258,-7923999,2,2,2,2
2025-09-03 13:05:12.540,-1628423,-6818940,-2622184,-7923995,2,2,2,2
2025-09-03 13:05:12.543,-1628556,-6819068,-2622051,-7924185,2,2,2,2
2025-09-03 13:05:12.546,-1628523,-6818956,-2622207,-7924008,2,2,2,2
2025-09-03 13:05:12.548,-3709193,-6818896,-6816410,-3721480,2,2,2,2
2025-09-03 13:05:12.551,-1611876,-2624391,-6816246,-7923811,2,2,2,2
2025-09-03 13:05:12.554,-1611875,-6818760,-6816247,-7923818,2,2,2,2
2025-09-03 13:05:12.556,-1620083,-6818759,-4719101,-7923776,2,2,2,2
2025-09-03 13:05:12.559,-1628169,-6818589,-2621848,-7923957,2,2,2,2
2025-09-03 13:05:12.562,-1611913,-6818775,-4719128,-7923786,2,2,2,2
2025-09-03 13:05:12.565,-1611796,-6818670,-6816200,-7923953,2,2,2,2
2025-09-03 13:05:12.567,-1612031,-4721678,-6816385,-7923856,2,2,2,2
2025-09-03 13:05:12.570,-1612002,-2624495,-6816310,-3729543,2,2,2,2
2025-09-03 13:05:12.573,-1620112,-6818773,-2622050,-7923757,2,2,2,2
2025-09-03 13:05:12.576,-1628291,-6818753,-2621962,-7923723,2,2,2,2
2025-09-03 13:05:12.578,-1611834,-2624383,-6816254,-7923967,2,2,2,2
2025-09-03 13:05:12.581,-1612018,-4721638,-6816333,-7923820,2,2,2,2
2025-09-03 13:05:12.584,-3709198,-6818818,-6816393,-3729534,2,2,2,2
2025-09-03 13:05:12.587,-1611997,-6818692,-6816023,-7923716,2,2,2,2
2025-09-03 13:05:12.590,-1611910,-6818604,-6816250,-7923650,2,2,2,2
2025-09-03 13:05:12.592,-1611782,-2624154,-6816057,-7923485,2,2,2,2
2025-09-03 13:05:12.595,-1628028,-6818317,-2621671,-7923661,2,2,2,2
2025-09-03 13:05:12.597,-1627938,-6818555,-6815881,-7923567,2,2,2,2
2025-09-03 13:05:12.600,-1611750,-6818366,-6815764,-7923401,2,2,2,2
2025-09-03 13:05:12.603,-1611633,-2624002,-6815962,-3729264,2,2,2,2
2025-09-03 13:05:12.606,-1619858,-6818335,-2621697,-7923653,2,2,2,2
2025-09-03 13:05:12.608,-1628053,-6818405,-2621697,-7923649,2,2,2,2
2025-09-03 13:05:12.611,-1611781,-6818447,-6816119,-7923689,2,2,2,2
2025-09-03 13:05:12.614,-1619858,-6818322,-4718846,-7923505,2,2,2,2
2025-09-03 13:05:12.616,-1611774,-4721273,-6815780,-7923425,2,2,2,2
2025-09-03 13:05:12.620,-1611775,-2624128,-6815779,-7923351,2,2,2,2
2025-09-03 13:05:12.622,-1611543,-6818515,-4718715,-7923395,2,2,2,2
2025-09-03 13:05:12.625,-3708698,-6818509,-6815872,-7923433,2,2,2,2
2025-09-03 13:05:12.628,-1627954,-6818273,-6815887,-7923447,2,2,2,2
2025-09-03 13:05:12.631,-1619725,-6818246,-4718712,-7923384,2,2,2,2
2025-09-03 13:05:12.633,-1611746,-6818322,-6815745,-7923266,2,2,2,2
2025-09-03 13:05:12.636,-1619838,-6818277,-4718743,-7923449,2,2,2,2
2025-09-03 13:05:12.639,-1628043,-6818286,-2621677,-7923205,2,2,2,2
2025-09-03 13:05:12.642,-1628031,-6818198,-2621585,-7923432,2,2,2,2
2025-09-03 13:05:12.644,-1628026,-6818190,-2621591,-7923424,2,2,2,2
2025-09-03 13:05:12.647,-1627895,-6818054,-6815754,-7923223,2,2,2,2
2025-09-03 13:05:12.650,-1628113,-6818278,-6815981,-7923445,2,2,2,2
2025-09-03 13:05:12.653,-1611494,-4720904,-6815750,-7923206,2,2,2,2
2025-09-03 13:05:12.656,-1611510,-6818056,-6815751,-7923216,2,2,2,2
2025-09-03 13:05:12.659,-1619699,-6818050,-2621446,-7923196,2,2,2,2
2025-09-03 13:05:12.662,-1611532,-2623762,-6815774,-7923221,2,2,2,2
2025-09-03 13:05:12.664,-1627973,-6818158,-2621554,-7923236,2,2,2,2
2025-09-03 13:05:12.667,-1611505,-4721150,-6815737,-7923180,2,2,2,2
2025-09-03 13:05:12.669,-1611579,-4721015,-6815940,-7923303,2,2,2,2
2025-09-03 13:05:12.672,-1611661,-2623893,-6815957,-7923320,2,2,2,2
2025-09-03 13:05:12.675,-1611375,-6818095,-6815604,-7922997,2,2,2,2
2025-09-03 13:05:12.678,-1611518,-2623735,-6815740,-7923102,2,2,2,2
2025-09-03 13:05:12.681,-1611513,-2623733,-6815491,-7923171,2,2,2,2
2025-09-03 13:05:12.684,-1611409,-2623604,-6815694,-3728745,2,2,2,2
2025-09-03 13:05:12.686,-1611364,-6817813,-6815586,-3720445,2,2,2,2
2025-09-03 13:05:12.689,-1611276,-6818041,-4718345,-7922882,2,2,2,2
2025-09-03 13:05:12.692,-1619696,-6817997,-4718570,-7923064,2,2,2,2
2025-09-03 13:05:12.694,-1627650,-6817946,-2621437,-7923143,2,2,2,2
2025-09-03 13:05:12.697,-1611289,-2623722,-6815505,-7923098,2,2,2,2
2025-09-03 13:05:12.700,-1611294,-6818035,-6815515,-3720343,2,2,2,2
2025-09-03 13:05:12.703,-1627673,-6818032,-2621199,-7922888,2,2,2,2
2025-09-03 13:05:12.705,-3708188,-6817775,-6815250,-7922837,2,2,2,2
2025-09-03 13:05:12.708,-1627639,-6817657,-6815469,-7922792,2,2,2,2
2025-09-03 13:05:12.711,-1627454,-6817773,-2620944,-7922633,2,2,2,2
2025-09-03 13:05:12.713,-1627535,-6817552,-2621055,-7922673,2,2,2,2
2025-09-03 13:05:12.716,-3708395,-6817588,-6815459,-3728403,2,2,2,2
2025-09-03 13:05:12.719,-3708057,-6817559,-6815117,-7922681,2,2,2,2
2025-09-03 13:05:12.722,-1610885,-2623235,-6815029,-7922591,2,2,2,2
2025-09-03 13:05:12.724,-1627260,-6817528,-2620781,-7922644,2,2,2,2
2025-09-03 13:05:12.727,-1627362,-6817309,-6815202,-7922424,2,2,2,2
2025-09-03 13:05:12.730,-1618963,-6817493,-4717825,-7922474,2,2,2,2
2025-09-03 13:05:12.733,-1610971,-6817556,-6815120,-7922663,2,2,2,2
2025-09-03 13:05:12.736,-1610999,-4720241,-6815211,-7922446,2,2,2,2
2025-09-03 13:05:12.738,-1627378,-6817311,-2620902,-7922432,2,2,2,2
2025-09-03 13:05:12.741,-1610858,-6817465,-6815008,-3720040,2,2,2,2
2025-09-03 13:05:12.744,-1610753,-6817312,-6815214,-7922427,2,2,2,2
2025-09-03 13:05:12.747,-1610978,-2622990,-6815175,-7922336,2,2,2,2
2025-09-03 13:05:12.750,-1619084,-6817527,-4717947,-7922377,2,2,2,2
2025-09-03 13:05:12.753,-1610766,-2623090,-6814983,-7922188,2,2,2,2
2025-09-03 13:05:12.756,-1610872,-2623128,-6815027,-7922288,2,2,2,2
2025-09-03 13:05:12.758,-1610749,-2622988,-6814943,-3728097,2,2,2,2
2025-09-03 13:05:12.761,-3707662,-6817055,-6814967,-7922155,2,2,2,2
2025-09-03 13:05:12.764,-1610503,-2622750,-6814953,-7922150,2,2,2,2
2025-09-03 13:05:12.766,-1627106,-6817271,-2620556,-7922297,2,2,2,2
2025-09-03 13:05:12.769,-1610640,-2622874,-6814778,-7922276,2,2,2,2
2025-09-03 13:05:12.772,-1626994,-6817144,-2620443,-7922177,2,2,2,2
2025-09-03 13:05:12.775,-1627021,-6817174,-2620540,-7922206,2,2,2,2
2025-09-03 13:05:12.778,-1610647,-6817175,-6814845,-3719525,2,2,2,2
2025-09-03 13:05:12.780,-1610525,-2622818,-6814730,-7922072,2,2,2,2
2025-09-03 13:05:12.784,-1610495,-6817026,-4717550,-7922060,2,2,2,2
2025-09-03 13:05:12.786,-1610626,-2622846,-6814764,-7922169,2,2,2,2
2025-09-03 13:05:12.789,-1627086,-6817176,-2620549,-7921936,2,2,2,2
2025-09-03 13:05:12.791,-3707783,-6817101,-6814824,-3727848,2,2,2,2
2025-09-03 13:05:12.794,-1610499,-2622624,-6814694,-7922026,2,2,2,2
2025-09-03 13:05:12.796,-1626812,-6816899,-2620283,-7921912,2,2,2,2
2025-09-03 13:05:12.799,-1610502,-2622717,-6814704,-7922025,2,2,2,2
2025-09-03 13:05:12.802,-1610371,-2622573,-6814500,-7921820,2,2,2,2
2025-09-03 13:05:12.804,-1610348,-2622481,-6814478,-7921793,2,2,2,2
2025-09-03 13:05:12.807,-1626689,-6816778,-2620161,-7921781,2,2,2,2
2025-09-03 13:05:12.810,-1626762,-6816799,-2620190,-7921863,2,2,2,2
2025-09-03 13:05:12.813,-1610493,-6816913,-6814607,-3719414,2,2,2,2
2025-09-03 13:05:12.816,-1618560,-6816778,-2620170,-7921717,2,2,2,2
2025-09-03 13:05:12.818,-1610455,-4719718,-6814530,-7921806,2,2,2,2
2025-09-03 13:05:12.821,-1610450,-6816883,-6814574,-7921814,2,2,2,2
2025-09-03 13:05:12.823,-1610263,-4719851,-6814696,-7921673,2,2,2,2
2025-09-03 13:05:12.826,-1618434,-6816973,-2620297,-7921898,2,2,2,2
2025-09-03 13:05:12.829,-1610383,-6816777,-6814487,-3719287,2,2,2,2
2025-09-03 13:05:12.831,-1610347,-6816753,-6814462,-3719195,2,2,2,2
2025-09-03 13:05:12.834,-1610242,-4719489,-6814339,-7905182,2,2,2,2
2025-09-03 13:05:12.837,-1626736,-6816661,-2620137,-7905277,2,2,2,2
2025-09-03 13:05:12.840,-1626651,-6816640,-2620045,-7905249,2,2,2,2
2025-09-03 13:05:12.842,-1626695,-6816655,-2620131,-7905251,2,2,2,2
2025-09-03 13:05:12.845,-1610135,-6816519,-6814231,-3718938,2,2,2,2
2025-09-03 13:05:12.848,-1610001,-2622325,-6814401,-7905161,2,2,2,2
2025-09-03 13:05:12.851,-1610252,-2622306,-6814266,-7905135,2,2,2,2
2025-09-03 13:05:12.853,-1626556,-6816756,-2619912,-7905034,2,2,2,2
2025-09-03 13:05:12.856,-1626436,-6816639,-2620053,-7905237,2,2,2,2
2025-09-03 13:05:12.859,-1610135,-6816481,-6814199,-7921360,2,2,2,2
2025-09-03 13:05:12.861,-1609954,-2622192,-6814207,-7905023,2,2,2,2
2025-09-03 13:05:12.864,-1609974,-2621953,-6813970,-7904786,2,2,2,2
2025-09-03 13:05:12.867,-1626408,-6816361,-6814088,-7904876,2,2,2,2
2025-09-03 13:05:12.870,-1610120,-6816390,-6814184,-3710598,2,2,2,2
2025-09-03 13:05:12.872,-1610009,-6816263,-6814030,-7904787,2,2,2,2
2025-09-03 13:05:12.875,-1609990,-4719359,-6813993,-7905020,2,2,2,2
2025-09-03 13:05:12.878,-1609955,-2622098,-6813955,-7904925,2,2,2,2
2025-09-03 13:05:12.881,-1609962,-6816467,-6814208,-7921298,2,2,2,2
2025-09-03 13:05:12.883,-1610005,-6816512,-6814054,-7921388,2,2,2,2
2025-09-03 13:05:12.886,-1610013,-6816259,-6813984,-7921391,2,2,2,2
2025-09-03 13:05:12.889,-3707143,-6816504,-6813980,-7921378,2,2,2,2
2025-09-03 13:05:12.891,-1609976,-6816467,-4717046,-7921283,2,2,2,2
2025-09-03 13:05:12.894,-1626298,-6816115,-2619551,-7904536,2,2,2,2
2025-09-03 13:05:12.896,-1609736,-2621851,-6813965,-7904641,2,2,2,2
2025-09-03 13:05:12.899,-1609937,-4719212,-6814172,-7904784,2,2,2,2
2025-09-03 13:05:12.902,-1609869,-2621725,-6813900,-7904516,2,2,2,2
2025-09-03 13:05:12.905,-1609881,-2621727,-6813918,-7904521,2,2,2,2
2025-09-03 13:05:12.907,-3707032,-6816026,-6813851,-7921145,2,2,2,2
2025-09-03 13:05:12.910,-1609746,-6816215,-6813710,-7921007,2,2,2,2
2025-09-03 13:05:12.913,-1618042,-6816249,-4716654,-7921081,2,2,2,2
2025-09-03 13:05:12.916,-1609703,-4718947,-6813899,-7904528,2,2,2,2
2025-09-03 13:05:12.919,-1609729,-4718968,-6813941,-7904542,2,2,2,2
2025-09-03 13:05:12.922,-1609725,-2621804,-6813930,-7904520,2,2,2,2
2025-09-03 13:05:12.924,-1626083,-6816004,-2619530,-7904493,2,2,2,2
2025-09-03 13:05:12.927,-1626082,-6815995,-2619530,-7904406,2,2,2,2
2025-09-03 13:05:12.930,-1609616,-2621674,-6813635,-7904388,2,2,2,2
2025-09-03 13:05:12.933,-1609506,-6815878,-6813538,-7904285,2,2,2,2
2025-09-03 13:05:12.935,-1609497,-2621572,-6813468,-3709981,2,2,2,2
2025-09-03 13:05:12.938,-1609501,-6815802,-2619156,-7920651,2,2,2,2
2025-09-03 13:05:12.941,-1609479,-6815774,-6813685,-7904239,2,2,2,2
2025-09-03 13:05:12.943,-1625900,-6815865,-6813463,-7904271,2,2,2,2
2025-09-03 13:05:12.946,-1609465,-2686973,-6813669,-7904155,2,2,2,2
2025-09-03 13:05:12.948,-1625868,-6815765,-2619379,-7904228,2,2,2,2
2025-09-03 13:05:12.951,-1609672,-6815888,-6813557,-7904288,2,2,2,2
2025-09-03 13:05:12.954,-1609705,-6815990,-6813622,-7904374,2,2,2,2
2025-09-03 13:05:12.956,-1609687,-4718747,-6813572,-7904286,2,2,2,2
2025-09-03 13:05:12.959,-1625837,-6881261,-2619289,-7904045,2,2,2,2
2025-09-03 13:05:12.962,-1609471,-6815747,-6813679,-7920519,2,2,2,2
2025-09-03 13:05:12.965,-1609464,-2686949,-6813658,-7904115,2,2,2,2
2025-09-03 13:05:12.968,-1625788,-6881168,-2619256,-7904015,2,2,2,2
2025-09-03 13:05:12.971,-1609326,-6881050,-6813455,-7920581,2,2,2,2
2025-09-03 13:05:12.974,-1609271,-6881054,-6813452,-7904160,2,2,2,2
2025-09-03 13:05:12.976,-1609319,-6881033,-4716288,-7920510,2,2,2,2
2025-09-03 13:05:12.979,-1609457,-2686860,-6813248,-7903995,2,2,2,2
2025-09-03 13:05:12.981,-1609363,-6881069,-2618984,-7920358,2,2,2,2
2025-09-03 13:05:12.984,-1609457,-2686851,-6813243,-3709694,2,2,2,2
2025-09-03 13:05:12.987,-1609455,-6881221,-4716158,-7920383,2,2,2,2
2025-09-03 13:05:12.989,-1625604,-6881174,-6813330,-7904016,2,2,2,2
2025-09-03 13:05:12.992,-1609332,-6881020,-6813189,-7920251,2,2,2,2
2025-09-03 13:05:12.994,-1609192,-6880817,-4715883,-7920097,2,2,2,2
2025-09-03 13:05:12.997,-1625480,-6880774,-2618903,-7903805,2,2,2,2
2025-09-03 13:05:13.000,-1609189,-6880868,-6813262,-7903884,2,2,2,2
2025-09-03 13:05:13.002,-1609083,-6881012,-4716034,-7920189,2,2,2,2
2025-09-03 13:05:13.005,-1609215,-2686586,-6813247,-7903971,2,2,2,2
2025-09-03 13:05:13.007,-1609208,-6880875,-6813306,-7903895,2,2,2,2
2025-09-03 13:05:13.010,-3706238,-6880991,-6813175,-7920147,2,2,2,2
2025-09-03 13:05:13.013,-1609204,-6880801,-6813040,-7920016,2,2,2,2
2025-09-03 13:05:13.015,-1625541,-6880797,-2618727,-7903550,2,2,2,2
2025-09-03 13:05:13.018,-1625546,-6880800,-2618983,-7903937,2,2,2,2
2025-09-03 13:05:13.021,-1625585,-6880789,-2618987,-7903795,2,2,2,2
2025-09-03 13:05:13.024,-1609097,-6880993,-6813173,-3717636,2,2,2,2
2025-09-03 13:05:13.027,-1609108,-6880740,-6813176,-3717385,2,2,2,2
2025-09-03 13:05:13.030,-3706099,-6880526,-6813032,-7919976,2,2,2,2
2025-09-03 13:05:13.033,-1608848,-6880743,-6812938,-7919876,2,2,2,2
2025-09-03 13:05:13.035,-1608912,-6880671,-6812934,-7903494,2,2,2,2
2025-09-03 13:05:13.038,-1608960,-2686225,-6812992,-7903601,2,2,2,2
2025-09-03 13:05:13.040,-1625537,-6880749,-2618634,-7903495,2,2,2,2
2025-09-03 13:05:13.043,-1608967,-6880772,-6813030,-3717476,2,2,2,2
2025-09-03 13:05:13.046,-1608976,-6880777,-6812999,-7903514,2,2,2,2
2025-09-03 13:05:13.049,-1608935,-6880733,-4715778,-7919863,2,2,2,2
2025-09-03 13:05:13.051,-1608862,-2686354,-6812928,-7903392,2,2,2,2
2025-09-03 13:05:13.055,-1608930,-2686360,-6812930,-7903460,2,2,2,2
2025-09-03 13:05:13.057,-1625206,-6880621,-2618518,-7903283,2,2,2,2
2025-09-03 13:05:13.060,-1608708,-6880459,-6812700,-3717363,2,2,2,2
2025-09-03 13:05:13.062,-3705988,-6880548,-6812824,-7919717,2,2,2,2
2025-09-03 13:05:13.065,-1625124,-6880510,-6812791,-7903228,2,2,2,2
2025-09-03 13:05:13.068,-1608833,-6880280,-6812821,-7919645,2,2,2,2
2025-09-03 13:05:13.071,-1625330,-6880399,-2618374,-7903445,2,2,2,2
2025-09-03 13:05:13.073,-3706010,-6880301,-6812901,-3725431,2,2,2,2
2025-09-03 13:05:13.076,-1625102,-6880412,-2618399,-7903207,2,2,2,2
2025-09-03 13:05:13.079,-1625095,-6880400,-2618390,-7903196,2,2,2,2
2025-09-03 13:05:13.082,-1608469,-4783079,-6812491,-7903207,2,2,2,2
2025-09-03 13:05:13.085,-1608473,-4783074,-6812490,-7902879,2,2,2,2
2025-09-03 13:05:13.088,-1608584,-2685697,-6812623,-7902986,2,2,2,2
2025-09-03 13:05:13.090,-1608465,-2685840,-6812444,-7903116,2,2,2,2
2025-09-03 13:05:13.093,-1608575,-6880003,-6812560,-3716865,2,2,2,2
2025-09-03 13:05:13.095,-3705599,-6880045,-6812421,-7919210,2,2,2,2
2025-09-03 13:05:13.098,-1624892,-6880235,-6812553,-7902946,2,2,2,2
2025-09-03 13:05:13.101,-1608559,-2685850,-6812472,-7902872,2,2,2,2
2025-09-03 13:05:13.104,-1608584,-2685939,-6812629,-7902963,2,2,2,2
2025-09-03 13:05:13.106,-1624895,-6880134,-2618215,-7902843,2,2,2,2
2025-09-03 13:05:13.109,-1624786,-6879981,-2618006,-7902945,2,2,2,2
2025-09-03 13:05:13.112,-1624600,-6879861,-2617885,-7902753,2,2,2,2
2025-09-03 13:05:13.115,-1608318,-6879927,-6812279,-3716736,2,2,2,2
2025-09-03 13:05:13.118,-1608584,-6880151,-6812549,-3716742,2,2,2,2
2025-09-03 13:05:13.120,-1624682,-6879863,-2617888,-7902743,2,2,2,2
2025-09-03 13:05:13.123,-1608316,-6879948,-2617969,-7902771,2,2,2,2
2025-09-03 13:05:13.125,-1608397,-4782752,-6812293,-7902858,2,2,2,2
2025-09-03 13:05:13.128,-1608419,-6879973,-6812309,-7902609,2,2,2,2
2025-09-03 13:05:13.130,-1608433,-6879992,-2618013,-7919061,2,2,2,2
2025-09-03 13:05:13.133,-1608212,-2685451,-6812415,-7902713,2,2,2,2
2025-09-03 13:05:13.136,-1624600,-6879760,-2618110,-7902711,2,2,2,2
2025-09-03 13:05:13.139,-1624677,-6879772,-2617878,-7902720,2,2,2,2
2025-09-03 13:05:13.141,-1608396,-4782714,-6812213,-7902567,2,2,2,2
2025-09-03 13:05:13.144,-1608195,-6879725,-6812138,-3716502,2,2,2,2
2025-09-03 13:05:13.147,-1608225,-4782598,-6812157,-7902697,2,2,2,2
2025-09-03 13:05:13.150,-3705357,-6879717,-6812137,-7918987,2,2,2,2
2025-09-03 13:05:13.153,-1608053,-6879494,-6811920,-7918831,2,2,2,2
2025-09-03 13:05:13.155,-1624464,-6879510,-2617626,-7902462,2,2,2,2
2025-09-03 13:05:13.159,-1624507,-6879589,-2617705,-7902218,2,2,2,2
2025-09-03 13:05:13.160,-1624388,-6879468,-2617587,-7902417,2,2,2,2
2025-09-03 13:05:13.163,-1608048,-6879482,-6811895,-7918738,2,2,2,2
2025-09-03 13:05:13.166,-1624520,-6879593,-2617713,-7902219,2,2,2,2
2025-09-03 13:05:13.168,-1608083,-2685185,-6811918,-7902363,2,2,2,2
2025-09-03 13:05:13.171,-1608074,-6879488,-6811915,-7918744,2,2,2,2
2025-09-03 13:05:13.174,-3705219,-6879488,-6811917,-7918737,2,2,2,2
2025-09-03 13:05:13.176,-1607961,-2685309,-6812115,-7902224,2,2,2,2
2025-09-03 13:05:13.179,-1624441,-6879714,-2617844,-7902259,2,2,2,2
2025-09-03 13:05:13.181,-1608060,-2685165,-6811893,-7902319,2,2,2,2
2025-09-03 13:05:13.184,-3705244,-6879487,-6811919,-7918732,2,2,2,2
2025-09-03 13:05:13.187,-1607949,-6879292,-4714635,-7918590,2,2,2,2
2025-09-03 13:05:13.190,-1607831,-2684933,-6811660,-7902083,2,2,2,2
2025-09-03 13:05:13.192,-1607919,-6879263,-6811756,-7918484,2,2,2,2
2025-09-03 13:05:13.195,-1607815,-6879201,-4714486,-7918390,2,2,2,2
2025-09-03 13:05:13.198,-1607831,-6879227,-6811655,-7918411,2,2,2,2
2025-09-03 13:05:13.200,-1607790,-6879186,-2617245,-7901944,2,2,2,2
2025-09-03 13:05:13.203,-1607876,-6879376,-6811843,-7902204,2,2,2,2
2025-09-03 13:05:13.206,-1607920,-6879230,-6811699,-7902053,2,2,2,2
2025-09-03 13:05:13.208,-1607829,-6879163,-6811652,-3715850,2,2,2,2
2025-09-03 13:05:13.211,-1624130,-6879074,-2609033,-7901901,2,2,2,2
2025-09-03 13:05:13.214,-1607876,-4781963,-6811598,-7901931,2,2,2,2
2025-09-03 13:05:13.217,-1607737,-4781938,-6811604,-7901843,2,2,2,2
2025-09-03 13:05:13.220,-3704941,-6879025,-6811535,-3723925,2,2,2,2
2025-09-03 13:05:13.222,-1624116,-6879008,-2617216,-7901756,2,2,2,2
2025-09-03 13:05:13.225,-1623945,-6879114,-2609145,-7901927,2,2,2,2
2025-09-03 13:05:13.228,-1607551,-6878775,-6811294,-7917966,2,2,2,2
2025-09-03 13:05:13.230,-1607653,-6878925,-4714236,-7918026,2,2,2,2
2025-09-03 13:05:13.233,-1607661,-6878937,-6811402,-7918028,2,2,2,2
2025-09-03 13:05:13.236,-1623996,-6878852,-2617081,-7901594,2,2,2,2
2025-09-03 13:05:13.239,-1607583,-6878921,-2617080,-7901652,2,2,2,2
2025-09-03 13:05:13.242,-1623838,-6878721,-2616952,-7901444,2,2,2,2
2025-09-03 13:05:13.244,-1607418,-2684572,-6811165,-7901668,2,2,2,2
2025-09-03 13:05:13.247,-1607387,-4781689,-6811339,-7901568,2,2,2,2
2025-09-03 13:05:13.250,-1607434,-2684567,-6811159,-7901597,2,2,2,2
2025-09-03 13:05:13.253,-1607572,-6878761,-6811365,-7917901,2,2,2,2
2025-09-03 13:05:13.255,-1607674,-6878924,-4714246,-7917965,2,2,2,2
2025-09-03 13:05:13.258,-1623930,-6878733,-2608784,-7901449,2,2,2,2
2025-09-03 13:05:13.261,-1607432,-6878916,-6811160,-7917974,2,2,2,2
2025-09-03 13:05:13.263,-1607431,-6878855,-6811162,-7901586,2,2,2,2
2025-09-03 13:05:13.266,-1607452,-2684572,-6811172,-3707361,2,2,2,2
2025-09-03 13:05:13.269,-1607393,-2684436,-6811367,-7901541,2,2,2,2
2025-09-03 13:05:13.272,-1607308,-6878720,-2616984,-7901444,2,2,2,2
2025-09-03 13:05:13.274,-1607326,-6878479,-6811112,-3715092,2,2,2,2
2025-09-03 13:05:13.277,-1607216,-6878623,-6810991,-7901411,2,2,2,2
2025-09-03 13:05:13.280,-1607224,-4781472,-6810994,-7901342,2,2,2,2
2025-09-03 13:05:13.283,-1607206,-4781453,-6810922,-7901315,2,2,2,2
2025-09-03 13:05:13.286,-1607315,-2684396,-6811079,-7901341,2,2,2,2
2025-09-03 13:05:13.289,-1607149,-6878475,-4713961,-7917574,2,2,2,2
2025-09-03 13:05:13.291,-1607037,-2684061,-6810943,-7901085,2,2,2,2
2025-09-03 13:05:13.294,-1607060,-6878449,-4713612,-7917550,2,2,2,2
2025-09-03 13:05:13.297,-1607141,-6878464,-6810782,-7901173,2,2,2,2
2025-09-03 13:05:13.300,-1607024,-6878341,-6810988,-3706744,2,2,2,2
2025-09-03 13:05:13.302,-1623454,-6878447,-2608286,-7901157,2,2,2,2
2025-09-03 13:05:13.305,-1607024,-6878263,-2616419,-7900980,2,2,2,2
2025-09-03 13:05:13.307,-1623295,-6878221,-2616565,-7900934,2,2,2,2
2025-09-03 13:05:13.310,-1606869,-4780942,-6810756,-7900810,2,2,2,2
2025-09-03 13:05:13.313,-1606680,-6877971,-4713474,-7917068,2,2,2,2
2025-09-03 13:05:13.316,-1623194,-6878105,-2616197,-7900865,2,2,2,2
2025-09-03 13:05:13.318,-1606809,-2683801,-6810564,-7900809,2,2,2,2
2025-09-03 13:05:13.321,-1606816,-6878091,-6810757,-3706496,2,2,2,2
2025-09-03 13:05:13.324,-3703927,-6878026,-6810731,-3706466,2,2,2,2
2025-09-03 13:05:13.327,-1623287,-6878182,-6810857,-7900822,2,2,2,2
2025-09-03 13:05:13.330,-1606896,-6878186,-6810777,-7900812,2,2,2,2
2025-09-03 13:05:13.332,-1606782,-2683758,-6810658,-3706378,2,2,2,2
2025-09-03 13:05:13.335,-1606804,-2683777,-6810675,-7900699,2,2,2,2
2025-09-03 13:05:13.338,-1606892,-2683792,-6810578,-7900784,2,2,2,2
2025-09-03 13:05:13.341,-1606886,-6878091,-6810513,-3706481,2,2,2,2
2025-09-03 13:05:13.343,-1606859,-4780909,-6810438,-7900677,2,2,2,2
2025-09-03 13:05:13.346,-1606905,-4780947,-6810580,-7900780,2,2,2,2
2025-09-03 13:05:13.349,-1606779,-2683672,-6810654,-7900912,2,2,2,2
2025-09-03 13:05:13.352,-1606687,-2683902,-6810625,-7900813,2,2,2,2
2025-09-03 13:05:13.354,-1606681,-2683898,-6810613,-7900800,2,2,2,2
2025-09-03 13:05:13.357,-3703837,-6878195,-6810611,-3706489,2,2,2,2
2025-09-03 13:05:13.360,-1623119,-6877959,-2607881,-7900622,2,2,2,2
2025-09-03 13:05:13.363,-1606668,-6877922,-4713442,-7916843,2,2,2,2
2025-09-03 13:05:13.366,-1606783,-6877970,-2616088,-7900632,2,2,2,2
2025-09-03 13:05:13.369,-1623068,-6877930,-2608098,-7900464,2,2,2,2
2025-09-03 13:05:13.371,-1623026,-6877808,-2616183,-7900661,2,2,2,2
2025-09-03 13:05:13.374,-1606441,-4780701,-6810354,-7900522,2,2,2,2
2025-09-03 13:05:13.376,-3703656,-6877894,-6810353,-3722594,2,2,2,2
2025-09-03 13:05:13.379,-1622859,-6877928,-2616049,-7900448,2,2,2,2
2025-09-03 13:05:13.382,-1622882,-6877845,-2607846,-7900428,2,2,2,2
2025-09-03 13:05:13.384,-1623027,-6877800,-2607747,-7900386,2,2,2,2
2025-09-03 13:05:13.387,-1606606,-4780536,-6810165,-7900283,2,2,2,2
2025-09-03 13:05:13.390,-1606515,-2683364,-6810368,-7900191,2,2,2,2
2025-09-03 13:05:13.393,-1606435,-6877585,-6810338,-7900415,2,2,2,2
2025-09-03 13:05:13.396,-1606207,-6877674,-6810110,-7900185,2,2,2,2
2025-09-03 13:05:13.398,-1606197,-4780436,-6810062,-7900163,2,2,2,2
2025-09-03 13:05:13.401,-1606401,-2683250,-6810306,-7900314,2,2,2,2
2025-09-03 13:05:13.404,-1622648,-6877671,-2615804,-7900175,2,2,2,2
2025-09-03 13:05:13.407,-1622657,-6877672,-2615805,-7900176,2,2,2,2
2025-09-03 13:05:13.410,-1622658,-6877425,-2607362,-7899922,2,2,2,2
2025-09-03 13:05:13.412,-1606398,-6877510,-6809971,-3705720,2,2,2,2
2025-09-03 13:05:13.415,-1606150,-4780320,-6809989,-7900024,2,2,2,2
2025-09-03 13:05:13.418,-3703293,-6877254,-6809988,-3722119,2,2,2,2
2025-09-03 13:05:13.421,-1622642,-6877332,-2615795,-7900139,2,2,2,2
2025-09-03 13:05:13.423,-1606254,-2683019,-6810088,-7900133,2,2,2,2
2025-09-03 13:05:13.426,-1622711,-6877418,-2607371,-7899910,2,2,2,2
2025-09-03 13:05:13.428,-3703426,-6877328,-6810111,-3722225,2,2,2,2
2025-09-03 13:05:13.431,-3703416,-6877306,-6810083,-3722139,2,2,2,2
2025-09-03 13:05:13.434,-1622517,-6877190,-2615664,-7899936,2,2,2,2
2025-09-03 13:05:13.437,-1606264,-6877322,-6810105,-3705758,2,2,2,2
2025-09-03 13:05:13.440,-1605917,-6877248,-6809750,-3705464,2,2,2,2
2025-09-03 13:05:13.443,-1622458,-6877077,-2607123,-7899893,2,2,2,2
2025-09-03 13:05:13.446,-1606142,-2674688,-6809660,-7899662,2,2,2,2
2025-09-03 13:05:13.449,-1606023,-6877125,-4712449,-7916252,2,2,2,2
2025-09-03 13:05:13.451,-1605892,-6877183,-2615421,-7899667,2,2,2,2
2025-09-03 13:05:13.454,-1606002,-6876979,-4712699,-7916172,2,2,2,2
2025-09-03 13:05:13.456,-1605781,-6877143,-4712474,-7915977,2,2,2,2
2025-09-03 13:05:13.459,-1605858,-2674584,-6809632,-3705328,2,2,2,2
2025-09-03 13:05:13.462,-1605785,-6877137,-2615313,-7915997,2,2,2,2
2025-09-03 13:05:13.465,-1605857,-6877075,-6809653,-7899546,2,2,2,2
2025-09-03 13:05:13.467,-1605774,-6876988,-4712446,-7915909,2,2,2,2
2025-09-03 13:05:13.470,-1605785,-2674564,-6809603,-7899529,2,2,2,2
2025-09-03 13:05:13.472,-1605888,-6876901,-4712297,-7916003,2,2,2,2
2025-09-03 13:05:13.475,-1605861,-6876735,-6809362,-7915917,2,2,2,2
2025-09-03 13:05:13.477,-1605877,-6876873,-4712224,-7915920,2,2,2,2
2025-09-03 13:05:13.480,-1622264,-6876814,-2606877,-7899605,2,2,2,2
2025-09-03 13:05:13.483,-1605875,-2674316,-6809367,-7899524,2,2,2,2
2025-09-03 13:05:13.486,-1605629,-6876883,-4712223,-7915722,2,2,2,2
2025-09-03 13:05:13.489,-1605743,-6876923,-2615186,-7899389,2,2,2,2
2025-09-03 13:05:13.492,-1622078,-6876686,-2615196,-7899394,2,2,2,2
2025-09-03 13:05:13.495,-1589219,-6876772,-6809346,-7899164,2,2,2,2
2025-09-03 13:05:13.498,-1605656,-6876890,-4712319,-7915664,2,2,2,2
2025-09-03 13:05:13.500,-1605606,-4779552,-6809347,-7899161,2,2,2,2
2025-09-03 13:05:13.503,-1605512,-6876670,-4712170,-7915728,2,2,2,2
2025-09-03 13:05:13.505,-1605500,-6876666,-4712079,-7915723,2,2,2,2
2025-09-03 13:05:13.508,-1589196,-6876670,-6809322,-7899375,2,2,2,2
2025-09-03 13:05:13.511,-1605614,-6876448,-6809098,-3704844,2,2,2,2
2025-09-03 13:05:13.514,-1605569,-6876653,-6809265,-7899032,2,2,2,2
2025-09-03 13:05:13.516,-1605627,-6876487,-6809114,-3704849,2,2,2,2
2025-09-03 13:05:13.519,-1605519,-6876419,-4712179,-7915467,2,2,2,2
2025-09-03 13:05:13.522,-1605408,-6876560,-6809215,-3704694,2,2,2,2
2025-09-03 13:05:13.525,-1588993,-6876521,-2614804,-7898897,2,2,2,2
2025-09-03 13:05:13.528,-1605133,-2673777,-6808864,-7898897,2,2,2,2
2025-09-03 13:05:13.531,-1605322,-6876388,-6808987,-7899018,2,2,2,2
2025-09-03 13:05:13.534,-1605247,-6876314,-6808970,-3704694,2,2,2,2
2025-09-03 13:05:13.536,-1588840,-6876272,-2606453,-7898895,2,2,2,2
2025-09-03 13:05:13.539,-1605125,-4779012,-6808839,-7898856,2,2,2,2
2025-09-03 13:05:13.541,-1605359,-4779243,-6809078,-7898774,2,2,2,2
2025-09-03 13:05:13.544,-1604998,-2681732,-6808779,-7898656,2,2,2,2
2025-09-03 13:05:13.547,-1588585,-6876004,-2614390,-7898623,2,2,2,2
2025-09-03 13:05:13.550,-1604887,-6875954,-6808680,-3704297,2,2,2,2
2025-09-03 13:05:13.552,-1604972,-6875950,-6808706,-7915006,2,2,2,2
2025-09-03 13:05:13.555,-1605116,-6876148,-4711691,-7915148,2,2,2,2
2025-09-03 13:05:13.558,-1588741,-6876163,-2606436,-7898840,2,2,2,2
2025-09-03 13:05:13.561,-1588723,-6876063,-2606340,-7898672,2,2,2,2
2025-09-03 13:05:13.563,-1605123,-2681829,-6808843,-7898747,2,2,2,2
2025-09-03 13:05:13.566,-1605094,-6876099,-4711664,-7915019,2,2,2,2
2025-09-03 13:05:13.569,-1605103,-2673559,-6808830,-7898654,2,2,2,2
2025-09-03 13:05:13.572,-1605111,-2681744,-6808830,-7898649,2,2,2,2
2025-09-03 13:05:13.575,-1588504,-6876154,-2614303,-7898421,2,2,2,2
2025-09-03 13:05:13.577,-1605093,-6876034,-6808817,-3704318,2,2,2,2
2025-09-03 13:05:13.580,-1604982,-6875910,-2614394,-7914948,2,2,2,2
2025-09-03 13:05:13.583,-1604918,-2681592,-6808634,-7898482,2,2,2,2
2025-09-03 13:05:13.585,-1604880,-6876054,-6808589,-7898384,2,2,2,2
2025-09-03 13:05:13.587,-1604878,-6875783,-6808589,-3704078,2,2,2,2
2025-09-03 13:05:13.590,-1604749,-6875662,-4711310,-7914706,2,2,2,2
2025-09-03 13:05:13.593,-1604861,-4778614,-6808569,-7898355,2,2,2,2
2025-09-03 13:05:13.596,-1588501,-6875783,-2614287,-7898376,2,2,2,2
2025-09-03 13:05:13.598,-1588416,-6875664,-2605972,-7898322,2,2,2,2
2025-09-03 13:05:13.601,-1604840,-4778521,-6808519,-7898259,2,2,2,2
2025-09-03 13:05:13.604,-1604894,-4778630,-6808598,-7898371,2,2,2,2
2025-09-03 13:05:13.607,-1604850,-2681369,-6808544,-7898258,2,2,2,2
2025-09-03 13:05:13.609,-1588332,-6875795,-2605852,-7898118,2,2,2,2
2025-09-03 13:05:13.612,-1604833,-6875648,-6808458,-3703914,2,2,2,2
2025-09-03 13:05:13.614,-1604593,-6875407,-6808289,-7914370,2,2,2,2
2025-09-03 13:05:13.617,-1604843,-2681350,-6808542,-7898234,2,2,2,2
2025-09-03 13:05:13.620,-3701899,-6875580,-6808433,-3720216,2,2,2,2
2025-09-03 13:05:13.623,-1588295,-6875517,-2614048,-7898105,2,2,2,2
2025-09-03 13:05:13.625,-3701885,-6875595,-6808419,-7914483,2,2,2,2
2025-09-03 13:05:13.628,-1604595,-6875406,-4711141,-7914353,2,2,2,2
2025-09-03 13:05:13.631,-1604485,-2673051,-6808114,-7898104,2,2,2,2
2025-09-03 13:05:13.634,-1604591,-6875647,-4711064,-7914270,2,2,2,2
2025-09-03 13:05:13.637,-1588217,-6875411,-2613996,-7897892,2,2,2,2
2025-09-03 13:05:13.639,-1604407,-6875525,-6808139,-7898086,2,2,2,2
2025-09-03 13:05:13.642,-1604455,-6875443,-2613859,-7898072,2,2,2,2
2025-09-03 13:05:13.645,-1604382,-2681200,-6808090,-7898004,2,2,2,2
2025-09-03 13:05:13.647,-1604580,-6875344,-6808291,-3703559,2,2,2,2
2025-09-03 13:05:13.650,-1604455,-6875495,-6808090,-3703691,2,2,2,2
2025-09-03 13:05:13.653,-3701607,-6875468,-6808161,-3720068,2,2,2,2
2025-09-03 13:05:13.656,-1588167,-6875376,-2613917,-7897854,2,2,2,2
2025-09-03 13:05:13.658,-1604336,-2681079,-6808036,-7897610,2,2,2,2
2025-09-03 13:05:13.661,-1587835,-6875274,-2605428,-7897817,2,2,2,2
2025-09-03 13:05:13.663,-3701273,-6875194,-6807817,-3703396,2,2,2,2
2025-09-03 13:05:13.666,-1587982,-6875149,-2605571,-7897624,2,2,2,2
2025-09-03 13:05:13.669,-1604466,-6875180,-4711018,-7914110,2,2,2,2
2025-09-03 13:05:13.672,-1604333,-6875369,-6808037,-7914233,2,2,2,2
2025-09-03 13:05:13.675,-1604132,-4778010,-6807877,-7897713,2,2,2,2
2025-09-03 13:05:13.678,-1587814,-6874977,-2605419,-7897382,2,2,2,2
2025-09-03 13:05:13.680,-1604086,-6875079,-6807801,-3703282,2,2,2,2
2025-09-03 13:05:13.683,-1604100,-4777965,-6807815,-7897594,2,2,2,2
2025-09-03 13:05:13.686,-1604114,-6874883,-6807816,-7913739,2,2,2,2
2025-09-03 13:05:13.689,-1604083,-6875113,-6807791,-7913974,2,2,2,2
2025-09-03 13:05:13.691,-1587638,-6875013,-2613400,-7897549,2,2,2,2
2025-09-03 13:05:13.694,-1587575,-6874905,-2613364,-7897444,2,2,2,2
2025-09-03 13:05:13.697,-1587696,-6874778,-6807786,-7897237,2,2,2,2
2025-09-03 13:05:13.699,-1603953,-2672156,-6807600,-7897111,2,2,2,2
2025-09-03 13:05:13.702,-1603845,-6874862,-4710653,-7913695,2,2,2,2
2025-09-03 13:05:13.705,-1604095,-6874781,-6807791,-7897238,2,2,2,2
2025-09-03 13:05:13.708,-1604084,-6874763,-6807806,-3702934,2,2,2,2
2025-09-03 13:05:13.710,-1604074,-6875075,-2613477,-7913774,2,2,2,2
2025-09-03 13:05:13.713,-1603941,-6874870,-4710502,-7913669,2,2,2,2
2025-09-03 13:05:13.716,-1603871,-4777714,-6807609,-7897243,2,2,2,2
2025-09-03 13:05:13.719,-1603842,-2680475,-6807806,-7897225,2,2,2,2
2025-09-03 13:05:13.721,-1603847,-4777621,-6807805,-7897221,2,2,2,2
2025-09-03 13:05:13.724,-1604034,-4777725,-6807602,-7897330,2,2,2,2
2025-09-03 13:05:13.727,-1587670,-6874902,-6807688,-7897336,2,2,2,2
2025-09-03 13:05:13.730,-1603996,-6874662,-4710545,-7913473,2,2,2,2
2025-09-03 13:05:13.732,-1587584,-6874630,-2605172,-7897319,2,2,2,2
2025-09-03 13:05:13.735,-1587520,-6874874,-6807667,-7897241,2,2,2,2
2025-09-03 13:05:13.738,-1603837,-6874745,-6807545,-7897192,2,2,2,2
2025-09-03 13:05:13.740,-1603823,-6874411,-4693918,-7880451,2,2,2,2
2025-09-03 13:05:13.743,-1587395,-6874611,-2613104,-7896980,2,2,2,2
2025-09-03 13:05:13.746,-1587343,-6874375,-2596731,-7897051,2,2,2,2
2025-09-03 13:05:13.749,-1603634,-2680223,-6790945,-7896950,2,2,2,2
2025-09-03 13:05:13.752,-1603715,-2680301,-6790951,-7896961,2,2,2,2
2025-09-03 13:05:13.754,-3700732,-6874443,-6790890,-3686144,2,2,2,2
2025-09-03 13:05:13.757,-3700759,-6874428,-6790917,-7880470,2,2,2,2
2025-09-03 13:05:13.760,-3700640,-6874373,-6790798,-7880348,2,2,2,2
2025-09-03 13:05:13.763,-1603453,-6874336,-4693608,-7880314,2,2,2,2
2025-09-03 13:05:13.765,-1603567,-2671887,-6790868,-7896734,2,2,2,2
2025-09-03 13:05:13.768,-1603433,-2671740,-6790660,-3702287,2,2,2,2
2025-09-03 13:05:13.771,-1603445,-6874330,-2596374,-7896614,2,2,2,2
2025-09-03 13:05:13.774,-1603426,-6874228,-6790908,-3702278,2,2,2,2
2025-09-03 13:05:13.776,-1603537,-4777193,-6807155,-7896687,2,2,2,2
2025-09-03 13:05:13.779,-1586958,-6874218,-2596596,-7896826,2,2,2,2
2025-09-03 13:05:13.782,-1587080,-6874261,-2596457,-7896616,2,2,2,2
2025-09-03 13:05:13.785,-1587086,-6874268,-2604659,-7896608,2,2,2,2
2025-09-03 13:05:13.787,-1603540,-4777190,-6807091,-7896683,2,2,2,2
2025-09-03 13:05:13.790,-1603308,-2679801,-6806982,-7896457,2,2,2,2
2025-09-03 13:05:13.793,-1603209,-2671511,-6790442,-7896347,2,2,2,2
2025-09-03 13:05:13.795,-1587080,-6874268,-2596460,-7896604,2,2,2,2
2025-09-03 13:05:13.798,-3700336,-6873932,-6790407,-3685877,2,2,2,2
2025-09-03 13:05:13.801,-1586881,-6874084,-2612601,-7896350,2,2,2,2
2025-09-03 13:05:13.804,-1603076,-6874112,-6806973,-7896438,2,2,2,2
2025-09-03 13:05:13.806,-1586891,-6874016,-2612611,-7896345,2,2,2,2
2025-09-03 13:05:13.809,-1586906,-6873981,-6806893,-7896313,2,2,2,2
2025-09-03 13:05:13.812,-1603304,-2679692,-6790450,-7896334,2,2,2,2
2025-09-03 13:05:13.815,-1586838,-6873972,-2596201,-7896308,2,2,2,2
2025-09-03 13:05:13.817,-1603265,-4776735,-6806840,-7896221,2,2,2,2
2025-09-03 13:05:13.820,-1586716,-6873855,-2596080,-7896119,2,2,2,2
2025-09-03 13:05:13.823,-1602950,-6873634,-6790173,-7879867,2,2,2,2
2025-09-03 13:05:13.826,-1603047,-2671230,-6790200,-7896065,2,2,2,2
2025-09-03 13:05:13.828,-1586937,-6873998,-2604425,-7896330,2,2,2,2
2025-09-03 13:05:13.831,-1603303,-2671493,-6790463,-7896318,2,2,2,2
2025-09-03 13:05:13.834,-1603192,-6873864,-6790402,-7879813,2,2,2,2
2025-09-03 13:05:13.837,-1603205,-6873906,-4693356,-7879869,2,2,2,2
2025-09-03 13:05:13.839,-1603011,-6873631,-6806546,-7896209,2,2,2,2
2025-09-03 13:05:13.842,-1603037,-6873714,-6806646,-7896041,2,2,2,2
2025-09-03 13:05:13.845,-1602611,-4776442,-6806276,-7895921,2,2,2,2
2025-09-03 13:05:13.848,-1602833,-2679444,-6790369,-7896064,2,2,2,2
2025-09-03 13:05:13.851,-1586622,-6873700,-2604146,-7896020,2,2,2,2
2025-09-03 13:05:13.854,-1586398,-6873445,-6806376,-7895948,2,2,2,2
2025-09-03 13:05:13.856,-1602797,-4776304,-6806393,-7895957,2,2,2,2
2025-09-03 13:05:13.860,-1586191,-6873479,-2603928,-7895787,2,2,2,2
2025-09-03 13:05:13.862,-1602793,-6873401,-6790006,-3701636,2,2,2,2
2025-09-03 13:05:13.865,-1586410,-6873445,-2595706,-7896006,2,2,2,2
2025-09-03 13:05:13.867,-1586307,-6873589,-2603792,-7895843,2,2,2,2
2025-09-03 13:05:13.870,-1602789,-4776218,-6806315,-7895937,2,2,2,2
2025-09-03 13:05:13.873,-1586275,-6873497,-2595822,-7895803,2,2,2,2
2025-09-03 13:05:13.875,-1602706,-6873348,-6789915,-3701526,2,2,2,2
2025-09-03 13:05:13.878,-1586308,-6873586,-2595591,-7895814,2,2,2,2
2025-09-03 13:05:13.880,-1586326,-6873359,-2603808,-7895582,2,2,2,2
2025-09-03 13:05:13.883,-1602584,-4776079,-6806210,-7895710,2,2,2,2
2025-09-03 13:05:13.885,-1586336,-6873355,-2595694,-7895574,2,2,2,2
2025-09-03 13:05:13.888,-1602588,-6873480,-6806518,-7895694,2,2,2,2
2025-09-03 13:05:13.890,-1602560,-6873136,-2595479,-7895610,2,2,2,2
2025-09-03 13:05:13.893,-1586167,-6873118,-6806163,-7895659,2,2,2,2
2025-09-03 13:05:13.895,-1602547,-6873120,-6806150,-7895325,2,2,2,2
2025-09-03 13:05:13.898,-1602552,-2670614,-6789695,-7895394,2,2,2,2
2025-09-03 13:05:13.901,-1602463,-6873092,-6789736,-7878926,2,2,2,2
2025-09-03 13:05:13.903,-1602448,-6856689,-6789659,-7879160,2,2,2,2
2025-09-03 13:05:13.906,-1585977,-6856571,-2611695,-7895428,2,2,2,2
2025-09-03 13:05:13.909,-1602295,-6856465,-2595195,-7895060,2,2,2,2
2025-09-03 13:05:13.912,-1602098,-4759436,-6806009,-7895173,2,2,2,2
2025-09-03 13:05:13.915,-1602056,-2662163,-6789579,-7895065,2,2,2,2
2025-09-03 13:05:13.917,-1585915,-6856458,-2603395,-7895053,2,2,2,2
2025-09-03 13:05:13.920,-3699297,-6872948,-6789607,-3700837,2,2,2,2
2025-09-03 13:05:13.923,-1602294,-6856458,-6789500,-7878658,2,2,2,2
2025-09-03 13:05:13.926,-1602157,-6856643,-4692464,-7878775,2,2,2,2
2025-09-03 13:05:13.928,-1602156,-6856391,-4692227,-7878783,2,2,2,2
2025-09-03 13:05:13.931,-1602009,-6856423,-6805567,-7894931,2,2,2,2
2025-09-03 13:05:13.934,-1601838,-6856309,-6805746,-7894885,2,2,2,2
2025-09-03 13:05:13.936,-1585692,-6856246,-2595056,-7895079,2,2,2,2
2025-09-03 13:05:13.939,-1585720,-6856316,-6805765,-7895153,2,2,2,2
2025-09-03 13:05:13.942,-1601911,-6856254,-4691978,-7878449,2,2,2,2
2025-09-03 13:05:13.944,-1601992,-6856326,-6805522,-7894901,2,2,2,2
2025-09-03 13:05:13.947,-1601818,-6856200,-4692127,-7878404,2,2,2,2
2025-09-03 13:05:13.949,-1602021,-6872717,-6789222,-3700618,2,2,2,2
2025-09-03 13:05:13.952,-1602048,-6856438,-6805644,-7895015,2,2,2,2
2025-09-03 13:05:13.955,-1602031,-6856161,-4692097,-7878591,2,2,2,2
2025-09-03 13:05:13.957,-1602034,-6856094,-6805620,-7894929,2,2,2,2
2025-09-03 13:05:13.960,-1601795,-4759023,-6805427,-7894762,2,2,2,2
2025-09-03 13:05:13.963,-1601804,-6856174,-4691862,-7878378,2,2,2,2
2025-09-03 13:05:13.965,-1585653,-6856088,-2594942,-7894999,2,2,2,2
2025-09-03 13:05:13.968,-1601798,-6872554,-6789004,-3700378,2,2,2,2
2025-09-03 13:05:13.971,-1601807,-6856176,-2594704,-7894742,2,2,2,2
2025-09-03 13:05:13.974,-1585184,-6855932,-2602906,-7894756,2,2,2,2
2025-09-03 13:05:13.976,-1585169,-6855924,-2610830,-7894422,2,2,2,2
2025-09-03 13:05:13.979,-1601637,-2669820,-6788836,-7894505,2,2,2,2
2025-09-03 13:05:13.982,-1601669,-6855716,-6788877,-7878171,2,2,2,2
2025-09-03 13:05:13.984,-1601547,-2669809,-6788815,-7894427,2,2,2,2
2025-09-03 13:05:13.987,-1584970,-6855703,-2610689,-7894523,2,2,2,2
2025-09-03 13:05:13.990,-1601390,-6855436,-6788593,-7877878,2,2,2,2
2025-09-03 13:05:13.993,-1601180,-6855480,-4691310,-7877705,2,2,2,2
2025-09-03 13:05:13.995,-1601035,-2669285,-6788562,-7894163,2,2,2,2
2025-09-03 13:05:13.998,-1601149,-2669341,-6788364,-3699719,2,2,2,2
2025-09-03 13:05:14.001,-1601279,-6855317,-6804879,-7894152,2,2,2,2
2025-09-03 13:05:14.004,-1601276,-6871700,-6788497,-3699844,2,2,2,2
2025-09-03 13:05:14.006,-1592984,-6855223,-2594164,-7894049,2,2,2,2
2025-09-03 13:05:14.009,-1600896,-6855197,-6788122,-7877392,2,2,2,2
2025-09-03 13:05:14.012,-1584518,-6855011,-2602014,-7893771,2,2,2,2
2025-09-03 13:05:14.014,-1600872,-2660849,-6788091,-7893658,2,2,2,2
2025-09-03 13:05:14.017,-3697809,-6871368,-6787961,-3682841,2,2,2,2
2025-09-03 13:05:14.020,-3697898,-6871490,-6787984,-7877231,2,2,2,2
2025-09-03 13:05:14.023,-3698018,-6871537,-6788101,-7877361,2,2,2,2
2025-09-03 13:05:14.025,-1600537,-6854889,-4690938,-7877317,2,2,2,2
2025-09-03 13:05:14.028,-1600759,-6854855,-6787989,-7877245,2,2,2,2
2025-09-03 13:05:14.031,-1600705,-6854683,-6804332,-7893518,2,2,2,2
2025-09-03 13:05:14.034,-1600466,-6854761,-6804095,-7893345,2,2,2,2
2025-09-03 13:05:14.036,-1600632,-6854682,-4690805,-7877132,2,2,2,2
2025-09-03 13:05:14.039,-1600458,-4757629,-6804154,-7893350,2,2,2,2
2025-09-03 13:05:14.042,-1600412,-6854594,-4690591,-7876980,2,2,2,2
2025-09-03 13:05:14.045,-1600257,-2668440,-6787590,-7893148,2,2,2,2
2025-09-03 13:05:14.048,-1583811,-6854280,-2601459,-7893190,2,2,2,2
2025-09-03 13:05:14.050,-3697277,-6870604,-6787467,-3682326,2,2,2,2
2025-09-03 13:05:14.053,-1599757,-6854157,-6787191,-7876606,2,2,2,2
2025-09-03 13:05:14.056,-1599866,-6853950,-6787299,-7876427,2,2,2,2
2025-09-03 13:05:14.058,-1583217,-6854000,-2609054,-7892590,2,2,2,2
2025-09-03 13:05:14.061,-1599506,-2667538,-6787012,-7892478,2,2,2,2
2025-09-03 13:05:14.064,-1599252,-6853639,-6803074,-7892468,2,2,2,2
2025-09-03 13:05:14.067,-1599340,-6869863,-6786787,-3689733,2,2,2,2
2025-09-03 13:05:14.070,-1599018,-4756333,-6802927,-7891992,2,2,2,2
2025-09-03 13:05:14.073,-3696152,-6869534,-6786531,-3681299,2,2,2,2
2025-09-03 13:05:14.075,-3695990,-6869555,-6786291,-7875433,2,2,2,2
2025-09-03 13:05:14.078,-1582352,-6853131,-2591876,-7891938,2,2,2,2
2025-09-03 13:05:14.080,-1598856,-6852925,-6786295,-7875354,2,2,2,2
2025-09-03 13:05:14.083,-1582111,-6852893,-2591715,-7891711,2,2,2,2
2025-09-03 13:05:14.086,-1582217,-6852748,-2591512,-7891511,2,2,2,2
2025-09-03 13:05:14.088,-1598479,-4755476,-6802396,-7891457,2,2,2,2
2025-09-03 13:05:14.091,-1598418,-4755600,-6802230,-7891328,2,2,2,2
2025-09-03 13:05:14.094,-1598184,-2658205,-6785557,-7891058,2,2,2,2
2025-09-03 13:05:14.096,-1597979,-2658041,-6785324,-7891075,2,2,2,2
2025-09-03 13:05:14.099,-3695127,-6868727,-6785392,-3680119,2,2,2,2
2025-09-03 13:05:14.102,-3694950,-6868492,-6785156,-7874448,2,2,2,2
2025-09-03 13:05:14.105,-1597550,-6868250,-6784912,-3688164,2,2,2,2
2025-09-03 13:05:14.108,-1581020,-6851739,-6801201,-7890195,2,2,2,2
2025-09-03 13:05:14.110,-1580795,-2657182,-6784517,-7890173,2,2,2,2
2025-09-03 13:05:14.113,-1580568,-6851231,-2590200,-7889892,2,2,2,2
2025-09-03 13:05:14.116,-1580422,-6851100,-2589807,-7889691,2,2,2,2
2025-09-03 13:05:14.118,-3677463,-6867441,-6784007,-3687175,2,2,2,2
2025-09-03 13:05:14.121,-1580332,-4753693,-6800505,-7889514,2,2,2,2
2025-09-03 13:05:14.124,-1580092,-2656610,-6783807,-7889437,2,2,2,2
2025-09-03 13:05:14.127,-1580053,-6850762,-4686561,-7872848,2,2,2,2
2025-09-03 13:05:14.130,-1579797,-6850360,-6783608,-7872515,2,2,2,2
2025-09-03 13:05:14.132,-1588078,-6850533,-4686311,-7872550,2,2,2,2
2025-09-03 13:05:14.135,-1579659,-6866741,-6783255,-3686384,2,2,2,2
2025-09-03 13:05:14.138,-1579523,-6850191,-6799547,-7872356,2,2,2,2
2025-09-03 13:05:14.140,-1579364,-6850038,-4685815,-7872123,2,2,2,2
2025-09-03 13:05:14.143,-1587310,-6849777,-4685466,-7871759,2,2,2,2
2025-09-03 13:05:14.146,-1578871,-6849426,-2588023,-7871446,2,2,2,2
2025-09-03 13:05:14.149,-1578607,-6849177,-2588036,-7871454,2,2,2,2
2025-09-03 13:05:14.152,-1578519,-6849177,-2587770,-7871199,2,2,2,2
2025-09-03 13:05:14.154,-1578547,-6849250,-2587782,-7871214,2,2,2,2
2025-09-03 13:05:14.157,-1578253,-6865375,-6782083,-7871128,2,2,2,2
2025-09-03 13:05:14.160,-1578128,-2654458,-6781636,-7870607,2,2,2,2
2025-09-03 13:05:14.163,-1577751,-2654050,-6781415,-7870433,2,2,2,2
2025-09-03 13:05:14.166,-1577848,-6848400,-2586894,-7870463,2,2,2,2
2025-09-03 13:05:14.169,-1577590,-2653921,-6780965,-7870061,2,2,2,2
2025-09-03 13:05:14.171,-1577465,-6847849,-2586601,-7869933,2,2,2,2
2025-09-03 13:05:14.174,-1577263,-2653588,-6764306,-7869719,2,2,2,2
2025-09-03 13:05:14.177,-1577067,-2653289,-6780634,-7869556,2,2,2,2
2025-09-03 13:05:14.180,-1576916,-6847359,-6763954,-7869284,2,2,2,2
2025-09-03 13:05:14.183,-1576684,-6847207,-4682985,-7869055,2,2,2,2
2025-09-03 13:05:14.185,-1576475,-4749926,-6763641,-7868948,2,2,2,2
2025-09-03 13:05:14.188,-1576420,-6830586,-6779663,-3682789,2,2,2,2
2025-09-03 13:05:14.191,-1576051,-6830204,-6779521,-3682310,2,2,2,2
2025-09-03 13:05:14.194,-1575537,-6829569,-6779131,-3673623,2,2,2,2
2025-09-03 13:05:14.197,-1575271,-6845912,-6778751,-7867535,2,2,2,2
2025-09-03 13:05:14.200,-1575167,-6845560,-6762009,-7867422,2,2,2,2
2025-09-03 13:05:14.202,-1575026,-2651152,-6778604,-7867401,2,2,2,2
2025-09-03 13:05:14.205,-1574854,-6845324,-2567526,-7867339,2,2,2,2
2025-09-03 13:05:14.207,-3672059,-6829016,-6778228,-7867021,2,2,2,2
2025-09-03 13:05:14.210,-1574511,-6828490,-6777848,-7866609,2,2,2,2
2025-09-03 13:05:14.212,-1573935,-6844519,-6760830,-7866137,2,2,2,2
2025-09-03 13:05:14.215,-1573871,-6844380,-6777077,-7865996,2,2,2,2
2025-09-03 13:05:14.218,-1573870,-6844165,-6760480,-7865854,2,2,2,2
2025-09-03 13:05:14.221,-1573408,-6844112,-4679667,-7865814,2,2,2,2
2025-09-03 13:05:14.223,-1573355,-6843754,-6760314,-7865364,2,2,2,2
2025-09-03 13:05:14.226,-1573090,-6843552,-6759822,-7865099,2,2,2,2
2025-09-03 13:05:14.229,-1572604,-6842909,-2581403,-7864552,2,2,2,2
2025-09-03 13:05:14.232,-1572487,-6842859,-2581022,-7864102,2,2,2,2
2025-09-03 13:05:14.234,-3669254,-6826180,-6775394,-3669879,2,2,2,2
2025-09-03 13:05:14.237,-1572145,-6842492,-6758909,-7864174,2,2,2,2
2025-09-03 13:05:14.240,-1571953,-6842316,-2580732,-7863848,2,2,2,2
2025-09-03 13:05:14.243,-1571540,-2647653,-6758197,-7863418,2,2,2,2
2025-09-03 13:05:14.245,-3668243,-6825012,-6757885,-3668638,2,2,2,2
2025-09-03 13:05:14.248,-1570827,-4743952,-6757629,-7862670,2,2,2,2
2025-09-03 13:05:14.251,-3667847,-6824716,-6757379,-7862502,2,2,2,2
2025-09-03 13:05:14.254,-1570307,-6840840,-6757133,-7862276,2,2,2,2
2025-09-03 13:05:14.256,-1570150,-6840364,-4659555,-7861800,2,2,2,2
2025-09-03 13:05:14.259,-1569909,-2637827,-6756564,-7861615,2,2,2,2
2025-09-03 13:05:14.261,-1569634,-6823434,-6755955,-7861124,2,2,2,2
2025-09-03 13:05:14.265,-1569274,-6823129,-2561174,-7860704,2,2,2,2
2025-09-03 13:05:14.268,-1569001,-6822918,-2569245,-7860673,2,2,2,2
2025-09-03 13:05:14.270,-1568769,-2628507,-6755579,-7860606,2,2,2,2
2025-09-03 13:05:14.273,-1568557,-4725519,-6755149,-7860462,2,2,2,2
2025-09-03 13:05:14.275,-1568263,-2627940,-6754843,-7859849,2,2,2,2
2025-09-03 13:05:14.278,-1568000,-6821730,-2559972,-7859261,2,2,2,2
2025-09-03 13:05:14.281,-1567724,-6821632,-2559604,-7858933,2,2,2,2
2025-09-03 13:05:14.283,-1567630,-6821429,-6753937,-3656304,2,2,2,2
2025-09-03 13:05:14.286,-3664395,-6821196,-6753797,-3664385,2,2,2,2
2025-09-03 13:05:14.289,-1567043,-6821015,-2559347,-7858494,2,2,2,2
2025-09-03 13:05:14.292,-1566743,-6820558,-6753054,-3655654,2,2,2,2
2025-09-03 13:05:14.295,-1566272,-6819940,-6752314,-7857256,2,2,2,2
2025-09-03 13:05:14.298,-1557899,-6819633,-2557709,-7856905,2,2,2,2
2025-09-03 13:05:14.301,-1565838,-2625292,-6751984,-7857009,2,2,2,2
2025-09-03 13:05:14.303,-1565667,-2625261,-6751984,-7856777,2,2,2,2
2025-09-03 13:05:14.306,-3662461,-6819259,-6751632,-3654250,2,2,2,2
2025-09-03 13:05:14.309,-1565027,-2624405,-6751013,-3645319,2,2,2,2
2025-09-03 13:05:14.312,-1548247,-6818335,-6750581,-7838977,2,2,2,2
2025-09-03 13:05:14.315,-1548040,-6818178,-6750393,-7838821,2,2,2,2
2025-09-03 13:05:14.317,-1556093,-6817994,-2556149,-7838956,2,2,2,2
2025-09-03 13:05:14.320,-1563922,-6818041,-2556010,-7838921,2,2,2,2
2025-09-03 13:05:14.323,-1547468,-2623350,-6815465,-7838481,2,2,2,2
2025-09-03 13:05:14.326,-3644136,-6817036,-6814999,-3651851,2,2,2,2
2025-09-03 13:05:14.328,-3643784,-6816736,-6814317,-7853712,2,2,2,2
2025-09-03 13:05:14.331,-1546472,-4719346,-6814003,-7837067,2,2,2,2
2025-09-03 13:05:14.334,-3643251,-6816271,-6814177,-7853337,2,2,2,2
2025-09-03 13:05:14.337,-1545881,-6816024,-4716810,-7853309,2,2,2,2
2025-09-03 13:05:14.339,-1553924,-6815957,-4716667,-7853102,2,2,2,2
2025-09-03 13:05:14.342,-1545429,-6815388,-6813287,-7836062,2,2,2,2
2025-09-03 13:05:14.345,-1544860,-6814935,-6812648,-7851905,2,2,2,2
2025-09-03 13:05:14.347,-1544479,-2620162,-6812412,-7835011,2,2,2,2
2025-09-03 13:05:14.350,-1560719,-6814442,-2617831,-7835093,2,2,2,2
2025-09-03 13:05:14.352,-1544195,-2620167,-6812204,-7835030,2,2,2,2
2025-09-03 13:05:14.355,-3641112,-6814413,-6812151,-3657076,2,2,2,2
2025-09-03 13:05:14.357,-1544043,-2619874,-6811897,-7834746,2,2,2,2
2025-09-03 13:05:14.360,-1543326,-6813411,-4713851,-7850252,2,2,2,2
2025-09-03 13:05:14.363,-1559301,-6812807,-2607877,-7833120,2,2,2,2
2025-09-03 13:05:14.365,-1542676,-6812673,-6810491,-7849703,2,2,2,2
2025-09-03 13:05:14.368,-1542803,-2618395,-6810613,-7833316,2,2,2,2
2025-09-03 13:05:14.371,-1542516,-2618507,-6810404,-7833224,2,2,2,2
2025-09-03 13:05:14.373,-1542242,-2618247,-6810146,-7832968,2,2,2,2
2025-09-03 13:05:14.376,-1541899,-2617733,-6809583,-7832464,2,2,2,2
2025-09-03 13:05:14.379,-1541360,-2608737,-6808855,-7831652,2,2,2,2
2025-09-03 13:05:14.381,-1541223,-2608544,-6808786,-3637145,2,2,2,2
2025-09-03 13:05:14.384,-1557427,-6811122,-2614507,-7831400,2,2,2,2
2025-09-03 13:05:14.387,-1541223,-6811154,-4711792,-7848016,2,2,2,2
2025-09-03 13:05:14.390,-1541090,-6811108,-4711428,-7815159,2,2,2,2
2025-09-03 13:05:14.392,-1540627,-2608260,-6808258,-7831053,2,2,2,2
2025-09-03 13:05:14.395,-1539985,-6810084,-4693858,-7813885,2,2,2,2
2025-09-03 13:05:14.398,-1523359,-6809843,-2596456,-7829762,2,2,2,2
2025-09-03 13:05:14.401,-1539721,-6809710,-6790892,-3635706,2,2,2,2
2025-09-03 13:05:14.403,-1523377,-6809872,-2605037,-7830073,2,2,2,2
2025-09-03 13:05:14.407,-1523398,-6809697,-2612981,-7830153,2,2,2,2
2025-09-03 13:05:14.409,-1539085,-2606606,-6790192,-7829394,2,2,2,2
2025-09-03 13:05:14.412,-1538717,-2605977,-6789579,-7828491,2,2,2,2
2025-09-03 13:05:14.414,-1538559,-6808312,-6805732,-7828232,2,2,2,2
2025-09-03 13:05:14.417,-1538457,-6808351,-6789396,-7812087,2,2,2,2
2025-09-03 13:05:14.420,-1522125,-6808352,-2611560,-7828625,2,2,2,2
2025-09-03 13:05:14.422,-3635319,-6808323,-6789386,-7812228,2,2,2,2
2025-09-03 13:05:14.425,-1521381,-6807794,-2594456,-7827937,2,2,2,2
2025-09-03 13:05:14.428,-1537156,-6790850,-4690922,-7810614,2,2,2,2
2025-09-03 13:05:14.430,-1537008,-6790610,-4690662,-7810554,2,2,2,2
2025-09-03 13:05:14.434,-1520390,-6790528,-2593511,-7826723,2,2,2,2
2025-09-03 13:05:14.437,-1536900,-6790636,-6787955,-7810682,2,2,2,2
2025-09-03 13:05:14.439,-1536769,-6790461,-4690941,-7810571,2,2,2,2
2025-09-03 13:05:14.442,-1520312,-6790296,-2601480,-7826658,2,2,2,2
2025-09-03 13:05:14.445,-1519416,-6789397,-6803193,-7825647,2,2,2,2
2025-09-03 13:05:14.448,-1535740,-6789001,-6802718,-7825160,2,2,2,2
2025-09-03 13:05:14.450,-1535623,-6789343,-6786432,-7809204,2,2,2,2
2025-09-03 13:05:14.453,-1527703,-6789602,-2592415,-7825724,2,2,2,2
2025-09-03 13:05:14.456,-1535742,-2595100,-6786590,-7825672,2,2,2,2
2025-09-03 13:05:14.459,-1535346,-6805301,-6786293,-3622763,2,2,2,2
2025-09-03 13:05:14.461,-1534741,-4691100,-6801928,-7824612,2,2,2,2
2025-09-03 13:05:14.464,-1534460,-4690786,-6801469,-7824124,2,2,2,2
2025-09-03 13:05:14.467,-1518112,-6787856,-2590837,-7824157,2,2,2,2
2025-09-03 13:05:14.469,-1534695,-2593934,-6785540,-7824507,2,2,2,2
2025-09-03 13:05:14.472,-1534698,-2594023,-6785322,-7824622,2,2,2,2
2025-09-03 13:05:14.475,-1534225,-6804208,-6785125,-7807624,2,2,2,2
2025-09-03 13:05:14.477,-1533807,-6787326,-6784502,-7806853,2,2,2,2
2025-09-03 13:05:14.480,-1517066,-6786844,-2589693,-7806484,2,2,2,2
2025-09-03 13:05:14.483,-3630355,-6803166,-6783880,-3612173,2,2,2,2
2025-09-03 13:05:14.486,-1517261,-6787098,-2606433,-7806822,2,2,2,2
2025-09-03 13:05:14.489,-1533411,-6786969,-6800567,-7806728,2,2,2,2
2025-09-03 13:05:14.491,-1525120,-6786864,-4686866,-7806580,2,2,2,2
2025-09-03 13:05:14.494,-1532446,-2591739,-6783032,-3611386,2,2,2,2
2025-09-03 13:05:14.497,-1532177,-6802022,-6782600,-3610770,2,2,2,2
2025-09-03 13:05:14.500,-1515789,-6785666,-2588400,-7805208,2,2,2,2
2025-09-03 13:05:14.502,-1532210,-4688867,-6799419,-7805452,2,2,2,2
2025-09-03 13:05:14.505,-1515907,-6785818,-2588916,-7805687,2,2,2,2
2025-09-03 13:05:14.508,-1531921,-6785764,-4685593,-7805238,2,2,2,2
2025-09-03 13:05:14.511,-1515021,-6784831,-6781819,-7804385,2,2,2,2
2025-09-03 13:05:14.513,-1514500,-6784261,-2587108,-7803868,2,2,2,2
2025-09-03 13:05:14.516,-1514569,-6784402,-2570876,-7804038,2,2,2,2
2025-09-03 13:05:14.519,-1514778,-6801044,-6781842,-3618175,2,2,2,2
2025-09-03 13:05:14.522,-1514792,-6784759,-6765323,-7804421,2,2,2,2
2025-09-03 13:05:14.525,-3611753,-6801139,-6781681,-3618281,2,2,2,2
2025-09-03 13:05:14.527,-1514100,-6783982,-2586476,-7803198,2,2,2,2
2025-09-03 13:05:14.530,-1513580,-6799725,-6780305,-3608435,2,2,2,2
2025-09-03 13:05:14.533,-1513503,-6783359,-2586098,-7802836,2,2,2,2
2025-09-03 13:05:14.535,-1522077,-6783720,-2586481,-7803357,2,2,2,2
2025-09-03 13:05:14.538,-1513850,-6783747,-2586528,-7803193,2,2,2,2
2025-09-03 13:05:14.541,-1513475,-2589331,-6780449,-7803141,2,2,2,2
2025-09-03 13:05:14.543,-1513067,-6782971,-2585442,-7802162,2,2,2,2
2025-09-03 13:05:14.546,-1512676,-6782349,-2584970,-7801615,2,2,2,2
2025-09-03 13:05:14.549,-3609588,-6765824,-6779123,-7801499,2,2,2,2
2025-09-03 13:05:14.552,-1512491,-6782488,-6763112,-7802007,2,2,2,2
2025-09-03 13:05:14.554,-1512451,-6782588,-2585248,-7801908,2,2,2,2
2025-09-03 13:05:14.557,-1512437,-6782345,-2585062,-7802050,2,2,2,2
2025-09-03 13:05:14.559,-1512155,-4684774,-6762471,-7801355,2,2,2,2
2025-09-03 13:05:14.562,-1511665,-6781340,-2567528,-7800480,2,2,2,2
2025-09-03 13:05:14.565,-1511394,-6781076,-6761501,-7800470,2,2,2,2
2025-09-03 13:05:14.568,-1519714,-6781425,-4681101,-7800701,2,2,2,2
2025-09-03 13:05:14.570,-1511461,-6781594,-6762125,-7801082,2,2,2,2
2025-09-03 13:05:14.573,-1511622,-6781452,-6761981,-7800949,2,2,2,2
2025-09-03 13:05:14.576,-1511147,-6781180,-6761612,-7800473,2,2,2,2
2025-09-03 13:05:14.578,-1510507,-2585966,-6777283,-7799546,2,2,2,2
2025-09-03 13:05:14.581,-1510173,-6780144,-6760444,-7799063,2,2,2,2
2025-09-03 13:05:14.584,-1510248,-6780132,-2582784,-7799512,2,2,2,2
2025-09-03 13:05:14.587,-3607584,-6763910,-6777342,-3605258,2,2,2,2
2025-09-03 13:05:14.590,-1510342,-6780270,-2566540,-7799802,2,2,2,2
2025-09-03 13:05:14.592,-1510041,-2585497,-6776812,-7799198,2,2,2,2
2025-09-03 13:05:14.595,-1509483,-6779154,-4678815,-7863757,2,2,2,2
2025-09-03 13:05:14.598,-1509129,-2584803,-6775583,-7863664,2,2,2,2
2025-09-03 13:05:14.601,-1509481,-6779371,-2581650,-7863831,2,2,2,2
2025-09-03 13:05:14.604,-1509623,-6779423,-2581777,-7864095,2,2,2,2
2025-09-03 13:05:14.606,-1509336,-6779155,-6759690,-7864089,2,2,2,2
2025-09-03 13:05:14.609,-1508875,-6778920,-2581255,-7863553,2,2,2,2
2025-09-03 13:05:14.611,-1508375,-2575713,-6774981,-7862936,2,2,2,2
2025-09-03 13:05:14.614,-1508102,-6777989,-6758377,-7862417,2,2,2,2
2025-09-03 13:05:14.616,-1508112,-6777869,-6758261,-7862652,2,2,2,2
2025-09-03 13:05:14.619,-1508509,-2583956,-6775061,-7863015,2,2,2,2
2025-09-03 13:05:14.621,-3605651,-6761991,-6775169,-7863167,2,2,2,2
2025-09-03 13:05:14.624,-1508299,-6778123,-6758526,-7862911,2,2,2,2
2025-09-03 13:05:14.627,-1507586,-6777385,-6757736,-7861902,2,2,2,2
2025-09-03 13:05:14.630,-1572637,-6777051,-4660093,-7861270,2,2,2,2
2025-09-03 13:05:14.632,-1572863,-6777068,-2562944,-7861369,2,2,2,2
2025-09-03 13:05:14.635,-1507390,-6777110,-6757427,-7861916,2,2,2,2
2025-09-03 13:05:14.638,-1507334,-4680306,-6757754,-7862047,2,2,2,2
2025-09-03 13:05:14.640,-1572753,-6777342,-4660232,-7862012,2,2,2,2
2025-09-03 13:05:14.643,-1572368,-6776775,-4659744,-7861196,2,2,2,2
2025-09-03 13:05:14.646,-1571977,-6759697,-6756210,-3666189,2,2,2,2
2025-09-03 13:05:14.649,-1571811,-6775941,-2562018,-7860423,2,2,2,2
2025-09-03 13:05:14.651,-1571835,-4679050,-6756355,-7860579,2,2,2,2
2025-09-03 13:05:14.654,-1571890,-2581909,-6756377,-7860987,2,2,2,2
2025-09-03 13:05:14.657,-1571825,-6776099,-4659171,-7860610,2,2,2,2
2025-09-03 13:05:14.660,-1571102,-2572943,-6755816,-7859955,2,2,2,2
2025-09-03 13:05:14.663,-1570574,-6774919,-2560623,-7859177,2,2,2,2
2025-09-03 13:05:14.666,-1570591,-6775039,-2560747,-7859399,2,2,2,2
2025-09-03 13:05:14.668,-1570916,-6758911,-6755317,-3656982,2,2,2,2
2025-09-03 13:05:14.671,-1570839,-4678262,-6755464,-7859721,2,2,2,2
2025-09-03 13:05:14.674,-1570632,-6775178,-2569109,-7859499,2,2,2,2
2025-09-03 13:05:14.677,-1569933,-6757839,-4657251,-7858688,2,2,2,2
2025-09-03 13:05:14.680,-1569730,-6757616,-6753816,-7858046,2,2,2,2
2025-09-03 13:05:14.682,-1569565,-2571493,-6753826,-3663762,2,2,2,2
2025-09-03 13:05:14.686,-1569952,-2563723,-6754324,-7858791,2,2,2,2
2025-09-03 13:05:14.688,-1570048,-6757914,-6754540,-3656300,2,2,2,2
2025-09-03 13:05:14.691,-1569803,-6758002,-6754314,-3656319,2,2,2,2
2025-09-03 13:05:14.693,-1569521,-6757126,-4656508,-7857956,2,2,2,2
2025-09-03 13:05:14.696,-1569024,-6756640,-4655894,-7857206,2,2,2,2
2025-09-03 13:05:14.699,-1568782,-2562177,-6752812,-7857042,2,2,2,2
2025-09-03 13:05:14.701,-1568786,-6756678,-6753140,-3654940,2,2,2,2
2025-09-03 13:05:14.704,-1569058,-4659821,-6753418,-7857891,2,2,2,2
2025-09-03 13:05:14.707,-1568896,-6756822,-6753265,-7857431,2,2,2,2
2025-09-03 13:05:14.710,-1568492,-6756131,-6752528,-7856884,2,2,2,2
2025-09-03 13:05:14.712,-1567735,-2561122,-6751976,-7839716,2,2,2,2
2025-09-03 13:05:14.715,-3664883,-6755358,-6751645,-3661468,2,2,2,2
2025-09-03 13:05:14.718,-1567858,-6755780,-6752014,-7856309,2,2,2,2
2025-09-03 13:05:14.720,-1567823,-6755868,-2557949,-7856640,2,2,2,2
2025-09-03 13:05:14.724,-1567551,-2561417,-6752042,-7856246,2,2,2,2
2025-09-03 13:05:14.726,-1567295,-4658145,-6751551,-7839460,2,2,2,2
2025-09-03 13:05:14.729,-1566668,-4657397,-6750670,-7838443,2,2,2,2
2025-09-03 13:05:14.731,-1558249,-6754301,-4653286,-7854549,2,2,2,2
2025-09-03 13:05:14.734,-1566504,-4657255,-6750504,-7838359,2,2,2,2
2025-09-03 13:05:14.737,-1566736,-2560496,-6750983,-7838971,2,2,2,2
2025-09-03 13:05:14.740,-1566594,-6754682,-2556566,-7838942,2,2,2,2
2025-09-03 13:05:14.742,-3663380,-6754228,-6750599,-3652125,2,2,2,2
2025-09-03 13:05:14.745,-1565595,-6753532,-6749539,-7853575,2,2,2,2
2025-09-03 13:05:14.748,-1565476,-6753150,-6749335,-7837042,2,2,2,2
2025-09-03 13:05:14.751,-1565686,-6753499,-4652311,-7853642,2,2,2,2
2025-09-03 13:05:14.753,-1565835,-2559260,-6749933,-7837830,2,2,2,2
2025-09-03 13:05:14.757,-1565637,-2559353,-6749704,-7837683,2,2,2,2
2025-09-03 13:05:14.759,-1565155,-6753017,-6749281,-3650959,2,2,2,2
2025-09-03 13:05:14.762,-1548190,-6752236,-6748305,-3649890,2,2,2,2
2025-09-03 13:05:14.765,-1564549,-6752121,-2553875,-7836121,2,2,2,2
2025-09-03 13:05:14.767,-1556360,-6752283,-2554091,-7836148,2,2,2,2
2025-09-03 13:05:14.770,-1564649,-6752622,-2554471,-7836652,2,2,2,2
2025-09-03 13:05:14.772,-1548247,-6752373,-6748538,-7836424,2,2,2,2
2025-09-03 13:05:14.775,-1548008,-6752131,-6748280,-7836170,2,2,2,2
2025-09-03 13:05:14.777,-1547274,-2557054,-6747643,-7835288,2,2,2,2
2025-09-03 13:05:14.780,-1563379,-6750862,-6747038,-7834640,2,2,2,2
2025-09-03 13:05:14.783,-1546738,-6750731,-6746906,-3640307,2,2,2,2
2025-09-03 13:05:14.786,-3643926,-6751100,-6747367,-3656966,2,2,2,2
2025-09-03 13:05:14.789,-1563381,-6751376,-2553105,-7835346,2,2,2,2
2025-09-03 13:05:14.791,-1546948,-4653849,-6747348,-7834894,2,2,2,2
2025-09-03 13:05:14.794,-1562362,-6815498,-2551795,-7833711,2,2,2,2
2025-09-03 13:05:14.797,-1562093,-6815099,-6745610,-7833109,2,2,2,2
2025-09-03 13:05:14.800,-1553680,-6815261,-4648679,-7849749,2,2,2,2
2025-09-03 13:05:14.802,-1545837,-2621311,-6745903,-3639415,2,2,2,2
2025-09-03 13:05:14.805,-1545733,-6815628,-6745993,-7833837,2,2,2,2
2025-09-03 13:05:14.808,-1545457,-6815368,-6745715,-7833571,2,2,2,2
2025-09-03 13:05:14.810,-1544943,-2620261,-6745054,-7832689,2,2,2,2
2025-09-03 13:05:14.813,-1544315,-2619661,-6744347,-3637533,2,2,2,2
2025-09-03 13:05:14.816,-1544316,-6813795,-6744183,-3637633,2,2,2,2
2025-09-03 13:05:14.819,-1560847,-6814447,-2550371,-7832326,2,2,2,2
2025-09-03 13:05:14.821,-1544654,-4717313,-6744879,-7832706,2,2,2,2
2025-09-03 13:05:14.824,-1560857,-6814353,-2550526,-7832334,2,2,2,2
2025-09-03 13:05:14.827,-1543804,-6813657,-6743947,-7815160,2,2,2,2
2025-09-03 13:05:14.830,-1559562,-6812793,-6743293,-7830753,2,2,2,2
2025-09-03 13:05:14.832,-1543395,-6812727,-6743279,-7814380,2,2,2,2
2025-09-03 13:05:14.835,-1559796,-6813054,-2540806,-7831249,2,2,2,2
2025-09-03 13:05:14.837,-3640560,-6813199,-6743534,-3620600,2,2,2,2
2025-09-03 13:05:14.840,-1543323,-6812932,-6743454,-7814897,2,2,2,2
2025-09-03 13:05:14.843,-1542790,-2618368,-6742848,-7830524,2,2,2,2
2025-09-03 13:05:14.845,-3639305,-6811707,-6742138,-7813150,2,2,2,2
2025-09-03 13:05:14.849,-1558389,-6811620,-2530971,-7829306,2,2,2,2
2025-09-03 13:05:14.851,-1541904,-4714614,-6741878,-7829730,2,2,2,2
2025-09-03 13:05:14.854,-1558762,-6812155,-2547978,-7829995,2,2,2,2
2025-09-03 13:05:14.857,-1558418,-6811886,-2547966,-7830002,2,2,2,2
2025-09-03 13:05:14.860,-1557766,-6811267,-2547043,-7829049,2,2,2,2
2025-09-03 13:05:14.862,-1557399,-6810617,-2529890,-7828198,2,2,2,2
2025-09-03 13:05:14.865,-1557347,-6810495,-2538129,-7827985,2,2,2,2
2025-09-03 13:05:14.868,-1557493,-6810605,-2546458,-7828246,2,2,2,2
2025-09-03 13:05:14.870,-1541115,-2608374,-6724667,-7828722,2,2,2,2
2025-09-03 13:05:14.873,-1541022,-2608382,-6724404,-7828488,2,2,2,2
2025-09-03 13:05:14.876,-1540734,-2607889,-6724137,-3633816,2,2,2,2
2025-09-03 13:05:14.878,-1539864,-6809397,-6723087,-7810696,2,2,2,2
2025-09-03 13:05:14.881,-1539840,-2614802,-6723028,-7826932,2,2,2,2
2025-09-03 13:05:14.883,-1523337,-6809366,-2536930,-7826996,2,2,2,2
2025-09-03 13:05:14.886,-1539859,-6809577,-6723221,-7811069,2,2,2,2
2025-09-03 13:05:14.889,-1539970,-6809663,-6723447,-7811059,2,2,2,2
2025-09-03 13:05:14.891,-1539588,-2615292,-6723302,-7827219,2,2,2,2
2025-09-03 13:05:14.894,-1522706,-6808731,-2536199,-7826387,2,2,2,2
2025-09-03 13:05:14.896,-1538556,-2613752,-6721777,-7825664,2,2,2,2
2025-09-03 13:05:14.899,-1538330,-2613620,-6721572,-7825542,2,2,2,2
2025-09-03 13:05:14.902,-1538673,-2605713,-6722030,-7825889,2,2,2,2
2025-09-03 13:05:14.905,-1538450,-2605696,-6722023,-3631614,2,2,2,2
2025-09-03 13:05:14.907,-1522176,-6808308,-2543882,-7825775,2,2,2,2
2025-09-03 13:05:14.910,-1521420,-6791157,-6737299,-7824915,2,2,2,2
2025-09-03 13:05:14.913,-1537404,-6790436,-4623260,-7807880,2,2,2,2
2025-09-03 13:05:14.916,-1537232,-4693134,-6736637,-7824120,2,2,2,2
2025-09-03 13:05:14.919,-3634581,-6807233,-6720616,-3613940,2,2,2,2
2025-09-03 13:05:14.921,-1521026,-6790665,-2526448,-7824867,2,2,2,2
2025-09-03 13:05:14.924,-1520778,-6790507,-2526211,-7824393,2,2,2,2
2025-09-03 13:05:14.927,-3633808,-6806079,-6719618,-3621112,2,2,2,2
2025-09-03 13:05:14.929,-3633284,-6805557,-6718975,-3620321,2,2,2,2
2025-09-03 13:05:14.932,-1535998,-6789100,-6718860,-7806329,2,2,2,2
2025-09-03 13:05:14.935,-1536207,-6789524,-6735752,-7806723,2,2,2,2
2025-09-03 13:05:14.938,-1536158,-6789418,-4622192,-7807009,2,2,2,2
2025-09-03 13:05:14.941,-1536139,-6789395,-2524945,-7806734,2,2,2,2
2025-09-03 13:05:14.944,-1535245,-2594145,-6718170,-7805582,2,2,2,2
2025-09-03 13:05:14.947,-1518397,-6788096,-2539790,-7805071,2,2,2,2
2025-09-03 13:05:14.949,-3631982,-6804230,-6717795,-3610865,2,2,2,2
2025-09-03 13:05:14.952,-1534977,-6788351,-6734443,-7805594,2,2,2,2
2025-09-03 13:05:14.955,-1535076,-6788578,-6718238,-7805904,2,2,2,2
2025-09-03 13:05:14.957,-1534855,-2601989,-6718002,-7805452,2,2,2,2
2025-09-03 13:05:14.960,-1517881,-6787483,-2523031,-7804885,2,2,2,2
2025-09-03 13:05:14.963,-1517328,-6786706,-6700049,-7803763,2,2,2,2
2025-09-03 13:05:14.965,-1533557,-6786563,-6716280,-7803847,2,2,2,2
2025-09-03 13:05:14.968,-1525609,-6787069,-4619400,-7804114,2,2,2,2
2025-09-03 13:05:14.971,-1533805,-2592670,-6716731,-7804163,2,2,2,2
2025-09-03 13:05:14.974,-1533671,-6803227,-6716660,-3618161,2,2,2,2
2025-09-03 13:05:14.976,-1533171,-2592123,-6716140,-7803551,2,2,2,2
2025-09-03 13:05:14.979,-1524587,-6785770,-4618214,-7802625,2,2,2,2
2025-09-03 13:05:14.982,-1516153,-6785530,-2520806,-7802615,2,2,2,2
2025-09-03 13:05:14.984,-3629808,-6802177,-6715394,-3608473,2,2,2,2
2025-09-03 13:05:14.987,-1516226,-6786043,-2504721,-7802994,2,2,2,2
2025-09-03 13:05:14.990,-1532444,-2591368,-6715355,-7802878,2,2,2,2
2025-09-03 13:05:14.993,-1515424,-6801396,-6714509,-3607651,2,2,2,2
2025-09-03 13:05:14.996,-1514777,-4687205,-6697354,-7801220,2,2,2,2
2025-09-03 13:05:14.999,-1514742,-6784110,-6697359,-7801061,2,2,2,2
2025-09-03 13:05:15.002,-1514857,-6784475,-6713888,-7801343,2,2,2,2
2025-09-03 13:05:15.005,-1514941,-6784406,-2519654,-7801383,2,2,2,2
2025-09-03 13:05:15.007,-3612004,-6800753,-6714095,-3607048,2,2,2,2
2025-09-03 13:05:15.010,-1514081,-6783504,-6713114,-7800502,2,2,2,2
2025-09-03 13:05:15.013,-1513713,-6782949,-6696049,-7799579,2,2,2,2
2025-09-03 13:05:15.016,-1521673,-6782757,-4615151,-7799745,2,2,2,2
2025-09-03 13:05:15.018,-1513526,-6783099,-6696034,-7799958,2,2,2,2
2025-09-03 13:05:15.021,-1513479,-6783208,-2502128,-7800218,2,2,2,2
2025-09-03 13:05:15.023,-1513492,-2588685,-6712592,-7800064,2,2,2,2
2025-09-03 13:05:15.026,-3610134,-6766296,-6712195,-7799558,2,2,2,2
2025-09-03 13:05:15.029,-1512420,-6781669,-2516718,-7798328,2,2,2,2
2025-09-03 13:05:15.032,-1512160,-4684514,-6694586,-7798123,2,2,2,2
2025-09-03 13:05:15.034,-1520499,-6781700,-4613899,-7798296,2,2,2,2
2025-09-03 13:05:15.037,-1512334,-6781980,-2517124,-7798814,2,2,2,2
2025-09-03 13:05:15.040,-1512422,-6781834,-2516973,-7798743,2,2,2,2
2025-09-03 13:05:15.042,-1511940,-6765131,-6710900,-3603939,2,2,2,2
2025-09-03 13:05:15.045,-1511177,-6780655,-6709867,-7797194,2,2,2,2
2025-09-03 13:05:15.048,-1511157,-6780389,-6709515,-7796861,2,2,2,2
2025-09-03 13:05:15.051,-1510974,-6780641,-2507287,-7797243,2,2,2,2
2025-09-03 13:05:15.053,-3608479,-6764340,-6710242,-3603226,2,2,2,2
2025-09-03 13:05:15.056,-3608546,-6764351,-6710038,-7797730,2,2,2,2
2025-09-03 13:05:15.058,-1511150,-6780539,-2507516,-7797307,2,2,2,2
2025-09-03 13:05:15.061,-1510407,-2585445,-6692639,-7796473,2,2,2,2
2025-09-03 13:05:15.064,-1509914,-2585060,-6692037,-7795685,2,2,2,2
2025-09-03 13:05:15.066,-1509732,-6779185,-6691847,-7795595,2,2,2,2
2025-09-03 13:05:15.069,-1509993,-2585201,-6692414,-7796102,2,2,2,2
2025-09-03 13:05:15.072,-3607195,-6763295,-6692466,-7796380,2,2,2,2
2025-09-03 13:05:15.075,-1509871,-6779250,-6692215,-7795941,2,2,2,2
2025-09-03 13:05:15.077,-1509117,-4681231,-6691206,-7794694,2,2,2,2
2025-09-03 13:05:15.080,-1508372,-6777809,-4593381,-7794116,2,2,2,2
2025-09-03 13:05:15.083,-1508366,-2575342,-6690560,-3599901,2,2,2,2
2025-09-03 13:05:15.086,-1508622,-6778113,-2496637,-7794749,2,2,2,2
2025-09-03 13:05:15.088,-1508806,-4681202,-6690865,-7794830,2,2,2,2
2025-09-03 13:05:15.091,-1508402,-2583710,-6690834,-7794534,2,2,2,2
2025-09-03 13:05:15.094,-1508072,-6777325,-2503838,-7793657,2,2,2,2
2025-09-03 13:05:15.096,-3604619,-6760437,-6689404,-7792998,2,2,2,2
2025-09-03 13:05:15.099,-3604453,-6760272,-6689270,-3598572,2,2,2,2
2025-09-03 13:05:15.102,-1507346,-2582668,-6689589,-7793154,2,2,2,2
2025-09-03 13:05:15.105,-1507427,-6776893,-4592487,-7793449,2,2,2,2
2025-09-03 13:05:15.108,-1507458,-6777042,-2495375,-7793345,2,2,2,2
2025-09-03 13:05:15.111,-1506577,-6776072,-2494326,-7792188,2,2,2,2
2025-09-03 13:05:15.113,-1506503,-4678558,-6688184,-7791715,2,2,2,2
2025-09-03 13:05:15.116,-1506310,-4678517,-6688120,-7791636,2,2,2,2
2025-09-03 13:05:15.119,-1506559,-6775908,-2494086,-7792117,2,2,2,2
2025-09-03 13:05:15.121,-3603598,-6759601,-6688511,-3589859,2,2,2,2
2025-09-03 13:05:15.124,-1506250,-4678547,-6688511,-7792109,2,2,2,2
2025-09-03 13:05:15.127,-1505753,-4678040,-6687697,-7791260,2,2,2,2
2025-09-03 13:05:15.129,-1505049,-6757920,-6686878,-7790356,2,2,2,2
2025-09-03 13:05:15.132,-3602169,-6757896,-6686843,-3587825,2,2,2,2
2025-09-03 13:05:15.135,-3602401,-6758079,-6687005,-3596385,2,2,2,2
2025-09-03 13:05:15.137,-1505286,-2564091,-6687432,-7790871,2,2,2,2
2025-09-03 13:05:15.140,-3602420,-6758159,-6687125,-3596644,2,2,2,2
2025-09-03 13:05:15.143,-1504715,-6757648,-2492271,-7773825,2,2,2,2
2025-09-03 13:05:15.146,-1503763,-6756625,-6685644,-7772686,2,2,2,2
2025-09-03 13:05:15.148,-1503788,-6756724,-6685442,-7772516,2,2,2,2
2025-09-03 13:05:15.151,-1503878,-6756987,-6685726,-3586845,2,2,2,2
2025-09-03 13:05:15.154,-1504025,-2562816,-6685961,-7773303,2,2,2,2
2025-09-03 13:05:15.157,-3600917,-6756916,-6685708,-3595142,2,2,2,2
2025-09-03 13:05:15.160,-3600518,-6756277,-6685026,-3594268,2,2,2,2
2025-09-03 13:05:15.162,-1502567,-2569230,-6749725,-7771252,2,2,2,2
2025-09-03 13:05:15.165,-1502441,-6755216,-2555276,-7771097,2,2,2,2
2025-09-03 13:05:15.167,-1502657,-2561271,-6749712,-7771281,2,2,2,2
2025-09-03 13:05:15.170,-1502735,-6755788,-4652812,-7788088,2,2,2,2
2025-09-03 13:05:15.173,-1502477,-4658660,-6750005,-7771767,2,2,2,2
2025-09-03 13:05:15.176,-1493875,-6755125,-4652136,-7787279,2,2,2,2
2025-09-03 13:05:15.179,-1501421,-6754183,-6748420,-3575805,2,2,2,2
2025-09-03 13:05:15.182,-1501409,-6754165,-6748392,-3575455,2,2,2,2
2025-09-03 13:05:15.184,-1501296,-6754235,-6748516,-3575705,2,2,2,2
2025-09-03 13:05:15.187,-1501441,-6754351,-4651541,-7786809,2,2,2,2
2025-09-03 13:05:15.190,-1501248,-6754535,-2554245,-7770317,2,2,2,2
2025-09-03 13:05:15.192,-1501037,-2559602,-6748157,-7769744,2,2,2,2
2025-09-03 13:05:15.195,-3597420,-6753270,-6747386,-3590814,2,2,2,2
2025-09-03 13:05:15.198,-3597061,-6752967,-6746982,-7784957,2,2,2,2
2025-09-03 13:05:15.201,-1500022,-2558611,-6746941,-7768716,2,2,2,2
2025-09-03 13:05:15.203,-1500259,-6753082,-6747266,-7785316,2,2,2,2
2025-09-03 13:05:15.206,-1500169,-6753157,-6747288,-3574668,2,2,2,2
2025-09-03 13:05:15.209,-1491575,-6752828,-4649851,-7784972,2,2,2,2
2025-09-03 13:05:15.211,-1491066,-6752029,-4648843,-7784015,2,2,2,2
2025-09-03 13:05:15.214,-1482481,-6751585,-6745707,-7767281,2,2,2,2
2025-09-03 13:05:15.217,-1482464,-6751626,-6745570,-7767177,2,2,2,2
2025-09-03 13:05:15.219,-1482606,-2557466,-6746071,-7767553,2,2,2,2
2025-09-03 13:05:15.222,-1482441,-2557675,-6745915,-7767570,2,2,2,2
2025-09-03 13:05:15.225,-1498615,-6751741,-2551418,-7767292,2,2,2,2
2025-09-03 13:05:15.228,-3578732,-6750717,-6744828,-3588211,2,2,2,2
2025-09-03 13:05:15.231,-1497614,-6750227,-2541728,-7765767,2,2,2,2
2025-09-03 13:05:15.234,-1481106,-6750245,-6744320,-7749561,2,2,2,2
2025-09-03 13:05:15.236,-1481238,-2556406,-6744814,-7766284,2,2,2,2
2025-09-03 13:05:15.239,-1481365,-2556385,-6744802,-7766304,2,2,2,2
2025-09-03 13:05:15.242,-1497366,-6750232,-6744327,-7765879,2,2,2,2
2025-09-03 13:05:15.245,-1496697,-6749415,-2549004,-7764793,2,2,2,2
2025-09-03 13:05:15.248,-1496336,-6748951,-2548577,-7764274,2,2,2,2
2025-09-03 13:05:15.250,-3577091,-6749142,-6743019,-3553910,2,2,2,2
2025-09-03 13:05:15.253,-3577240,-6749478,-6743521,-7748593,2,2,2,2
2025-09-03 13:05:15.256,-1480094,-6749402,-4646171,-7748478,2,2,2,2
2025-09-03 13:05:15.259,-1479826,-2554736,-6743007,-7764714,2,2,2,2
2025-09-03 13:05:15.261,-1487114,-6748203,-4644880,-7747136,2,2,2,2
2025-09-03 13:05:15.265,-1495143,-6747746,-2530976,-7763145,2,2,2,2
2025-09-03 13:05:15.267,-1478910,-4650877,-6741784,-7763310,2,2,2,2
2025-09-03 13:05:15.270,-1478860,-4651009,-6742004,-7763609,2,2,2,2
2025-09-03 13:05:15.273,-1478780,-2553697,-6725395,-7763481,2,2,2,2
2025-09-03 13:05:15.275,-1494717,-6747673,-2539000,-7763171,2,2,2,2
2025-09-03 13:05:15.278,-3575013,-6746829,-6724108,-3567866,2,2,2,2
2025-09-03 13:05:15.281,-3574557,-6746571,-6723819,-3550834,2,2,2,2
2025-09-03 13:05:15.284,-1477386,-6746398,-6723939,-7745341,2,2,2,2
2025-09-03 13:05:15.286,-1477407,-6746741,-6740670,-7762029,2,2,2,2
2025-09-03 13:05:15.289,-1477528,-2552347,-6724300,-7762041,2,2,2,2
2025-09-03 13:05:15.292,-1477132,-2552201,-6723815,-7761798,2,2,2,2
2025-09-03 13:05:15.295,-1476600,-6745583,-4625789,-7744277,2,2,2,2
2025-09-03 13:05:15.297,-1476294,-6745090,-6738807,-7760361,2,2,2,2
2025-09-03 13:05:15.300,-1476146,-4648052,-6738927,-7760266,2,2,2,2
2025-09-03 13:05:15.303,-1476216,-6745539,-2528537,-7760699,2,2,2,2
2025-09-03 13:05:15.305,-1492372,-6745345,-2536676,-7760431,2,2,2,2
2025-09-03 13:05:15.308,-1476035,-4648186,-6738868,-7760405,2,2,2,2
2025-09-03 13:05:15.311,-1475293,-4647399,-6738170,-7759511,2,2,2,2
2025-09-03 13:05:15.314,-1474665,-2541206,-6720827,-7758745,2,2,2,2
2025-09-03 13:05:15.316,-1474668,-2549510,-6721009,-7758698,2,2,2,2
2025-09-03 13:05:15.319,-3571962,-6744011,-6721168,-7742611,2,2,2,2
2025-09-03 13:05:15.322,-1474696,-6744030,-6721270,-7742748,2,2,2,2
2025-09-03 13:05:15.324,-1474547,-6743827,-6737432,-7758982,2,2,2,2
2025-09-03 13:05:15.327,-1473802,-2540643,-6720244,-3563642,2,2,2,2
2025-09-03 13:05:15.330,-1456976,-6742419,-2541553,-7740832,2,2,2,2
2025-09-03 13:05:15.333,-1473140,-6742257,-2524949,-7740707,2,2,2,2
2025-09-03 13:05:15.335,-1473263,-6742341,-6719641,-3554946,2,2,2,2
2025-09-03 13:05:15.338,-1456786,-6742475,-2525204,-7740954,2,2,2,2
2025-09-03 13:05:15.341,-1472807,-2547835,-6719466,-7740917,2,2,2,2
2025-09-03 13:05:15.344,-3569509,-6741574,-6718569,-3554017,2,2,2,2
2025-09-03 13:05:15.346,-1472041,-4627574,-6734350,-7739379,2,2,2,2
2025-09-03 13:05:15.349,-1455363,-6724451,-2523625,-7739347,2,2,2,2
2025-09-03 13:05:15.351,-3569013,-6741039,-6717972,-3545213,2,2,2,2
2025-09-03 13:05:15.354,-1455572,-6724720,-2540403,-7739671,2,2,2,2
2025-09-03 13:05:15.357,-1471743,-6724591,-6718112,-7739531,2,2,2,2
2025-09-03 13:05:15.360,-1454847,-6723852,-2523030,-7738877,2,2,2,2
2025-09-03 13:05:15.362,-1470585,-6723113,-6716548,-7737847,2,2,2,2
2025-09-03 13:05:15.365,-1470346,-2536825,-6716357,-7737588,2,2,2,2
2025-09-03 13:05:15.368,-1454073,-6722940,-2505626,-7737728,2,2,2,2
2025-09-03 13:05:15.371,-1470237,-6739602,-6716427,-3551873,2,2,2,2
2025-09-03 13:05:15.374,-1453800,-6722936,-2522085,-7737637,2,2,2,2
2025-09-03 13:05:15.376,-1469648,-4625285,-6699408,-7736977,2,2,2,2
2025-09-03 13:05:15.379,-1468935,-2527130,-6714664,-7735936,2,2,2,2
2025-09-03 13:05:15.382,-1468802,-6721306,-6714523,-7735795,2,2,2,2
2025-09-03 13:05:15.385,-1468700,-6721508,-6714740,-7736071,2,2,2,2
2025-09-03 13:05:15.388,-1452487,-6721690,-6698632,-7736216,2,2,2,2
2025-09-03 13:05:15.391,-1460464,-6721312,-2520559,-7736088,2,2,2,2
2025-09-03 13:05:15.393,-1467962,-6720762,-6697549,-7735304,2,2,2,2
2025-09-03 13:05:15.396,-1459353,-6720039,-4615961,-7734328,2,2,2,2
2025-09-03 13:05:15.399,-1467361,-6736179,-6713075,-3539949,2,2,2,2
2025-09-03 13:05:15.401,-1467138,-6719763,-6696693,-7734372,2,2,2,2
2025-09-03 13:05:15.404,-1459101,-6720207,-4616090,-7734729,2,2,2,2
2025-09-03 13:05:15.407,-1467199,-4622739,-6696886,-7734422,2,2,2,2
2025-09-03 13:05:15.410,-1450370,-6719238,-2510057,-7733809,2,2,2,2
2025-09-03 13:05:15.412,-1449829,-6734982,-6711795,-3604117,2,2,2,2
2025-09-03 13:05:15.415,-1449325,-6718260,-6711427,-7798034,2,2,2,2
2025-09-03 13:05:15.418,-1449330,-6718229,-6711408,-7798126,2,2,2,2
2025-09-03 13:05:15.421,-1457765,-6718712,-4614505,-7798513,2,2,2,2
2025-09-03 13:05:15.423,-1449359,-6718524,-4614633,-7798386,2,2,2,2
2025-09-03 13:05:15.426,-1457003,-6717899,-2516626,-7797748,2,2,2,2
2025-09-03 13:05:15.429,-1448064,-6700666,-6710019,-3602306,2,2,2,2
2025-09-03 13:05:15.432,-1447684,-6716657,-2507134,-7796452,2,2,2,2
2025-09-03 13:05:15.435,-1447916,-6716719,-6709776,-7796463,2,2,2,2
2025-09-03 13:05:15.437,-1447801,-6716902,-2507405,-7796714,2,2,2,2
2025-09-03 13:05:15.440,-1447682,-6716812,-2507375,-7796695,2,2,2,2
2025-09-03 13:05:15.443,-1447172,-6716411,-2498681,-7796073,2,2,2,2
2025-09-03 13:05:15.445,-1446543,-2521209,-6691899,-7795081,2,2,2,2
2025-09-03 13:05:15.448,-1446274,-6715130,-2505699,-7794659,2,2,2,2
2025-09-03 13:05:15.450,-3543425,-6698609,-6691682,-3600245,2,2,2,2
2025-09-03 13:05:15.453,-1446292,-6715332,-6691989,-7795070,2,2,2,2
2025-09-03 13:05:15.456,-1454443,-6715335,-4594582,-7794892,2,2,2,2
2025-09-03 13:05:15.459,-1445633,-6698489,-6691310,-3591814,2,2,2,2
2025-09-03 13:05:15.462,-1444999,-6713873,-2496137,-7793187,2,2,2,2
2025-09-03 13:05:15.464,-1444844,-4616446,-6689855,-7792795,2,2,2,2
2025-09-03 13:05:15.467,-1444475,-6713361,-2495605,-7792660,2,2,2,2
2025-09-03 13:05:15.470,-1444751,-2519407,-6690277,-7793181,2,2,2,2
2025-09-03 13:05:15.473,-1444555,-6713501,-2503957,-7793131,2,2,2,2
2025-09-03 13:05:15.475,-3541266,-6696708,-6689567,-3598493,2,2,2,2
2025-09-03 13:05:15.478,-1443407,-6712293,-2494334,-7791615,2,2,2,2
2025-09-03 13:05:15.481,-1443075,-6711798,-4590968,-7791033,2,2,2,2
2025-09-03 13:05:15.484,-1442959,-6711810,-4590974,-7791110,2,2,2,2
2025-09-03 13:05:15.487,-1443094,-6711937,-6688284,-7791460,2,2,2,2
2025-09-03 13:05:15.489,-1442840,-4614897,-6688393,-7791347,2,2,2,2
2025-09-03 13:05:15.492,-1442581,-6711526,-6687818,-7790981,2,2,2,2
2025-09-03 13:05:15.495,-1442028,-4613630,-6686990,-7773559,2,2,2,2
2025-09-03 13:05:15.497,-1506868,-4612867,-6686451,-7772897,2,2,2,2
2025-09-03 13:05:15.500,-1507050,-6710243,-2492301,-7773143,2,2,2,2
2025-09-03 13:05:15.502,-1507028,-6710395,-6686582,-7773190,2,2,2,2
2025-09-03 13:05:15.505,-1507063,-2516066,-6686508,-7773284,2,2,2,2
2025-09-03 13:05:15.508,-1506693,-2515694,-6686442,-7772901,2,2,2,2
2025-09-03 13:05:15.511,-1506042,-6709277,-2491366,-7772149,2,2,2,2
2025-09-03 13:05:15.513,-1505538,-2497910,-6684867,-7771151,2,2,2,2
2025-09-03 13:05:15.516,-1505506,-2497900,-6684733,-7771155,2,2,2,2
2025-09-03 13:05:15.519,-1505530,-2506094,-6684881,-7771296,2,2,2,2
2025-09-03 13:05:15.521,-3602572,-6692568,-6684932,-7787916,2,2,2,2
2025-09-03 13:05:15.534,-1505184,-6692340,-6684701,-7787750,2,2,2,2
2025-09-03 13:05:15.534,-1504516,-2505341,-6683965,-7770495,2,2,2,2
2025-09-03 13:05:15.534,-3601126,-6690618,-6683368,-3591780,2,2,2,2
2025-09-03 13:05:15.534,-3600893,-6690332,-6683040,-7785728,2,2,2,2
2025-09-03 13:05:15.535,-1503646,-6690518,-4585836,-7785731,2,2,2,2
2025-09-03 13:05:15.537,-1503782,-6690810,-2488988,-7769837,2,2,2,2
2025-09-03 13:05:15.541,-1503684,-2496113,-6682897,-7769444,2,2,2,2
2025-09-03 13:05:15.543,-1503211,-4592658,-6682504,-7768929,2,2,2,2
2025-09-03 13:05:15.546,-1502229,-4591993,-6681476,-7767942,2,2,2,2
2025-09-03 13:05:15.548,-1501978,-6688543,-6681112,-7767298,2,2,2,2
2025-09-03 13:05:15.551,-1501896,-6688759,-6681096,-7767302,2,2,2,2
2025-09-03 13:05:15.553,-1501827,-2494357,-6681322,-7767584,2,2,2,2
2025-09-03 13:05:15.556,-1501760,-6688754,-6681099,-7767435,2,2,2,2
2025-09-03 13:05:15.559,-1501666,-6688259,-6680848,-3572879,2,2,2,2
2025-09-03 13:05:15.561,-1492838,-6687726,-4583052,-7782864,2,2,2,2
2025-09-03 13:05:15.564,-1500434,-6687356,-2485498,-7766005,2,2,2,2
2025-09-03 13:05:15.567,-1500472,-2492923,-6679605,-7765880,2,2,2,2
2025-09-03 13:05:15.570,-1500297,-6687006,-2477027,-7765999,2,2,2,2
2025-09-03 13:05:15.573,-1499927,-6686955,-6679143,-7765619,2,2,2,2
2025-09-03 13:05:15.575,-1499670,-6686695,-6678800,-7748882,2,2,2,2
2025-09-03 13:05:15.578,-1499377,-2491676,-6678312,-7764496,2,2,2,2
2025-09-03 13:05:15.581,-1482623,-2491281,-6677970,-3569949,2,2,2,2
2025-09-03 13:05:15.584,-1482349,-6685329,-6677644,-3569685,2,2,2,2
2025-09-03 13:05:15.586,-1482015,-6685409,-4580491,-7747402,2,2,2,2
2025-09-03 13:05:15.589,-1490034,-6685170,-2483089,-7763500,2,2,2,2
2025-09-03 13:05:15.592,-1498118,-6684798,-2482702,-7763419,2,2,2,2
2025-09-03 13:05:15.594,-1481455,-4652800,-6676599,-7762926,2,2,2,2
2025-09-03 13:05:15.597,-1497338,-6749688,-2465568,-7762628,2,2,2,2
2025-09-03 13:05:15.600,-1496847,-6749199,-2465137,-7762129,2,2,2,2
2025-09-03 13:05:15.603,-1496626,-6748788,-2473097,-7761902,2,2,2,2
2025-09-03 13:05:15.605,-3577075,-6748436,-6658918,-7745160,2,2,2,2
2025-09-03 13:05:15.608,-1496080,-6748521,-2472564,-7761345,2,2,2,2
2025-09-03 13:05:15.610,-3576569,-6748112,-6658285,-3558304,2,2,2,2
2025-09-03 13:05:15.613,-1495448,-6747762,-2463508,-7760387,2,2,2,2
2025-09-03 13:05:15.616,-1478917,-2553248,-6657594,-7760226,2,2,2,2
2025-09-03 13:05:15.618,-3575813,-6747344,-6657419,-3549307,2,2,2,2
2025-09-03 13:05:15.621,-1478371,-6747097,-6657123,-7743244,2,2,2,2
2025-09-03 13:05:15.624,-1478025,-6746680,-6657023,-7743134,2,2,2,2
2025-09-03 13:05:15.626,-1494066,-6746352,-2470501,-7759092,2,2,2,2
2025-09-03 13:05:15.629,-1477614,-6745905,-6656133,-7742464,2,2,2,2
2025-09-03 13:05:15.632,-1477136,-6745810,-6655903,-7742007,2,2,2,2
2025-09-03 13:05:15.634,-1493254,-6745482,-2461323,-7758090,2,2,2,2
2025-09-03 13:05:15.637,-3574011,-6745297,-6655364,-7741444,2,2,2,2
2025-09-03 13:05:15.640,-1492991,-6744969,-6671487,-7741423,2,2,2,2
2025-09-03 13:05:15.643,-1476151,-4647674,-6671293,-7740928,2,2,2,2
2025-09-03 13:05:15.646,-3572893,-6744312,-6654332,-3545996,2,2,2,2
2025-09-03 13:05:15.648,-1491739,-6743916,-2459546,-7740139,2,2,2,2
2025-09-03 13:05:15.651,-1475083,-6743651,-6653838,-3553688,2,2,2,2
2025-09-03 13:05:15.654,-3572088,-6743517,-6653447,-7739410,2,2,2,2
2025-09-03 13:05:15.657,-1474575,-6743104,-4555918,-7739323,2,2,2,2
2025-09-03 13:05:15.659,-1457858,-6742771,-2458622,-7738879,2,2,2,2
2025-09-03 13:05:15.662,-1473802,-6742527,-6652407,-7738511,2,2,2,2
2025-09-03 13:05:15.664,-1473674,-2547817,-6651934,-7738086,2,2,2,2
2025-09-03 13:05:15.667,-1473387,-2531097,-6651649,-7737752,2,2,2,2
2025-09-03 13:05:15.670,-1456627,-6725114,-2440847,-7737450,2,2,2,2
2025-09-03 13:05:15.673,-1472666,-6741221,-6650984,-3542779,2,2,2,2
2025-09-03 13:05:15.676,-1472376,-6740810,-6650784,-3542372,2,2,2,2
2025-09-03 13:05:15.678,-1455599,-6723904,-2456045,-7736343,2,2,2,2
2025-09-03 13:05:15.681,-1471541,-4626688,-6633526,-7735924,2,2,2,2
2025-09-03 13:05:15.684,-1471447,-2529055,-6649654,-7735693,2,2,2,2
2025-09-03 13:05:15.686,-1454745,-6723186,-2455167,-7735524,2,2,2,2
2025-09-03 13:05:15.689,-1470939,-4625777,-6632759,-7735178,2,2,2,2
2025-09-03 13:05:15.692,-3567773,-6738989,-6648852,-3540595,2,2,2,2
2025-09-03 13:05:15.695,-1470272,-6722289,-6632056,-7734384,2,2,2,2
2025-09-03 13:05:15.698,-1469927,-4624653,-6631857,-7734132,2,2,2,2
2025-09-03 13:05:15.701,-1469648,-2527468,-6647856,-7733789,2,2,2,2
2025-09-03 13:05:15.703,-1469479,-4624269,-6631174,-7733754,2,2,2,2
2025-09-03 13:05:15.706,-1469126,-4624097,-6630975,-7733268,2,2,2,2
2025-09-03 13:05:15.709,-1468567,-2526454,-6646816,-7732731,2,2,2,2
2025-09-03 13:05:15.711,-1468292,-6736511,-6646499,-3538027,2,2,2,2
2025-09-03 13:05:15.714,-1467806,-6736264,-6645916,-3537419,2,2,2,2
2025-09-03 13:05:15.716,-1459302,-6719510,-4548368,-7731596,2,2,2,2
2025-09-03 13:05:15.719,-1451008,-6719233,-2451185,-7731251,2,2,2,2
2025-09-03 13:05:15.722,-1450612,-6719091,-2450790,-7731161,2,2,2,2
2025-09-03 13:05:15.724,-1466640,-4621586,-6628600,-7730788,2,2,2,2
2025-09-03 13:05:15.727,-1449971,-6718364,-2441829,-7730377,2,2,2,2
2025-09-03 13:05:15.730,-1449592,-6717960,-2441600,-7729861,2,2,2,2
2025-09-03 13:05:15.733,-1449447,-6717546,-6627227,-7729562,2,2,2,2
2025-09-03 13:05:15.735,-1448974,-6717419,-6627100,-7729177,2,2,2,2
2025-09-03 13:05:15.738,-1448966,-6717343,-2440713,-7729154,2,2,2,2
2025-09-03 13:05:15.740,-3545604,-6700472,-6626552,-3534570,2,2,2,2
2025-09-03 13:05:15.743,-1448081,-6716423,-6626057,-7728370,2,2,2,2
2025-09-03 13:05:15.746,-1447917,-2521624,-6625547,-7727772,2,2,2,2
2025-09-03 13:05:15.748,-1447584,-6699270,-6625516,-7727485,2,2,2,2
2025-09-03 13:05:15.751,-1447182,-6715453,-4527897,-7727298,2,2,2,2
2025-09-03 13:05:15.754,-1446924,-2520968,-6624801,-7727087,2,2,2,2
2025-09-03 13:05:15.757,-1454854,-6715073,-4527365,-7726794,2,2,2,2
2025-09-03 13:05:15.760,-1446414,-6714728,-2429923,-7726351,2,2,2,2
2025-09-03 13:05:15.763,-1446008,-6714231,-2429328,-7725816,2,2,2,2
2025-09-03 13:05:15.765,-1445599,-2519450,-6623462,-7725564,2,2,2,2
2025-09-03 13:05:15.768,-1445247,-6713476,-2428824,-7725290,2,2,2,2
2025-09-03 13:05:15.770,-3542031,-6696770,-6622840,-3522444,2,2,2,2
2025-09-03 13:05:15.773,-3541864,-6696523,-6622316,-3530111,2,2,2,2
2025-09-03 13:05:15.776,-1444210,-6712360,-4524565,-7723831,2,2,2,2
2025-09-03 13:05:15.779,-1443705,-6711822,-6621431,-7723446,2,2,2,2
2025-09-03 13:05:15.782,-1443583,-6711756,-2426656,-7706871,2,2,2,2
2025-09-03 13:05:15.785,-1443287,-2517107,-6620673,-7706523,2,2,2,2
2025-09-03 13:05:15.787,-1443034,-4614017,-6620670,-7706261,2,2,2,2
2025-09-03 13:05:15.790,-1442591,-6711035,-2425978,-7705874,2,2,2,2
2025-09-03 13:05:15.793,-1442206,-6710305,-6619784,-7721750,2,2,2,2
2025-09-03 13:05:15.796,-1441949,-2507532,-6619426,-7705234,2,2,2,2
2025-09-03 13:05:15.798,-1441677,-6709999,-6619390,-7721317,2,2,2,2
2025-09-03 13:05:15.801,-1441289,-6709628,-6684537,-7704547,2,2,2,2
2025-09-03 13:05:15.804,-1441135,-6692844,-4586987,-7720457,2,2,2,2
2025-09-03 13:05:15.807,-1440535,-6692552,-2489475,-7703773,2,2,2,2
2025-09-03 13:05:15.809,-1440498,-4594959,-6683342,-7703300,2,2,2,2
2025-09-03 13:05:15.813,-1439750,-6691597,-6682782,-7702925,2,2,2,2
2025-09-03 13:05:15.815,-1439679,-6691217,-2488091,-7702534,2,2,2,2
2025-09-03 13:05:15.818,-1439308,-6691177,-2487968,-7702473,2,2,2,2
2025-09-03 13:05:15.820,-1439231,-4593672,-6682049,-7702048,2,2,2,2
2025-09-03 13:05:15.823,-1438733,-2496017,-6681654,-7701604,2,2,2,2
2025-09-03 13:05:15.826,-1438440,-2504164,-6681345,-7701398,2,2,2,2
2025-09-03 13:05:15.828,-3535245,-6689653,-6680954,-3506678,2,2,2,2
2025-09-03 13:05:15.832,-1437560,-6689289,-2486264,-7700264,2,2,2,2
2025-09-03 13:05:15.834,-1437206,-4591867,-6680254,-7699983,2,2,2,2
2025-09-03 13:05:15.837,-1437079,-6688640,-2485535,-7699931,2,2,2,2
2025-09-03 13:05:15.840,-1436784,-6688278,-2485217,-7699469,2,2,2,2
2025-09-03 13:05:15.842,-1436417,-6688143,-6679065,-3504756,2,2,2,2
2025-09-03 13:05:15.845,-1427835,-6687713,-2484506,-7698709,2,2,2,2
2025-09-03 13:05:15.848,-1435751,-6687291,-6678432,-7681934,2,2,2,2
2025-09-03 13:05:15.851,-1435540,-2492918,-6678035,-7697935,2,2,2,2
2025-09-03 13:05:15.853,-1435248,-6686930,-6677991,-7681515,2,2,2,2
2025-09-03 13:05:15.856,-1426571,-6686450,-4580347,-7681022,2,2,2,2
2025-09-03 13:05:15.859,-1434614,-6685968,-6677012,-7680767,2,2,2,2
2025-09-03 13:05:15.862,-1425799,-6685638,-2482288,-7696388,2,2,2,2
2025-09-03 13:05:15.865,-1433622,-6685187,-2473698,-7695907,2,2,2,2
2025-09-03 13:05:15.867,-1416851,-6684795,-6659344,-3493277,2,2,2,2
2025-09-03 13:05:15.870,-1416465,-2490123,-6659286,-7695458,2,2,2,2
2025-09-03 13:05:15.873,-1432765,-6684311,-2472727,-7695079,2,2,2,2
2025-09-03 13:05:15.875,-1432545,-6684052,-2464258,-7694652,2,2,2,2
2025-09-03 13:05:15.878,-3512683,-6683645,-6658072,-3483516,2,2,2,2
2025-09-03 13:05:15.881,-1415267,-2488819,-6657779,-7693823,2,2,2,2
2025-09-03 13:05:15.883,-3512174,-6682872,-6657523,-7677192,2,2,2,2
2025-09-03 13:05:15.886,-1414803,-6682662,-6657049,-7677045,2,2,2,2
2025-09-03 13:05:15.889,-1414427,-6682356,-4559844,-7676620,2,2,2,2
2025-09-03 13:05:15.892,-1422207,-6681864,-4559361,-7676394,2,2,2,2
2025-09-03 13:05:15.895,-1429859,-6681487,-2461550,-7675658,2,2,2,2
2025-09-03 13:05:15.898,-1413121,-2486549,-6655461,-7675253,2,2,2,2
2025-09-03 13:05:15.900,-1412992,-6680769,-6655333,-3489014,2,2,2,2
2025-09-03 13:05:15.903,-1412633,-2486147,-6654966,-7674757,2,2,2,2
2025-09-03 13:05:15.906,-1412372,-6680263,-6654696,-7674487,2,2,2,2
2025-09-03 13:05:15.908,-3509239,-6679861,-6654317,-3487995,2,2,2,2
2025-09-03 13:05:15.911,-3508854,-6679412,-6653829,-3479283,2,2,2,2
2025-09-03 13:05:15.913,-1427695,-6679200,-2459363,-7673090,2,2,2,2
2025-09-03 13:05:15.916,-1410845,-6678848,-6653204,-3486829,2,2,2,2
2025-09-03 13:05:15.919,-1410561,-6678537,-6652916,-7672592,2,2,2,2
2025-09-03 13:05:15.922,-1410182,-6678076,-4555364,-7672188,2,2,2,2
2025-09-03 13:05:15.924,-1426428,-6677762,-2457757,-7671784,2,2,2,2
2025-09-03 13:05:15.927,-1409767,-6677380,-6635290,-7671298,2,2,2,2
2025-09-03 13:05:15.930,-1409045,-6676966,-4554011,-7671035,2,2,2,2
2025-09-03 13:05:15.933,-1408982,-4579681,-6634701,-7670631,2,2,2,2
2025-09-03 13:05:15.936,-1408649,-2482204,-6650817,-7670301,2,2,2,2
2025-09-03 13:05:15.938,-3505505,-6676216,-6650383,-3475946,2,2,2,2
2025-09-03 13:05:15.941,-3505278,-6675968,-6650125,-7669736,2,2,2,2
2025-09-03 13:05:15.944,-1407513,-6658878,-6649732,-7669250,2,2,2,2
2025-09-03 13:05:15.946,-1390916,-6658689,-2454892,-7668950,2,2,2,2
2025-09-03 13:05:15.949,-1407003,-2472292,-6648848,-3474288,2,2,2,2
2025-09-03 13:05:15.952,-1406854,-6674584,-6648702,-3474145,2,2,2,2
2025-09-03 13:05:15.955,-1406593,-6658024,-2454137,-7668190,2,2,2,2
2025-09-03 13:05:15.958,-1405956,-2462995,-6648017,-7733228,2,2,2,2
2025-09-03 13:05:15.960,-1405466,-4559638,-6631047,-7732625,2,2,2,2
2025-09-03 13:05:15.963,-1405180,-4559331,-6630656,-7732210,2,2,2,2
2025-09-03 13:05:15.966,-1404698,-2461940,-6646539,-7731690,2,2,2,2
2025-09-03 13:05:15.968,-3501702,-6672198,-6646391,-3537180,2,2,2,2
2025-09-03 13:05:15.971,-3501422,-6671923,-6646039,-3536890,2,2,2,2
2025-09-03 13:05:15.974,-1403913,-6655135,-6629265,-7730802,2,2,2,2
2025-09-03 13:05:15.977,-1403448,-6654712,-6628786,-7730205,2,2,2,2
2025-09-03 13:05:15.980,-1394943,-6654242,-2450678,-7729701,2,2,2,2
2025-09-03 13:05:15.983,-1386400,-6653956,-2441863,-7729406,2,2,2,2
2025-09-03 13:05:15.986,-1402265,-2459147,-6644168,-7729146,2,2,2,2
2025-09-03 13:05:15.988,-1402076,-2458891,-6643909,-7728881,2,2,2,2
2025-09-03 13:05:15.991,-1401842,-6652956,-6626939,-7728355,2,2,2,2
2025-09-03 13:05:15.994,-1401316,-6652656,-6626579,-7727946,2,2,2,2
2025-09-03 13:05:15.996,-1384584,-6652020,-2431878,-7727486,2,2,2,2
2025-09-03 13:05:15.999,-1384345,-2457477,-6625995,-7727233,2,2,2,2
2025-09-03 13:05:16.001,-1384055,-6651754,-2439532,-7726873,2,2,2,2
2025-09-03 13:05:16.004,-1383711,-6651420,-6625289,-7726841,2,2,2,2
2025-09-03 13:05:16.007,-1383661,-2456801,-6625228,-7726461,2,2,2,2
2025-09-03 13:05:16.010,-1391336,-6650684,-4527390,-7725825,2,2,2,2
2025-09-03 13:05:16.012,-1382856,-6650361,-6624137,-7725323,2,2,2,2
2025-09-03 13:05:16.015,-1382432,-4552840,-6623753,-7725197,2,2,2,2
2025-09-03 13:05:16.018,-1382131,-4552548,-6623705,-7708440,2,2,2,2
2025-09-03 13:05:16.021,-1381737,-6649314,-2437127,-7708107,2,2,2,2
2025-09-03 13:05:16.023,-1381615,-6632516,-6622832,-3521778,2,2,2,2
2025-09-03 13:05:16.026,-1381107,-2454285,-6622496,-7707264,2,2,2,2
2025-09-03 13:05:16.029,-1380719,-6648180,-2427766,-7706819,2,2,2,2
2025-09-03 13:05:16.031,-1380173,-6647652,-2427166,-7706396,2,2,2,2
2025-09-03 13:05:16.034,-1380047,-4550279,-6621229,-7706228,2,2,2,2
2025-09-03 13:05:16.037,-1379698,-2452865,-6620946,-7705880,2,2,2,2
2025-09-03 13:05:16.039,-1379574,-6646790,-6620822,-7705486,2,2,2,2
2025-09-03 13:05:16.042,-1379096,-6646544,-6620311,-7721608,2,2,2,2
2025-09-03 13:05:16.045,-1378672,-6646026,-6620034,-7721012,2,2,2,2
2025-09-03 13:05:16.047,-1378299,-2443155,-6619628,-3509872,2,2,2,2
2025-09-03 13:05:16.050,-3475300,-6629103,-6619138,-7720322,2,2,2,2
2025-09-03 13:05:16.053,-1378040,-6629072,-6619106,-7720222,2,2,2,2
2025-09-03 13:05:16.055,-1377545,-6644891,-2424556,-7703331,2,2,2,2
2025-09-03 13:05:16.058,-1377295,-6644637,-2424289,-7703052,2,2,2,2
2025-09-03 13:05:16.061,-1376993,-6644246,-6618113,-7702807,2,2,2,2
2025-09-03 13:05:16.064,-1376712,-6643946,-6617733,-7702413,2,2,2,2
2025-09-03 13:05:16.066,-1376280,-4530034,-6617352,-7702041,2,2,2,2
2025-09-03 13:05:16.069,-1441549,-6627115,-2423028,-7701763,2,2,2,2
2025-09-03 13:05:16.072,-1441162,-6626792,-4519524,-7717703,2,2,2,2
2025-09-03 13:05:16.075,-1441029,-6626405,-2422162,-7701198,2,2,2,2
2025-09-03 13:05:16.078,-1440522,-6626063,-2421861,-7700758,2,2,2,2
2025-09-03 13:05:16.080,-1440236,-6625678,-6615783,-7700344,2,2,2,2
2025-09-03 13:05:16.083,-1440113,-2430996,-6615320,-7700211,2,2,2,2
2025-09-03 13:05:16.085,-1439770,-2438917,-6615293,-7699866,2,2,2,2
2025-09-03 13:05:16.088,-1439438,-6624890,-6614899,-7699444,2,2,2,2
2025-09-03 13:05:16.091,-1438993,-6624496,-6614420,-7698968,2,2,2,2
2025-09-03 13:05:16.094,-1438840,-6624256,-4517092,-7682320,2,2,2,2
2025-09-03 13:05:16.097,-1438346,-6623749,-2419344,-7698420,2,2,2,2
2025-09-03 13:05:16.099,-1438110,-6623245,-2410902,-7697903,2,2,2,2
2025-09-03 13:05:16.102,-1437952,-4525927,-6613236,-7697673,2,2,2,2
2025-09-03 13:05:16.105,-1437579,-6622975,-2418549,-7697352,2,2,2,2
2025-09-03 13:05:16.108,-1437308,-2428398,-6612520,-7696997,2,2,2,2
2025-09-03 13:05:16.110,-1436948,-6622331,-2417822,-7696859,2,2,2,2
2025-09-03 13:05:16.113,-1436641,-4524785,-6611967,-7696372,2,2,2,2
2025-09-03 13:05:16.116,-3533465,-6621676,-6611452,-7679648,2,2,2,2
2025-09-03 13:05:16.119,-1436001,-6621226,-4514163,-7679283,2,2,2,2
2025-09-03 13:05:16.122,-1435870,-4523933,-6610878,-7695489,2,2,2,2
2025-09-03 13:05:16.125,-3532644,-6620724,-6594061,-3492588,2,2,2,2
2025-09-03 13:05:16.127,-1434907,-6620168,-2399475,-7694792,2,2,2,2
2025-09-03 13:05:16.130,-1434632,-4522978,-6609862,-7694345,2,2,2,2
2025-09-03 13:05:16.133,-1434499,-2425373,-6593272,-7693944,2,2,2,2
2025-09-03 13:05:16.135,-1434340,-2425227,-6592793,-7693716,2,2,2,2
2025-09-03 13:05:16.138,-1434057,-6619280,-2406681,-7693762,2,2,2,2
2025-09-03 13:05:16.141,-1433759,-6684460,-6592493,-7676942,2,2,2,2
2025-09-03 13:05:16.143,-1425284,-6684165,-4494979,-7676605,2,2,2,2
2025-09-03 13:05:16.146,-1433019,-6683746,-2405501,-7692502,2,2,2,2
2025-09-03 13:05:16.149,-1416435,-6683493,-6607749,-7675787,2,2,2,2
2025-09-03 13:05:16.152,-1416133,-6683386,-6607373,-7675409,2,2,2,2
2025-09-03 13:05:16.155,-1415912,-6682905,-6590829,-3489132,2,2,2,2
2025-09-03 13:05:16.157,-1415460,-6682513,-6606772,-7674774,2,2,2,2
2025-09-03 13:05:16.159,-1431544,-6682129,-2395665,-7674379,2,2,2,2
2025-09-03 13:05:16.163,-1414902,-2487566,-6589698,-7674344,2,2,2,2
2025-09-03 13:05:16.165,-1430969,-6681830,-2411676,-7673965,2,2,2,2
2025-09-03 13:05:16.168,-1414497,-6681387,-6589205,-7673832,2,2,2,2
2025-09-03 13:05:16.171,-1414287,-6681308,-6589052,-7673358,2,2,2,2
2025-09-03 13:05:16.173,-1413842,-6680978,-6605159,-7673082,2,2,2,2
2025-09-03 13:05:16.176,-1421799,-6680535,-2393956,-7672805,2,2,2,2
2025-09-03 13:05:16.179,-1413095,-6680126,-2393599,-7672128,2,2,2,2
2025-09-03 13:05:16.182,-1429236,-6679751,-2393091,-7671862,2,2,2,2
2025-09-03 13:05:16.184,-1412629,-4582633,-6603839,-7671695,2,2,2,2
2025-09-03 13:05:16.187,-1428611,-6679318,-2392710,-7671537,2,2,2,2
2025-09-03 13:05:16.190,-1428491,-6679173,-2392560,-7671049,2,2,2,2
2025-09-03 13:05:16.192,-1411870,-2484627,-6586613,-7670799,2,2,2,2
2025-09-03 13:05:16.195,-1411543,-4581377,-6569750,-7670635,2,2,2,2
2025-09-03 13:05:16.198,-1427612,-6678274,-2391568,-7670285,2,2,2,2
2025-09-03 13:05:16.201,-3508078,-6677974,-6585757,-7669899,2,2,2,2
2025-09-03 13:05:16.203,-1410792,-6677778,-4488198,-7669762,2,2,2,2
2025-09-03 13:05:16.207,-1410555,-6677532,-6568711,-7669505,2,2,2,2
2025-09-03 13:05:16.209,-1410426,-2474891,-6584884,-3475046,2,2,2,2
2025-09-03 13:05:16.212,-1410286,-6677223,-6584717,-7669113,2,2,2,2
2025-09-03 13:05:16.215,-1409791,-6676729,-6568125,-7668593,2,2,2,2
2025-09-03 13:05:16.217,-1409644,-6676514,-4486917,-7668403,2,2,2,2
2025-09-03 13:05:16.220,-1425669,-6659831,-2389645,-7667999,2,2,2,2
2025-09-03 13:05:16.223,-1425511,-6659607,-2389473,-7667754,2,2,2,2
2025-09-03 13:05:16.225,-1408773,-6675945,-6583404,-3473383,2,2,2,2
2025-09-03 13:05:16.228,-1408556,-6659082,-6566796,-7667461,2,2,2,2
2025-09-03 13:05:16.231,-1392110,-6658880,-2388735,-7666997,2,2,2,2
2025-09-03 13:05:16.233,-1408241,-4561541,-6566388,-7667056,2,2,2,2
2025-09-03 13:05:16.236,-1408011,-4561312,-6566156,-7666812,2,2,2,2
2025-09-03 13:05:16.238,-1407718,-6658101,-4485092,-7666440,2,2,2,2
2025-09-03 13:05:16.241,-1407353,-6658043,-2387563,-7666130,2,2,2,2
2025-09-03 13:05:16.244,-1406986,-6674052,-6581748,-3471616,2,2,2,2
2025-09-03 13:05:16.246,-1406957,-4560152,-6565001,-7665551,2,2,2,2
2025-09-03 13:05:16.249,-1406699,-4559893,-6564737,-7665295,2,2,2,2
2025-09-03 13:05:16.252,-1406491,-2462846,-6581223,-7665396,2,2,2,2
2025-09-03 13:05:16.255,-1406346,-6657004,-6580746,-7664911,2,2,2,2
2025-09-03 13:05:16.258,-1406226,-6656570,-2386323,-7664851,2,2,2,2
2025-09-03 13:05:16.263,-1405845,-6656496,-2386176,-7664633,2,2,2,2
2025-09-03 13:05:16.263,-1405477,-4558952,-6563703,-7664246,2,2,2,2
2025-09-03 13:05:16.267,-1405430,-6655983,-4482813,-7664114,2,2,2,2
2025-09-03 13:05:16.269,-1405216,-6655772,-6579820,-7663896,2,2,2,2
2025-09-03 13:05:16.272,-1405180,-2461160,-6579447,-7663588,2,2,2,2
2025-09-03 13:05:16.278,-1404788,-6655266,-6579317,-7663373,2,2,2,2
2025-09-03 13:05:16.278,-1404664,-2460899,-6579164,-7663223,2,2,2,2
2025-09-03 13:05:16.280,-1396126,-6654512,-4481387,-7662836,2,2,2,2
2025-09-03 13:05:16.283,-1404187,-6654620,-6562241,-7662694,2,2,2,2
2025-09-03 13:05:16.285,-1404020,-6654461,-4481281,-7662468,2,2,2,2
2025-09-03 13:05:16.288,-1403766,-2459905,-6561792,-7662215,2,2,2,2
2025-09-03 13:05:16.291,-1403422,-6653930,-6561438,-7661849,2,2,2,2
2025-09-03 13:05:16.296,-1395073,-6653691,-4464115,-7661610,2,2,2,2
2025-09-03 13:05:16.296,-1394717,-6653392,-2366594,-7661553,2,2,2,2
2025-09-03 13:05:16.299,-1402850,-6669586,-6560779,-3458668,2,2,2,2
2025-09-03 13:05:16.302,-1386388,-6652929,-2366449,-7661071,2,2,2,2
2025-09-03 13:05:16.305,-1402736,-2458777,-6560707,-7661028,2,2,2,2
2025-09-03 13:05:16.307,-1402380,-2458472,-6560266,-7660653,2,2,2,2
2025-09-03 13:05:16.310,-1402104,-2458123,-6559980,-7660305,2,2,2,2
2025-09-03 13:05:16.313,-1401851,-2457856,-6559713,-3465972,2,2,2,2
2025-09-03 13:05:16.316,-1393411,-6651905,-2365415,-7660010,2,2,2,2
2025-09-03 13:05:16.319,-3498653,-6635448,-6559346,-3457388,2,2,2,2
2025-09-03 13:05:16.322,-3498470,-6635236,-6559101,-7659646,2,2,2,2
2025-09-03 13:05:16.324,-1384819,-6651492,-2372867,-7642884,2,2,2,2
2025-09-03 13:05:16.327,-1384426,-6634710,-6558572,-7659039,2,2,2,2
2025-09-03 13:05:16.329,-3481221,-6634313,-6558214,-3464421,2,2,2,2
2025-09-03 13:05:16.332,-1383944,-2456212,-6558002,-7642133,2,2,2,2
2025-09-03 13:05:16.335,-1383871,-6650490,-2363654,-7642089,2,2,2,2
2025-09-03 13:05:16.338,-1383707,-6633970,-6557825,-3455767,2,2,2,2
2025-09-03 13:05:16.341,-1383450,-6633672,-6557571,-3455502,2,2,2,2
2025-09-03 13:05:16.343,-1391490,-6649872,-2363107,-7641378,2,2,2,2
2025-09-03 13:05:16.346,-1383131,-2455318,-6557164,-7641194,2,2,2,2
2025-09-03 13:05:16.349,-3479809,-6633040,-6556929,-3454843,2,2,2,2
2025-09-03 13:05:16.352,-1382509,-6649293,-6556691,-7657120,2,2,2,2
2025-09-03 13:05:16.355,-1390482,-6649075,-4459384,-7656950,2,2,2,2
2025-09-03 13:05:16.357,-1382033,-6648814,-6556282,-7656691,2,2,2,2
2025-09-03 13:05:16.360,-1381749,-6648465,-2361627,-7639942,2,2,2,2
2025-09-03 13:05:16.363,-1389678,-6648267,-4458515,-7655988,2,2,2,2
2025-09-03 13:05:16.365,-1389467,-6648046,-4458351,-7655823,2,2,2,2
2025-09-03 13:05:16.368,-1389542,-6647809,-4458103,-7655635,2,2,2,2
2025-09-03 13:05:16.371,-1381094,-6631413,-6555249,-3444872,2,2,2,2
2025-09-03 13:05:16.374,-3478126,-6630992,-6555110,-3461110,2,2,2,2
2025-09-03 13:05:16.376,-1380589,-4550123,-6554675,-7638636,2,2,2,2
2025-09-03 13:05:16.379,-1380379,-6646812,-2360195,-7638469,2,2,2,2
2025-09-03 13:05:16.382,-1380204,-2452244,-6554169,-7638134,2,2,2,2
2025-09-03 13:05:16.384,-3477245,-6630339,-6554115,-3460112,2,2,2,2
2025-09-03 13:05:16.387,-3476998,-6630080,-6554109,-3459842,2,2,2,2
2025-09-03 13:05:16.390,-3476867,-6629663,-6553718,-7654000,2,2,2,2
2025-09-03 13:05:16.393,-1379553,-6645960,-4521883,-7653770,2,2,2,2
2025-09-03 13:05:16.395,-1379169,-6629371,-6618637,-7653362,2,2,2,2
2025-09-03 13:05:16.398,-1378951,-2450968,-6618408,-7636745,2,2,2,2
2025-09-03 13:05:16.400,-3475828,-6628879,-6618136,-7653104,2,2,2,2
2025-09-03 13:05:16.403,-1378565,-2442651,-6618083,-7636341,2,2,2,2
2025-09-03 13:05:16.406,-1378435,-6644747,-4520713,-7652535,2,2,2,2
2025-09-03 13:05:16.409,-1378045,-6644674,-4520315,-7652099,2,2,2,2
2025-09-03 13:05:16.411,-1377578,-6644194,-6617233,-7635556,2,2,2,2
2025-09-03 13:05:16.414,-1377534,-6644015,-4519781,-7651811,2,2,2,2
2025-09-03 13:05:16.417,-1377416,-6643965,-2422513,-7634989,2,2,2,2
2025-09-03 13:05:16.420,-1377269,-6643738,-2422285,-7635154,2,2,2,2
2025-09-03 13:05:16.422,-1377164,-6627305,-2422162,-7634705,2,2,2,2
2025-09-03 13:05:16.425,-3474164,-6626865,-6616310,-3440232,2,2,2,2
2025-09-03 13:05:16.428,-3473682,-6626626,-6615814,-3423595,2,2,2,2
2025-09-03 13:05:16.431,-1376031,-6626091,-6615561,-7617384,2,2,2,2
2025-09-03 13:05:16.433,-1375988,-6626045,-2421218,-7633660,2,2,2,2
2025-09-03 13:05:16.436,-1375864,-2439807,-6615059,-7633516,2,2,2,2
2025-09-03 13:05:16.439,-1375699,-6625691,-6614894,-7633291,2,2,2,2
2025-09-03 13:05:16.441,-3472494,-6625331,-6614770,-7616528,2,2,2,2
2025-09-03 13:05:16.444,-1375221,-6625259,-6614644,-7632767,2,2,2,2
2025-09-03 13:05:16.447,-1374858,-2438774,-6614280,-3438084,2,2,2,2
2025-09-03 13:05:16.449,-1374730,-2438648,-6614072,-7632233,2,2,2,2
2025-09-03 13:05:16.452,-1374503,-6624528,-6613900,-7632001,2,2,2,2
2025-09-03 13:05:16.455,-1374230,-6624239,-6613617,-3437341,2,2,2,2
2025-09-03 13:05:16.458,-1374077,-6624015,-2419083,-7631407,2,2,2,2
2025-09-03 13:05:16.461,-3470737,-6623523,-6612962,-7614849,2,2,2,2
2025-09-03 13:05:16.463,-1373440,-6623372,-2410245,-7631068,2,2,2,2
2025-09-03 13:05:16.466,-3470449,-6623184,-6612579,-3428347,2,2,2,2
2025-09-03 13:05:16.469,-3470181,-6623218,-6612244,-3419888,2,2,2,2
2025-09-03 13:05:16.471,-1373037,-2428645,-6612236,-7630492,2,2,2,2
2025-09-03 13:05:16.474,-1372669,-6622581,-2409367,-7630123,2,2,2,2
2025-09-03 13:05:16.477,-1372407,-6622318,-2417291,-7629833,2,2,2,2
2025-09-03 13:05:16.479,-1372136,-6621977,-6611305,-7613158,2,2,2,2
2025-09-03 13:05:16.482,-1372017,-2427619,-6611186,-7629413,2,2,2,2
2025-09-03 13:05:16.485,-1371696,-6621855,-6611174,-7629079,2,2,2,2
2025-09-03 13:05:16.488,-1371772,-6621600,-6594529,-3434767,2,2,2,2
2025-09-03 13:05:16.490,-1371421,-6621558,-6610807,-7628953,2,2,2,2
2025-09-03 13:05:16.493,-1363061,-6621131,-2399626,-7628514,2,2,2,2
2025-09-03 13:05:16.496,-1370883,-6620685,-2399242,-7628043,2,2,2,2
2025-09-03 13:05:16.498,-1370655,-4523541,-6609934,-7628059,2,2,2,2
2025-09-03 13:05:16.501,-1370734,-6620522,-2398987,-7627815,2,2,2,2
2025-09-03 13:05:16.504,-1370387,-2426120,-6593253,-7627749,2,2,2,2
2025-09-03 13:05:16.507,-1370221,-2425875,-6593002,-3433120,2,2,2,2
2025-09-03 13:05:16.510,-1370094,-6620039,-6609209,-7627265,2,2,2,2
2025-09-03 13:05:16.512,-1369623,-6619549,-6608743,-7626762,2,2,2,2
2025-09-03 13:05:16.515,-1369578,-2425189,-6592240,-7610250,2,2,2,2
2025-09-03 13:05:16.518,-1369353,-6619268,-2397700,-7610086,2,2,2,2
2025-09-03 13:05:16.521,-1369120,-6619032,-2397446,-7609837,2,2,2,2
2025-09-03 13:05:16.524,-1368862,-6618825,-6591736,-7609751,2,2,2,2
2025-09-03 13:05:16.526,-1368691,-2424207,-6591240,-7609499,2,2,2,2
2025-09-03 13:05:16.529,-1368443,-6618321,-6590963,-7608960,2,2,2,2
2025-09-03 13:05:16.532,-1359763,-6617828,-2396173,-7608792,2,2,2,2
2025-09-03 13:05:16.535,-1367914,-6617660,-2396060,-7608351,2,2,2,2
2025-09-03 13:05:16.538,-1359487,-6617553,-2396134,-7608356,2,2,2,2
2025-09-03 13:05:16.540,-1351212,-4520303,-6606476,-7608072,2,2,2,2
2025-09-03 13:05:16.543,-1359260,-6617308,-2395639,-7607848,2,2,2,2
2025-09-03 13:05:16.546,-1367177,-6616964,-2395276,-7607807,2,2,2,2
2025-09-03 13:05:16.548,-1358743,-6616770,-2395012,-7607535,2,2,2,2
2025-09-03 13:05:16.551,-1366631,-6616345,-2394982,-7607096,2,2,2,2
2025-09-03 13:05:16.554,-1350294,-2422139,-6588976,-7607189,2,2,2,2
2025-09-03 13:05:16.556,-3447144,-6616080,-6588676,-3412512,2,2,2,2
2025-09-03 13:05:16.559,-1349758,-6615843,-6588424,-7606629,2,2,2,2
2025-09-03 13:05:16.562,-1349401,-6615451,-6604683,-7606163,2,2,2,2
2025-09-03 13:05:16.565,-1349322,-4518140,-6604511,-7605906,2,2,2,2
2025-09-03 13:05:16.568,-1365474,-6615043,-2393496,-7605969,2,2,2,2
2025-09-03 13:05:16.570,-1348916,-4517995,-6604239,-7605656,2,2,2,2
2025-09-03 13:05:16.573,-1349089,-4517735,-6603920,-7605532,2,2,2,2
2025-09-03 13:05:16.576,-1348829,-4517614,-6603744,-7605277,2,2,2,2
2025-09-03 13:05:16.579,-1348452,-2420215,-6587102,-7604989,2,2,2,2
2025-09-03 13:05:16.581,-1348323,-4516966,-6603261,-7604510,2,2,2,2
2025-09-03 13:05:16.584,-1348079,-2419561,-6586622,-7604252,2,2,2,2
2025-09-03 13:05:16.587,-1347998,-2411295,-6586353,-7604227,2,2,2,2
2025-09-03 13:05:16.589,-1364300,-6613739,-2391927,-7604165,2,2,2,2
2025-09-03 13:05:16.592,-1364110,-6613752,-2375544,-7604168,2,2,2,2
2025-09-03 13:05:16.595,-1347363,-6613370,-6569460,-7603693,2,2,2,2
2025-09-03 13:05:16.598,-1347100,-6612851,-6569150,-7603348,2,2,2,2
2025-09-03 13:05:16.600,-1363260,-6612875,-6568948,-7603180,2,2,2,2
2025-09-03 13:05:16.603,-1363249,-6612587,-6568837,-7603080,2,2,2,2
2025-09-03 13:05:16.606,-1346760,-4515219,-6568650,-7602845,2,2,2,2
2025-09-03 13:05:16.609,-1346331,-2417679,-6584612,-7602455,2,2,2,2
2025-09-03 13:05:16.611,-1346065,-6611967,-6584335,-3473398,2,2,2,2
2025-09-03 13:05:16.614,-1345850,-4514401,-6567725,-7667480,2,2,2,2
2025-09-03 13:05:16.616,-1361921,-6611431,-2389752,-7667404,2,2,2,2
2025-09-03 13:05:16.619,-1362033,-6611223,-2389528,-7667187,2,2,2,2
2025-09-03 13:05:16.622,-3442569,-6611023,-6583663,-3472647,2,2,2,2
2025-09-03 13:05:16.625,-1345276,-6594509,-6583440,-7666714,2,2,2,2
2025-09-03 13:05:16.628,-1344801,-6594276,-6566628,-7666278,2,2,2,2
2025-09-03 13:05:16.630,-1360976,-6594032,-2372072,-7666030,2,2,2,2
2025-09-03 13:05:16.633,-1344269,-6593599,-2388083,-7665907,2,2,2,2
2025-09-03 13:05:16.636,-1344052,-6593513,-6566077,-7665686,2,2,2,2
2025-09-03 13:05:16.638,-1344137,-6593281,-4485097,-7665468,2,2,2,2
2025-09-03 13:05:16.641,-1343993,-6593076,-4484877,-7665347,2,2,2,2
2025-09-03 13:05:16.644,-1343605,-6609392,-6581641,-3470842,2,2,2,2
2025-09-03 13:05:16.647,-1326838,-6592544,-2378995,-7664663,2,2,2,2
2025-09-03 13:05:16.649,-1342966,-4495123,-6564809,-7664394,2,2,2,2
2025-09-03 13:05:16.652,-1326566,-6592002,-2386657,-7664371,2,2,2,2
2025-09-03 13:05:16.655,-1342713,-2397716,-6580961,-7664132,2,2,2,2
2025-09-03 13:05:16.657,-1326201,-6591889,-2386200,-7663922,2,2,2,2
2025-09-03 13:05:16.660,-1325804,-6591487,-2386050,-7663570,2,2,2,2
2025-09-03 13:05:16.663,-1341942,-2405106,-6580023,-7663217,2,2,2,2
2025-09-03 13:05:16.665,-1341748,-2396791,-6579957,-7663078,2,2,2,2
2025-09-03 13:05:16.668,-1325308,-6590728,-6563197,-7662971,2,2,2,2
2025-09-03 13:05:16.671,-1341441,-2404609,-6579517,-7662716,2,2,2,2
2025-09-03 13:05:16.674,-1341088,-6590440,-4482074,-7662339,2,2,2,2
2025-09-03 13:05:16.676,-1340957,-6590232,-6562693,-7662188,2,2,2,2
2025-09-03 13:05:16.679,-1340571,-6606222,-6578675,-3459475,2,2,2,2
2025-09-03 13:05:16.682,-1340203,-4492297,-6561929,-7661591,2,2,2,2
2025-09-03 13:05:16.685,-3437339,-6605814,-6578273,-7661561,2,2,2,2
2025-09-03 13:05:16.688,-1340131,-2395007,-6561773,-7661176,2,2,2,2
2025-09-03 13:05:16.691,-1339660,-6589166,-4464145,-7661031,2,2,2,2
2025-09-03 13:05:16.693,-1339406,-6588824,-6561273,-7660668,2,2,2,2
2025-09-03 13:05:16.696,-1339337,-4491280,-6560839,-7660522,2,2,2,2
2025-09-03 13:05:16.699,-1338903,-6588305,-6560756,-7660139,2,2,2,2
2025-09-03 13:05:16.702,-1338778,-2393623,-6560307,-7659934,2,2,2,2
2025-09-03 13:05:16.705,-1338855,-2393630,-6560307,-7660003,2,2,2,2
2025-09-03 13:05:16.707,-3435642,-6604240,-6560256,-3457131,2,2,2,2
2025-09-03 13:05:16.710,-1321974,-6587416,-6559847,-7643022,2,2,2,2
2025-09-03 13:05:16.713,-1338110,-6587154,-6559592,-7659146,2,2,2,2
2025-09-03 13:05:16.716,-1329517,-6587076,-2365074,-7658983,2,2,2,2
2025-09-03 13:05:16.718,-1321272,-6586759,-2364805,-7642266,2,2,2,2
2025-09-03 13:05:16.721,-1337466,-6586839,-4461969,-7658685,2,2,2,2
2025-09-03 13:05:16.723,-1320935,-6586378,-6558969,-7641867,2,2,2,2
2025-09-03 13:05:16.727,-1337062,-2392057,-6558695,-7641834,2,2,2,2
2025-09-03 13:05:16.729,-1336604,-4488802,-6558258,-7641351,2,2,2,2
2025-09-03 13:05:16.732,-1336373,-4488569,-6557982,-7641109,2,2,2,2
2025-09-03 13:05:16.735,-1336095,-6585391,-6557706,-7657220,2,2,2,2
2025-09-03 13:05:16.738,-1335945,-6585298,-4460395,-7657023,2,2,2,2
2025-09-03 13:05:16.740,-1319423,-6585088,-2363029,-7640515,2,2,2,2
2025-09-03 13:05:16.743,-1335441,-2390409,-6556954,-7640063,2,2,2,2
2025-09-03 13:05:16.746,-1318891,-6584479,-6556789,-7639816,2,2,2,2
2025-09-03 13:05:16.749,-1318793,-6567794,-6556424,-3453594,2,2,2,2
2025-09-03 13:05:16.751,-1326699,-6584069,-2362003,-7639328,2,2,2,2
2025-09-03 13:05:16.755,-1318432,-2389512,-6556361,-7639317,2,2,2,2
2025-09-03 13:05:16.757,-1318389,-6567347,-6555914,-3453076,2,2,2,2
2025-09-03 13:05:16.759,-1317923,-4486405,-6555769,-7639034,2,2,2,2
2025-09-03 13:05:16.762,-1317846,-4485988,-6555608,-7638553,2,2,2,2
2025-09-03 13:05:16.765,-1317440,-2388744,-6555192,-7638502,2,2,2,2
2025-09-03 13:05:16.767,-1317246,-6566403,-6554995,-3443939,2,2,2,2
2025-09-03 13:05:16.770,-1317122,-4485512,-6555083,-7638046,2,2,2,2
2025-09-03 13:05:16.772,-1325166,-6582523,-4457498,-7654339,2,2,2,2
2025-09-03 13:05:16.775,-1316847,-6565730,-6554499,-3443172,2,2,2,2
2025-09-03 13:05:16.778,-1316546,-4484836,-6554116,-7637095,2,2,2,2
2025-09-03 13:05:16.780,-1316335,-4484371,-6553934,-7636864,2,2,2,2
2025-09-03 13:05:16.784,-1315884,-6581382,-6553832,-7636727,2,2,2,2
2025-09-03 13:05:16.786,-1315813,-6581256,-6553373,-7652975,2,2,2,2
2025-09-03 13:05:16.789,-1315594,-6581103,-2359169,-7636433,2,2,2,2
2025-09-03 13:05:16.792,-1315477,-6564512,-6553069,-3441901,2,2,2,2
2025-09-03 13:05:16.795,-1315170,-6564120,-6552687,-3441440,2,2,2,2
2025-09-03 13:05:16.798,-3411987,-6563843,-6552332,-7651841,2,2,2,2
2025-09-03 13:05:16.801,-1314558,-6579949,-6552307,-7635177,2,2,2,2
2025-09-03 13:05:16.803,-1314442,-6579763,-6552182,-7651430,2,2,2,2
2025-09-03 13:05:16.806,-1314232,-6579596,-2357643,-7634739,2,2,2,2
2025-09-03 13:05:16.808,-1314028,-2385036,-6551761,-7634544,2,2,2,2
2025-09-03 13:05:16.812,-1313659,-6578972,-2356751,-7634140,2,2,2,2
2025-09-03 13:05:16.814,-1313485,-6578714,-6550800,-7633816,2,2,2,2
2025-09-03 13:05:16.817,-1313251,-6578475,-4453660,-7617478,2,2,2,2
2025-09-03 13:05:16.820,-1313070,-4481262,-6550752,-7633510,2,2,2,2
2025-09-03 13:05:16.823,-1312904,-6578190,-2356215,-7633210,2,2,2,2
2025-09-03 13:05:16.825,-1312532,-4464541,-6550210,-7633146,2,2,2,2
2025-09-03 13:05:16.828,-1312262,-2367112,-6549805,-7632785,2,2,2,2
2025-09-03 13:05:16.831,-1312004,-2375027,-6549515,-7632496,2,2,2,2
2025-09-03 13:05:16.833,-3409144,-6560842,-6549254,-3437933,2,2,2,2
2025-09-03 13:05:16.836,-1311671,-6560519,-2346646,-7632129,2,2,2,2
2025-09-03 13:05:16.839,-1311638,-6560512,-6549129,-7615734,2,2,2,2
2025-09-03 13:05:16.841,-1311485,-6560285,-2354589,-7631869,2,2,2,2
2025-09-03 13:05:16.844,-1311171,-6559972,-2354281,-7631481,2,2,2,2
2025-09-03 13:05:16.847,-1310976,-6559760,-6548367,-7631254,2,2,2,2
2025-09-03 13:05:16.850,-1376039,-4462453,-6548176,-7631093,2,2,2,2
2025-09-03 13:05:16.852,-1376099,-6559281,-4450793,-7614442,2,2,2,2
2025-09-03 13:05:16.856,-1375853,-6559107,-2353393,-7630578,2,2,2,2
2025-09-03 13:05:16.858,-1375726,-6558972,-2345059,-7630359,2,2,2,2
2025-09-03 13:05:16.861,-1375375,-6558612,-2344700,-7630052,2,2,2,2
2025-09-03 13:05:16.864,-1375102,-2372211,-6546913,-7629694,2,2,2,2
2025-09-03 13:05:16.866,-1374924,-6558112,-2344201,-7629530,2,2,2,2
2025-09-03 13:05:16.869,-1374567,-6557991,-4449403,-7612954,2,2,2,2
2025-09-03 13:05:16.872,-1374247,-4460643,-6546234,-7629060,2,2,2,2
2025-09-03 13:05:16.875,-1374222,-6557682,-2351625,-7629022,2,2,2,2
2025-09-03 13:05:16.878,-1374069,-6557198,-2343266,-7628773,2,2,2,2
2025-09-03 13:05:16.880,-1373923,-2362749,-6545467,-7628537,2,2,2,2
2025-09-03 13:05:16.883,-1373443,-4459668,-6545364,-7628051,2,2,2,2
2025-09-03 13:05:16.886,-3470483,-6556701,-6528793,-3417226,2,2,2,2
2025-09-03 13:05:16.888,-1373163,-6556539,-2342514,-7627738,2,2,2,2
2025-09-03 13:05:16.891,-3470068,-6556219,-6528372,-7611034,2,2,2,2
2025-09-03 13:05:16.894,-1372817,-6555921,-6528013,-7610907,2,2,2,2
2025-09-03 13:05:16.897,-1372649,-6555751,-6544186,-7627107,2,2,2,2
2025-09-03 13:05:16.899,-1372296,-2361093,-6527732,-3416055,2,2,2,2
2025-09-03 13:05:16.902,-1372037,-6555139,-2349539,-7610090,2,2,2,2
2025-09-03 13:05:16.905,-1371898,-6554989,-6526989,-3423745,2,2,2,2
2025-09-03 13:05:16.908,-1371639,-6554952,-6526978,-3423490,2,2,2,2
2025-09-03 13:05:16.910,-1363346,-6554868,-4429711,-7609541,2,2,2,2
2025-09-03 13:05:16.913,-1371274,-6554514,-2332275,-7609108,2,2,2,2
2025-09-03 13:05:16.916,-1371037,-2360041,-6526258,-7608847,2,2,2,2
2025-09-03 13:05:16.919,-1370742,-2359697,-6525973,-7608821,2,2,2,2
2025-09-03 13:05:16.921,-3467899,-6554037,-6525969,-3422704,2,2,2,2
2025-09-03 13:05:16.925,-1370351,-6553609,-2331257,-7608333,2,2,2,2
2025-09-03 13:05:16.927,-1361903,-6618863,-4428132,-7608054,2,2,2,2
2025-09-03 13:05:16.930,-1369831,-6618599,-2330643,-7607766,2,2,2,2
2025-09-03 13:05:16.933,-1369470,-2423920,-6524898,-7607393,2,2,2,2
2025-09-03 13:05:16.936,-1369443,-6618148,-6524555,-7607292,2,2,2,2
2025-09-03 13:05:16.939,-1369248,-6618074,-4427257,-7607156,2,2,2,2
2025-09-03 13:05:16.941,-1369088,-2423543,-6524176,-7606916,2,2,2,2
2025-09-03 13:05:16.945,-1368631,-2423066,-6523682,-7606413,2,2,2,2
2025-09-03 13:05:16.947,-1368375,-4519951,-6539837,-7606147,2,2,2,2
2025-09-03 13:05:16.950,-1368314,-2422675,-6523352,-7606003,2,2,2,2
2025-09-03 13:05:16.953,-3448588,-6616805,-6523040,-3411458,2,2,2,2
2025-09-03 13:05:16.956,-1351185,-2422247,-6522847,-3411196,2,2,2,2
2025-09-03 13:05:16.958,-1367305,-6616294,-2344599,-7605229,2,2,2,2
2025-09-03 13:05:16.961,-1367241,-6615826,-6538519,-7604766,2,2,2,2
2025-09-03 13:05:16.964,-1358605,-6615510,-4424847,-7604619,2,2,2,2
2025-09-03 13:05:16.966,-1350372,-2421100,-6521627,-3409942,2,2,2,2
2025-09-03 13:05:16.969,-1366331,-6615196,-2343561,-7604091,2,2,2,2
2025-09-03 13:05:16.972,-1349881,-6614903,-6521445,-3409682,2,2,2,2
2025-09-03 13:05:16.975,-1349787,-6614846,-6521098,-3409640,2,2,2,2
2025-09-03 13:05:16.977,-1349578,-4517390,-6537408,-7603592,2,2,2,2
2025-09-03 13:05:16.980,-1349010,-2419722,-6520548,-7603080,2,2,2,2
2025-09-03 13:05:16.983,-1348852,-2419556,-6520322,-7602843,2,2,2,2
2025-09-03 13:05:16.986,-1364936,-6613606,-2309360,-7602571,2,2,2,2
2025-09-03 13:05:16.988,-1348401,-2419203,-6520014,-7602531,2,2,2,2
2025-09-03 13:05:16.991,-1347999,-6613053,-4422417,-7602121,2,2,2,2
2025-09-03 13:05:16.994,-1347710,-6612766,-6519286,-7601793,2,2,2,2
2025-09-03 13:05:16.997,-1347333,-6612697,-4421742,-7601645,2,2,2,2
2025-09-03 13:05:17.000,-1363600,-6612253,-2324460,-7601202,2,2,2,2
2025-09-03 13:05:17.003,-1346942,-2417674,-6518481,-7600919,2,2,2,2
2025-09-03 13:05:17.005,-1346925,-6611959,-6518400,-3406593,2,2,2,2
2025-09-03 13:05:17.008,-1362914,-6611563,-6501625,-7600487,2,2,2,2
2025-09-03 13:05:17.011,-1346275,-6611248,-6517754,-7600160,2,2,2,2
2025-09-03 13:05:17.014,-1345735,-6594312,-6500758,-7599863,2,2,2,2
2025-09-03 13:05:17.016,-1361973,-6594200,-2306327,-7599481,2,2,2,2
2025-09-03 13:05:17.019,-1345257,-6610291,-6516729,-3404828,2,2,2,2
2025-09-03 13:05:17.022,-1345147,-6593807,-2322312,-7599097,2,2,2,2
2025-09-03 13:05:17.025,-1345005,-2399363,-6516236,-7598956,2,2,2,2
2025-09-03 13:05:17.028,-1360769,-6593277,-2321559,-7598562,2,2,2,2
2025-09-03 13:05:17.030,-1360410,-6592996,-2321269,-7598273,2,2,2,2
2025-09-03 13:05:17.033,-3441005,-6608900,-6515345,-3403679,2,2,2,2
2025-09-03 13:05:17.036,-1360122,-6592398,-2304286,-7597681,2,2,2,2
2025-09-03 13:05:17.038,-1343264,-2405890,-6514902,-7597463,2,2,2,2
2025-09-03 13:05:17.041,-1326661,-6591998,-2312073,-7597267,2,2,2,2
2025-09-03 13:05:17.044,-3440118,-6608009,-6514203,-3402520,2,2,2,2
2025-09-03 13:05:17.046,-1342455,-6591028,-6513911,-7596490,2,2,2,2
2025-09-03 13:05:17.049,-1342214,-2396552,-6513662,-7596265,2,2,2,2
2025-09-03 13:05:17.052,-1341850,-6590493,-2318997,-7595822,2,2,2,2
2025-09-03 13:05:17.055,-1325304,-6590315,-2318752,-7595715,2,2,2,2
2025-09-03 13:05:17.057,-1341479,-4492944,-6496500,-7595403,2,2,2,2
2025-09-03 13:05:17.060,-1324775,-6589721,-2301810,-7595015,2,2,2,2
2025-09-03 13:05:17.063,-1340782,-2395267,-6495972,-7594528,2,2,2,2
2025-09-03 13:05:17.066,-1340543,-2395028,-6495710,-7594260,2,2,2,2
2025-09-03 13:05:17.069,-1324029,-6588936,-2309141,-7594186,2,2,2,2
2025-09-03 13:05:17.072,-1340171,-2394619,-6495249,-7594103,2,2,2,2
2025-09-03 13:05:17.074,-1340012,-6588704,-6495073,-7593859,2,2,2,2
2025-09-03 13:05:17.077,-1339796,-6588353,-4397431,-7593420,2,2,2,2
2025-09-03 13:05:17.079,-1339397,-2393835,-6494436,-7576806,2,2,2,2
2025-09-03 13:05:17.082,-1323000,-6587800,-6494084,-7576445,2,2,2,2
2025-09-03 13:05:17.085,-1338989,-2393354,-6493929,-7576297,2,2,2,2
2025-09-03 13:05:17.088,-3435910,-6603837,-6493690,-3389933,2,2,2,2
2025-09-03 13:05:17.091,-1338467,-6587128,-6493318,-7592057,2,2,2,2
2025-09-03 13:05:17.093,-1321759,-6586859,-2298744,-7575319,2,2,2,2
2025-09-03 13:05:17.096,-1337719,-2392050,-6492464,-7575036,2,2,2,2
2025-09-03 13:05:17.099,-1337442,-2391709,-6492162,-7574755,2,2,2,2
2025-09-03 13:05:17.102,-1337335,-6585906,-6492055,-7590769,2,2,2,2
2025-09-03 13:05:17.104,-1337214,-2391530,-6491925,-7574163,2,2,2,2
2025-09-03 13:05:17.107,-1336980,-6585345,-6491670,-7590341,2,2,2,2
2025-09-03 13:05:17.110,-1328397,-6585140,-2296964,-7573508,2,2,2,2
2025-09-03 13:05:17.113,-1336336,-6568555,-6490980,-3379101,2,2,2,2
2025-09-03 13:05:17.115,-1336126,-4487559,-6490759,-7573240,2,2,2,2
2025-09-03 13:05:17.118,-1335865,-4487291,-6490487,-7572894,2,2,2,2
2025-09-03 13:05:17.121,-1319197,-6584087,-2296078,-7572523,2,2,2,2
2025-09-03 13:05:17.123,-1335424,-6567551,-6490222,-3378051,2,2,2,2
2025-09-03 13:05:17.126,-1326977,-6583601,-2295574,-7572004,2,2,2,2
2025-09-03 13:05:17.129,-1318393,-2388970,-6489406,-7571574,2,2,2,2
2025-09-03 13:05:17.132,-1318172,-2388984,-6489292,-7571582,2,2,2,2
2025-09-03 13:05:17.134,-1317961,-6582785,-2294678,-7571400,2,2,2,2
2025-09-03 13:05:17.137,-1317773,-6582556,-6488809,-7587519,2,2,2,2
2025-09-03 13:05:17.140,-1317495,-6582279,-6488466,-7586893,2,2,2,2
2025-09-03 13:05:17.142,-1317263,-2379532,-6488280,-7570279,2,2,2,2
2025-09-03 13:05:17.145,-1316874,-6581956,-6553345,-7586441,2,2,2,2
2025-09-03 13:05:17.148,-1316817,-6581504,-6553202,-7569901,2,2,2,2
2025-09-03 13:05:17.150,-1316489,-6581241,-6552933,-7585983,2,2,2,2
2025-09-03 13:05:17.153,-1316343,-6581089,-2358404,-7569400,2,2,2,2
2025-09-03 13:05:17.156,-1315988,-6580722,-2358038,-7569093,2,2,2,2
2025-09-03 13:05:17.159,-1315816,-6580484,-2357860,-7568841,2,2,2,2
2025-09-03 13:05:17.161,-1323756,-6580198,-4454655,-7552016,2,2,2,2
2025-09-03 13:05:17.164,-1315079,-6563335,-6551312,-3373594,2,2,2,2
2025-09-03 13:05:17.167,-1314818,-6579707,-2356991,-7567627,2,2,2,2
2025-09-03 13:05:17.169,-1314701,-6579337,-2356608,-7567556,2,2,2,2
2025-09-03 13:05:17.172,-1314362,-4482154,-6550854,-7567380,2,2,2,2
2025-09-03 13:05:17.175,-1314261,-2384510,-6550312,-7566863,2,2,2,2
2025-09-03 13:05:17.177,-1313786,-6578657,-2355839,-7566622,2,2,2,2
2025-09-03 13:05:17.180,-1313555,-6578336,-2355571,-7566347,2,2,2,2
2025-09-03 13:05:17.183,-1313274,-6561673,-2355224,-7566057,2,2,2,2
2025-09-03 13:05:17.186,-1312924,-6561319,-4452078,-7549312,2,2,2,2
2025-09-03 13:05:17.188,-1313002,-6561054,-6549152,-7549256,2,2,2,2
2025-09-03 13:05:17.191,-1312582,-6561003,-2354531,-7565278,2,2,2,2
2025-09-03 13:05:17.193,-3409659,-6560559,-6548707,-7548690,2,2,2,2
2025-09-03 13:05:17.196,-1311900,-6560245,-4450928,-7548303,2,2,2,2
2025-09-03 13:05:17.199,-1311758,-2373992,-6547920,-7564526,2,2,2,2
2025-09-03 13:05:17.202,-1311601,-6559937,-4450464,-7547888,2,2,2,2
2025-09-03 13:05:17.204,-1311376,-6559724,-4450301,-7547400,2,2,2,2
2025-09-03 13:05:17.207,-1310988,-6559254,-4449892,-7547183,2,2,2,2
2025-09-03 13:05:17.210,-1310859,-6559116,-2352531,-7563471,2,2,2,2
2025-09-03 13:05:17.213,-3407728,-6558754,-6546535,-3352343,2,2,2,2
2025-09-03 13:05:17.216,-1310200,-6558418,-6546322,-7546230,2,2,2,2
2025-09-03 13:05:17.218,-1309823,-6557971,-6545929,-7546090,2,2,2,2
2025-09-03 13:05:17.221,-1309707,-6557937,-2343320,-7562035,2,2,2,2
2025-09-03 13:05:17.223,-1309552,-2363405,-6545657,-7561862,2,2,2,2
2025-09-03 13:05:17.226,-1309291,-2363128,-6528986,-7561504,2,2,2,2
2025-09-03 13:05:17.229,-1308778,-2362850,-6528313,-7544818,2,2,2,2
2025-09-03 13:05:17.232,-1308662,-6556714,-4431097,-7544397,2,2,2,2
2025-09-03 13:05:17.234,-1308392,-6556446,-4430751,-7544371,2,2,2,2
2025-09-03 13:05:17.237,-1308133,-6556184,-6544022,-7544063,2,2,2,2
2025-09-03 13:05:17.240,-1307802,-6555902,-6527350,-3357585,2,2,2,2
2025-09-03 13:05:17.243,-1307527,-2361576,-6526997,-7543412,2,2,2,2
2025-09-03 13:05:17.245,-1307393,-6555410,-2332536,-7543252,2,2,2,2
2025-09-03 13:05:17.248,-1307274,-6555275,-2340581,-7543026,2,2,2,2
2025-09-03 13:05:17.251,-1307122,-6555130,-2332165,-7542798,2,2,2,2
2025-09-03 13:05:17.254,-1306852,-6554852,-6526195,-7542507,2,2,2,2
2025-09-03 13:05:17.256,-1306527,-2360216,-6525923,-7542171,2,2,2,2
2025-09-03 13:05:17.260,-3403374,-6554176,-6525551,-3355667,2,2,2,2
2025-09-03 13:05:17.262,-1305839,-6554010,-2331036,-7541564,2,2,2,2
2025-09-03 13:05:17.265,-1305399,-4456474,-6541333,-7541235,2,2,2,2
2025-09-03 13:05:17.268,-3402382,-6553413,-6524698,-3346664,2,2,2,2
2025-09-03 13:05:17.271,-1304988,-6553119,-6524434,-7540685,2,2,2,2
2025-09-03 13:05:17.273,-1304638,-6552806,-2346134,-7540247,2,2,2,2
2025-09-03 13:05:17.277,-3401487,-6552510,-6523764,-3345905,2,2,2,2
2025-09-03 13:05:17.279,-1304071,-4455037,-6539830,-7539846,2,2,2,2
2025-09-03 13:05:17.282,-1304049,-2357533,-6523372,-7539474,2,2,2,2
2025-09-03 13:05:17.285,-1303609,-6551676,-2328579,-7539237,2,2,2,2
2025-09-03 13:05:17.287,-1303553,-2357357,-6522862,-7538958,2,2,2,2
2025-09-03 13:05:17.290,-1303172,-2356894,-6522395,-7538798,2,2,2,2
2025-09-03 13:05:17.293,-1302925,-6551010,-2344224,-7538548,2,2,2,2
2025-09-03 13:05:17.296,-1302747,-6550681,-2343959,-7538274,2,2,2,2
2025-09-03 13:05:17.298,-1302656,-2356348,-6521838,-7538151,2,2,2,2
2025-09-03 13:05:17.301,-1302274,-6550251,-6537751,-7537687,2,2,2,2
2025-09-03 13:05:17.304,-1293958,-6550067,-4424089,-7537619,2,2,2,2
2025-09-03 13:05:17.306,-1285402,-2355464,-6520881,-3342874,2,2,2,2
2025-09-03 13:05:17.309,-1285157,-6549519,-6504299,-7536911,2,2,2,2
2025-09-03 13:05:17.312,-1284916,-4452114,-6503982,-7536641,2,2,2,2
2025-09-03 13:05:17.314,-1293030,-6549040,-2325902,-7601937,2,2,2,2
2025-09-03 13:05:17.317,-1300984,-6548862,-2325638,-7601676,2,2,2,2
2025-09-03 13:05:17.320,-1284241,-6548493,-6519825,-3407253,2,2,2,2
2025-09-03 13:05:17.323,-1300465,-6548347,-2325105,-7601136,2,2,2,2
2025-09-03 13:05:17.325,-1300221,-6548081,-2324847,-7600869,2,2,2,2
2025-09-03 13:05:17.328,-3380511,-6547918,-6518915,-3406315,2,2,2,2
2025-09-03 13:05:17.331,-1283080,-6547236,-6518551,-7600202,2,2,2,2
2025-09-03 13:05:17.333,-3379855,-6547181,-6518153,-7599772,2,2,2,2
2025-09-03 13:05:17.336,-1282569,-6546716,-6518007,-7599625,2,2,2,2
2025-09-03 13:05:17.339,-1282435,-2344085,-6517801,-7599474,2,2,2,2
2025-09-03 13:05:17.341,-1282051,-2343686,-6517465,-7598998,2,2,2,2
2025-09-03 13:05:17.344,-1281819,-6545945,-6517218,-7598786,2,2,2,2
2025-09-03 13:05:17.346,-1281416,-2351487,-6516975,-7598566,2,2,2,2
2025-09-03 13:05:17.349,-1281028,-6529000,-6500163,-7598088,2,2,2,2
2025-09-03 13:05:17.352,-1280771,-6528672,-6499853,-7597806,2,2,2,2
2025-09-03 13:05:17.355,-1280764,-4431257,-6499587,-7597464,2,2,2,2
2025-09-03 13:05:17.358,-1280399,-2333723,-6515651,-7597066,2,2,2,2
2025-09-03 13:05:17.361,-1280253,-6527940,-6515432,-7596873,2,2,2,2
2025-09-03 13:05:17.363,-3377006,-6544115,-6515198,-3402372,2,2,2,2
2025-09-03 13:05:17.366,-3376773,-6543857,-6514944,-7596386,2,2,2,2
2025-09-03 13:05:17.369,-1279098,-6526959,-4417269,-7595826,2,2,2,2
2025-09-03 13:05:17.372,-1278960,-4429591,-6497847,-7595632,2,2,2,2
2025-09-03 13:05:17.375,-1278707,-2332190,-6513932,-7595296,2,2,2,2
2025-09-03 13:05:17.377,-1278482,-6542691,-6513671,-3400724,2,2,2,2
2025-09-03 13:05:17.380,-1278357,-6542495,-6513539,-3392379,2,2,2,2
2025-09-03 13:05:17.383,-1294479,-6525838,-2318955,-7594781,2,2,2,2
2025-09-03 13:05:17.386,-1278057,-6525725,-4415990,-7594684,2,2,2,2
2025-09-03 13:05:17.388,-1261257,-6525338,-2310167,-7594245,2,2,2,2
2025-09-03 13:05:17.391,-1277412,-6525141,-6496019,-7593964,2,2,2,2
2025-09-03 13:05:17.394,-1276953,-6524680,-4398718,-7593481,2,2,2,2
2025-09-03 13:05:17.396,-1276687,-2330352,-6495520,-3382758,2,2,2,2
2025-09-03 13:05:17.399,-1276559,-6540574,-6495098,-3390455,2,2,2,2
2025-09-03 13:05:17.402,-1276391,-6524023,-6494899,-7576334,2,2,2,2
2025-09-03 13:05:17.405,-3373310,-6540168,-6494620,-3389953,2,2,2,2
2025-09-03 13:05:17.407,-1275882,-6539891,-6494328,-3389597,2,2,2,2
2025-09-03 13:05:17.410,-1275550,-6539541,-6493967,-3389298,2,2,2,2
2025-09-03 13:05:17.413,-1275113,-4425572,-6493716,-7575143,2,2,2,2
2025-09-03 13:05:17.415,-1258524,-6522499,-2299249,-7574837,2,2,2,2
2025-09-03 13:05:17.418,-1274655,-4425085,-6493225,-7574626,2,2,2,2
2025-09-03 13:05:17.421,-1258043,-6521982,-2306837,-7574288,2,2,2,2
2025-09-03 13:05:17.423,-1257737,-6521625,-2306534,-7573971,2,2,2,2
2025-09-03 13:05:17.426,-3371148,-6537907,-6492444,-3395853,2,2,2,2
2025-09-03 13:05:17.429,-1273617,-2326884,-6492118,-7573363,2,2,2,2
2025-09-03 13:05:17.432,-1265141,-6521057,-4394517,-7589608,2,2,2,2
2025-09-03 13:05:17.435,-1272944,-6504242,-6491518,-3378437,2,2,2,2
2025-09-03 13:05:17.437,-1272875,-6520338,-6491215,-7572715,2,2,2,2
2025-09-03 13:05:17.440,-1272790,-6520188,-6491059,-7572237,2,2,2,2
2025-09-03 13:05:17.442,-1264264,-6519840,-4393587,-7588576,2,2,2,2
2025-09-03 13:05:17.445,-1272091,-6519790,-6490607,-7571735,2,2,2,2
2025-09-03 13:05:17.448,-1271750,-4422134,-6490115,-7571220,2,2,2,2
2025-09-03 13:05:17.450,-1263254,-6519044,-2295551,-7570956,2,2,2,2
2025-09-03 13:05:17.453,-1254807,-6518785,-2295290,-7570936,2,2,2,2
2025-09-03 13:05:17.456,-1254502,-6518418,-2294906,-7570493,2,2,2,2
2025-09-03 13:05:17.459,-3367786,-6501769,-6488937,-3392284,2,2,2,2
2025-09-03 13:05:17.461,-1270399,-2323593,-6488609,-7569928,2,2,2,2
2025-09-03 13:05:17.464,-1270281,-6517766,-6488467,-7586115,2,2,2,2
2025-09-03 13:05:17.467,-1253594,-6517392,-2293781,-7569380,2,2,2,2
2025-09-03 13:05:17.470,-1253365,-6517214,-2293526,-7569115,2,2,2,2
2025-09-03 13:05:17.473,-1253023,-6516945,-2293242,-7568700,2,2,2,2
2025-09-03 13:05:17.475,-1260812,-6516724,-4390170,-7552211,2,2,2,2
2025-09-03 13:05:17.478,-1252605,-6499992,-6487019,-3373853,2,2,2,2
2025-09-03 13:05:17.480,-1252115,-6516121,-6486721,-7567884,2,2,2,2
2025-09-03 13:05:17.483,-1260175,-6515731,-4389394,-7551305,2,2,2,2
2025-09-03 13:05:17.486,-1259891,-6515697,-2291947,-7567349,2,2,2,2
2025-09-03 13:05:17.489,-3348614,-6498814,-6485997,-3372792,2,2,2,2
2025-09-03 13:05:17.491,-3348370,-6498568,-6485739,-3356140,2,2,2,2
2025-09-03 13:05:17.494,-3348200,-6498310,-6485397,-3355800,2,2,2,2
2025-09-03 13:05:17.497,-1250590,-6514208,-4387825,-7549628,2,2,2,2
2025-09-03 13:05:17.500,-1250318,-2311440,-6484699,-3371392,2,2,2,2
2025-09-03 13:05:17.502,-1250032,-6513904,-6484328,-7565323,2,2,2,2
2025-09-03 13:05:17.505,-1249795,-6513413,-6484090,-7548679,2,2,2,2
2025-09-03 13:05:17.507,-1249526,-6513394,-2289440,-7565023,2,2,2,2
2025-09-03 13:05:17.510,-1249169,-6512950,-6483612,-7548217,2,2,2,2
2025-09-03 13:05:17.513,-1249004,-6512778,-6483396,-7564304,2,2,2,2
2025-09-03 13:05:17.516,-1248659,-6496046,-4385919,-7547611,2,2,2,2
2025-09-03 13:05:17.518,-1248307,-6495742,-6482687,-7563548,2,2,2,2
2025-09-03 13:05:17.521,-1248141,-6495508,-6482456,-7546947,2,2,2,2
2025-09-03 13:05:17.523,-1247981,-2308974,-6481958,-7563116,2,2,2,2
2025-09-03 13:05:17.526,-1247519,-6494875,-6481799,-7562893,2,2,2,2
2025-09-03 13:05:17.529,-1247258,-6494599,-2287131,-7562257,2,2,2,2
2025-09-03 13:05:17.532,-1247026,-4397192,-6481180,-7562256,2,2,2,2
2025-09-03 13:05:17.534,-1246871,-6494177,-2286708,-7562003,2,2,2,2
2025-09-03 13:05:17.537,-1246479,-2299423,-6480864,-7561584,2,2,2,2
2025-09-03 13:05:17.540,-1246445,-6493674,-2278005,-7561217,2,2,2,2
2025-09-03 13:05:17.543,-1245850,-6493124,-2285571,-7544381,2,2,2,2
2025-09-03 13:05:17.546,-1245539,-6492687,-6463352,-3358185,2,2,2,2
2025-09-03 13:05:17.549,-1245316,-6492516,-6463094,-3357931,2,2,2,2
2025-09-03 13:05:17.551,-1310484,-6492390,-4365553,-7543573,2,2,2,2
2025-09-03 13:05:17.554,-1310320,-6491906,-6462463,-3357200,2,2,2,2
2025-09-03 13:05:17.556,-1310067,-6491901,-2267901,-7543043,2,2,2,2
2025-09-03 13:05:17.559,-1309827,-6491390,-2267636,-7542768,2,2,2,2
2025-09-03 13:05:17.562,-1309463,-4394114,-6477897,-7542371,2,2,2,2
2025-09-03 13:05:17.564,-1309220,-4393863,-6477627,-7542026,2,2,2,2
2025-09-03 13:05:17.567,-1309082,-6490617,-2266753,-7541808,2,2,2,2
2025-09-03 13:05:17.570,-1308678,-6490382,-2266521,-7541564,2,2,2,2
2025-09-03 13:05:17.572,-1308667,-6490121,-6460543,-3355155,2,2,2,2
2025-09-03 13:05:17.575,-1308202,-4392823,-6476736,-7541094,2,2,2,2
2025-09-03 13:05:17.578,-1307779,-6489393,-4362654,-7540490,2,2,2,2
2025-09-03 13:05:17.581,-1307517,-6489126,-6459517,-7540213,2,2,2,2
2025-09-03 13:05:17.584,-1307275,-6488862,-2264945,-7539928,2,2,2,2
2025-09-03 13:05:17.586,-1307083,-6488603,-6475331,-7539583,2,2,2,2
2025-09-03 13:05:17.589,-1306884,-6488463,-6458768,-3345051,2,2,2,2
2025-09-03 13:05:17.592,-1306614,-6488120,-2264175,-7538975,2,2,2,2
2025-09-03 13:05:17.595,-1306227,-2358937,-6458054,-7538547,2,2,2,2
2025-09-03 13:05:17.597,-1306112,-6552942,-2263300,-7538412,2,2,2,2
2025-09-03 13:05:17.600,-1305854,-4455521,-6473973,-7538062,2,2,2,2
2025-09-03 13:05:17.603,-3402526,-6552371,-6457081,-7537801,2,2,2,2
2025-09-03 13:05:17.606,-1305083,-6552075,-4359555,-7537419,2,2,2,2
2025-09-03 13:05:17.608,-1304790,-6551779,-6472714,-7537035,2,2,2,2
2025-09-03 13:05:17.612,-1304325,-2356997,-6456100,-7536789,2,2,2,2
2025-09-03 13:05:17.614,-1304082,-4454143,-6472242,-7536499,2,2,2,2
2025-09-03 13:05:17.617,-1303816,-4453603,-6471927,-7535880,2,2,2,2
2025-09-03 13:05:17.620,-1303423,-6550292,-6455060,-7535676,2,2,2,2
2025-09-03 13:05:17.623,-1303301,-6550230,-4357764,-7535497,2,2,2,2
2025-09-03 13:05:17.626,-1294819,-6549792,-2260231,-7535107,2,2,2,2
2025-09-03 13:05:17.628,-1302567,-6549648,-6437757,-7534690,2,2,2,2
2025-09-03 13:05:17.631,-1294325,-6549269,-4356844,-7534469,2,2,2,2
2025-09-03 13:05:17.634,-1285689,-4451984,-6437157,-7534327,2,2,2,2
2025-09-03 13:05:17.636,-1285408,-6548852,-6453499,-3339640,2,2,2,2
2025-09-03 13:05:17.639,-1285322,-6548622,-6436661,-7533711,2,2,2,2
2025-09-03 13:05:17.642,-1285085,-2353815,-6452761,-7533194,2,2,2,2
2025-09-03 13:05:17.645,-1284601,-2345446,-6452248,-7532921,2,2,2,2
2025-09-03 13:05:17.647,-3381395,-6547523,-6452108,-3330033,2,2,2,2
2025-09-03 13:05:17.650,-1283872,-6547190,-6451729,-7532054,2,2,2,2
2025-09-03 13:05:17.653,-1283691,-6546943,-6451471,-7531828,2,2,2,2
2025-09-03 13:05:17.655,-1299905,-6546789,-2240614,-7531551,2,2,2,2
2025-09-03 13:05:17.658,-1283200,-6546428,-6450938,-7531419,2,2,2,2
2025-09-03 13:05:17.661,-1283068,-6546020,-6434154,-7531004,2,2,2,2
2025-09-03 13:05:17.663,-1282698,-2343403,-6450394,-7530598,2,2,2,2
2025-09-03 13:05:17.666,-1282529,-6545653,-6433682,-7530342,2,2,2,2
2025-09-03 13:05:17.669,-1282077,-6528881,-6433293,-7530116,2,2,2,2
2025-09-03 13:05:17.671,-1281787,-6528515,-4352229,-7529740,2,2,2,2
2025-09-03 13:05:17.674,-1297978,-6528366,-6432769,-7529499,2,2,2,2
2025-09-03 13:05:17.677,-1281272,-4430822,-6432327,-7529087,2,2,2,2
2025-09-03 13:05:17.679,-1280901,-6527528,-4351388,-7528945,2,2,2,2
2025-09-03 13:05:17.682,-1297039,-6527336,-2253957,-7528654,2,2,2,2
2025-09-03 13:05:17.685,-3377524,-6543363,-6447724,-3333730,2,2,2,2
2025-09-03 13:05:17.688,-1296269,-6526493,-2244976,-7511323,2,2,2,2
2025-09-03 13:05:17.691,-1296096,-6526308,-6430826,-7511054,2,2,2,2
2025-09-03 13:05:17.693,-1279492,-2339956,-6430657,-7510804,2,2,2,2
2025-09-03 13:05:17.696,-1279008,-6525891,-4332924,-7526657,2,2,2,2
2025-09-03 13:05:17.699,-1278769,-6525583,-6429825,-7510021,2,2,2,2
2025-09-03 13:05:17.701,-1278563,-6525219,-4332313,-7526287,2,2,2,2
2025-09-03 13:05:17.705,-1278319,-2330480,-6429207,-7509370,2,2,2,2
2025-09-03 13:05:17.707,-1278097,-6540924,-6428951,-3323010,2,2,2,2
2025-09-03 13:05:17.710,-3374963,-6540569,-6428644,-7525374,2,2,2,2
2025-09-03 13:05:17.713,-1277538,-2329851,-6428353,-7508622,2,2,2,2
2025-09-03 13:05:17.715,-1277207,-2329577,-6427945,-7508332,2,2,2,2
2025-09-03 13:05:17.718,-1277046,-2329334,-6427958,-7508078,2,2,2,2
2025-09-03 13:05:17.721,-1276686,-6523345,-6427639,-7524298,2,2,2,2
2025-09-03 13:05:17.723,-1260273,-6522977,-2232973,-7507557,2,2,2,2
2025-09-03 13:05:17.726,-1276393,-6522628,-4329759,-7523574,2,2,2,2
2025-09-03 13:05:17.729,-1275907,-6522386,-4329504,-7523274,2,2,2,2
2025-09-03 13:05:17.731,-1275748,-2327914,-6426417,-7506667,2,2,2,2
2025-09-03 13:05:17.735,-1275414,-2327570,-6426127,-7506306,2,2,2,2
2025-09-03 13:05:17.737,-1275364,-6538129,-6425991,-3311871,2,2,2,2
2025-09-03 13:05:17.740,-1274928,-4424210,-6425856,-7505766,2,2,2,2
2025-09-03 13:05:17.743,-1274741,-2326793,-6425586,-7505414,2,2,2,2
2025-09-03 13:05:17.745,-1274395,-2326762,-6425148,-7505295,2,2,2,2
2025-09-03 13:05:17.748,-3371499,-6504271,-6424833,-3327226,2,2,2,2
2025-09-03 13:05:17.750,-1257600,-6520316,-2230129,-7504434,2,2,2,2
2025-09-03 13:05:17.753,-3370994,-6503739,-6424210,-3326338,2,2,2,2
2025-09-03 13:05:17.756,-3370761,-6503456,-6424215,-7520631,2,2,2,2
2025-09-03 13:05:17.759,-1273317,-6519454,-6423606,-7503853,2,2,2,2
2025-09-03 13:05:17.762,-1272850,-4422159,-6423373,-7503603,2,2,2,2
2025-09-03 13:05:17.765,-1272580,-2324727,-6423294,-7503242,2,2,2,2
2025-09-03 13:05:17.768,-1272427,-6518543,-6422808,-7486345,2,2,2,2
2025-09-03 13:05:17.770,-3369326,-6502149,-6422783,-3292017,2,2,2,2
2025-09-03 13:05:17.773,-3368972,-6501835,-6487937,-3291625,2,2,2,2
2025-09-03 13:05:17.776,-1271557,-6517887,-6487409,-7501957,2,2,2,2
2025-09-03 13:05:17.779,-1271271,-4420368,-6487288,-7501577,2,2,2,2
2025-09-03 13:05:17.782,-1271092,-2323090,-6486822,-7501422,2,2,2,2
2025-09-03 13:05:17.784,-1254407,-6517014,-2292466,-7501027,2,2,2,2
2025-09-03 13:05:17.787,-1270557,-6500464,-6486500,-3306392,2,2,2,2
2025-09-03 13:05:17.789,-1262195,-6516677,-2291967,-7500508,2,2,2,2
2025-09-03 13:05:17.792,-1253764,-6516428,-2291708,-7500242,2,2,2,2
2025-09-03 13:05:17.795,-1253235,-6515831,-2291091,-7499806,2,2,2,2
2025-09-03 13:05:17.797,-1252967,-6499086,-6485110,-3297014,2,2,2,2
2025-09-03 13:05:17.800,-1260819,-6515191,-2290454,-7499211,2,2,2,2
2025-09-03 13:05:17.803,-1252410,-2320665,-6484514,-7498879,2,2,2,2
2025-09-03 13:05:17.806,-1252228,-2312202,-6484251,-7498619,2,2,2,2
2025-09-03 13:05:17.808,-3349245,-6498176,-6484097,-3295889,2,2,2,2
2025-09-03 13:05:17.811,-1251710,-6514156,-2281191,-7497965,2,2,2,2
2025-09-03 13:05:17.814,-1251383,-6513812,-6483330,-7497591,2,2,2,2
2025-09-03 13:05:17.817,-1251289,-6513640,-6483125,-7497357,2,2,2,2
2025-09-03 13:05:17.820,-1250926,-6513267,-2280218,-7496962,2,2,2,2
2025-09-03 13:05:17.822,-1250590,-4415771,-6482675,-7496858,2,2,2,2
2025-09-03 13:05:17.825,-1250326,-4415744,-6482317,-7496557,2,2,2,2
2025-09-03 13:05:17.827,-1258241,-6496230,-4384880,-7480057,2,2,2,2
2025-09-03 13:05:17.830,-1249908,-6495745,-2287481,-7495936,2,2,2,2
2025-09-03 13:05:17.833,-1249544,-6495627,-6481651,-3293299,2,2,2,2
2025-09-03 13:05:17.835,-1249294,-4398232,-6481408,-7479150,2,2,2,2
2025-09-03 13:05:17.838,-1249048,-6495111,-2286821,-7478798,2,2,2,2
2025-09-03 13:05:17.841,-1249017,-6494822,-2286468,-7478481,2,2,2,2
2025-09-03 13:05:17.844,-1248671,-2308608,-6480397,-7478032,2,2,2,2
2025-09-03 13:05:17.846,-1248506,-6494228,-2277654,-7477771,2,2,2,2
2025-09-03 13:05:17.850,-1247873,-6493836,-2269059,-7477286,2,2,2,2
2025-09-03 13:05:17.852,-1247683,-6493569,-6479473,-7477008,2,2,2,2
2025-09-03 13:05:17.855,-1247482,-6493434,-4365793,-7476788,2,2,2,2
2025-09-03 13:05:17.858,-1247180,-2298739,-6478876,-7476630,2,2,2,2
2025-09-03 13:05:17.860,-1246848,-6492725,-6462184,-3290220,2,2,2,2
2025-09-03 13:05:17.863,-1246669,-4395290,-6478325,-7475743,2,2,2,2
2025-09-03 13:05:17.866,-1246165,-2297627,-6461416,-7475457,2,2,2,2
2025-09-03 13:05:17.868,-1245838,-6491897,-2266753,-7475161,2,2,2,2
2025-09-03 13:05:17.871,-1245595,-6491399,-2274693,-7474899,2,2,2,2
2025-09-03 13:05:17.874,-1245322,-6491296,-2274325,-7474466,2,2,2,2
2025-09-03 13:05:17.876,-1245141,-2296818,-6460182,-7474194,2,2,2,2
2025-09-03 13:05:17.879,-1244867,-6490866,-2273805,-7474172,2,2,2,2
2025-09-03 13:05:17.882,-1244568,-2295944,-6459613,-3279234,2,2,2,2
2025-09-03 13:05:17.885,-1244365,-6489979,-6475642,-7473166,2,2,2,2
2025-09-03 13:05:17.888,-1243917,-6489845,-6459117,-3278716,2,2,2,2
2025-09-03 13:05:17.890,-1243892,-6489547,-4361595,-7472645,2,2,2,2
2025-09-03 13:05:17.893,-1243619,-6489131,-4361242,-7472610,2,2,2,2
2025-09-03 13:05:17.896,-1243342,-6488861,-6474738,-7472235,2,2,2,2
2025-09-03 13:05:17.898,-1243082,-4391429,-6474453,-7471876,2,2,2,2
2025-09-03 13:05:17.901,-1242836,-4391418,-6474119,-7471599,2,2,2,2
2025-09-03 13:05:17.904,-1242499,-2293996,-6457385,-7471239,2,2,2,2
2025-09-03 13:05:17.907,-1242247,-2293729,-6457109,-7536482,2,2,2,2
2025-09-03 13:05:17.910,-1241868,-6487575,-2262403,-7536321,2,2,2,2
2025-09-03 13:05:17.913,-1241464,-6487152,-2262166,-7535816,2,2,2,2
2025-09-03 13:05:17.915,-1241145,-6486882,-6472576,-7535461,2,2,2,2
2025-09-03 13:05:17.918,-1232779,-6486581,-2261373,-7535126,2,2,2,2
2025-09-03 13:05:17.921,-1240578,-2292196,-6455525,-7534974,2,2,2,2
2025-09-03 13:05:17.924,-1240338,-6486251,-6455196,-7534698,2,2,2,2
2025-09-03 13:05:17.926,-3337366,-6485824,-6454802,-3339926,2,2,2,2
2025-09-03 13:05:17.929,-3336833,-6485257,-6454508,-3339552,2,2,2,2
2025-09-03 13:05:17.932,-1239309,-6485038,-6454039,-7533432,2,2,2,2
2025-09-03 13:05:17.935,-1239270,-2290446,-6453990,-7533313,2,2,2,2
2025-09-03 13:05:17.937,-1239013,-2290176,-6453708,-7533029,2,2,2,2
2025-09-03 13:05:17.940,-1238842,-6484349,-6437116,-7532812,2,2,2,2
2025-09-03 13:05:17.943,-1238502,-6484202,-6453017,-3329817,2,2,2,2
2025-09-03 13:05:17.945,-1238169,-6483917,-4355824,-7532233,2,2,2,2
2025-09-03 13:05:17.948,-1237781,-6483205,-6452255,-3329033,2,2,2,2
2025-09-03 13:05:17.951,-1237532,-6482948,-2257690,-7531510,2,2,2,2
2025-09-03 13:05:17.953,-1229055,-6482899,-4354793,-7531068,2,2,2,2
2025-09-03 13:05:17.956,-1220378,-6482405,-6451447,-3336316,2,2,2,2
2025-09-03 13:05:17.959,-1220118,-6482147,-6434747,-7530268,2,2,2,2
2025-09-03 13:05:17.961,-1220059,-4384609,-6434361,-7530119,2,2,2,2
2025-09-03 13:05:17.964,-1236119,-6481662,-2256360,-7529737,2,2,2,2
2025-09-03 13:05:17.967,-1235519,-6481030,-2247455,-7529264,2,2,2,2
2025-09-03 13:05:17.970,-3316195,-6480651,-6449890,-3334629,2,2,2,2
2025-09-03 13:05:17.973,-1218671,-6480446,-6449412,-7528717,2,2,2,2
2025-09-03 13:05:17.975,-1218552,-6480373,-6449278,-7528313,2,2,2,2
2025-09-03 13:05:17.978,-1226241,-6480121,-4351860,-7527996,2,2,2,2
2025-09-03 13:05:17.980,-1217897,-6463247,-6448778,-7527783,2,2,2,2
2025-09-03 13:05:17.983,-1217553,-6463218,-6448482,-7527665,2,2,2,2
2025-09-03 13:05:17.986,-1225706,-6462926,-4350957,-7527216,2,2,2,2
2025-09-03 13:05:17.989,-1217061,-4365300,-6431247,-7510407,2,2,2,2
2025-09-03 13:05:17.992,-1216609,-2267807,-6447355,-7510120,2,2,2,2
2025-09-03 13:05:17.994,-1216401,-6478087,-6430477,-3323510,2,2,2,2
2025-09-03 13:05:17.998,-1215884,-6461431,-4333039,-7525648,2,2,2,2
2025-09-03 13:05:18.000,-1215717,-6460944,-6429942,-7525380,2,2,2,2
2025-09-03 13:05:18.003,-1215342,-6460868,-4332396,-7524907,2,2,2,2
2025-09-03 13:05:18.006,-1215029,-6460547,-6429284,-7508252,2,2,2,2
2025-09-03 13:05:18.009,-1231221,-6460017,-2242824,-7507957,2,2,2,2
2025-09-03 13:05:18.011,-1214688,-4362643,-6428697,-7507716,2,2,2,2
2025-09-03 13:05:18.014,-1214219,-2265317,-6428218,-7507455,2,2,2,2
2025-09-03 13:05:18.017,-1230385,-6459145,-2233731,-7506954,2,2,2,2
2025-09-03 13:05:18.020,-1229956,-6458898,-2233473,-7506688,2,2,2,2
2025-09-03 13:05:18.023,-1229585,-6458517,-2233082,-7506230,2,2,2,2
2025-09-03 13:05:18.025,-1213025,-6458328,-4329977,-7522340,2,2,2,2
2025-09-03 13:05:18.028,-1212696,-6457915,-2232465,-7505897,2,2,2,2
2025-09-03 13:05:18.031,-1212470,-6457740,-6426558,-7505392,2,2,2,2
2025-09-03 13:05:18.033,-1212272,-6457403,-4329088,-7521418,2,2,2,2
2025-09-03 13:05:18.036,-1195398,-6456976,-2231434,-7504835,2,2,2,2
2025-09-03 13:05:18.039,-1211501,-6473071,-6425371,-3310100,2,2,2,2
2025-09-03 13:05:18.041,-1211193,-6456435,-6425146,-7504128,2,2,2,2
2025-09-03 13:05:18.044,-1210906,-2261766,-6425061,-7503742,2,2,2,2
2025-09-03 13:05:18.046,-1210847,-4358793,-6424627,-7503587,2,2,2,2
2025-09-03 13:05:18.049,-1210236,-6471703,-6424216,-3308571,2,2,2,2
2025-09-03 13:05:18.052,-1209875,-6455280,-2229612,-7486431,2,2,2,2
2025-09-03 13:05:18.055,-1209661,-2260733,-6423615,-7502561,2,2,2,2
2025-09-03 13:05:18.057,-1193116,-6454626,-2228887,-7502060,2,2,2,2
2025-09-03 13:05:18.060,-1209281,-4357110,-6422850,-7501671,2,2,2,2
2025-09-03 13:05:18.062,-1208862,-6437502,-6422754,-3307167,2,2,2,2
2025-09-03 13:05:18.065,-1192201,-6453523,-2228083,-7501090,2,2,2,2
2025-09-03 13:05:18.068,-1208307,-2259191,-6422035,-7500783,2,2,2,2
2025-09-03 13:05:18.070,-3304992,-6436685,-6421621,-3305999,2,2,2,2
2025-09-03 13:05:18.073,-1207660,-6452523,-6421350,-7483635,2,2,2,2
2025-09-03 13:05:18.076,-1199237,-6452279,-4323945,-7483333,2,2,2,2
2025-09-03 13:05:18.079,-1198833,-6452175,-4323443,-7483099,2,2,2,2
2025-09-03 13:05:18.082,-1190169,-6451689,-2226049,-7498983,2,2,2,2
2025-09-03 13:05:18.085,-1206332,-4354303,-6420186,-7498740,2,2,2,2
2025-09-03 13:05:18.087,-1206041,-6434702,-6419737,-3295846,2,2,2,2
2025-09-03 13:05:18.090,-1205781,-4353654,-6419458,-7497993,2,2,2,2
2025-09-03 13:05:18.092,-1197416,-6450629,-4322050,-7481350,2,2,2,2
2025-09-03 13:05:18.095,-1188978,-6450297,-2224614,-7497695,2,2,2,2
2025-09-03 13:05:18.098,-1205233,-2255857,-6418454,-7497205,2,2,2,2
2025-09-03 13:05:18.101,-3302021,-6433337,-6418324,-7480434,2,2,2,2
2025-09-03 13:05:18.104,-1204452,-6432911,-6417900,-3294075,2,2,2,2
2025-09-03 13:05:18.106,-1196019,-6449109,-4320408,-7479874,2,2,2,2
2025-09-03 13:05:18.110,-1187530,-2254367,-6417174,-7495821,2,2,2,2
2025-09-03 13:05:18.112,-1187183,-6448380,-2222574,-7479059,2,2,2,2
2025-09-03 13:05:18.115,-1186695,-6448127,-2214125,-7478530,2,2,2,2
2025-09-03 13:05:18.118,-1186411,-2253466,-6416321,-7478415,2,2,2,2
2025-09-03 13:05:18.120,-1186302,-2253158,-6415873,-7478025,2,2,2,2
2025-09-03 13:05:18.123,-1185917,-2244577,-6415403,-7477617,2,2,2,2
2025-09-03 13:05:18.126,-1185651,-6430405,-6415111,-7477501,2,2,2,2
2025-09-03 13:05:18.129,-1185173,-6430098,-2220555,-7476964,2,2,2,2
2025-09-03 13:05:18.132,-1184975,-6429667,-2211862,-7476709,2,2,2,2
2025-09-03 13:05:18.135,-1184531,-2235126,-6397729,-7476206,2,2,2,2
2025-09-03 13:05:18.137,-1184410,-6429043,-2211486,-7475979,2,2,2,2
2025-09-03 13:05:18.140,-1183785,-6428664,-2219028,-7475583,2,2,2,2
2025-09-03 13:05:18.143,-1183527,-4331251,-6413299,-7475226,2,2,2,2
2025-09-03 13:05:18.145,-1183347,-2242034,-6396651,-7474939,2,2,2,2
2025-09-03 13:05:18.148,-1182991,-6427846,-6396277,-7474560,2,2,2,2
2025-09-03 13:05:18.151,-1182954,-2241299,-6395908,-3280127,2,2,2,2
2025-09-03 13:05:18.153,-1182543,-6427287,-2217594,-7474025,2,2,2,2
2025-09-03 13:05:18.156,-1181975,-6426737,-6395157,-3279342,2,2,2,2
2025-09-03 13:05:18.159,-1181914,-4329441,-6411127,-7473158,2,2,2,2
2025-09-03 13:05:18.162,-1181415,-2231708,-6394397,-7472880,2,2,2,2
2025-09-03 13:05:18.165,-1181190,-6425837,-6394218,-7472619,2,2,2,2
2025-09-03 13:05:18.167,-1180872,-6425485,-2199549,-7472174,2,2,2,2
2025-09-03 13:05:18.170,-1180643,-6425204,-6409962,-7471888,2,2,2,2
2025-09-03 13:05:18.173,-1180301,-6424847,-6393206,-3277188,2,2,2,2
2025-09-03 13:05:18.176,-1180053,-6424587,-2198631,-7471151,2,2,2,2
2025-09-03 13:05:18.179,-1179788,-6424307,-2198277,-7470844,2,2,2,2
2025-09-03 13:05:18.181,-3342199,-6423990,-6392222,-3276178,2,2,2,2
2025-09-03 13:05:18.184,-1244721,-4326539,-6408401,-7470203,2,2,2,2
2025-09-03 13:05:18.187,-1244394,-2229241,-6391794,-7469969,2,2,2,2
2025-09-03 13:05:18.190,-1244137,-6423021,-4294042,-7469387,2,2,2,2
2025-09-03 13:05:18.193,-1243619,-6422750,-2196607,-7469060,2,2,2,2
2025-09-03 13:05:18.196,-1243287,-6487939,-2196245,-7468746,2,2,2,2
2025-09-03 13:05:18.198,-3340146,-6487562,-6390166,-3274232,2,2,2,2
2025-09-03 13:05:18.201,-1242776,-2292845,-6389995,-7468037,2,2,2,2
2025-09-03 13:05:18.204,-1242433,-6486944,-2195297,-7467830,2,2,2,2
2025-09-03 13:05:18.206,-1242167,-4389611,-6372900,-7467632,2,2,2,2
2025-09-03 13:05:18.209,-3339040,-6486471,-6388977,-7467242,2,2,2,2
2025-09-03 13:05:18.212,-1241480,-6485980,-6388484,-7466738,2,2,2,2
2025-09-03 13:05:18.214,-1241338,-2291465,-6388255,-7466487,2,2,2,2
2025-09-03 13:05:18.217,-1240834,-2290958,-6388000,-7466217,2,2,2,2
2025-09-03 13:05:18.219,-1240593,-6485005,-2193165,-7465686,2,2,2,2
2025-09-03 13:05:18.222,-1240308,-2290333,-6371035,-7465313,2,2,2,2
2025-09-03 13:05:18.225,-1239939,-2290026,-6386975,-7465120,2,2,2,2
2025-09-03 13:05:18.227,-1239782,-2289786,-6386727,-7464847,2,2,2,2
2025-09-03 13:05:18.230,-1239359,-6483940,-2192010,-7464416,2,2,2,2
2025-09-03 13:05:18.233,-1238996,-6483201,-6369506,-7463926,2,2,2,2
2025-09-03 13:05:18.236,-1238784,-6482997,-4288516,-7463677,2,2,2,2
2025-09-03 13:05:18.238,-1238630,-2280326,-6385436,-7463439,2,2,2,2
2025-09-03 13:05:18.241,-1238240,-6482684,-6368640,-7463014,2,2,2,2
2025-09-03 13:05:18.243,-1237895,-2279821,-6384653,-7446500,2,2,2,2
2025-09-03 13:05:18.246,-1229444,-6481860,-4287220,-7462208,2,2,2,2
2025-09-03 13:05:18.249,-1237294,-6481506,-6367626,-7445509,2,2,2,2
2025-09-03 13:05:18.252,-1220595,-6481356,-6383861,-3259257,2,2,2,2
2025-09-03 13:05:18.254,-1220357,-4383978,-6366977,-7445095,2,2,2,2
2025-09-03 13:05:18.257,-1219958,-2286349,-6383119,-7444597,2,2,2,2
2025-09-03 13:05:18.260,-1219830,-2285955,-6382648,-7444368,2,2,2,2
2025-09-03 13:05:18.263,-1235789,-6480101,-2171792,-7443949,2,2,2,2
2025-09-03 13:05:18.266,-1219073,-2277222,-6382089,-3249169,2,2,2,2
2025-09-03 13:05:18.268,-1218705,-6462961,-4284554,-7459714,2,2,2,2
2025-09-03 13:05:18.271,-1234806,-6462669,-2170651,-7442951,2,2,2,2
2025-09-03 13:05:18.274,-1234494,-6462320,-2178549,-7442652,2,2,2,2
2025-09-03 13:05:18.277,-1217770,-2275824,-6364194,-7442175,2,2,2,2
2025-09-03 13:05:18.280,-1217387,-2267168,-6364116,-7441692,2,2,2,2
2025-09-03 13:05:18.282,-1233596,-6461332,-2177522,-7441458,2,2,2,2
2025-09-03 13:05:18.285,-3314054,-6477347,-6363264,-7457527,2,2,2,2
2025-09-03 13:05:18.288,-1216499,-6476948,-6363039,-3246343,2,2,2,2
2025-09-03 13:05:18.291,-1216227,-4363114,-6362447,-7440272,2,2,2,2
2025-09-03 13:05:18.294,-1215534,-4362653,-6362087,-7439860,2,2,2,2
2025-09-03 13:05:18.296,-1231625,-6459506,-2167408,-7439397,2,2,2,2
2025-09-03 13:05:18.299,-1215231,-4362006,-6361357,-7439349,2,2,2,2
2025-09-03 13:05:18.302,-3312005,-6475219,-6361212,-7455259,2,2,2,2
2025-09-03 13:05:18.305,-1214476,-6458395,-4263677,-7454899,2,2,2,2
2025-09-03 13:05:18.307,-1214099,-2263965,-6360373,-7438332,2,2,2,2
2025-09-03 13:05:18.310,-1230330,-6457842,-6360188,-7437819,2,2,2,2
2025-09-03 13:05:18.313,-1213560,-6473747,-6359709,-3243013,2,2,2,2
2025-09-03 13:05:18.316,-1213178,-4360071,-6359552,-7437159,2,2,2,2
2025-09-03 13:05:18.319,-1212682,-2262411,-6359039,-7436570,2,2,2,2
2025-09-03 13:05:18.321,-3309689,-6472949,-6358806,-3225708,2,2,2,2
2025-09-03 13:05:18.325,-1212215,-6456293,-6358277,-7436026,2,2,2,2
2025-09-03 13:05:18.327,-1212021,-6456024,-4261103,-7419334,2,2,2,2
2025-09-03 13:05:18.330,-1195140,-6455516,-2163434,-7435461,2,2,2,2
2025-09-03 13:05:18.333,-1194887,-6455173,-2163090,-7434786,2,2,2,2
2025-09-03 13:05:18.336,-3308061,-6438423,-6357018,-7418257,2,2,2,2
2025-09-03 13:05:18.338,-1210843,-4357521,-6422473,-7434483,2,2,2,2
2025-09-03 13:05:18.341,-1194110,-6454377,-2227721,-7434040,2,2,2,2
2025-09-03 13:05:18.343,-1210094,-6437515,-6421611,-3231116,2,2,2,2
2025-09-03 13:05:18.346,-1209815,-4356459,-6421256,-7433245,2,2,2,2
2025-09-03 13:05:18.349,-1209455,-2258937,-6420800,-7432840,2,2,2,2
2025-09-03 13:05:18.352,-1192923,-6453007,-2226326,-7432584,2,2,2,2
2025-09-03 13:05:18.354,-1192524,-6452629,-2225941,-7432198,2,2,2,2
2025-09-03 13:05:18.357,-1192142,-6452475,-6420073,-7431947,2,2,2,2
2025-09-03 13:05:18.360,-1200026,-6452203,-4322578,-7415245,2,2,2,2
2025-09-03 13:05:18.362,-1208062,-2257405,-6419244,-3237089,2,2,2,2
2025-09-03 13:05:18.365,-1199330,-6451414,-2224614,-7430697,2,2,2,2
2025-09-03 13:05:18.368,-1207243,-6451064,-6418561,-7430647,2,2,2,2
2025-09-03 13:05:18.371,-1206905,-6434321,-6418285,-3227783,2,2,2,2
2025-09-03 13:05:18.373,-1190256,-6450196,-2223625,-7413291,2,2,2,2
2025-09-03 13:05:18.376,-1206296,-4353002,-6417586,-7413230,2,2,2,2
2025-09-03 13:05:18.379,-1205764,-2255224,-6417175,-7412579,2,2,2,2
2025-09-03 13:05:18.382,-1205526,-2246781,-6416664,-7412236,2,2,2,2
2025-09-03 13:05:18.384,-1188760,-6448886,-2214020,-7411757,2,2,2,2
2025-09-03 13:05:18.387,-1188554,-6448652,-2221978,-7411584,2,2,2,2
2025-09-03 13:05:18.390,-1196439,-6448358,-4318826,-7411453,2,2,2,2
2025-09-03 13:05:18.392,-1188104,-6448141,-2213252,-7410952,2,2,2,2
2025-09-03 13:05:18.396,-1187580,-6447592,-2212624,-7410639,2,2,2,2
2025-09-03 13:05:18.398,-1187297,-6430843,-6414746,-3224082,2,2,2,2
2025-09-03 13:05:18.401,-1187056,-4333451,-6414546,-7409925,2,2,2,2
2025-09-03 13:05:18.404,-1186776,-2236017,-6397758,-7409560,2,2,2,2
2025-09-03 13:05:18.406,-1186432,-6429965,-2211350,-7409183,2,2,2,2
2025-09-03 13:05:18.409,-1186027,-6429543,-6413341,-7408742,2,2,2,2
2025-09-03 13:05:18.412,-1185566,-6429332,-6413183,-7408499,2,2,2,2
2025-09-03 13:05:18.415,-1193721,-6428973,-4299264,-7408106,2,2,2,2
2025-09-03 13:05:18.418,-1185007,-6428422,-6396063,-3213433,2,2,2,2
2025-09-03 13:05:18.420,-1184795,-4331120,-6412033,-7407504,2,2,2,2
2025-09-03 13:05:18.423,-1184550,-4330856,-6411977,-7407224,2,2,2,2
2025-09-03 13:05:18.426,-1184240,-6427625,-2200607,-7406825,2,2,2,2
2025-09-03 13:05:18.428,-1183952,-4330113,-6411215,-7406439,2,2,2,2
2025-09-03 13:05:18.431,-1183483,-2232807,-6394382,-7405928,2,2,2,2
2025-09-03 13:05:18.434,-1182987,-2232212,-6394100,-7405586,2,2,2,2
2025-09-03 13:05:18.436,-1182953,-6426222,-2199435,-7470803,2,2,2,2
2025-09-03 13:05:18.439,-1182251,-6425832,-6409722,-7470325,2,2,2,2
2025-09-03 13:05:18.442,-1181968,-2231177,-6393040,-7469949,2,2,2,2
2025-09-03 13:05:18.444,-1181888,-6425094,-2198282,-7469805,2,2,2,2
2025-09-03 13:05:18.447,-1181451,-6424938,-2214162,-7469304,2,2,2,2
2025-09-03 13:05:18.450,-1181156,-4327415,-6408158,-7468903,2,2,2,2
2025-09-03 13:05:18.453,-1180871,-4327069,-6407986,-7468788,2,2,2,2
2025-09-03 13:05:18.456,-1180656,-2229736,-6391097,-7468279,2,2,2,2
2025-09-03 13:05:18.459,-1180145,-6423519,-2196589,-7467986,2,2,2,2
2025-09-03 13:05:18.462,-1179662,-6423237,-6390380,-3273080,2,2,2,2
2025-09-03 13:05:18.465,-3276555,-6422718,-6390036,-3272806,2,2,2,2
2025-09-03 13:05:18.468,-1179037,-6422303,-6389657,-7466638,2,2,2,2
2025-09-03 13:05:18.470,-1178655,-2227612,-6389252,-7466227,2,2,2,2
2025-09-03 13:05:18.473,-1178361,-6421605,-2178176,-7465763,2,2,2,2
2025-09-03 13:05:18.476,-1178159,-6421384,-6372328,-7465608,2,2,2,2
2025-09-03 13:05:18.479,-1177611,-6421022,-2194021,-7465211,2,2,2,2
2025-09-03 13:05:18.482,-3274516,-6420533,-6387740,-3262366,2,2,2,2
2025-09-03 13:05:18.485,-1177016,-6420362,-2193295,-7464456,2,2,2,2
2025-09-03 13:05:18.487,-1176631,-2225771,-6387237,-7464088,2,2,2,2
2025-09-03 13:05:18.490,-1176362,-4322570,-6370556,-7463778,2,2,2,2
2025-09-03 13:05:18.492,-1176175,-6419209,-2192365,-7463425,2,2,2,2
2025-09-03 13:05:18.495,-3272986,-6419164,-6386291,-7463037,2,2,2,2
2025-09-03 13:05:18.498,-1175621,-6418913,-2191724,-7446316,2,2,2,2
2025-09-03 13:05:18.500,-3272318,-6418378,-6385527,-3260002,2,2,2,2
2025-09-03 13:05:18.503,-1174935,-6418180,-6385279,-7462247,2,2,2,2
2025-09-03 13:05:18.506,-1174642,-6417873,-6384916,-7461836,2,2,2,2
2025-09-03 13:05:18.508,-1174288,-6417516,-2174177,-7445105,2,2,2,2
2025-09-03 13:05:18.511,-1174220,-6417303,-6368002,-7444856,2,2,2,2
2025-09-03 13:05:18.514,-1173534,-6416659,-4286830,-7460803,2,2,2,2
2025-09-03 13:05:18.516,-1173262,-6416635,-6367252,-7444090,2,2,2,2
2025-09-03 13:05:18.519,-1173243,-6416282,-6366956,-7443717,2,2,2,2
2025-09-03 13:05:18.522,-1172759,-4318702,-6366715,-7443214,2,2,2,2
2025-09-03 13:05:18.525,-1172504,-4318619,-6366427,-7443177,2,2,2,2
2025-09-03 13:05:18.528,-1172117,-6415113,-6382350,-7459071,2,2,2,2
2025-09-03 13:05:18.531,-1171718,-6414889,-6381930,-7458562,2,2,2,2
2025-09-03 13:05:18.533,-1171700,-6414616,-2179080,-7442135,2,2,2,2
2025-09-03 13:05:18.536,-1155049,-2220033,-6365149,-7441775,2,2,2,2
2025-09-03 13:05:18.538,-1171195,-6397699,-2178715,-7441437,2,2,2,2
2025-09-03 13:05:18.541,-3251589,-6413767,-6364440,-7457421,2,2,2,2
2025-09-03 13:05:18.543,-1154063,-2202633,-6364120,-7440641,2,2,2,2
2025-09-03 13:05:18.546,-1170330,-6396800,-2169599,-7440410,2,2,2,2
2025-09-03 13:05:18.549,-1153537,-2202265,-6363401,-7440230,2,2,2,2
2025-09-03 13:05:18.552,-1161491,-6396385,-4266001,-7456283,2,2,2,2
2025-09-03 13:05:18.554,-1169459,-6396132,-2168578,-7439626,2,2,2,2
2025-09-03 13:05:18.558,-1169031,-6395656,-2176538,-7439137,2,2,2,2
2025-09-03 13:05:18.560,-1152369,-6411726,-6362361,-3244789,2,2,2,2
2025-09-03 13:05:18.563,-1151881,-6411242,-6361847,-7454872,2,2,2,2
2025-09-03 13:05:18.566,-1151611,-2208392,-6361549,-7438183,2,2,2,2
2025-09-03 13:05:18.568,-1151369,-6394316,-6361213,-7421458,2,2,2,2
2025-09-03 13:05:18.571,-1150985,-6393874,-6361083,-7437436,2,2,2,2
2025-09-03 13:05:18.574,-1150825,-6393637,-4263444,-7420877,2,2,2,2
2025-09-03 13:05:18.577,-1150238,-6393105,-6360317,-7436644,2,2,2,2
2025-09-03 13:05:18.580,-1166433,-6392828,-2165398,-7436278,2,2,2,2
2025-09-03 13:05:18.583,-1165861,-6392555,-6359432,-7435923,2,2,2,2
2025-09-03 13:05:18.585,-3246480,-6408462,-6359199,-3225063,2,2,2,2
2025-09-03 13:05:18.588,-1165378,-6391957,-2164583,-7435294,2,2,2,2
2025-09-03 13:05:18.591,-1148822,-6391551,-6358410,-7418491,2,2,2,2
2025-09-03 13:05:18.593,-1164930,-6391268,-2163741,-7434514,2,2,2,2
2025-09-03 13:05:18.596,-1164522,-6390790,-6357876,-7434247,2,2,2,2
2025-09-03 13:05:18.599,-1147703,-6390667,-6357476,-7433853,2,2,2,2
2025-09-03 13:05:18.602,-1147625,-4293106,-6357001,-7433607,2,2,2,2
2025-09-03 13:05:18.605,-1163549,-6389783,-2162543,-7433188,2,2,2,2
2025-09-03 13:05:18.607,-1146984,-6373189,-6356604,-3230443,2,2,2,2
2025-09-03 13:05:18.610,-1130344,-6389281,-2162029,-7432650,2,2,2,2
2025-09-03 13:05:18.613,-1146356,-2194827,-6355920,-7432437,2,2,2,2
2025-09-03 13:05:18.615,-1129607,-6388742,-2161164,-7431966,2,2,2,2
2025-09-03 13:05:18.618,-3242853,-6372063,-6355426,-3220888,2,2,2,2
2025-09-03 13:05:18.621,-1145496,-6387977,-6354941,-7414986,2,2,2,2
2025-09-03 13:05:18.623,-1128715,-6387840,-2160485,-7430915,2,2,2,2
2025-09-03 13:05:18.626,-1128452,-6387484,-2160126,-7430884,2,2,2,2
2025-09-03 13:05:18.628,-1144726,-2193128,-6353981,-7430428,2,2,2,2
2025-09-03 13:05:18.631,-1144349,-2192739,-6353899,-7413624,2,2,2,2
2025-09-03 13:05:18.634,-1127691,-6386689,-2159251,-7413251,2,2,2,2
2025-09-03 13:05:18.637,-1143599,-6386273,-6353096,-7413014,2,2,2,2
2025-09-03 13:05:18.640,-3240574,-6369613,-6352878,-3226387,2,2,2,2
2025-09-03 13:05:18.642,-1143289,-4288663,-6352441,-7412323,2,2,2,2
2025-09-03 13:05:18.645,-1142774,-2190983,-6352124,-7411960,2,2,2,2
2025-09-03 13:05:18.648,-1142532,-2190724,-6351851,-7411685,2,2,2,2
2025-09-03 13:05:18.651,-3239421,-6368302,-6351511,-7411329,2,2,2,2
2025-09-03 13:05:18.653,-1141919,-6384391,-6351214,-7410960,2,2,2,2
2025-09-03 13:05:18.656,-1125257,-6384363,-2148355,-7410907,2,2,2,2
2025-09-03 13:05:18.658,-3238639,-6367490,-6350602,-3216355,2,2,2,2
2025-09-03 13:05:18.661,-3238261,-6367296,-6350469,-7410193,2,2,2,2
2025-09-03 13:05:18.664,-1140724,-6383352,-6350075,-7409770,2,2,2,2
2025-09-03 13:05:18.666,-1123967,-6382952,-2147180,-7409356,2,2,2,2
2025-09-03 13:05:18.669,-1140104,-6382644,-6349416,-7409041,2,2,2,2
2025-09-03 13:05:18.672,-1131785,-6382573,-4252061,-7408874,2,2,2,2
2025-09-03 13:05:18.675,-1131620,-6382336,-2154744,-7408625,2,2,2,2
2025-09-03 13:05:18.677,-1123076,-6381960,-6348665,-7408235,2,2,2,2
2025-09-03 13:05:18.680,-1122622,-6364931,-6348263,-7407760,2,2,2,2
2025-09-03 13:05:18.683,-1122269,-4267550,-6347773,-7407508,2,2,2,2
2025-09-03 13:05:18.686,-1122176,-6364657,-6331270,-3212815,2,2,2,2
2025-09-03 13:05:18.688,-1121890,-6364287,-2136590,-7407058,2,2,2,2
2025-09-03 13:05:18.691,-1121645,-6364038,-6330642,-3212420,2,2,2,2
2025-09-03 13:05:18.693,-1121393,-6363777,-2136070,-7406377,2,2,2,2
2025-09-03 13:05:18.696,-1121183,-6363551,-2135825,-7406121,2,2,2,2
2025-09-03 13:05:18.699,-3217906,-6363076,-6329623,-3211370,2,2,2,2
2025-09-03 13:05:18.702,-1120331,-6362636,-2151554,-7405452,2,2,2,2
2025-09-03 13:05:18.704,-3217311,-6362422,-6329070,-7405030,2,2,2,2
2025-09-03 13:05:18.707,-1119730,-2175866,-6328808,-7404691,2,2,2,2
2025-09-03 13:05:18.710,-1119465,-2175589,-6328519,-3210094,2,2,2,2
2025-09-03 13:05:18.712,-3216391,-6361405,-6328210,-3209834,2,2,2,2
2025-09-03 13:05:18.715,-1118737,-6361131,-6327670,-7403530,2,2,2,2
2025-09-03 13:05:18.718,-1126787,-6361058,-4230378,-7403338,2,2,2,2
2025-09-03 13:05:18.720,-1118415,-6360802,-6343652,-7403032,2,2,2,2
2025-09-03 13:05:18.723,-1117969,-6360088,-6343186,-7402623,2,2,2,2
2025-09-03 13:05:18.726,-1117759,-6359925,-6343032,-7402391,2,2,2,2
2025-09-03 13:05:18.729,-1117414,-4262625,-6342614,-7402213,2,2,2,2
2025-09-03 13:05:18.731,-1117044,-6359321,-4228612,-7401740,2,2,2,2
2025-09-03 13:05:18.734,-1117038,-6359047,-6325748,-3207408,2,2,2,2
2025-09-03 13:05:18.737,-1116663,-6358987,-4228212,-7401240,2,2,2,2
2025-09-03 13:05:18.739,-1116650,-6358583,-4228124,-7401212,2,2,2,2
2025-09-03 13:05:18.742,-1116395,-6358388,-6341384,-7400860,2,2,2,2
2025-09-03 13:05:18.744,-1116133,-6358312,-6324980,-7400574,2,2,2,2
2025-09-03 13:05:18.747,-1115855,-6358002,-6340988,-7400438,2,2,2,2
2025-09-03 13:05:18.749,-1115570,-6357741,-2113392,-7399839,2,2,2,2
2025-09-03 13:05:18.753,-1115248,-6357444,-2129413,-7399457,2,2,2,2
2025-09-03 13:05:18.756,-1114750,-6422421,-2129156,-7399198,2,2,2,2
2025-09-03 13:05:18.758,-3211748,-6422218,-6323220,-3204639,2,2,2,2
2025-09-03 13:05:18.761,-1114366,-4324848,-6306577,-7398679,2,2,2,2
2025-09-03 13:05:18.763,-1179544,-6421627,-2128359,-7398350,2,2,2,2
2025-09-03 13:05:18.766,-1179377,-6421394,-2128120,-7398100,2,2,2,2
2025-09-03 13:05:18.769,-3276160,-6421049,-6322035,-3203328,2,2,2,2
2025-09-03 13:05:18.772,-1178689,-6420718,-2110973,-7380930,2,2,2,2
2025-09-03 13:05:18.775,-1178245,-6420229,-4224010,-7397067,2,2,2,2
2025-09-03 13:05:18.777,-1178087,-6419982,-2126603,-7380162,2,2,2,2
2025-09-03 13:05:18.780,-1177748,-6419702,-2126327,-7379733,2,2,2,2
2025-09-03 13:05:18.783,-1177580,-4322312,-6304012,-7379472,2,2,2,2
2025-09-03 13:05:18.785,-1177208,-6419078,-2125689,-7379263,2,2,2,2
2025-09-03 13:05:18.788,-1176959,-6418823,-2125422,-7378981,2,2,2,2
2025-09-03 13:05:18.791,-1176561,-6418684,-6319514,-3192467,2,2,2,2
2025-09-03 13:05:18.793,-1176341,-6418185,-2125045,-7378391,2,2,2,2
2025-09-03 13:05:18.796,-1176043,-2223750,-6318888,-7378176,2,2,2,2
2025-09-03 13:05:18.799,-1175712,-6417782,-2124298,-7377879,2,2,2,2
2025-09-03 13:05:18.801,-3272703,-6417592,-6318435,-3199713,2,2,2,2
2025-09-03 13:05:18.804,-3272439,-6417215,-6318080,-7393662,2,2,2,2
2025-09-03 13:05:18.807,-1174944,-6416912,-4220564,-7393281,2,2,2,2
2025-09-03 13:05:18.810,-1174760,-2214165,-6317520,-7376618,2,2,2,2
2025-09-03 13:05:18.813,-1174294,-2221937,-6317022,-7376120,2,2,2,2
2025-09-03 13:05:18.815,-1174155,-6416021,-6316804,-3181577,2,2,2,2
2025-09-03 13:05:18.818,-1173813,-4318583,-6300124,-7375514,2,2,2,2
2025-09-03 13:05:18.821,-1173496,-2221049,-6316044,-7375357,2,2,2,2
2025-09-03 13:05:18.824,-1173243,-6415087,-2113535,-7375081,2,2,2,2
2025-09-03 13:05:18.826,-1173118,-6414948,-2113143,-7374606,2,2,2,2
2025-09-03 13:05:18.829,-1172766,-6414580,-4201983,-7390857,2,2,2,2
2025-09-03 13:05:18.832,-1172253,-6397928,-6298566,-7373932,2,2,2,2
2025-09-03 13:05:18.835,-1172009,-4300522,-6298348,-7373599,2,2,2,2
2025-09-03 13:05:18.838,-1171832,-2202863,-6298093,-7373330,2,2,2,2
2025-09-03 13:05:18.841,-1171568,-6396897,-2111631,-7373046,2,2,2,2
2025-09-03 13:05:18.843,-3251835,-6412994,-6297235,-3178468,2,2,2,2
2025-09-03 13:05:18.846,-1154455,-6396378,-6296961,-7356037,2,2,2,2
2025-09-03 13:05:18.849,-1154274,-6396140,-6296706,-7372150,2,2,2,2
2025-09-03 13:05:18.851,-1153913,-2209653,-6296326,-7371764,2,2,2,2
2025-09-03 13:05:18.854,-1169938,-6395401,-6296224,-7371387,2,2,2,2
2025-09-03 13:05:18.857,-1153422,-6411331,-6295798,-3176837,2,2,2,2
2025-09-03 13:05:18.860,-3250310,-6411079,-6295529,-3176557,2,2,2,2
2025-09-03 13:05:18.863,-1152799,-6394594,-6295155,-7354015,2,2,2,2
2025-09-03 13:05:18.866,-1152514,-2199951,-6294792,-7370098,2,2,2,2
2025-09-03 13:05:18.868,-1168628,-6393961,-2100456,-7369982,2,2,2,2
2025-09-03 13:05:18.871,-1168380,-6393712,-6294431,-7369723,2,2,2,2
2025-09-03 13:05:18.873,-1151755,-2199151,-6294235,-7369451,2,2,2,2
2025-09-03 13:05:18.876,-1151264,-2198649,-6293727,-3174627,2,2,2,2
2025-09-03 13:05:18.879,-1150979,-6408986,-6293358,-3174247,2,2,2,2
2025-09-03 13:05:18.882,-1150848,-6408844,-6293149,-3165824,2,2,2,2
2025-09-03 13:05:18.885,-1150482,-4294926,-6292792,-7367925,2,2,2,2
2025-09-03 13:05:18.888,-1166586,-6391797,-6292471,-7367566,2,2,2,2
2025-09-03 13:05:18.891,-1149922,-6391508,-6292105,-7350802,2,2,2,2
2025-09-03 13:05:18.894,-1149539,-6391060,-4194564,-7350587,2,2,2,2
2025-09-03 13:05:18.896,-1149404,-6390916,-6291558,-7366551,2,2,2,2
2025-09-03 13:05:18.899,-1148931,-6406841,-6356612,-3163797,2,2,2,2
2025-09-03 13:05:18.902,-1148648,-6390071,-2161934,-7365935,2,2,2,2
2025-09-03 13:05:18.905,-1164683,-6389765,-2161899,-7365616,2,2,2,2
2025-09-03 13:05:18.907,-3245331,-6373246,-6355739,-3162897,2,2,2,2
2025-09-03 13:05:18.910,-1164071,-6389401,-6355564,-7364875,2,2,2,2
2025-09-03 13:05:18.913,-1147408,-6389028,-4258039,-7348365,2,2,2,2
2025-09-03 13:05:18.916,-1147283,-6388703,-4257640,-7347920,2,2,2,2
2025-09-03 13:05:18.919,-1147032,-6388429,-2160142,-7347660,2,2,2,2
2025-09-03 13:05:18.921,-1146644,-4290822,-6354304,-7347438,2,2,2,2
2025-09-03 13:05:18.924,-3243517,-6371535,-6354019,-3160975,2,2,2,2
2025-09-03 13:05:18.927,-1146081,-6371200,-6353651,-3160593,2,2,2,2
2025-09-03 13:05:18.929,-1145747,-6370847,-6353290,-3160290,2,2,2,2
2025-09-03 13:05:18.932,-3242725,-6370606,-6353027,-7346068,2,2,2,2
2025-09-03 13:05:18.935,-1145321,-6386472,-4255613,-7345783,2,2,2,2
2025-09-03 13:05:18.937,-1128631,-6386429,-2149907,-7345408,2,2,2,2
2025-09-03 13:05:18.940,-1144439,-6385888,-6352115,-7345042,2,2,2,2
2025-09-03 13:05:18.943,-1144306,-2191366,-6351649,-7344877,2,2,2,2
2025-09-03 13:05:18.945,-1144050,-2191090,-6351378,-7344514,2,2,2,2
2025-09-03 13:05:18.948,-1143673,-2182520,-6351305,-7344126,2,2,2,2
2025-09-03 13:05:18.950,-3240696,-6368497,-6351092,-3149599,2,2,2,2
2025-09-03 13:05:18.954,-1143150,-6384400,-4253537,-7343475,2,2,2,2
2025-09-03 13:05:18.956,-1143026,-2181791,-6350547,-3149037,2,2,2,2
2025-09-03 13:05:18.959,-1134471,-6383905,-2155802,-7342875,2,2,2,2
2025-09-03 13:05:18.962,-1142281,-6383770,-6349696,-7342706,2,2,2,2
2025-09-03 13:05:18.964,-1133838,-6383558,-4252265,-7342395,2,2,2,2
2025-09-03 13:05:18.967,-1125473,-6382994,-2154865,-7341836,2,2,2,2
2025-09-03 13:05:18.970,-1141401,-2188297,-6332382,-7341674,2,2,2,2
2025-09-03 13:05:18.972,-1141269,-6366073,-6332161,-3147146,2,2,2,2
2025-09-03 13:05:18.975,-3238138,-6365723,-6331806,-7341079,2,2,2,2
2025-09-03 13:05:18.978,-1140602,-6382030,-4234252,-7340663,2,2,2,2
2025-09-03 13:05:18.981,-1140230,-6381574,-6347650,-7340516,2,2,2,2
2025-09-03 13:05:18.984,-1140206,-2178791,-6330916,-3145836,2,2,2,2
2025-09-03 13:05:18.987,-1139825,-6364447,-6330512,-3210881,2,2,2,2
2025-09-03 13:05:18.989,-1139415,-6364275,-6346692,-7404951,2,2,2,2
2025-09-03 13:05:18.992,-1138973,-2169591,-6329883,-7404545,2,2,2,2
2025-09-03 13:05:18.995,-1122542,-6363770,-2135447,-7404334,2,2,2,2
2025-09-03 13:05:18.997,-1138788,-6363541,-6329584,-3209843,2,2,2,2
2025-09-03 13:05:19.000,-1121909,-6363039,-2142974,-7403578,2,2,2,2
2025-09-03 13:05:19.003,-1121796,-2168682,-6328889,-7403506,2,2,2,2
2025-09-03 13:05:19.005,-1121292,-6362398,-2134113,-7403226,2,2,2,2
2025-09-03 13:05:19.008,-1121102,-6362233,-2133889,-7402728,2,2,2,2
2025-09-03 13:05:19.010,-1120782,-4264735,-6344217,-7402353,2,2,2,2
2025-09-03 13:05:19.013,-1120267,-2167044,-6327542,-7401987,2,2,2,2
2025-09-03 13:05:19.016,-1120143,-2175090,-6327082,-7401828,2,2,2,2
2025-09-03 13:05:19.018,-3217048,-6360973,-6326901,-3207271,2,2,2,2
2025-09-03 13:05:19.022,-1127793,-6360597,-4229618,-7401144,2,2,2,2
2025-09-03 13:05:19.024,-1119336,-6360336,-6326504,-7400823,2,2,2,2
2025-09-03 13:05:19.027,-1127412,-6360266,-4228885,-7400670,2,2,2,2
2025-09-03 13:05:19.030,-1118756,-6359709,-6341966,-7400094,2,2,2,2
2025-09-03 13:05:19.032,-1126676,-6359497,-4228115,-7399804,2,2,2,2
2025-09-03 13:05:19.035,-1118198,-4261917,-6341578,-7399438,2,2,2,2
2025-09-03 13:05:19.038,-1117843,-2164709,-6324778,-7399300,2,2,2,2
2025-09-03 13:05:19.040,-1117708,-6358555,-6324628,-3196646,2,2,2,2
2025-09-03 13:05:19.043,-1117545,-6358392,-6324459,-3196394,2,2,2,2
2025-09-03 13:05:19.046,-1117171,-6358256,-6324068,-7398419,2,2,2,2
2025-09-03 13:05:19.049,-1116894,-6357658,-6307074,-7398042,2,2,2,2
2025-09-03 13:05:19.051,-1116467,-6357500,-2128920,-7397879,2,2,2,2
2025-09-03 13:05:19.054,-1116163,-6357135,-2112502,-7397507,2,2,2,2
2025-09-03 13:05:19.057,-1116135,-6356851,-6322837,-3194643,2,2,2,2
2025-09-03 13:05:19.059,-1115752,-6356713,-6322429,-7396720,2,2,2,2
2025-09-03 13:05:19.062,-1115383,-2162034,-6321972,-3185890,2,2,2,2
2025-09-03 13:05:19.065,-1115233,-6356172,-2127503,-7379948,2,2,2,2
2025-09-03 13:05:19.068,-1114834,-2161414,-6321662,-7379458,2,2,2,2
2025-09-03 13:05:19.070,-1114567,-4258204,-6304952,-7379087,2,2,2,2
2025-09-03 13:05:19.073,-1114347,-4258044,-6304713,-7378845,2,2,2,2
2025-09-03 13:05:19.076,-1113859,-6354700,-6320631,-7394953,2,2,2,2
2025-09-03 13:05:19.079,-1113837,-6354653,-4223108,-7394623,2,2,2,2
2025-09-03 13:05:19.081,-1113410,-6354194,-2117621,-7377721,2,2,2,2
2025-09-03 13:05:19.084,-1113103,-6353901,-6319748,-7393795,2,2,2,2
2025-09-03 13:05:19.087,-1112837,-6353631,-4222330,-7393728,2,2,2,2
2025-09-03 13:05:19.090,-1112443,-2158879,-6319089,-3182604,2,2,2,2
2025-09-03 13:05:19.092,-1112196,-6352909,-6318737,-7393009,2,2,2,2
2025-09-03 13:05:19.095,-1111955,-6352667,-6318488,-7392743,2,2,2,2
2025-09-03 13:05:19.097,-1111583,-2150113,-6318107,-7375969,2,2,2,2
2025-09-03 13:05:19.100,-1111335,-6352274,-6301451,-7375871,2,2,2,2
2025-09-03 13:05:19.103,-1111184,-6351866,-6317600,-3181074,2,2,2,2
2025-09-03 13:05:19.105,-1110787,-6351397,-4220045,-7391307,2,2,2,2
2025-09-03 13:05:19.108,-1110382,-6351165,-2122726,-7374645,2,2,2,2
2025-09-03 13:05:19.111,-1110256,-6351095,-2122255,-7374544,2,2,2,2
2025-09-03 13:05:19.114,-1110010,-4253693,-6299909,-7374215,2,2,2,2
2025-09-03 13:05:19.116,-1109763,-6350562,-2121971,-7373853,2,2,2,2
2025-09-03 13:05:19.119,-1109496,-6350238,-2105321,-7373570,2,2,2,2
2025-09-03 13:05:19.122,-1109025,-6349820,-2104838,-7373073,2,2,2,2
2025-09-03 13:05:19.125,-1108731,-6349455,-2104456,-7372745,2,2,2,2
2025-09-03 13:05:19.128,-3205630,-6349183,-6298475,-3178081,2,2,2,2
2025-09-03 13:05:19.131,-1108030,-4235254,-6298063,-7372165,2,2,2,2
2025-09-03 13:05:19.133,-1107910,-4234992,-6297815,-7371882,2,2,2,2
2025-09-03 13:05:19.136,-1107461,-2137450,-6297357,-7371422,2,2,2,2
2025-09-03 13:05:19.139,-3204505,-6348025,-6297245,-3176730,2,2,2,2
2025-09-03 13:05:19.142,-1106951,-6331165,-6297086,-7354475,2,2,2,2
2025-09-03 13:05:19.144,-1106700,-2136595,-6296807,-7370512,2,2,2,2
2025-09-03 13:05:19.147,-1106460,-6330647,-2110186,-7370243,2,2,2,2
2025-09-03 13:05:19.149,-1106148,-2135955,-6295837,-7369838,2,2,2,2
2025-09-03 13:05:19.152,-1089534,-6330070,-6295649,-7353112,2,2,2,2
2025-09-03 13:05:19.155,-1089484,-6329876,-6295455,-7369369,2,2,2,2
2025-09-03 13:05:19.157,-1089165,-2135320,-6295258,-7369087,2,2,2,2
2025-09-03 13:05:19.160,-1105099,-6329101,-2100607,-7368725,2,2,2,2
2025-09-03 13:05:19.163,-1088466,-4231683,-6294642,-7368447,2,2,2,2
2025-09-03 13:05:19.166,-1096291,-6328777,-4197111,-7351670,2,2,2,2
2025-09-03 13:05:19.168,-1087992,-6328335,-6294134,-7367920,2,2,2,2
2025-09-03 13:05:19.171,-1087738,-6344450,-6293858,-3165067,2,2,2,2
2025-09-03 13:05:19.174,-1087488,-4230658,-6293558,-7367267,2,2,2,2
2025-09-03 13:05:19.177,-1087031,-2133353,-6293187,-7367057,2,2,2,2
2025-09-03 13:05:19.179,-1086721,-2132894,-6292977,-7366631,2,2,2,2
2025-09-03 13:05:19.182,-1086589,-6326806,-6292504,-7349764,2,2,2,2
2025-09-03 13:05:19.186,-1102595,-6326660,-2097805,-7365928,2,2,2,2
2025-09-03 13:05:19.188,-1102337,-6326403,-2097534,-7365649,2,2,2,2
2025-09-03 13:05:19.191,-1102065,-6325878,-2097255,-7365360,2,2,2,2
2025-09-03 13:05:19.194,-3182480,-6341893,-2096887,-3162475,2,2,2,2
2025-09-03 13:05:19.197,-1085045,-6325441,-2096496,-7348124,2,2,2,2
2025-09-03 13:05:19.199,-1100983,-6324965,-2096262,-7347952,2,2,2,2
2025-09-03 13:05:19.202,-3181556,-6341129,-2096029,-3153407,2,2,2,2
2025-09-03 13:05:19.205,-1084139,-6324467,-4192896,-7347390,2,2,2,2
2025-09-03 13:05:19.207,-1083910,-6324219,-2095482,-7347080,2,2,2,2
2025-09-03 13:05:19.210,-1100163,-6324080,-2095334,-7346922,2,2,2,2
2025-09-03 13:05:19.212,-1083507,-6323725,-2094981,-7346551,2,2,2,2
2025-09-03 13:05:19.215,-1082915,-6323439,-2094397,-7346164,2,2,2,2
2025-09-03 13:05:19.218,-1082850,-6322982,-2094229,-7345688,2,2,2,2
2025-09-03 13:05:19.221,-1098897,-6322693,-2093939,-7345650,2,2,2,2
2025-09-03 13:05:19.224,-1098620,-6322658,-2093581,-7345350,2,2,2,2
2025-09-03 13:05:19.226,-1082104,-4225050,-2093365,-7344871,2,2,2,2
2025-09-03 13:05:19.229,-1081820,-4224746,-2093058,-7344481,2,2,2,2
2025-09-03 13:05:19.232,-1081450,-2127135,-2092606,-7344252,2,2,2,2
2025-09-03 13:05:19.234,-3178369,-6304817,-2092421,-7343992,2,2,2,2
2025-09-03 13:05:19.237,-1080937,-6320917,-2092062,-7343623,2,2,2,2
2025-09-03 13:05:19.240,-1080548,-6320534,-2091666,-7343216,2,2,2,2
2025-09-03 13:05:19.243,-1080202,-6320151,-4188438,-7342832,2,2,2,2
2025-09-03 13:05:19.245,-1063637,-6319972,-2091105,-7342489,2,2,2,2
2025-09-03 13:05:19.248,-1063147,-6319737,-2090861,-7342232,2,2,2,2
2025-09-03 13:05:19.251,-1079192,-6302989,-2090495,-3147624,2,2,2,2
2025-09-03 13:05:19.253,-1079051,-6319166,-4187493,-7341623,2,2,2,2
2025-09-03 13:05:19.256,-1062304,-6318855,-2089962,-7341291,2,2,2,2
2025-09-03 13:05:19.259,-1061985,-6318465,-2081304,-7340818,2,2,2,2
2025-09-03 13:05:19.262,-1061764,-6318230,-2081131,-7340571,2,2,2,2
2025-09-03 13:05:19.264,-1061533,-6317977,-2089074,-7340307,2,2,2,2
2025-09-03 13:05:19.267,-1061275,-6317713,-2072348,-7340284,2,2,2,2
2025-09-03 13:05:19.269,-1077392,-6301051,-2072312,-3145612,2,2,2,2
2025-09-03 13:05:19.272,-1077232,-2122904,-2071821,-7339417,2,2,2,2
2025-09-03 13:05:19.275,-1076872,-2122528,-2071755,-7339266,2,2,2,2
2025-09-03 13:05:19.277,-3173730,-6300359,-2071315,-3144584,2,2,2,2
2025-09-03 13:05:19.280,-1076367,-2122014,-2071101,-5241489,2,2,2,2
2025-09-03 13:05:19.283,-1076104,-6299655,-2070552,-7338349,2,2,2,2
2025-09-03 13:05:19.285,-1059457,-6299375,-2078717,-7337995,2,2,2,2
2025-09-03 13:05:19.288,-1075439,-6298904,-2070114,-7337575,2,2,2,2
2025-09-03 13:05:19.291,-1075204,-2112611,-2069803,-3142935,2,2,2,2
2025-09-03 13:05:19.293,-3172327,-6298625,-2069760,-3142896,2,2,2,2
2025-09-03 13:05:19.296,-1058280,-6298345,-2085527,-7336826,2,2,2,2
2025-09-03 13:05:19.299,-1074312,-6297913,-4166001,-7336458,2,2,2,2
2025-09-03 13:05:19.301,-1074067,-2111604,-2068532,-5239015,2,2,2,2
2025-09-03 13:05:19.305,-1073688,-2103036,-2068450,-7335779,2,2,2,2
2025-09-03 13:05:19.307,-3170592,-6297076,-2068112,-3141375,2,2,2,2
2025-09-03 13:05:19.310,-1056885,-6296840,-2067865,-7335424,2,2,2,2
2025-09-03 13:05:19.313,-1056758,-6296368,-4164602,-7334964,2,2,2,2
2025-09-03 13:05:19.316,-1056288,-2110099,-2066969,-5237345,2,2,2,2
2025-09-03 13:05:19.318,-1055993,-2109799,-2066925,-5237135,2,2,2,2
2025-09-03 13:05:19.321,-1055701,-6295540,-2082922,-7333907,2,2,2,2
2025-09-03 13:05:19.324,-1055463,-6295293,-2082631,-7333657,2,2,2,2
2025-09-03 13:05:19.326,-1055083,-2100588,-2065899,-5236092,2,2,2,2
2025-09-03 13:05:19.329,-1054961,-6294763,-2081814,-7333021,2,2,2,2
2025-09-03 13:05:19.332,-1054686,-6294414,-2081781,-7332720,2,2,2,2
2025-09-03 13:05:19.334,-1062419,-6294006,-2064927,-7332294,2,2,2,2
2025-09-03 13:05:19.337,-1053923,-6293619,-2064533,-7332069,2,2,2,2
2025-09-03 13:05:19.340,-1053668,-6293366,-2064273,-3129242,2,2,2,2
2025-09-03 13:05:19.343,-1053409,-6293020,-2063988,-7315000,2,2,2,2
2025-09-03 13:05:19.345,-1053210,-2098563,-2063825,-7314823,2,2,2,2
2025-09-03 13:05:19.348,-1052779,-2098306,-2063565,-5217135,2,2,2,2
2025-09-03 13:05:19.351,-1052622,-6292222,-2046713,-7314064,2,2,2,2
2025-09-03 13:05:19.354,-1052211,-6291837,-2046324,-7313669,2,2,2,2
2025-09-03 13:05:19.357,-1052009,-6291567,-2062359,-7313364,2,2,2,2
2025-09-03 13:05:19.359,-1051890,-6356964,-2062222,-7313155,2,2,2,2
2025-09-03 13:05:19.362,-1051523,-6356585,-2061837,-3118450,2,2,2,2
2025-09-03 13:05:19.364,-1051252,-6356246,-2061814,-7328782,2,2,2,2
2025-09-03 13:05:19.367,-1050893,-6356119,-2061427,-3126139,2,2,2,2
2025-09-03 13:05:19.370,-1050616,-6355844,-2061078,-7311900,2,2,2,2
2025-09-03 13:05:19.372,-1050131,-4258197,-2044219,-7311381,2,2,2,2
2025-09-03 13:05:19.375,-1050007,-6355222,-2060429,-7311300,2,2,2,2
2025-09-03 13:05:19.378,-1049829,-6354695,-2051972,-7310894,2,2,2,2
2025-09-03 13:05:19.381,-1049590,-6354443,-2043530,-7310617,2,2,2,2
2025-09-03 13:05:19.383,-1049098,-2159890,-2059715,-5213186,2,2,2,2
2025-09-03 13:05:19.386,-1048932,-2159645,-2059206,-5212679,2,2,2,2
2025-09-03 13:05:19.389,-1048601,-2159368,-2058795,-5212567,2,2,2,2
2025-09-03 13:05:19.392,-1113700,-6353160,-2058594,-3114880,2,2,2,2
2025-09-03 13:05:19.394,-1113591,-6353049,-2041806,-7308803,2,2,2,2
2025-09-03 13:05:19.397,-1113240,-6352683,-4155003,-7325128,2,2,2,2
2025-09-03 13:05:19.400,-1112701,-6352138,-2057482,-7308034,2,2,2,2
2025-09-03 13:05:19.402,-1112450,-6352128,-4154363,-7324394,2,2,2,2
2025-09-03 13:05:19.405,-1112272,-6351628,-2040579,-7307759,2,2,2,2
2025-09-03 13:05:19.407,-1111870,-6351520,-2040248,-7307373,2,2,2,2
2025-09-03 13:05:19.410,-1111783,-6351115,-4153592,-7290760,2,2,2,2
2025-09-03 13:05:19.413,-1111558,-6350865,-2039790,-7306797,2,2,2,2
2025-09-03 13:05:19.415,-1111067,-6350613,-2039531,-3111961,2,2,2,2
2025-09-03 13:05:19.418,-1111036,-4253180,-2039243,-7306221,2,2,2,2
2025-09-03 13:05:19.421,-1110666,-6349952,-2038809,-7305768,2,2,2,2
2025-09-03 13:05:19.423,-1110370,-6349833,-2038680,-7305698,2,2,2,2
2025-09-03 13:05:19.426,-1110043,-4252419,-2038400,-7305348,2,2,2,2
2025-09-03 13:05:19.429,-1109788,-6349279,-2037790,-7288341,2,2,2,2
2025-09-03 13:05:19.432,-1109366,-6332395,-2037534,-7288071,2,2,2,2
2025-09-03 13:05:19.435,-1100821,-6332101,-4134387,-7287758,2,2,2,2
2025-09-03 13:05:19.438,-1108895,-6348034,-2036841,-3109625,2,2,2,2
2025-09-03 13:05:19.440,-1100438,-6331630,-2036495,-7303634,2,2,2,2
2025-09-03 13:05:19.443,-1108475,-6331141,-2036249,-7303387,2,2,2,2
2025-09-03 13:05:19.446,-1108206,-2136823,-2035980,-7303028,2,2,2,2
2025-09-03 13:05:19.448,-1107940,-4233707,-2035948,-7302659,2,2,2,2
2025-09-03 13:05:19.451,-1099294,-6330373,-2035471,-7302428,2,2,2,2
2025-09-03 13:05:19.453,-1107221,-6330355,-2035206,-7302144,2,2,2,2
2025-09-03 13:05:19.456,-1107084,-6329882,-2035042,-7301647,2,2,2,2
2025-09-03 13:05:19.459,-3203860,-6345928,-2034665,-3090825,2,2,2,2
2025-09-03 13:05:19.462,-1106381,-6329208,-2034282,-7301118,2,2,2,2
2025-09-03 13:05:19.464,-1106283,-6329061,-2034053,-7300881,2,2,2,2
2025-09-03 13:05:19.467,-1089517,-2134283,-2033902,-7300466,2,2,2,2
2025-09-03 13:05:19.470,-1089138,-6328527,-2033523,-7283872,2,2,2,2
2025-09-03 13:05:19.472,-1105331,-6328218,-2033272,-7300069,2,2,2,2
2025-09-03 13:05:19.475,-1096804,-6327608,-2032894,-7282959,2,2,2,2
2025-09-03 13:05:19.478,-1088473,-6327442,-2032449,-7299104,2,2,2,2
2025-09-03 13:05:19.480,-1096418,-6327246,-4129299,-7282436,2,2,2,2
2025-09-03 13:05:19.483,-1087858,-2132506,-2032099,-3088000,2,2,2,2
2025-09-03 13:05:19.485,-1087621,-6326576,-2031842,-7282047,2,2,2,2
2025-09-03 13:05:19.488,-1087476,-2132106,-2097147,-5184659,2,2,2,2
2025-09-03 13:05:19.490,-1087205,-6342596,-2096884,-7281519,2,2,2,2
2025-09-03 13:05:19.493,-1086748,-2131686,-2096418,-5184140,2,2,2,2
2025-09-03 13:05:19.496,-1086489,-2131350,-2096379,-5183847,2,2,2,2
2025-09-03 13:05:19.498,-1102726,-6325500,-2095895,-7280509,2,2,2,2
2025-09-03 13:05:19.502,-3183095,-6341432,-2095472,-3085950,2,2,2,2
2025-09-03 13:05:19.504,-1085554,-6340997,-2095263,-3093644,2,2,2,2
2025-09-03 13:05:19.507,-1085218,-2130043,-2095053,-7279473,2,2,2,2
2025-09-03 13:05:19.510,-1085075,-2129816,-2094815,-7279231,2,2,2,2
2025-09-03 13:05:19.512,-3181842,-6307385,-2094356,-3084701,2,2,2,2
2025-09-03 13:05:19.515,-1084293,-2129015,-2093864,-5181418,2,2,2,2
2025-09-03 13:05:19.518,-1083907,-6323169,-2093540,-7278102,2,2,2,2
2025-09-03 13:05:19.520,-1100295,-6322915,-2093459,-7278073,2,2,2,2
2025-09-03 13:05:19.523,-1083768,-6322693,-2093296,-7277582,2,2,2,2
2025-09-03 13:05:19.526,-1083525,-2128132,-2093032,-5180411,2,2,2,2
2025-09-03 13:05:19.528,-1099714,-6322191,-2084590,-7277295,2,2,2,2
2025-09-03 13:05:19.531,-1082889,-2127468,-2092293,-7276805,2,2,2,2
2025-09-03 13:05:19.533,-1082655,-2127239,-2092048,-7276539,2,2,2,2
2025-09-03 13:05:19.536,-1082394,-2126968,-2091769,-5179033,2,2,2,2
2025-09-03 13:05:19.539,-1098630,-6321047,-2091547,-7276014,2,2,2,2
2025-09-03 13:05:19.542,-1081801,-6320786,-2091024,-7275668,2,2,2,2
2025-09-03 13:05:19.544,-1081503,-6320355,-4187924,-7275145,2,2,2,2
2025-09-03 13:05:19.548,-1081110,-2117631,-2090284,-5177742,2,2,2,2
2025-09-03 13:05:19.550,-3177875,-6303309,-2090135,-3145697,2,2,2,2
2025-09-03 13:05:19.553,-1064261,-6319613,-2089759,-7339804,2,2,2,2
2025-09-03 13:05:19.556,-1080324,-6319246,-2089676,-7339418,2,2,2,2
2025-09-03 13:05:19.559,-1080072,-6318982,-2089401,-7339135,2,2,2,2
2025-09-03 13:05:19.561,-1063224,-6318575,-2088962,-7338906,2,2,2,2
2025-09-03 13:05:19.564,-1079489,-6318314,-2088698,-7338378,2,2,2,2
2025-09-03 13:05:19.566,-1079046,-2115357,-2071841,-3143918,2,2,2,2
2025-09-03 13:05:19.569,-1062443,-6317687,-2088051,-7337968,2,2,2,2
2025-09-03 13:05:19.571,-1078756,-2115060,-2071520,-5240345,2,2,2,2
2025-09-03 13:05:19.574,-1062030,-6317201,-2079360,-7337448,2,2,2,2
2025-09-03 13:05:19.577,-1078149,-6317003,-2070901,-7337093,2,2,2,2
2025-09-03 13:05:19.580,-1077953,-4219494,-2086931,-7336728,2,2,2,2
2025-09-03 13:05:19.583,-3174662,-6299880,-2070141,-3142010,2,2,2,2
2025-09-03 13:05:19.585,-1077251,-6299570,-2069865,-3141653,2,2,2,2
2025-09-03 13:05:19.588,-1060626,-6299344,-2069605,-7335688,2,2,2,2
2025-09-03 13:05:19.591,-1060232,-6299128,-2069377,-7335443,2,2,2,2
2025-09-03 13:05:19.593,-1076252,-6298756,-2069001,-3132567,2,2,2,2
2025-09-03 13:05:19.596,-3173242,-6298587,-2068754,-3140502,2,2,2,2
2025-09-03 13:05:19.599,-1075823,-2112120,-2068465,-5237274,2,2,2,2
2025-09-03 13:05:19.601,-1059147,-6297971,-2068194,-7334145,2,2,2,2
2025-09-03 13:05:19.604,-1075470,-2103301,-2068019,-7334020,2,2,2,2
2025-09-03 13:05:19.607,-1067035,-6297360,-4164990,-7333761,2,2,2,2
2025-09-03 13:05:19.610,-1074913,-6297291,-2067434,-7333565,2,2,2,2
2025-09-03 13:05:19.613,-3171827,-6296714,-2067177,-3138704,2,2,2,2
2025-09-03 13:05:19.615,-1074310,-6296342,-2066796,-3130118,2,2,2,2
2025-09-03 13:05:19.618,-1074045,-6296065,-2066443,-3130082,2,2,2,2
2025-09-03 13:05:19.621,-1073877,-2101507,-2066194,-7332241,2,2,2,2
2025-09-03 13:05:19.623,-3170563,-6295665,-2065785,-3129329,2,2,2,2
2025-09-03 13:05:19.626,-3170319,-6295420,-2065528,-3137256,2,2,2,2
2025-09-03 13:05:19.629,-1056406,-2100707,-2065375,-5217539,2,2,2,2
2025-09-03 13:05:19.631,-1056273,-6294796,-2064904,-7314460,2,2,2,2
2025-09-03 13:05:19.634,-1055978,-2100124,-2064849,-7314320,2,2,2,2
2025-09-03 13:05:19.637,-1055721,-2099872,-2064579,-7314052,2,2,2,2
2025-09-03 13:05:19.639,-3152481,-6293766,-2064111,-3135648,2,2,2,2
2025-09-03 13:05:19.642,-1054973,-6293396,-2047349,-7313181,2,2,2,2
2025-09-03 13:05:19.645,-1054621,-2098803,-2063375,-5215716,2,2,2,2
2025-09-03 13:05:19.647,-1054465,-6292867,-2063136,-7312609,2,2,2,2
2025-09-03 13:05:19.650,-1054326,-6292711,-2062973,-7312362,2,2,2,2
2025-09-03 13:05:19.653,-1054071,-6292461,-2062705,-7328445,2,2,2,2
2025-09-03 13:05:19.655,-1053853,-2097931,-2062534,-5214623,2,2,2,2
2025-09-03 13:05:19.658,-1053248,-6291937,-2045503,-7311467,2,2,2,2
2025-09-03 13:05:19.661,-1052930,-6291474,-2061702,-3116682,2,2,2,2
2025-09-03 13:05:19.663,-1060878,-2096911,-4158577,-7327028,2,2,2,2
2025-09-03 13:05:19.666,-1052661,-2096618,-2061076,-7310582,2,2,2,2
2025-09-03 13:05:19.669,-3149465,-2096252,-2060775,-3132288,2,2,2,2
2025-09-03 13:05:19.672,-1052013,-2096154,-2060667,-7309835,2,2,2,2
2025-09-03 13:05:19.674,-1051874,-2095995,-2060431,-7309591,2,2,2,2
2025-09-03 13:05:19.677,-3148772,-2095663,-2060165,-7325939,2,2,2,2
2025-09-03 13:05:19.680,-1051365,-2095207,-2043253,-7308955,2,2,2,2
2025-09-03 13:05:19.683,-1051112,-2094946,-2059302,-5211513,2,2,2,2
2025-09-03 13:05:19.686,-1050721,-2094728,-2059214,-7308434,2,2,2,2
2025-09-03 13:05:19.688,-1050409,-4191613,-2042495,-7308163,2,2,2,2
2025-09-03 13:05:19.691,-1050167,-4191355,-2042166,-7307887,2,2,2,2
2025-09-03 13:05:19.694,-1049705,-2093610,-2058093,-7323697,2,2,2,2
2025-09-03 13:05:19.697,-1049371,-2093325,-4155132,-7290829,2,2,2,2
2025-09-03 13:05:19.700,-1049120,-2093306,-2057715,-3112558,2,2,2,2
2025-09-03 13:05:19.702,-1048948,-2092805,-4154608,-7290184,2,2,2,2
2025-09-03 13:05:19.705,-1048593,-2092696,-2057086,-7306215,2,2,2,2
2025-09-03 13:05:19.708,-1048443,-2092537,-2056855,-3111673,2,2,2,2
2025-09-03 13:05:19.711,-1048175,-2092190,-2056571,-7305677,2,2,2,2
2025-09-03 13:05:19.713,-1047956,-2092013,-2056323,-3111050,2,2,2,2
2025-09-03 13:05:19.716,-1047800,-2091528,-2039702,-3094403,2,2,2,2
2025-09-03 13:05:19.719,-1047308,-2091285,-4136346,-7288458,2,2,2,2
2025-09-03 13:05:19.721,-1047072,-2091042,-2038940,-7288190,2,2,2,2
2025-09-03 13:05:19.724,-1046787,-2090747,-2038647,-7303949,2,2,2,2
2025-09-03 13:05:19.727,-1046540,-2090487,-4135532,-7287495,2,2,2,2
2025-09-03 13:05:19.730,-1046371,-2082033,-2038063,-3109346,2,2,2,2
2025-09-03 13:05:19.733,-1046132,-2089980,-2037867,-7303372,2,2,2,2
2025-09-03 13:05:19.735,-1045760,-2089593,-2037451,-7302900,2,2,2,2
2025-09-03 13:05:19.738,-1045296,-2089189,-2036996,-7302410,2,2,2,2
2025-09-03 13:05:19.741,-1045097,-2088888,-2036974,-3099890,2,2,2,2
2025-09-03 13:05:19.743,-1044930,-4169453,-2036732,-7302130,2,2,2,2
2025-09-03 13:05:19.746,-1044492,-2088296,-2036337,-3107353,2,2,2,2
2025-09-03 13:05:19.749,-1044114,-2071449,-2035868,-7301175,2,2,2,2
2025-09-03 13:05:19.751,-1043858,-2087612,-2035605,-3098400,2,2,2,2
2025-09-03 13:05:19.754,-1043589,-2087226,-2035321,-7284210,2,2,2,2
2025-09-03 13:05:19.756,-1043701,-2087373,-2035176,-3097870,2,2,2,2
2025-09-03 13:05:19.759,-1043435,-2087052,-2034818,-3089564,2,2,2,2
2025-09-03 13:05:19.762,-1042945,-2070227,-2034555,-7283329,2,2,2,2
2025-09-03 13:05:19.765,-1042698,-2069900,-2034289,-7299433,2,2,2,2
2025-09-03 13:05:19.768,-1042399,-2069528,-2033909,-7299230,2,2,2,2
2025-09-03 13:05:19.771,-1041944,-2085764,-2033422,-3096310,2,2,2,2
2025-09-03 13:05:19.773,-1041908,-4166166,-2033355,-7282299,2,2,2,2
2025-09-03 13:05:19.776,-1041635,-2068740,-2033105,-7281943,2,2,2,2
2025-09-03 13:05:19.778,-1041180,-2084964,-2032876,-3095395,2,2,2,2
2025-09-03 13:05:19.781,-1041097,-4165499,-2032640,-7281260,2,2,2,2
2025-09-03 13:05:19.784,-1040658,-2067975,-2032321,-5183904,2,2,2,2
2025-09-03 13:05:19.786,-1040415,-2084145,-2032008,-3094679,2,2,2,2
2025-09-03 13:05:19.789,-1023864,-2083897,-2031748,-3094403,2,2,2,2
2025-09-03 13:05:19.792,-1023497,-2067167,-2031364,-7280118,2,2,2,2
2025-09-03 13:05:19.795,-1039738,-2066955,-2031201,-7279885,2,2,2,2
2025-09-03 13:05:19.797,-1022990,-2083026,-2030750,-7279484,2,2,2,2
2025-09-03 13:05:19.800,-1039349,-2066291,-2030470,-7279114,2,2,2,2
2025-09-03 13:05:19.802,-1039054,-2066017,-2030180,-7279078,2,2,2,2
2025-09-03 13:05:19.805,-1038594,-2065778,-2029929,-7278817,2,2,2,2
2025-09-03 13:05:19.808,-1021965,-2081830,-2029668,-7278472,2,2,2,2
2025-09-03 13:05:19.810,-1021717,-2065253,-2029346,-5181060,2,2,2,2
2025-09-03 13:05:19.813,-1021462,-2064913,-2029068,-5180770,2,2,2,2
2025-09-03 13:05:19.816,-1037572,-2064544,-2028703,-7277531,2,2,2,2
2025-09-03 13:05:19.819,-1021161,-2080891,-2028660,-3082854,2,2,2,2
2025-09-03 13:05:19.822,-1037242,-2064237,-2028312,-7277056,2,2,2,2
2025-09-03 13:05:19.825,-1020646,-2063980,-2028055,-5179640,2,2,2,2
2025-09-03 13:05:19.827,-1036681,-2063626,-2027747,-7276343,2,2,2,2
2025-09-03 13:05:19.830,-1036298,-2063229,-2027289,-7275922,2,2,2,2
2025-09-03 13:05:19.832,-1036024,-2062874,-2019046,-7275543,2,2,2,2
2025-09-03 13:05:19.835,-1019233,-2062726,-2026753,-5178219,2,2,2,2
2025-09-03 13:05:19.838,-1019125,-2062356,-2026645,-7275250,2,2,2,2
2025-09-03 13:05:19.841,-1018891,-2062098,-4123530,-7274958,2,2,2,2
2025-09-03 13:05:19.843,-1035025,-2061832,-2026119,-7274647,2,2,2,2
2025-09-03 13:05:19.847,-1034861,-2061576,-2017660,-7274292,2,2,2,2
2025-09-03 13:05:19.849,-1017992,-2044944,-2025341,-3079528,2,2,2,2
2025-09-03 13:05:19.852,-1034046,-2061044,-2025060,-7273717,2,2,2,2
2025-09-03 13:05:19.855,-1017541,-2060784,-2024726,-7273375,2,2,2,2
2025-09-03 13:05:19.858,-1017128,-4157591,-2024687,-7273072,2,2,2,2
2025-09-03 13:05:19.861,-1016972,-2060265,-2024195,-7272562,2,2,2,2
2025-09-03 13:05:19.864,-1032953,-2059781,-2015587,-7272390,2,2,2,2
2025-09-03 13:05:19.866,-1032504,-2059278,-2015331,-7271734,2,2,2,2
2025-09-03 13:05:19.869,-1016055,-2059240,-2006759,-7271672,2,2,2,2
2025-09-03 13:05:19.872,-1015559,-2058997,-2022895,-7271411,2,2,2,2
2025-09-03 13:05:19.874,-998986,-2058521,-2022674,-7270915,2,2,2,2
2025-09-03 13:05:19.877,-1015063,-2058473,-2022345,-7270791,2,2,2,2
2025-09-03 13:05:19.880,-1014821,-4155369,-2022078,-7270512,2,2,2,2
2025-09-03 13:05:19.882,-998394,-2057838,-2021996,-7270383,2,2,2,2
2025-09-03 13:05:19.885,-1014327,-2057703,-2021521,-7269901,2,2,2,2
2025-09-03 13:05:19.888,-1014078,-4154596,-2021314,-7269620,2,2,2,2
2025-09-03 13:05:19.891,-1013907,-2040802,-2004615,-3075041,2,2,2,2
2025-09-03 13:05:19.894,-997273,-2056605,-2012534,-7269066,2,2,2,2
2025-09-03 13:05:19.896,-1013376,-2039936,-2003989,-3066138,2,2,2,2
2025-09-03 13:05:19.899,-996837,-2039698,-2003734,-7268383,2,2,2,2
2025-09-03 13:05:19.901,-1012992,-2039530,-2003561,-3065632,2,2,2,2
2025-09-03 13:05:19.904,-1012721,-2039247,-2003210,-7267824,2,2,2,2
2025-09-03 13:05:19.906,-1012208,-2038909,-2002691,-3064987,2,2,2,2
2025-09-03 13:05:19.909,-995686,-2038773,-2002541,-7267312,2,2,2,2
2025-09-03 13:05:19.911,-1011955,-2038316,-4099484,-7266854,2,2,2,2
2025-09-03 13:05:19.914,-1003367,-2038224,-2002174,-7266607,2,2,2,2
2025-09-03 13:05:19.917,-1011213,-2037861,-2018188,-7266307,2,2,2,2
2025-09-03 13:05:19.919,-1002741,-2037509,-2001510,-7249606,2,2,2,2
2025-09-03 13:05:19.922,-994287,-2037246,-2001168,-7249187,2,2,2,2
2025-09-03 13:05:19.925,-994048,-2036990,-2000914,-7248914,2,2,2,2
2025-09-03 13:05:19.928,-1010414,-2036888,-2000874,-7248800,2,2,2,2
2025-09-03 13:05:19.930,-1009940,-2036467,-2016764,-7248610,2,2,2,2
2025-09-03 13:05:19.933,-1009890,-2036302,-2000250,-3062042,2,2,2,2
2025-09-03 13:05:19.935,-1009465,-2035974,-1999869,-7248011,2,2,2,2
2025-09-03 13:05:19.938,-1009284,-2035701,-1999589,-7264116,2,2,2,2
2025-09-03 13:05:19.941,-1009046,-2035460,-1999351,-3053182,2,2,2,2
2025-09-03 13:05:19.944,-992446,-2035198,-2015470,-7247136,2,2,2,2
2025-09-03 13:05:19.946,-1008609,-2034933,-4095894,-7263184,2,2,2,2
2025-09-03 13:05:19.949,-1000168,-2034668,-4095631,-7262902,2,2,2,2
2025-09-03 13:05:19.952,-991743,-2034426,-1998227,-7246289,2,2,2,2
2025-09-03 13:05:19.954,-1007650,-2034195,-1981685,-7246062,2,2,2,2
2025-09-03 13:05:19.957,-999151,-2033874,-1997684,-7245590,2,2,2,2
2025-09-03 13:05:19.960,-990681,-2033528,-1997310,-7245205,2,2,2,2
2025-09-03 13:05:19.962,-990482,-2033369,-1997086,-7245044,2,2,2,2
2025-09-03 13:05:19.965,-990068,-2032876,-1996594,-7244787,2,2,2,2
2025-09-03 13:05:19.968,-989939,-2032482,-1996518,-5147156,2,2,2,2
2025-09-03 13:05:19.971,-989663,-2032388,-1979771,-7244257,2,2,2,2
2025-09-03 13:05:19.974,-989194,-2031900,-1995925,-3049446,2,2,2,2
2025-09-03 13:05:19.977,-988957,-4128799,-1979328,-7243413,2,2,2,2
2025-09-03 13:05:19.980,-988569,-2096855,-4092169,-7259385,2,2,2,2
2025-09-03 13:05:19.982,-988471,-2096642,-1994855,-7242766,2,2,2,2
2025-09-03 13:05:19.985,-988291,-2096410,-1994553,-3048212,2,2,2,2
2025-09-03 13:05:19.988,-987936,-2096119,-1977862,-7242210,2,2,2,2
2025-09-03 13:05:19.991,-987617,-2095729,-1994110,-3047680,2,2,2,2
2025-09-03 13:05:19.994,-987282,-2095383,-1993757,-7241690,2,2,2,2
2025-09-03 13:05:19.996,-986895,-2095227,-1993346,-3046894,2,2,2,2
2025-09-03 13:05:19.999,-986741,-2094737,-1993180,-7240959,2,2,2,2
2025-09-03 13:05:20.002,-986494,-2094485,-1992854,-7240678,2,2,2,2
2025-09-03 13:05:20.004,-986175,-2094213,-1976263,-7240325,2,2,2,2
2025-09-03 13:05:20.007,-985882,-4190989,-1975868,-7239945,2,2,2,2
2025-09-03 13:05:20.009,-985586,-2093796,-1991905,-7239628,2,2,2,2
2025-09-03 13:05:20.012,-985368,-2093313,-1991673,-3028628,2,2,2,2
2025-09-03 13:05:20.015,-985152,-2093086,-1991430,-7239061,2,2,2,2
2025-09-03 13:05:20.017,-984963,-2092819,-1991163,-7238701,2,2,2,2
2025-09-03 13:05:20.020,-984718,-2092563,-1982720,-7238437,2,2,2,2
2025-09-03 13:05:20.023,-984457,-2092295,-1974252,-7238153,2,2,2,2
2025-09-03 13:05:20.025,-984086,-2092176,-1982057,-7238087,2,2,2,2
2025-09-03 13:05:20.028,-984014,-2092016,-1973636,-7237776,2,2,2,2
2025-09-03 13:05:20.031,-983506,-4188641,-1973368,-7237240,2,2,2,2
2025-09-03 13:05:20.033,-983276,-2083062,-1972799,-3042682,2,2,2,2
2025-09-03 13:05:20.036,-1048450,-2090810,-1972736,-7236583,2,2,2,2
2025-09-03 13:05:20.039,-1048207,-2090627,-1972233,-3033751,2,2,2,2
2025-09-03 13:05:20.042,-1048047,-2090461,-1971994,-7219611,2,2,2,2
2025-09-03 13:05:20.045,-1047783,-2090107,-1971968,-7235694,2,2,2,2
2025-09-03 13:05:20.047,-1047422,-2089734,-1979767,-7235548,2,2,2,2
2025-09-03 13:05:20.050,-1047262,-2089569,-1971332,-7235299,2,2,2,2
2025-09-03 13:05:20.053,-1047087,-2089442,-1971214,-7235101,2,2,2,2
2025-09-03 13:05:20.055,-1046745,-2089200,-1970787,-7234591,2,2,2,2
2025-09-03 13:05:20.058,-1046431,-2072564,-4067616,-7217929,2,2,2,2
2025-09-03 13:05:20.061,-1046286,-4169232,-1970215,-7234070,2,2,2,2
2025-09-03 13:05:20.064,-1045874,-2071836,-1969971,-5136647,2,2,2,2
2025-09-03 13:05:20.066,-1045536,-4168702,-1969686,-7217049,2,2,2,2
2025-09-03 13:05:20.069,-1045477,-2087481,-1969283,-7216643,2,2,2,2
2025-09-03 13:05:20.072,-1045004,-2079134,-1969124,-5119253,2,2,2,2
2025-09-03 13:05:20.075,-1044852,-2070778,-1968898,-7216227,2,2,2,2
2025-09-03 13:05:20.077,-1044736,-2078847,-1968688,-3021712,2,2,2,2
2025-09-03 13:05:20.080,-1044489,-2070328,-4065647,-7215732,2,2,2,2
2025-09-03 13:05:20.083,-1044008,-2069904,-1968004,-7215480,2,2,2,2
2025-09-03 13:05:20.085,-1043815,-2069709,-1967734,-7215165,2,2,2,2
2025-09-03 13:05:20.088,-1043826,-2069631,-1967714,-7214853,2,2,2,2
2025-09-03 13:05:20.090,-1043483,-2069275,-1967365,-7214740,2,2,2,2
2025-09-03 13:05:20.093,-1035113,-2069024,-4064252,-7214474,2,2,2,2
2025-09-03 13:05:20.096,-1043080,-2068855,-1966845,-7214142,2,2,2,2
2025-09-03 13:05:20.098,-1042632,-2068248,-1966544,-7213595,2,2,2,2
2025-09-03 13:05:20.101,-1034127,-2067991,-1966313,-7213331,2,2,2,2
2025-09-03 13:05:20.104,-1042064,-2067726,-2031317,-5115887,2,2,2,2
2025-09-03 13:05:20.107,-1041824,-2067469,-2031069,-5115623,2,2,2,2
2025-09-03 13:05:20.110,-1041567,-2083596,-2030737,-3018111,2,2,2,2
2025-09-03 13:05:20.113,-1041384,-2083326,-2030466,-3017759,2,2,2,2
2025-09-03 13:05:20.116,-1040926,-2066480,-2030311,-7211907,2,2,2,2
2025-09-03 13:05:20.119,-1040638,-2066195,-2029879,-5114374,2,2,2,2
2025-09-03 13:05:20.121,-1040502,-2082366,-2029726,-7211290,2,2,2,2
2025-09-03 13:05:20.124,-1023762,-2065671,-2029423,-7210908,2,2,2,2
2025-09-03 13:05:20.127,-1023368,-2065511,-2029006,-3016427,2,2,2,2
2025-09-03 13:05:20.130,-1023083,-2081527,-2028555,-3015964,2,2,2,2
2025-09-03 13:05:20.132,-1022729,-2064782,-2028485,-7209961,2,2,2,2
2025-09-03 13:05:20.135,-1022481,-2080945,-2028181,-3015312,2,2,2,2
2025-09-03 13:05:20.138,-1022322,-2064348,-2027753,-7209357,2,2,2,2
2025-09-03 13:05:20.141,-1038527,-2064112,-2027524,-7209169,2,2,2,2
2025-09-03 13:05:20.143,-1038321,-2063866,-2027259,-7274381,2,2,2,2
2025-09-03 13:05:20.146,-1021466,-2063380,-2026811,-7273878,2,2,2,2
2025-09-03 13:05:20.149,-1021201,-4160257,-2026739,-7273842,2,2,2,2
2025-09-03 13:05:20.152,-1021085,-2062973,-2026278,-7273376,2,2,2,2
2025-09-03 13:05:20.154,-1020814,-2046310,-2025999,-3078776,2,2,2,2
2025-09-03 13:05:20.157,-1020656,-2062467,-2025772,-7272826,2,2,2,2
2025-09-03 13:05:20.160,-1020280,-2062069,-2025620,-7272599,2,2,2,2
2025-09-03 13:05:20.162,-1020027,-2045383,-2025341,-3078014,2,2,2,2
2025-09-03 13:05:20.165,-1019797,-2045178,-2025092,-3077746,2,2,2,2
2025-09-03 13:05:20.168,-1019363,-2061306,-4121738,-7271493,2,2,2,2
2025-09-03 13:05:20.170,-1019025,-2044640,-2024303,-7271169,2,2,2,2
2025-09-03 13:05:20.173,-1018633,-2060560,-2024095,-7270944,2,2,2,2
2025-09-03 13:05:20.176,-1018468,-2060310,-4120992,-7270677,2,2,2,2
2025-09-03 13:05:20.178,-1034768,-2060281,-2023561,-7270632,2,2,2,2
2025-09-03 13:05:20.182,-1017874,-2059677,-2006817,-5172851,2,2,2,2
2025-09-03 13:05:20.184,-1017741,-2043194,-2006675,-3067286,2,2,2,2
2025-09-03 13:05:20.188,-1017491,-2059290,-4103565,-7269504,2,2,2,2
2025-09-03 13:05:20.190,-1017223,-2050818,-2006067,-5171998,2,2,2,2
2025-09-03 13:05:20.193,-1016976,-2042365,-2005792,-3074816,2,2,2,2
2025-09-03 13:05:20.196,-1016820,-2041916,-2005354,-3074292,2,2,2,2
2025-09-03 13:05:20.198,-1016345,-2041623,-2005101,-3065836,2,2,2,2
2025-09-03 13:05:20.201,-1016297,-2057954,-2004978,-7267950,2,2,2,2
2025-09-03 13:05:20.204,-1032199,-2057721,-2004496,-7267635,2,2,2,2
2025-09-03 13:05:20.206,-1016022,-4154750,-2021058,-7267813,2,2,2,2
2025-09-03 13:05:20.209,-1015312,-2057188,-2004199,-7267315,2,2,2,2
2025-09-03 13:05:20.212,-1015149,-2056696,-2003693,-7266804,2,2,2,2
2025-09-03 13:05:20.215,-998421,-2056398,-2003323,-7266349,2,2,2,2
2025-09-03 13:05:20.217,-1014632,-2039769,-4100236,-7266127,2,2,2,2
2025-09-03 13:05:20.220,-998013,-2039528,-2002843,-7249436,2,2,2,2
2025-09-03 13:05:20.223,-1013991,-4136199,-2019023,-7249256,2,2,2,2
2025-09-03 13:05:20.226,-997133,-2038815,-2002198,-7248697,2,2,2,2
2025-09-03 13:05:20.228,-1013277,-2038641,-2001938,-3062394,2,2,2,2
2025-09-03 13:05:20.231,-1013230,-2038259,-2001545,-7264740,2,2,2,2
2025-09-03 13:05:20.234,-1012766,-2046215,-2001371,-5150953,2,2,2,2
2025-09-03 13:05:20.236,-1012761,-2037763,-2001302,-7264136,2,2,2,2
2025-09-03 13:05:20.239,-1012458,-2037697,-4098066,-7263747,2,2,2,2
2025-09-03 13:05:20.242,-1012074,-2037235,-2000508,-7247137,2,2,2,2
2025-09-03 13:05:20.245,-995561,-2037093,-2000370,-7247042,2,2,2,2
2025-09-03 13:05:20.248,-1011596,-2036733,-2000000,-7262982,2,2,2,2
2025-09-03 13:05:20.250,-1011297,-2036361,-1999620,-7246207,2,2,2,2
2025-09-03 13:05:20.253,-994572,-2036084,-1999587,-7245837,2,2,2,2
2025-09-03 13:05:20.256,-1010690,-2035719,-1999228,-7262135,2,2,2,2
2025-09-03 13:05:20.258,-994300,-2035458,-1998951,-7245366,2,2,2,2
2025-09-03 13:05:20.261,-1010430,-2035456,-1998611,-7261470,2,2,2,2
2025-09-03 13:05:20.264,-1001875,-2035002,-4095641,-7261387,2,2,2,2
2025-09-03 13:05:20.266,-1009713,-2034697,-1981797,-7244550,2,2,2,2
2025-09-03 13:05:20.269,-1009561,-2034472,-4094851,-7260474,2,2,2,2
2025-09-03 13:05:20.272,-993012,-2034291,-1997444,-7243800,2,2,2,2
2025-09-03 13:05:20.274,-1008933,-2034066,-1980897,-7243629,2,2,2,2
2025-09-03 13:05:20.277,-1008875,-2033686,-1997082,-7243402,2,2,2,2
2025-09-03 13:05:20.280,-992121,-2033294,-1996700,-7243000,2,2,2,2
2025-09-03 13:05:20.283,-991801,-2033011,-1996390,-7242547,2,2,2,2
2025-09-03 13:05:20.285,-1007980,-2032761,-1996079,-5145197,2,2,2,2
2025-09-03 13:05:20.288,-1007714,-2032671,-1995789,-7258627,2,2,2,2
2025-09-03 13:05:20.291,-999174,-2032381,-4092899,-7258293,2,2,2,2
2025-09-03 13:05:20.293,-990775,-2032135,-1979118,-7241682,2,2,2,2
2025-09-03 13:05:20.296,-990695,-2031810,-4092266,-7225080,2,2,2,2
2025-09-03 13:05:20.298,-990327,-2031609,-1994979,-5143905,2,2,2,2
2025-09-03 13:05:20.302,-990007,-2031244,-1986421,-7240923,2,2,2,2
2025-09-03 13:05:20.304,-989746,-4128152,-1977977,-7240602,2,2,2,2
2025-09-03 13:05:20.307,-989585,-2030831,-1994109,-7240413,2,2,2,2
2025-09-03 13:05:20.309,-989403,-4127716,-1977396,-7240064,2,2,2,2
2025-09-03 13:05:20.312,-988957,-2030109,-1993443,-7239664,2,2,2,2
2025-09-03 13:05:20.315,-988874,-2029979,-1984800,-7239192,2,2,2,2
2025-09-03 13:05:20.317,-988514,-2029585,-1992909,-7239025,2,2,2,2
2025-09-03 13:05:20.320,-988226,-2029309,-1984375,-7238676,2,2,2,2
2025-09-03 13:05:20.323,-988032,-2029074,-1992326,-7222071,2,2,2,2
2025-09-03 13:05:20.326,-987852,-2028817,-1975679,-7238142,2,2,2,2
2025-09-03 13:05:20.328,-995681,-2028516,-4088833,-7221311,2,2,2,2
2025-09-03 13:05:20.331,-987346,-2028280,-1975138,-7237520,2,2,2,2
2025-09-03 13:05:20.334,-986883,-4124960,-1974654,-7237273,2,2,2,2
2025-09-03 13:05:20.337,-986619,-2027533,-1990684,-3026302,2,2,2,2
2025-09-03 13:05:20.340,-986511,-2019220,-1974241,-5139616,2,2,2,2
2025-09-03 13:05:20.342,-986226,-2027130,-1982072,-7236394,2,2,2,2
2025-09-03 13:05:20.345,-985897,-2026777,-1973536,-7236109,2,2,2,2
2025-09-03 13:05:20.348,-985634,-2026502,-1973500,-7235733,2,2,2,2
2025-09-03 13:05:20.351,-985289,-4123414,-1972997,-7235483,2,2,2,2
2025-09-03 13:05:20.353,-984989,-2026052,-1972754,-3032726,2,2,2,2
2025-09-03 13:05:20.356,-984721,-2025734,-1972451,-7234846,2,2,2,2
2025-09-03 13:05:20.359,-984517,-2025236,-1980406,-7234339,2,2,2,2
2025-09-03 13:05:20.361,-984307,-2025017,-1971961,-3031568,2,2,2,2
2025-09-03 13:05:20.364,-983795,-2024712,-1971352,-7217388,2,2,2,2
2025-09-03 13:05:20.367,-983455,-2024422,-1971061,-7217013,2,2,2,2
2025-09-03 13:05:20.370,-983293,-2024183,-1970824,-7216763,2,2,2,2
2025-09-03 13:05:20.373,-983295,-2024158,-4067947,-7216660,2,2,2,2
2025-09-03 13:05:20.375,-982758,-2023484,-1970181,-7216357,2,2,2,2
2025-09-03 13:05:20.378,-982522,-4104067,-1969931,-7216021,2,2,2,2
2025-09-03 13:05:20.380,-982402,-2006770,-4066941,-7215865,2,2,2,2
2025-09-03 13:05:20.383,-981881,-2006431,-1969511,-7215299,2,2,2,2
2025-09-03 13:05:20.386,-981636,-2006250,-1969176,-7214908,2,2,2,2
2025-09-03 13:05:20.389,-981458,-2005992,-1968919,-7214697,2,2,2,2
2025-09-03 13:05:20.392,-981220,-2005742,-4065806,-7214357,2,2,2,2
2025-09-03 13:05:20.394,-980870,-2013564,-1968348,-5117079,2,2,2,2
2025-09-03 13:05:20.397,-980495,-2013167,-1967891,-5116674,2,2,2,2
2025-09-03 13:05:20.400,-980356,-2004503,-4064881,-7213323,2,2,2,2
2025-09-03 13:05:20.402,-979984,-2012641,-1967606,-5116038,2,2,2,2
2025-09-03 13:05:20.405,-979723,-2004168,-1967253,-7212831,2,2,2,2
2025-09-03 13:05:20.408,-979650,-2003956,-1966842,-7212657,2,2,2,2
2025-09-03 13:05:20.411,-979225,-2003586,-1966529,-7212270,2,2,2,2
2025-09-03 13:05:20.413,-979068,-2003351,-1966230,-7212010,2,2,2,2
2025-09-03 13:05:20.416,-978689,-2011142,-1966074,-5114619,2,2,2,2
2025-09-03 13:05:20.419,-978457,-2002702,-1965831,-7211512,2,2,2,2
2025-09-03 13:05:20.421,-978235,-2002437,-1965559,-7211163,2,2,2,2
2025-09-03 13:05:20.425,-978070,-2018687,-1965166,-3016456,2,2,2,2
2025-09-03 13:05:20.427,-969594,-2001946,-1964804,-7210705,2,2,2,2
2025-09-03 13:05:20.430,-977447,-2001644,-1964750,-7210244,2,2,2,2
2025-09-03 13:05:20.433,-977160,-2017671,-1964315,-3015563,2,2,2,2
2025-09-03 13:05:20.435,-976879,-2017353,-1964028,-3015196,2,2,2,2
2025-09-03 13:05:20.438,-976532,-2000890,-1963716,-7209441,2,2,2,2
2025-09-03 13:05:20.441,-976252,-2016970,-1963288,-7208985,2,2,2,2
2025-09-03 13:05:20.443,-976255,-2000328,-1963275,-7208705,2,2,2,2
2025-09-03 13:05:20.446,-975996,-1999991,-1962999,-3014301,2,2,2,2
2025-09-03 13:05:20.449,-975543,-1999742,-1962501,-7208091,2,2,2,2
2025-09-03 13:05:20.451,-975461,-1999362,-4059524,-7207945,2,2,2,2
2025-09-03 13:05:20.454,-975042,-1999131,-1962133,-7207442,2,2,2,2
2025-09-03 13:05:20.457,-958338,-2015245,-1961857,-3013092,2,2,2,2
2025-09-03 13:05:20.460,-957980,-4095639,-1961472,-7206938,2,2,2,2
2025-09-03 13:05:20.462,-957742,-1998229,-1961214,-7206677,2,2,2,2
2025-09-03 13:05:20.465,-957599,-1998075,-1960982,-5109261,2,2,2,2
2025-09-03 13:05:20.468,-957312,-1997771,-1960677,-7206038,2,2,2,2
2025-09-03 13:05:20.471,-957155,-1997540,-1960439,-7205782,2,2,2,2
2025-09-03 13:05:20.474,-964966,-1997095,-1960051,-7205630,2,2,2,2
2025-09-03 13:05:20.476,-972831,-1996816,-1959711,-7205349,2,2,2,2
2025-09-03 13:05:20.479,-956403,-4093823,-1959639,-7204873,2,2,2,2
2025-09-03 13:05:20.482,-955921,-1996432,-1959381,-7204597,2,2,2,2
2025-09-03 13:05:20.485,-955775,-1996020,-1958900,-7204104,2,2,2,2
2025-09-03 13:05:20.487,-971791,-1995896,-1950585,-7204037,2,2,2,2
2025-09-03 13:05:20.490,-955252,-1995732,-4055690,-7203722,2,2,2,2
2025-09-03 13:05:20.493,-971461,-1995413,-1958277,-7203456,2,2,2,2
2025-09-03 13:05:20.495,-954684,-1995133,-1957990,-7203082,2,2,2,2
2025-09-03 13:05:20.498,-970867,-1994598,-1940999,-7202783,2,2,2,2
2025-09-03 13:05:20.501,-970380,-1994338,-1940739,-7202508,2,2,2,2
2025-09-03 13:05:20.504,-953724,-1977660,-1940459,-2999659,2,2,2,2
2025-09-03 13:05:20.506,-953639,-1993985,-1940429,-7202042,2,2,2,2
2025-09-03 13:05:20.509,-953383,-1993706,-1940021,-7201686,2,2,2,2
2025-09-03 13:05:20.512,-953103,-1976970,-1939718,-3006999,2,2,2,2
2025-09-03 13:05:20.515,-952959,-1993182,-4036708,-7201087,2,2,2,2
2025-09-03 13:05:20.517,-952698,-1992914,-1939218,-7200768,2,2,2,2
2025-09-03 13:05:20.520,-952349,-1992486,-4035987,-7200457,2,2,2,2
2025-09-03 13:05:20.523,-952178,-1975884,-1938587,-2997627,2,2,2,2
2025-09-03 13:05:20.525,-951838,-4089093,-1954680,-7183370,2,2,2,2
2025-09-03 13:05:20.529,-951429,-1991534,-1938125,-5085955,2,2,2,2
2025-09-03 13:05:20.531,-951198,-1974846,-1937815,-7199232,2,2,2,2
2025-09-03 13:05:20.534,-950997,-1990933,-1953909,-7182476,2,2,2,2
2025-09-03 13:05:20.537,-950771,-1982581,-1937354,-2987928,2,2,2,2
2025-09-03 13:05:20.539,-950548,-1974143,-1953423,-7181971,2,2,2,2
2025-09-03 13:05:20.542,-950288,-1973822,-1936777,-7181626,2,2,2,2
2025-09-03 13:05:20.545,-933524,-1973746,-1936385,-7181541,2,2,2,2
2025-09-03 13:05:20.548,-949601,-1973365,-1936000,-2994956,2,2,2,2
2025-09-03 13:05:20.550,-949373,-1972852,-1935746,-3002873,2,2,2,2
2025-09-03 13:05:20.553,-949091,-1972751,-1935379,-5083268,2,2,2,2
2025-09-03 13:05:20.556,-949119,-1972515,-1935392,-7196800,2,2,2,2
2025-09-03 13:05:20.559,-948613,-1972296,-1934874,-2985579,2,2,2,2
2025-09-03 13:05:20.562,-948276,-4069122,-1951217,-7179765,2,2,2,2
2025-09-03 13:05:20.565,-948107,-1971459,-1934321,-7179238,2,2,2,2
2025-09-03 13:05:20.567,-931448,-1971429,-1933968,-7178803,2,2,2,2
2025-09-03 13:05:20.570,-947453,-1970973,-4030729,-7195063,2,2,2,2
2025-09-03 13:05:20.572,-930686,-1970567,-1933441,-7178249,2,2,2,2
2025-09-03 13:05:20.575,-946708,-1978386,-1933053,-5080697,2,2,2,2
2025-09-03 13:05:20.578,-946458,-1969922,-1916403,-7177495,2,2,2,2
2025-09-03 13:05:20.581,-946307,-1969692,-1932541,-2982930,2,2,2,2
2025-09-03 13:05:20.584,-946131,-1969508,-1932274,-7176969,2,2,2,2
2025-09-03 13:05:20.586,-929508,-1969255,-1931779,-7176698,2,2,2,2
2025-09-03 13:05:20.589,-929074,-1968788,-1931617,-7176203,2,2,2,2
2025-09-03 13:05:20.592,-945282,-1968619,-1931387,-7159621,2,2,2,2
2025-09-03 13:05:20.595,-928563,-1968500,-1914875,-7175822,2,2,2,2
2025-09-03 13:05:20.597,-928263,-1968146,-1914520,-7175448,2,2,2,2
2025-09-03 13:05:20.600,-936205,-1967887,-4027791,-7159033,2,2,2,2
2025-09-03 13:05:20.603,-927854,-1967386,-1930144,-7174906,2,2,2,2
2025-09-03 13:05:20.606,-943875,-1967331,-1930014,-2980465,2,2,2,2
2025-09-03 13:05:20.608,-943621,-4064229,-1913407,-7174502,2,2,2,2
2025-09-03 13:05:20.611,-943374,-1966822,-1929485,-7174159,2,2,2,2
2025-09-03 13:05:20.614,-943117,-1966471,-1929209,-2963103,2,2,2,2
2025-09-03 13:05:20.616,-942998,-1966086,-1928811,-2962698,2,2,2,2
2025-09-03 13:05:20.619,-926347,-2031612,-1920277,-7173358,2,2,2,2
2025-09-03 13:05:20.621,-942561,-2031106,-1928216,-2978785,2,2,2,2
2025-09-03 13:05:20.624,-942326,-2031106,-1928221,-2962063,2,2,2,2
2025-09-03 13:05:20.627,-925689,-2030845,-1927943,-5075315,2,2,2,2
2025-09-03 13:05:20.630,-925294,-2030358,-1927468,-5075072,2,2,2,2
2025-09-03 13:05:20.632,-925072,-2030133,-1927279,-7155585,2,2,2,2
2025-09-03 13:05:20.635,-924888,-2029925,-1910560,-7171613,2,2,2,2
2025-09-03 13:05:20.638,-924650,-2029695,-1926775,-7171102,2,2,2,2
2025-09-03 13:05:20.641,-924275,-2029301,-1926372,-5073799,2,2,2,2
2025-09-03 13:05:20.644,-924139,-2029085,-1926151,-7154331,2,2,2,2
2025-09-03 13:05:20.646,-923891,-2028823,-1925886,-7154040,2,2,2,2
2025-09-03 13:05:20.649,-923382,-2028293,-1925617,-7153478,2,2,2,2
2025-09-03 13:05:20.652,-923082,-2028280,-1908896,-7169541,2,2,2,2
2025-09-03 13:05:20.654,-923015,-2027832,-1908502,-7153010,2,2,2,2
2025-09-03 13:05:20.657,-922658,-2027787,-1908456,-7169265,2,2,2,2
2025-09-03 13:05:20.660,-922348,-2027407,-1908065,-7168789,2,2,2,2
2025-09-03 13:05:20.663,-921991,-2027020,-1907681,-2974083,2,2,2,2
2025-09-03 13:05:20.665,-930025,-2026788,-1907443,-7151680,2,2,2,2
2025-09-03 13:05:20.668,-921577,-2026526,-1907135,-7151475,2,2,2,2
2025-09-03 13:05:20.670,-921295,-2026227,-1906802,-7151352,2,2,2,2
2025-09-03 13:05:20.673,-921108,-2017893,-1906663,-2956575,2,2,2,2
2025-09-03 13:05:20.676,-920811,-2025722,-1906296,-2964634,2,2,2,2
2025-09-03 13:05:20.678,-920580,-2025479,-1906056,-7150483,2,2,2,2
2025-09-03 13:05:20.681,-920354,-2025224,-1905724,-7150216,2,2,2,2
2025-09-03 13:05:20.684,-920079,-2024860,-1905437,-7149841,2,2,2,2
2025-09-03 13:05:20.686,-919919,-2024647,-1905184,-2955279,2,2,2,2
2025-09-03 13:05:20.689,-919679,-2024440,-1905014,-7149368,2,2,2,2
2025-09-03 13:05:20.692,-919318,-2024136,-4002032,-7148997,2,2,2,2
2025-09-03 13:05:20.695,-919038,-2023708,-1904521,-7148557,2,2,2,2
2025-09-03 13:05:20.698,-918780,-4120831,-1904198,-7148443,2,2,2,2
2025-09-03 13:05:20.700,-918569,-4104034,-1903997,-7148269,2,2,2,2
2025-09-03 13:05:20.703,-918077,-4103800,-1903562,-7147752,2,2,2,2
2025-09-03 13:05:20.706,-918007,-2006242,-1903344,-7147272,2,2,2,2
2025-09-03 13:05:20.709,-917523,-2022376,-1903093,-7147255,2,2,2,2
2025-09-03 13:05:20.711,-982815,-2013943,-1902830,-5049825,2,2,2,2
2025-09-03 13:05:20.714,-982565,-2005406,-1902310,-7146365,2,2,2,2
2025-09-03 13:05:20.717,-982421,-2005247,-1902070,-7146178,2,2,2,2
2025-09-03 13:05:20.720,-982251,-2021122,-1901817,-2951555,2,2,2,2
2025-09-03 13:05:20.723,-981958,-2004709,-1901463,-7145491,2,2,2,2
2025-09-03 13:05:20.726,-981742,-2004451,-1901269,-5048068,2,2,2,2
2025-09-03 13:05:20.728,-981493,-2004198,-1900950,-7145205,2,2,2,2
2025-09-03 13:05:20.731,-980993,-2003939,-1900682,-7144849,2,2,2,2
2025-09-03 13:05:20.733,-980788,-2003613,-1965961,-7144641,2,2,2,2
2025-09-03 13:05:20.736,-980627,-2003223,-1965815,-7144170,2,2,2,2
2025-09-03 13:05:20.739,-980471,-2003058,-1965315,-7143915,2,2,2,2
2025-09-03 13:05:20.741,-980214,-2002790,-1965303,-7143562,2,2,2,2
2025-09-03 13:05:20.745,-979813,-2002240,-1964819,-7208916,2,2,2,2
2025-09-03 13:05:20.747,-979469,-4099096,-1964485,-7208473,2,2,2,2
2025-09-03 13:05:20.750,-979183,-2001907,-4061316,-7208165,2,2,2,2
2025-09-03 13:05:20.753,-978793,-2001506,-1964017,-7207925,2,2,2,2
2025-09-03 13:05:20.755,-978691,-2017771,-1963638,-3013241,2,2,2,2
2025-09-03 13:05:20.758,-970252,-2001121,-1963361,-7207209,2,2,2,2
2025-09-03 13:05:20.761,-978029,-2000622,-4060269,-7206975,2,2,2,2
2025-09-03 13:05:20.763,-977719,-2000268,-1962758,-7206629,2,2,2,2
2025-09-03 13:05:20.766,-977664,-1999903,-1962388,-7206167,2,2,2,2
2025-09-03 13:05:20.769,-977174,-1999731,-1962213,-7205913,2,2,2,2
2025-09-03 13:05:20.772,-977196,-4096870,-1962208,-7205895,2,2,2,2
2025-09-03 13:05:20.775,-968805,-1999398,-1961873,-7205614,2,2,2,2
2025-09-03 13:05:20.778,-976635,-1999074,-1953040,-7205149,2,2,2,2
2025-09-03 13:05:20.780,-976232,-1982453,-1961060,-3010659,2,2,2,2
2025-09-03 13:05:20.783,-975925,-4095739,-1960767,-7204625,2,2,2,2
2025-09-03 13:05:20.785,-975863,-1998199,-1960594,-7204144,2,2,2,2
2025-09-03 13:05:20.788,-975593,-1997847,-1952114,-7203852,2,2,2,2
2025-09-03 13:05:20.791,-975362,-1997666,-1960057,-7203839,2,2,2,2
2025-09-03 13:05:20.793,-975118,-1997410,-1951613,-7203572,2,2,2,2
2025-09-03 13:05:20.796,-958442,-1980915,-1959680,-7203180,2,2,2,2
2025-09-03 13:05:20.799,-966425,-1996806,-4056338,-7202886,2,2,2,2
2025-09-03 13:05:20.801,-974518,-1996668,-1950844,-7202764,2,2,2,2
2025-09-03 13:05:20.804,-957930,-1996343,-1958795,-7202444,2,2,2,2
2025-09-03 13:05:20.807,-965881,-1996240,-4055693,-7202090,2,2,2,2
2025-09-03 13:05:20.810,-957160,-1995877,-1958251,-7201799,2,2,2,2
2025-09-03 13:05:20.813,-956803,-1979120,-1941483,-2998901,2,2,2,2
2025-09-03 13:05:20.815,-956427,-4092187,-1957425,-7201167,2,2,2,2
2025-09-03 13:05:20.818,-956284,-1994887,-1940779,-5103773,2,2,2,2
2025-09-03 13:05:20.821,-956280,-1994872,-1940775,-5087108,2,2,2,2
2025-09-03 13:05:20.824,-955897,-4091631,-1956749,-7184098,2,2,2,2
2025-09-03 13:05:20.827,-955635,-1994125,-1956458,-7183734,2,2,2,2
2025-09-03 13:05:20.830,-955151,-4091105,-1956153,-7183213,2,2,2,2
2025-09-03 13:05:20.832,-971504,-1993586,-1939460,-7183080,2,2,2,2
2025-09-03 13:05:20.835,-971118,-1993118,-1947244,-7182593,2,2,2,2
2025-09-03 13:05:20.838,-970962,-1992943,-1955192,-7182332,2,2,2,2
2025-09-03 13:05:20.841,-954262,-1984491,-1938494,-5084906,2,2,2,2
2025-09-03 13:05:20.843,-954002,-1984144,-1938194,-5084542,2,2,2,2
2025-09-03 13:05:20.846,-953711,-1983841,-1938145,-2987255,2,2,2,2
2025-09-03 13:05:20.849,-953338,-1975453,-1937766,-2994967,2,2,2,2
2025-09-03 13:05:20.852,-953197,-1975042,-1937528,-3002984,2,2,2,2
2025-09-03 13:05:20.855,-952946,-1991404,-1937251,-7196944,2,2,2,2
2025-09-03 13:05:20.857,-969099,-1990920,-1937016,-7180308,2,2,2,2
2025-09-03 13:05:20.860,-952471,-1974527,-1936754,-7196418,2,2,2,2
2025-09-03 13:05:20.863,-952048,-1974022,-4033397,-7196111,2,2,2,2
2025-09-03 13:05:20.865,-968066,-1973643,-1936105,-7179290,2,2,2,2
2025-09-03 13:05:20.868,-951322,-1973267,-1952110,-7178894,2,2,2,2
2025-09-03 13:05:20.871,-951275,-1973152,-1951988,-7178755,2,2,2,2
2025-09-03 13:05:20.873,-967432,-1972973,-1951494,-7178497,2,2,2,2
2025-09-03 13:05:20.877,-950663,-1972503,-1934956,-2983704,2,2,2,2
2025-09-03 13:05:20.879,-950472,-4069629,-1951026,-7177970,2,2,2,2
2025-09-03 13:05:20.882,-950264,-1972066,-1934127,-7177477,2,2,2,2
2025-09-03 13:05:20.885,-949880,-1971851,-1933972,-2982940,2,2,2,2
2025-09-03 13:05:20.887,-949639,-1971636,-1933710,-2999045,2,2,2,2
2025-09-03 13:05:20.891,-949296,-1971050,-1949806,-7176591,2,2,2,2
2025-09-03 13:05:20.893,-949119,-1978994,-1933097,-2982024,2,2,2,2
2025-09-03 13:05:20.896,-932586,-1970569,-1916549,-7176089,2,2,2,2
2025-09-03 13:05:20.898,-932117,-1970408,-1916319,-7175828,2,2,2,2
2025-09-03 13:05:20.901,-948370,-1969938,-4029459,-7159040,2,2,2,2
2025-09-03 13:05:20.903,-931763,-1969941,-1915891,-7175388,2,2,2,2
2025-09-03 13:05:20.906,-947998,-1969801,-1915504,-7174922,2,2,2,2
2025-09-03 13:05:20.909,-947664,-4066543,-1915280,-7174685,2,2,2,2
2025-09-03 13:05:20.911,-930860,-1969027,-1914901,-7174371,2,2,2,2
2025-09-03 13:05:20.914,-947101,-1968865,-4028022,-7157707,2,2,2,2
2025-09-03 13:05:20.917,-946806,-1968502,-1930749,-2979426,2,2,2,2
2025-09-03 13:05:20.920,-946667,-1968341,-4027750,-7157050,2,2,2,2
2025-09-03 13:05:20.922,-946635,-1968236,-1914111,-7173385,2,2,2,2
2025-09-03 13:05:20.925,-946410,-1967998,-1913618,-7173125,2,2,2,2
2025-09-03 13:05:20.928,-945904,-1967488,-1929734,-2978552,2,2,2,2
2025-09-03 13:05:20.930,-945666,-4064381,-1913093,-7172512,2,2,2,2
2025-09-03 13:05:20.933,-945272,-1967047,-1928992,-2961398,2,2,2,2
2025-09-03 13:05:20.936,-928768,-1966620,-1928859,-7171609,2,2,2,2
2025-09-03 13:05:20.938,-944787,-1966540,-1928477,-2968973,2,2,2,2
2025-09-03 13:05:20.941,-944621,-1966333,-1928235,-5074065,2,2,2,2
2025-09-03 13:05:20.943,-944540,-1966012,-1928195,-2968683,2,2,2,2
2025-09-03 13:05:20.946,-944246,-1965631,-1927821,-2960107,2,2,2,2
2025-09-03 13:05:20.948,-944116,-1965461,-1927675,-2976269,2,2,2,2
2025-09-03 13:05:20.951,-943629,-4062365,-1911035,-7170290,2,2,2,2
2025-09-03 13:05:20.954,-943492,-1965071,-1927198,-7153681,2,2,2,2
2025-09-03 13:05:20.957,-943132,-1964746,-4024038,-7153290,2,2,2,2
2025-09-03 13:05:20.959,-926536,-1964431,-1918433,-7169337,2,2,2,2
2025-09-03 13:05:20.962,-942586,-1964058,-1926181,-5071845,2,2,2,2
2025-09-03 13:05:20.965,-942333,-1963782,-1909515,-7168632,2,2,2,2
2025-09-03 13:05:20.968,-925484,-4060519,-1909033,-7168385,2,2,2,2
2025-09-03 13:05:20.971,-925288,-1963107,-1925147,-2965619,2,2,2,2
2025-09-03 13:05:20.973,-925160,-1962896,-1908620,-7151510,2,2,2,2
2025-09-03 13:05:20.976,-924944,-1962733,-1908450,-7151257,2,2,2,2
2025-09-03 13:05:20.979,-924660,-1962383,-1908087,-7150627,2,2,2,2
2025-09-03 13:05:20.981,-924290,-1962235,-1907947,-2964366,2,2,2,2
2025-09-03 13:05:20.984,-924147,-1961795,-1907457,-2955933,2,2,2,2
2025-09-03 13:05:20.987,-924001,-1961668,-1907301,-7150022,2,2,2,2
2025-09-03 13:05:20.990,-923635,-1961223,-1907099,-7149569,2,2,2,2
2025-09-03 13:05:20.992,-923262,-1961023,-4003863,-7149439,2,2,2,2
2025-09-03 13:05:20.995,-923151,-1960707,-1906586,-7149307,2,2,2,2
2025-09-03 13:05:20.998,-923032,-1952372,-1906189,-5051667,2,2,2,2
2025-09-03 13:05:21.000,-922642,-1960345,-1906026,-7148572,2,2,2,2
2025-09-03 13:05:21.003,-930792,-1959977,-4003062,-7148508,2,2,2,2
2025-09-03 13:05:21.006,-922344,-1959703,-1905631,-7148152,2,2,2,2
2025-09-03 13:05:21.009,-921756,-1959428,-1905024,-2961430,2,2,2,2
2025-09-03 13:05:21.011,-921366,-4056181,-1904882,-7147378,2,2,2,2
2025-09-03 13:05:21.014,-921094,-1958667,-1904510,-7146993,2,2,2,2
2025-09-03 13:05:21.017,-921068,-1958615,-1904132,-7146609,2,2,2,2
2025-09-03 13:05:21.020,-920607,-1958154,-1903973,-7146379,2,2,2,2
2025-09-03 13:05:21.022,-920563,-1958096,-1903866,-7146249,2,2,2,2
2025-09-03 13:05:21.025,-920349,-1941481,-1903387,-7145992,2,2,2,2
2025-09-03 13:05:21.028,-920076,-1941197,-1903341,-7145685,2,2,2,2
2025-09-03 13:05:21.030,-920022,-1940994,-1902949,-7145463,2,2,2,2
2025-09-03 13:05:21.033,-919564,-1940526,-3999875,-7144971,2,2,2,2
2025-09-03 13:05:21.036,-919276,-1940222,-1902094,-7144653,2,2,2,2
2025-09-03 13:05:21.039,-918912,-1940102,-1902026,-5047297,2,2,2,2
2025-09-03 13:05:21.041,-918771,-1956338,-1901818,-2949913,2,2,2,2
2025-09-03 13:05:21.045,-918527,-1939680,-1901540,-7143937,2,2,2,2
2025-09-03 13:05:21.047,-918293,-1939428,-3998445,-7143627,2,2,2,2
2025-09-03 13:05:21.050,-917884,-1938946,-3998199,-7143375,2,2,2,2
2025-09-03 13:05:21.053,-917568,-1938686,-1900771,-7143069,2,2,2,2
2025-09-03 13:05:21.055,-917397,-1938430,-3997677,-7142862,2,2,2,2
2025-09-03 13:05:21.058,-917255,-1938233,-1900050,-7142629,2,2,2,2
2025-09-03 13:05:21.061,-917014,-1938021,-1899786,-7142350,2,2,2,2
2025-09-03 13:05:21.063,-916717,-4034813,-1899703,-7141898,2,2,2,2
2025-09-03 13:05:21.066,-916256,-1937183,-1899255,-7141401,2,2,2,2
2025-09-03 13:05:21.069,-915979,-4034297,-1898889,-7141280,2,2,2,2
2025-09-03 13:05:21.071,-915723,-1936882,-1898612,-7141065,2,2,2,2
2025-09-03 13:05:21.074,-915707,-1936538,-1898563,-7140640,2,2,2,2
2025-09-03 13:05:21.076,-915586,-1936394,-3995539,-7140476,2,2,2,2
2025-09-03 13:05:21.079,-915241,-1936106,-1898089,-7140114,2,2,2,2
2025-09-03 13:05:21.082,-914816,-1952232,-1897570,-2945518,2,2,2,2
2025-09-03 13:05:21.084,-914465,-1935478,-1897457,-7139439,2,2,2,2
2025-09-03 13:05:21.087,-914425,-1935108,-1897006,-7139313,2,2,2,2
2025-09-03 13:05:21.090,-914145,-1951172,-1896722,-2936443,2,2,2,2
2025-09-03 13:05:21.092,-913872,-1934460,-1896432,-7138568,2,2,2,2
2025-09-03 13:05:21.096,-913393,-1934229,-1896187,-7138058,2,2,2,2
2025-09-03 13:05:21.098,-913001,-1933813,-1895709,-5040650,2,2,2,2
2025-09-03 13:05:21.101,-904472,-1933540,-3992577,-7137497,2,2,2,2
2025-09-03 13:05:21.104,-912522,-1933057,-1894935,-7137263,2,2,2,2
2025-09-03 13:05:21.106,-904066,-1933028,-1894901,-7136822,2,2,2,2
2025-09-03 13:05:21.109,-911894,-1932601,-1894523,-7136493,2,2,2,2
2025-09-03 13:05:21.112,-911688,-1932395,-1886064,-7136220,2,2,2,2
2025-09-03 13:05:21.115,-911120,-1931778,-1893879,-7135758,2,2,2,2
2025-09-03 13:05:21.118,-911007,-1931717,-1893487,-7135357,2,2,2,2
2025-09-03 13:05:21.120,-910726,-1931289,-1884923,-7118845,2,2,2,2
2025-09-03 13:05:21.123,-910487,-1914668,-1892866,-2940663,2,2,2,2
2025-09-03 13:05:21.126,-910305,-1930780,-3989747,-7134647,2,2,2,2
2025-09-03 13:05:21.129,-901748,-1930475,-1875847,-7117849,2,2,2,2
2025-09-03 13:05:21.132,-909559,-1930000,-1883799,-7117351,2,2,2,2
2025-09-03 13:05:21.134,-892813,-1913531,-1875220,-2931083,2,2,2,2
2025-09-03 13:05:21.137,-908925,-1929610,-1883139,-7116844,2,2,2,2
2025-09-03 13:05:21.140,-892402,-1929196,-1874447,-7116407,2,2,2,2
2025-09-03 13:05:21.142,-908299,-1928943,-1882396,-7116076,2,2,2,2
2025-09-03 13:05:21.145,-891772,-1928726,-1874046,-7132275,2,2,2,2
2025-09-03 13:05:21.147,-907796,-1928345,-1882096,-7115749,2,2,2,2
2025-09-03 13:05:21.150,-907658,-1928191,-1881621,-7115250,2,2,2,2
2025-09-03 13:05:21.152,-907155,-1927677,-1872905,-7114973,2,2,2,2
2025-09-03 13:05:21.155,-890512,-1910983,-1872887,-2936697,2,2,2,2
2025-09-03 13:05:21.158,-906500,-1926925,-1888787,-7114123,2,2,2,2
2025-09-03 13:05:21.161,-889986,-1926775,-1871928,-5016736,2,2,2,2
2025-09-03 13:05:21.163,-906033,-1926391,-1871860,-7113486,2,2,2,2
2025-09-03 13:05:21.166,-889100,-1917930,-1871313,-2918807,2,2,2,2
2025-09-03 13:05:21.169,-889071,-1925684,-1870872,-7129137,2,2,2,2
2025-09-03 13:05:21.172,-888811,-1917294,-1870609,-2918144,2,2,2,2
2025-09-03 13:05:21.174,-888535,-1925135,-1886924,-7112073,2,2,2,2
2025-09-03 13:05:21.177,-888096,-1908684,-3967254,-7128306,2,2,2,2
2025-09-03 13:05:21.180,-904202,-1908250,-1870053,-7111460,2,2,2,2
2025-09-03 13:05:21.182,-887758,-4005004,-1886008,-7111304,2,2,2,2
2025-09-03 13:05:21.185,-887325,-1907457,-1869249,-7110887,2,2,2,2
2025-09-03 13:05:21.188,-903426,-1907433,-1868823,-7110446,2,2,2,2
2025-09-03 13:05:21.190,-886979,-4004121,-1885125,-7110292,2,2,2,2
2025-09-03 13:05:21.193,-886474,-1906711,-1884722,-7110010,2,2,2,2
2025-09-03 13:05:21.196,-902423,-1906316,-1868017,-7109591,2,2,2,2
2025-09-03 13:05:21.198,-886004,-1905970,-1867630,-2915067,2,2,2,2
2025-09-03 13:05:21.201,-885383,-1905626,-1867168,-7092322,2,2,2,2
2025-09-03 13:05:21.204,-885117,-1905356,-1866888,-7092223,2,2,2,2
2025-09-03 13:05:21.207,-884990,-1905140,-1866739,-2913817,2,2,2,2
2025-09-03 13:05:21.209,-884577,-1904642,-1866488,-7091514,2,2,2,2
2025-09-03 13:05:21.212,-884381,-1904498,-1866084,-2913136,2,2,2,2
2025-09-03 13:05:21.215,-884210,-1904228,-1865744,-2912773,2,2,2,2
2025-09-03 13:05:21.218,-883851,-1903853,-1865359,-7090569,2,2,2,2
2025-09-03 13:05:21.221,-883559,-1903422,-3962132,-7090124,2,2,2,2
2025-09-03 13:05:21.223,-866627,-1903224,-1864702,-7106260,2,2,2,2
2025-09-03 13:05:21.226,-866347,-1902953,-1848049,-7105900,2,2,2,2
2025-09-03 13:05:21.229,-882592,-1902785,-3961343,-7089196,2,2,2,2
2025-09-03 13:05:21.232,-882451,-1902489,-1847566,-7105400,2,2,2,2
2025-09-03 13:05:21.235,-882158,-1901938,-1863634,-5007842,2,2,2,2
2025-09-03 13:05:21.237,-881690,-1901711,-1863409,-2902255,2,2,2,2
2025-09-03 13:05:21.241,-881646,-1901321,-1863009,-2901776,2,2,2,2
2025-09-03 13:05:21.244,-881033,-1901031,-1862644,-7103960,2,2,2,2
2025-09-03 13:05:21.247,-880668,-1900646,-1861926,-7103473,2,2,2,2
2025-09-03 13:05:21.249,-880151,-1965578,-1861642,-2900353,2,2,2,2
2025-09-03 13:05:21.252,-879881,-1965532,-1861280,-7086092,2,2,2,2
2025-09-03 13:05:21.255,-879715,-1965304,-1861092,-7086079,2,2,2,2
2025-09-03 13:05:21.257,-879504,-1964815,-1860871,-2891281,2,2,2,2
2025-09-03 13:05:21.260,-862723,-1964643,-1852176,-7085328,2,2,2,2
2025-09-03 13:05:21.262,-862701,-1964295,-1852137,-7085278,2,2,2,2
2025-09-03 13:05:21.265,-862286,-1963805,-1851636,-7084753,2,2,2,2
2025-09-03 13:05:21.268,-878323,-1963749,-1843058,-7084294,2,2,2,2
2025-09-03 13:05:21.271,-877967,-1963372,-1842930,-2889588,2,2,2,2
2025-09-03 13:05:21.273,-861378,-1963120,-1842680,-7083619,2,2,2,2
2025-09-03 13:05:21.276,-877429,-1962755,-1842233,-4986266,2,2,2,2
2025-09-03 13:05:21.279,-877087,-4059537,-1841667,-7082770,2,2,2,2
2025-09-03 13:05:21.282,-876649,-1961849,-1841381,-4985245,2,2,2,2
2025-09-03 13:05:21.285,-860098,-1961612,-1841047,-7082122,2,2,2,2
2025-09-03 13:05:21.288,-859766,-1953144,-1840841,-4984605,2,2,2,2
2025-09-03 13:05:21.290,-859639,-1961187,-1840616,-7081599,2,2,2,2
2025-09-03 13:05:21.293,-859366,-4057997,-1840247,-7081210,2,2,2,2
2025-09-03 13:05:21.296,-859011,-1960458,-1839877,-7081011,2,2,2,2
2025-09-03 13:05:21.299,-858782,-1960242,-1839626,-2886248,2,2,2,2
2025-09-03 13:05:21.301,-858369,-4057189,-1839375,-7080219,2,2,2,2
2025-09-03 13:05:21.304,-858265,-1959655,-1839055,-7080072,2,2,2,2
2025-09-03 13:05:21.307,-857962,-1959240,-1838594,-2885373,2,2,2,2
2025-09-03 13:05:21.309,-857613,-1958915,-1838546,-7079286,2,2,2,2
2025-09-03 13:05:21.312,-857478,-1958687,-1838315,-7079055,2,2,2,2
2025-09-03 13:05:21.315,-856976,-1958418,-3934952,-7078721,2,2,2,2
2025-09-03 13:05:21.318,-864877,-1958115,-1837337,-7078351,2,2,2,2
2025-09-03 13:05:21.320,-864513,-1941271,-3934358,-7078132,2,2,2,2
2025-09-03 13:05:21.324,-856096,-1941108,-1837022,-7143401,2,2,2,2
2025-09-03 13:05:21.326,-856056,-1940991,-1836563,-7142942,2,2,2,2
2025-09-03 13:05:21.329,-855544,-1940450,-1836037,-7142640,2,2,2,2
2025-09-03 13:05:21.332,-855066,-1940202,-3932931,-7142107,2,2,2,2
2025-09-03 13:05:21.335,-855056,-1939863,-1835752,-7142001,2,2,2,2
2025-09-03 13:05:21.338,-854798,-1955972,-1835399,-2947340,2,2,2,2
2025-09-03 13:05:21.340,-854539,-1939256,-1835120,-7141358,2,2,2,2
2025-09-03 13:05:21.344,-854024,-1938974,-1900053,-7140940,2,2,2,2
2025-09-03 13:05:21.347,-853905,-1938649,-1899911,-7140559,2,2,2,2
2025-09-03 13:05:21.349,-853550,-1938195,-1899505,-7140348,2,2,2,2
2025-09-03 13:05:21.352,-853266,-1938161,-1899149,-7139957,2,2,2,2
2025-09-03 13:05:21.354,-853119,-1945865,-1898978,-2945407,2,2,2,2
2025-09-03 13:05:21.357,-852794,-4034808,-1898630,-7139359,2,2,2,2
2025-09-03 13:05:21.360,-852592,-1937366,-1898265,-7139036,2,2,2,2
2025-09-03 13:05:21.362,-852109,-1936872,-1898085,-7138774,2,2,2,2
2025-09-03 13:05:21.365,-917272,-1936415,-1897614,-7138287,2,2,2,2
2025-09-03 13:05:21.368,-916993,-4033516,-1897274,-7137900,2,2,2,2
2025-09-03 13:05:21.370,-916766,-1935870,-1897067,-7137574,2,2,2,2
2025-09-03 13:05:21.373,-916498,-1935776,-1896707,-7137526,2,2,2,2
2025-09-03 13:05:21.376,-916476,-4032647,-1896662,-7137147,2,2,2,2
2025-09-03 13:05:21.378,-915976,-1935234,-1888148,-7136812,2,2,2,2
2025-09-03 13:05:21.381,-915870,-1951483,-1895940,-7136659,2,2,2,2
2025-09-03 13:05:21.383,-915653,-4031881,-1895902,-7136278,2,2,2,2
2025-09-03 13:05:21.386,-915427,-1934476,-1895643,-7136006,2,2,2,2
2025-09-03 13:05:21.389,-915124,-1934198,-1887096,-7135709,2,2,2,2
2025-09-03 13:05:21.391,-914931,-1933963,-1895112,-7135379,2,2,2,2
2025-09-03 13:05:21.394,-914937,-1933695,-1894708,-7135351,2,2,2,2
2025-09-03 13:05:21.397,-914664,-1949747,-1894411,-2940660,2,2,2,2
2025-09-03 13:05:21.399,-914279,-1933188,-1894192,-7118096,2,2,2,2
2025-09-03 13:05:21.402,-913947,-1932901,-1893901,-5020830,2,2,2,2
2025-09-03 13:05:21.405,-913534,-1932482,-1893477,-7133892,2,2,2,2
2025-09-03 13:05:21.408,-913507,-1932314,-3990522,-7133815,2,2,2,2
2025-09-03 13:05:21.410,-913176,-1932051,-1893095,-5019930,2,2,2,2
2025-09-03 13:05:21.413,-904803,-1931773,-3989908,-7133173,2,2,2,2
2025-09-03 13:05:21.416,-912401,-1931419,-1892455,-7116409,2,2,2,2
2025-09-03 13:05:21.418,-903938,-1931063,-3972857,-7132407,2,2,2,2
2025-09-03 13:05:21.421,-912017,-1914615,-1875562,-2929764,2,2,2,2
2025-09-03 13:05:21.424,-903810,-1930714,-1875221,-7115774,2,2,2,2
2025-09-03 13:05:21.427,-911618,-1930265,-1875147,-7115367,2,2,2,2
2025-09-03 13:05:21.429,-911391,-1930082,-1874821,-7115022,2,2,2,2
2025-09-03 13:05:21.432,-911130,-4026884,-1890874,-7114645,2,2,2,2
2025-09-03 13:05:21.434,-910875,-1913247,-1874169,-2919968,2,2,2,2
2025-09-03 13:05:21.437,-910614,-1913046,-1873905,-2936068,2,2,2,2
2025-09-03 13:05:21.440,-910435,-1929185,-1873662,-7130125,2,2,2,2
2025-09-03 13:05:21.443,-910109,-1928908,-1873379,-7130010,2,2,2,2
2025-09-03 13:05:21.445,-909883,-1928565,-1881217,-7113267,2,2,2,2
2025-09-03 13:05:21.448,-909551,-1928183,-1872648,-7112853,2,2,2,2
2025-09-03 13:05:21.450,-909177,-1927703,-1880425,-7112427,2,2,2,2
2025-09-03 13:05:21.453,-892643,-1927548,-1888449,-7112180,2,2,2,2
2025-09-03 13:05:21.455,-892388,-1927292,-1871925,-7112165,2,2,2,2
2025-09-03 13:05:21.458,-892131,-1927022,-1871663,-7111828,2,2,2,2
2025-09-03 13:05:21.461,-891803,-1910329,-1871381,-2933615,2,2,2,2
2025-09-03 13:05:21.463,-891516,-1926298,-1871051,-5013899,2,2,2,2
2025-09-03 13:05:21.466,-907459,-1926130,-1886866,-7110531,2,2,2,2
2025-09-03 13:05:21.469,-890853,-1909472,-1870206,-7093791,2,2,2,2
2025-09-03 13:05:21.471,-906959,-1925613,-1869961,-7109912,2,2,2,2
2025-09-03 13:05:21.474,-890624,-1908991,-1869983,-2899298,2,2,2,2
2025-09-03 13:05:21.477,-890227,-1908516,-1869577,-7093114,2,2,2,2
2025-09-03 13:05:21.480,-898034,-1908285,-3966232,-7092798,2,2,2,2
2025-09-03 13:05:21.482,-889548,-1907969,-1885321,-7108749,2,2,2,2
2025-09-03 13:05:21.485,-905704,-1907721,-1868683,-7108414,2,2,2,2
2025-09-03 13:05:21.488,-889323,-1907485,-1868442,-2914178,2,2,2,2
2025-09-03 13:05:21.490,-888883,-4004505,-1884471,-7108098,2,2,2,2
2025-09-03 13:05:21.493,-888591,-1906972,-1868003,-7107703,2,2,2,2
2025-09-03 13:05:21.496,-888424,-1906745,-1867677,-2913122,2,2,2,2
2025-09-03 13:05:21.498,-888048,-1906309,-1867259,-7107172,2,2,2,2
2025-09-03 13:05:21.501,-887649,-1914269,-1866774,-5009516,2,2,2,2
2025-09-03 13:05:21.504,-887521,-1905767,-1850255,-7106538,2,2,2,2
2025-09-03 13:05:21.507,-903665,-1905523,-1866391,-7106277,2,2,2,2
2025-09-03 13:05:21.510,-886921,-1905148,-1866081,-7089429,2,2,2,2
2025-09-03 13:05:21.513,-902763,-1904768,-1865699,-7105488,2,2,2,2
2025-09-03 13:05:21.515,-886239,-1904280,-1865210,-7104896,2,2,2,2
2025-09-03 13:05:21.518,-886015,-1904103,-3962101,-7088202,2,2,2,2
2025-09-03 13:05:21.521,-885514,-4000993,-1848314,-7104362,2,2,2,2
2025-09-03 13:05:21.524,-901775,-1903478,-1864327,-7104241,2,2,2,2
2025-09-03 13:05:21.527,-885022,-4000498,-1847555,-7103842,2,2,2,2
2025-09-03 13:05:21.530,-884747,-1902970,-1863878,-7103375,2,2,2,2
2025-09-03 13:05:21.532,-868197,-1902717,-1855361,-7103030,2,2,2,2
2025-09-03 13:05:21.535,-884224,-1902335,-1863164,-5005797,2,2,2,2
2025-09-03 13:05:21.537,-867604,-1902103,-1854745,-7102710,2,2,2,2
2025-09-03 13:05:21.540,-867516,-1902053,-1854689,-7085878,2,2,2,2
2025-09-03 13:05:21.543,-883563,-1901598,-1862428,-7085727,2,2,2,2
2025-09-03 13:05:21.546,-883305,-1901321,-1862389,-4988263,2,2,2,2
2025-09-03 13:05:21.548,-882974,-1900955,-1845378,-7084955,2,2,2,2
2025-09-03 13:05:21.551,-882580,-1900794,-3958757,-7084780,2,2,2,2
2025-09-03 13:05:21.554,-865928,-1900529,-1861273,-7084495,2,2,2,2
2025-09-03 13:05:21.557,-882304,-1900229,-1861001,-2898039,2,2,2,2
2025-09-03 13:05:21.559,-881960,-1899892,-1860631,-7084032,2,2,2,2
2025-09-03 13:05:21.562,-865396,-1899625,-1852170,-7083742,2,2,2,2
2025-09-03 13:05:21.565,-865012,-1899135,-1843559,-7083156,2,2,2,2
2025-09-03 13:05:21.568,-881134,-1898789,-3956737,-7082821,2,2,2,2
2025-09-03 13:05:21.571,-880655,-1898557,-3940121,-7082297,2,2,2,2
2025-09-03 13:05:21.573,-880269,-1898240,-1842659,-2896110,2,2,2,2
2025-09-03 13:05:21.576,-880142,-1898111,-1842432,-2887440,2,2,2,2
2025-09-03 13:05:21.579,-863500,-1897833,-1842173,-7081693,2,2,2,2
2025-09-03 13:05:21.581,-879569,-3994494,-1841716,-7081185,2,2,2,2
2025-09-03 13:05:21.584,-870923,-1897195,-3938678,-7080945,2,2,2,2
2025-09-03 13:05:21.586,-879050,-1896804,-1841378,-7080474,2,2,2,2
2025-09-03 13:05:21.589,-878747,-1896558,-1841136,-2885905,2,2,2,2
2025-09-03 13:05:21.592,-870262,-1896447,-1840768,-7080157,2,2,2,2
2025-09-03 13:05:21.595,-861704,-1896071,-1848565,-7079691,2,2,2,2
2025-09-03 13:05:21.597,-878051,-1895674,-1839909,-7079268,2,2,2,2
2025-09-03 13:05:21.600,-877684,-1887093,-1839838,-4981880,2,2,2,2
2025-09-03 13:05:21.602,-877339,-1894927,-1839475,-2884354,2,2,2,2
2025-09-03 13:05:21.605,-877181,-1894951,-1839247,-2884120,2,2,2,2
2025-09-03 13:05:21.608,-860645,-1894790,-1839084,-7078189,2,2,2,2
2025-09-03 13:05:21.610,-876806,-1894614,-1838833,-7077919,2,2,2,2
2025-09-03 13:05:21.613,-859913,-1893948,-1838493,-7077620,2,2,2,2
2025-09-03 13:05:21.616,-859645,-1893735,-1837933,-7077164,2,2,2,2
2025-09-03 13:05:21.618,-859507,-1893520,-1837777,-7076996,2,2,2,2
2025-09-03 13:05:21.621,-859380,-1893375,-1837577,-2882541,2,2,2,2
2025-09-03 13:05:21.623,-859134,-1892888,-1837339,-4979444,2,2,2,2
2025-09-03 13:05:21.626,-858865,-1892856,-1837052,-7076220,2,2,2,2
2025-09-03 13:05:21.628,-858503,-1892472,-1836922,-2881783,2,2,2,2
2025-09-03 13:05:21.631,-858219,-1875715,-1836528,-7075355,2,2,2,2
2025-09-03 13:05:21.634,-857873,-1891719,-1836151,-2880925,2,2,2,2
2025-09-03 13:05:21.636,-857370,-1875082,-1835566,-7074683,2,2,2,2
2025-09-03 13:05:21.639,-857152,-1874838,-1835384,-7074432,2,2,2,2
2025-09-03 13:05:21.641,-856878,-1874575,-1835068,-7074166,2,2,2,2
2025-09-03 13:05:21.645,-856689,-1874381,-3932018,-7073845,2,2,2,2
2025-09-03 13:05:21.647,-856572,-1882366,-1834708,-4976414,2,2,2,2
2025-09-03 13:05:21.651,-856124,-1873643,-1834101,-7073266,2,2,2,2
2025-09-03 13:05:21.653,-855838,-1889742,-1833843,-2878623,2,2,2,2
2025-09-03 13:05:21.656,-855686,-1873174,-1833957,-7072778,2,2,2,2
2025-09-03 13:05:21.659,-855430,-1872904,-1833672,-4975263,2,2,2,2
2025-09-03 13:05:21.661,-855292,-1888826,-1833196,-7072005,2,2,2,2
2025-09-03 13:05:21.664,-854843,-1872251,-1832911,-7071720,2,2,2,2
2025-09-03 13:05:21.667,-854626,-1871895,-1832588,-7071274,2,2,2,2
2025-09-03 13:05:21.670,-854218,-1871475,-1832167,-7071103,2,2,2,2
2025-09-03 13:05:21.672,-854018,-3968489,-1831995,-7070946,2,2,2,2
2025-09-03 13:05:21.675,-853505,-1871080,-1831447,-7070355,2,2,2,2
2025-09-03 13:05:21.678,-853357,-1870596,-1831210,-4972954,2,2,2,2
2025-09-03 13:05:21.681,-853240,-1886767,-1831051,-7069922,2,2,2,2
2025-09-03 13:05:21.684,-852715,-1886458,-1830421,-2866716,2,2,2,2
2025-09-03 13:05:21.687,-852676,-3966855,-1830351,-7052700,2,2,2,2
2025-09-03 13:05:21.690,-852243,-1869343,-1830014,-7052312,2,2,2,2
2025-09-03 13:05:21.693,-851938,-1869272,-1829880,-7068553,2,2,2,2
2025-09-03 13:05:21.696,-851598,-1868839,-3926667,-7068166,2,2,2,2
2025-09-03 13:05:21.698,-851247,-1868535,-1829128,-7051371,2,2,2,2
2025-09-03 13:05:21.701,-851196,-1884516,-1828725,-2865033,2,2,2,2
2025-09-03 13:05:21.704,-850833,-1868025,-1828603,-7050767,2,2,2,2
2025-09-03 13:05:21.707,-850584,-1867763,-1820155,-7050512,2,2,2,2
2025-09-03 13:05:21.709,-850422,-1850886,-1827869,-2864140,2,2,2,2
2025-09-03 13:05:21.712,-850167,-1867252,-1827833,-7066339,2,2,2,2
2025-09-03 13:05:21.715,-849724,-1866753,-1819143,-7049676,2,2,2,2
2025-09-03 13:05:21.717,-849438,-1866475,-1827044,-7065697,2,2,2,2
2025-09-03 13:05:21.720,-849123,-1866029,-1810208,-7065272,2,2,2,2
2025-09-03 13:05:21.722,-848649,-1849558,-1810058,-7065085,2,2,2,2
2025-09-03 13:05:21.725,-848619,-1865511,-1809767,-7064708,2,2,2,2
2025-09-03 13:05:21.728,-848144,-1865416,-3906683,-7064460,2,2,2,2
2025-09-03 13:05:21.731,-847897,-1865076,-1825553,-7047710,2,2,2,2
2025-09-03 13:05:21.733,-847859,-1864946,-1825431,-7047557,2,2,2,2
2025-09-03 13:05:21.736,-839303,-1864503,-1808656,-7063543,2,2,2,2
2025-09-03 13:05:21.739,-847346,-1864424,-1816707,-7046945,2,2,2,2
2025-09-03 13:05:21.741,-838916,-1864173,-1808267,-7046695,2,2,2,2
2025-09-03 13:05:21.744,-847080,-1863812,-1807898,-7046633,2,2,2,2
2025-09-03 13:05:21.747,-846518,-1863447,-1815787,-7045927,2,2,2,2
2025-09-03 13:05:21.750,-846196,-1863069,-1807132,-7045766,2,2,2,2
2025-09-03 13:05:21.752,-845935,-1862786,-1806867,-7045230,2,2,2,2
2025-09-03 13:05:21.755,-845813,-1862415,-1823129,-7045097,2,2,2,2
2025-09-03 13:05:21.758,-845314,-1862172,-1822917,-7044838,2,2,2,2
2025-09-03 13:05:21.761,-845067,-1861910,-3903461,-7028148,2,2,2,2
2025-09-03 13:05:21.763,-844820,-1861634,-1822341,-7044201,2,2,2,2
2025-09-03 13:05:21.766,-844675,-1845004,-1805712,-2849556,2,2,2,2
2025-09-03 13:05:21.769,-836229,-1861125,-3902601,-7027456,2,2,2,2
2025-09-03 13:05:21.772,-844300,-1861008,-1805070,-7043391,2,2,2,2
2025-09-03 13:05:21.774,-844010,-1844293,-1805030,-2848789,2,2,2,2
2025-09-03 13:05:21.777,-827251,-1844176,-1804569,-7026553,2,2,2,2
2025-09-03 13:05:21.780,-826978,-1860131,-3901344,-7026125,2,2,2,2
2025-09-03 13:05:21.783,-826880,-1851644,-1803809,-4944928,2,2,2,2
2025-09-03 13:05:21.786,-826496,-1842976,-1803726,-7041921,2,2,2,2
2025-09-03 13:05:21.788,-826352,-3939998,-1819651,-7041768,2,2,2,2
2025-09-03 13:05:21.791,-826085,-3939710,-1819628,-7041410,2,2,2,2
2025-09-03 13:05:21.794,-825581,-1842305,-1802733,-4943728,2,2,2,2
2025-09-03 13:05:21.797,-825376,-1842147,-1802506,-7024255,2,2,2,2
2025-09-03 13:05:21.800,-824947,-1841615,-3899366,-7023873,2,2,2,2
2025-09-03 13:05:21.802,-824697,-1849475,-1801947,-4942835,2,2,2,2
2025-09-03 13:05:21.806,-824537,-1841053,-1801727,-7039758,2,2,2,2
2025-09-03 13:05:21.808,-840678,-1840867,-1801217,-7039496,2,2,2,2
2025-09-03 13:05:21.811,-840563,-1840749,-1784715,-7039433,2,2,2,2
2025-09-03 13:05:21.814,-832017,-1840357,-3897860,-7022571,2,2,2,2
2025-09-03 13:05:21.816,-840056,-1840113,-1784317,-7038612,2,2,2,2
2025-09-03 13:05:21.820,-823410,-1839848,-1800437,-2835831,2,2,2,2
2025-09-03 13:05:21.822,-823184,-1839619,-1799959,-7038155,2,2,2,2
2025-09-03 13:05:21.825,-822942,-1839616,-1799964,-7021705,2,2,2,2
2025-09-03 13:05:21.828,-822757,-1847545,-1799690,-4940657,2,2,2,2
2025-09-03 13:05:21.831,-822511,-1839085,-1799417,-7021059,2,2,2,2
2025-09-03 13:05:21.834,-822169,-1838638,-3896181,-7020624,2,2,2,2
2025-09-03 13:05:21.837,-821794,-3935482,-1782281,-7020528,2,2,2,2
2025-09-03 13:05:21.839,-837893,-1837981,-1798625,-7020246,2,2,2,2
2025-09-03 13:05:21.842,-837738,-1837810,-1798148,-7020005,2,2,2,2
2025-09-03 13:05:21.845,-821095,-1837535,-3895280,-7019653,2,2,2,2
2025-09-03 13:05:21.847,-837179,-1837190,-1789577,-7019285,2,2,2,2
2025-09-03 13:05:21.850,-820727,-1837056,-1797629,-7019123,2,2,2,2
2025-09-03 13:05:21.853,-820708,-1837032,-1780961,-7018772,2,2,2,2
2025-09-03 13:05:21.856,-820331,-1836587,-1797228,-7018639,2,2,2,2
2025-09-03 13:05:21.859,-820090,-1836403,-1796980,-2824089,2,2,2,2
2025-09-03 13:05:21.861,-819913,-1836142,-1780344,-7018123,2,2,2,2
2025-09-03 13:05:21.864,-819700,-1835912,-1796485,-2831752,2,2,2,2
2025-09-03 13:05:21.867,-835963,-1835765,-1796322,-7017689,2,2,2,2
2025-09-03 13:05:21.869,-819207,-1835645,-1795943,-2831379,2,2,2,2
2025-09-03 13:05:21.872,-819193,-1835294,-1795867,-7017466,2,2,2,2
2025-09-03 13:05:21.874,-818988,-1835156,-1779336,-7017075,2,2,2,2
2025-09-03 13:05:21.877,-818718,-1900346,-3892588,-7016761,2,2,2,2
2025-09-03 13:05:21.879,-802051,-1900295,-1778689,-7016602,2,2,2,2
2025-09-03 13:05:21.882,-818370,-3997299,-1778497,-7016352,2,2,2,2
2025-09-03 13:05:21.885,-818195,-1900022,-1794775,-7016206,2,2,2,2
2025-09-03 13:05:21.887,-818048,-1899803,-1794567,-2821738,2,2,2,2
2025-09-03 13:05:21.890,-817968,-3996674,-1778158,-7015965,2,2,2,2
2025-09-03 13:05:21.893,-817798,-1899268,-1794292,-7015709,2,2,2,2
2025-09-03 13:05:21.895,-817537,-1899209,-1794276,-2821360,2,2,2,2
2025-09-03 13:05:21.898,-817303,-1898952,-1777565,-2821024,2,2,2,2
2025-09-03 13:05:21.901,-817255,-1898796,-1777171,-7014927,2,2,2,2
2025-09-03 13:05:21.904,-800700,-1898652,-1777033,-7014850,2,2,2,2
2025-09-03 13:05:21.906,-816768,-1898436,-1777018,-7014770,2,2,2,2
2025-09-03 13:05:21.909,-816525,-1898192,-3873930,-7014522,2,2,2,2
2025-09-03 13:05:21.912,-816411,-1898006,-1776655,-4917245,2,2,2,2
2025-09-03 13:05:21.915,-816365,-1897866,-1776323,-7013918,2,2,2,2
2025-09-03 13:05:21.917,-815879,-3994784,-1776058,-7013744,2,2,2,2
2025-09-03 13:05:21.920,-815655,-3994617,-1775873,-7013521,2,2,2,2
2025-09-03 13:05:21.923,-815461,-1896967,-1775645,-7013305,2,2,2,2
2025-09-03 13:05:21.926,-815109,-1896921,-3872504,-7012936,2,2,2,2
2025-09-03 13:05:21.929,-798482,-1896607,-1775094,-7012640,2,2,2,2
2025-09-03 13:05:21.931,-814713,-1896183,-1774594,-7012383,2,2,2,2
2025-09-03 13:05:21.934,-806282,-1895907,-3871741,-7077639,2,2,2,2
2025-09-03 13:05:21.937,-797853,-1895916,-1774340,-7077386,2,2,2,2
2025-09-03 13:05:21.940,-814086,-1895449,-1774204,-2882925,2,2,2,2
2025-09-03 13:05:21.942,-805779,-1895407,-1773839,-7077105,2,2,2,2
2025-09-03 13:05:21.945,-797444,-1895420,-1782046,-7077109,2,2,2,2
2025-09-03 13:05:21.948,-813781,-3992180,-1773758,-7076709,2,2,2,2
2025-09-03 13:05:21.950,-797074,-1894686,-1773444,-7076598,2,2,2,2
2025-09-03 13:05:21.953,-813287,-1894501,-1773274,-4979199,2,2,2,2
2025-09-03 13:05:21.956,-813042,-1894442,-1772951,-7076088,2,2,2,2
2025-09-03 13:05:21.959,-796572,-1894152,-1772919,-7076046,2,2,2,2
2025-09-03 13:05:21.962,-812657,-1894087,-3869949,-7075835,2,2,2,2
2025-09-03 13:05:21.965,-812487,-1893768,-1772290,-7075574,2,2,2,2
2025-09-03 13:05:21.967,-812294,-1893583,-1772132,-2880794,2,2,2,2
2025-09-03 13:05:21.970,-795839,-1893498,-1772018,-7075029,2,2,2,2
2025-09-03 13:05:21.973,-811784,-1893337,-1771796,-7074797,2,2,2,2
2025-09-03 13:05:21.975,-795386,-1893005,-1771533,-7074783,2,2,2,2
2025-09-03 13:05:21.978,-795379,-1892971,-1771507,-7074427,2,2,2,2
2025-09-03 13:05:21.981,-811287,-1884552,-1771269,-4977034,2,2,2,2
2025-09-03 13:05:21.984,-811370,-1884290,-1771014,-4977030,2,2,2,2
2025-09-03 13:05:21.986,-811226,-1875871,-1770852,-7073939,2,2,2,2
2025-09-03 13:05:21.989,-794402,-3972896,-1770698,-7073542,2,2,2,2
2025-09-03 13:05:21.992,-794139,-1891843,-1770397,-2871021,2,2,2,2
2025-09-03 13:05:21.994,-794148,-1875450,-1770426,-7073181,2,2,2,2
2025-09-03 13:05:21.997,-794007,-1891396,-1770232,-2878702,2,2,2,2
2025-09-03 13:05:22.000,-793743,-1874964,-1769973,-7072985,2,2,2,2
2025-09-03 13:05:22.002,-793599,-3971961,-1769782,-7072742,2,2,2,2
2025-09-03 13:05:22.005,-793570,-1874457,-1769711,-7072384,2,2,2,2
2025-09-03 13:05:22.008,-793327,-1874457,-1834991,-7072452,2,2,2,2
2025-09-03 13:05:22.011,-793113,-1890603,-1834766,-7072145,2,2,2,2
2025-09-03 13:05:22.013,-792952,-1873981,-1834598,-7071901,2,2,2,2
2025-09-03 13:05:22.016,-792847,-1873930,-1834477,-7071771,2,2,2,2
2025-09-03 13:05:22.019,-792729,-1873866,-1834346,-7071624,2,2,2,2
2025-09-03 13:05:22.021,-792547,-1873471,-1834097,-7071364,2,2,2,2
2025-09-03 13:05:22.024,-792461,-1873434,-1833998,-7071264,2,2,2,2
2025-09-03 13:05:22.027,-792174,-1873391,-3931117,-7071181,2,2,2,2
2025-09-03 13:05:22.029,-800272,-1873089,-3930747,-7070852,2,2,2,2
2025-09-03 13:05:22.032,-792058,-1872926,-1833574,-7070740,2,2,2,2
2025-09-03 13:05:22.034,-791825,-1880946,-1833267,-2876181,2,2,2,2
2025-09-03 13:05:22.037,-791564,-1872653,-1833239,-7070462,2,2,2,2
2025-09-03 13:05:22.040,-791417,-1872441,-3930262,-7070276,2,2,2,2
2025-09-03 13:05:22.042,-799494,-1872371,-3929886,-7070145,2,2,2,2
2025-09-03 13:05:22.045,-791047,-1872100,-1832712,-7069891,2,2,2,2
2025-09-03 13:05:22.048,-791061,-3969272,-1832464,-7069823,2,2,2,2
2025-09-03 13:05:22.051,-791021,-3969136,-1832664,-7069709,2,2,2,2
2025-09-03 13:05:22.053,-790801,-1871751,-1832444,-7053093,2,2,2,2
2025-09-03 13:05:22.056,-790682,-1888052,-1832328,-2866919,2,2,2,2
2025-09-03 13:05:22.059,-790736,-1871613,-1831998,-7052944,2,2,2,2
2025-09-03 13:05:22.061,-790422,-1871349,-1831884,-7052694,2,2,2,2
2025-09-03 13:05:22.064,-790243,-1887483,-1831816,-2874517,2,2,2,2
2025-09-03 13:05:22.067,-790020,-1887250,-1831663,-7068903,2,2,2,2
2025-09-03 13:05:22.069,-790123,-1870945,-1831446,-4955141,2,2,2,2
2025-09-03 13:05:22.072,-789985,-1887187,-1831290,-7068527,2,2,2,2
2025-09-03 13:05:22.075,-789695,-1870454,-1831279,-7051801,2,2,2,2
2025-09-03 13:05:22.078,-789625,-1870586,-3928330,-7068396,2,2,2,2
2025-09-03 13:05:22.080,-789706,-1870341,-1830976,-7051750,2,2,2,2
2025-09-03 13:05:22.083,-789358,-1870308,-1822716,-7051720,2,2,2,2
2025-09-03 13:05:22.086,-789498,-3967262,-1830789,-7051529,2,2,2,2
2025-09-03 13:05:22.088,-789038,-3967116,-1830655,-7051388,2,2,2,2
2025-09-03 13:05:22.091,-789230,-1869840,-1830463,-7051253,2,2,2,2
2025-09-03 13:05:22.094,-789091,-1869854,-1830636,-7051277,2,2,2,2
2025-09-03 13:05:22.097,-788884,-1886156,-1830500,-7067520,2,2,2,2
2025-09-03 13:05:22.099,-788879,-1885747,-1830171,-7067255,2,2,2,2
2025-09-03 13:05:22.102,-788748,-1869465,-1822087,-7050963,2,2,2,2
2025-09-03 13:05:22.105,-788592,-1869299,-1830134,-7067127,2,2,2,2
2025-09-03 13:05:22.108,-788533,-1869298,-1830137,-7050739,2,2,2,2
2025-09-03 13:05:22.110,-788462,-1869082,-1829996,-7066916,2,2,2,2
2025-09-03 13:05:22.113,-788285,-1868948,-1829879,-7050467,2,2,2,2
2025-09-03 13:05:22.116,-788230,-3965981,-1829757,-7050344,2,2,2,2
2025-09-03 13:05:22.118,-788241,-3966053,-1829769,-7050355,2,2,2,2
2025-09-03 13:05:22.121,-788109,-1868684,-1829644,-7050129,2,2,2,2
2025-09-03 13:05:22.124,-788102,-1868601,-1829382,-7066512,2,2,2,2
2025-09-03 13:05:22.127,-787911,-1868437,-1829488,-7049962,2,2,2,2
2025-09-03 13:05:22.130,-787989,-1868521,-1829517,-7049994,2,2,2,2
2025-09-03 13:05:22.132,-787768,-1868543,-1829361,-7049830,2,2,2,2
2025-09-03 13:05:22.135,-787721,-1868171,-1829323,-4952553,2,2,2,2
2025-09-03 13:05:22.138,-787692,-1868057,-3926379,-7066050,2,2,2,2
2025-09-03 13:05:22.140,-787505,-1868176,-1829107,-7049473,2,2,2,2
2025-09-03 13:05:22.143,-787582,-1868250,-3926281,-7065866,2,2,2,2
2025-09-03 13:05:22.145,-787661,-1867929,-1828878,-7049484,2,2,2,2
2025-09-03 13:05:22.148,-787213,-1884164,-1828748,-2855044,2,2,2,2
2025-09-03 13:05:22.151,-787230,-1867533,-3925917,-7065546,2,2,2,2
2025-09-03 13:05:22.154,-787175,-1867656,-1828637,-7048961,2,2,2,2
2025-09-03 13:05:22.157,-786951,-1851101,-1828468,-2871062,2,2,2,2
2025-09-03 13:05:22.159,-787060,-1850883,-1828589,-7065214,2,2,2,2
2025-09-03 13:05:22.162,-786970,-1867478,-3925642,-7065411,2,2,2,2
2025-09-03 13:05:22.165,-787086,-1867514,-3925511,-7065211,2,2,2,2
2025-09-03 13:05:22.168,-786848,-1867270,-1828369,-7048899,2,2,2,2
2025-09-03 13:05:22.171,-786831,-1850860,-1828351,-2854517,2,2,2,2
2025-09-03 13:05:22.173,-786936,-1867019,-1828209,-7048654,2,2,2,2
2025-09-03 13:05:22.176,-786733,-1867108,-1828314,-7048688,2,2,2,2
2025-09-03 13:05:22.179,-786703,-1850618,-1828221,-2854284,2,2,2,2
2025-09-03 13:05:22.181,-786544,-1850423,-1828069,-2870498,2,2,2,2
2025-09-03 13:05:22.184,-786448,-1866979,-1827952,-7048310,2,2,2,2
2025-09-03 13:05:22.188,-786648,-3963931,-1828091,-7048437,2,2,2,2
2025-09-03 13:05:22.190,-786643,-3963913,-1828083,-7048351,2,2,2,2
2025-09-03 13:05:22.193,-786537,-1866636,-1827903,-4951150,2,2,2,2
2025-09-03 13:05:22.196,-786452,-1866619,-1827945,-7048210,2,2,2,2
2025-09-03 13:05:22.199,-851928,-3963888,-1827783,-7048065,2,2,2,2
2025-09-03 13:05:22.202,-786467,-1866600,-1827954,-7048198,2,2,2,2
2025-09-03 13:05:22.205,-851967,-3963884,-1827849,-7048088,2,2,2,2
2025-09-03 13:05:22.207,-851814,-1850125,-1827698,-2853873,2,2,2,2
2025-09-03 13:05:22.210,-851720,-1850081,-1827598,-7064459,2,2,2,2
2025-09-03 13:05:22.213,-851722,-1866391,-1827594,-7048055,2,2,2,2
2025-09-03 13:05:22.216,-851957,-1866356,-1827819,-4950798,2,2,2,2
2025-09-03 13:05:22.218,-851776,-1866489,-1827712,-7047838,2,2,2,2
2025-09-03 13:05:22.221,-851809,-1866438,-3924760,-7064181,2,2,2,2
2025-09-03 13:05:22.224,-851687,-3963151,-1827517,-7047658,2,2,2,2
2025-09-03 13:05:22.227,-851692,-3963392,-1827575,-7047660,2,2,2,2
2025-09-03 13:05:22.230,-851706,-1866236,-1819380,-7047665,2,2,2,2
2025-09-03 13:05:22.232,-851477,-1849605,-1827331,-7064049,2,2,2,2
2025-09-03 13:05:22.235,-851583,-1866014,-3924589,-7063820,2,2,2,2
2025-09-03 13:05:22.238,-851473,-1865955,-3924480,-7063946,2,2,2,2
2025-09-03 13:05:22.241,-851243,-3963121,-1827086,-7047405,2,2,2,2
2025-09-03 13:05:22.244,-851424,-3962911,-1827185,-7047442,2,2,2,2
2025-09-03 13:05:22.246,-851230,-3963013,-1827311,-7047285,2,2,2,2
2025-09-03 13:05:22.249,-851216,-1865839,-1827316,-4950119,2,2,2,2
2025-09-03 13:05:22.252,-851303,-1865777,-1827324,-7063631,2,2,2,2
2025-09-03 13:05:22.255,-851312,-1865841,-1827074,-4950124,2,2,2,2
2025-09-03 13:05:22.257,-851331,-1865854,-1827088,-4950129,2,2,2,2
2025-09-03 13:05:22.260,-851353,-1865788,-3924247,-7063632,2,2,2,2
2025-09-03 13:05:22.263,-851430,-1865926,-1827180,-7063672,2,2,2,2
2025-09-03 13:05:22.266,-851434,-1865928,-1827178,-7047218,2,2,2,2
2025-09-03 13:05:22.268,-851398,-1865734,-1827313,-7047418,2,2,2,2
2025-09-03 13:05:22.271,-851222,-1865684,-3924365,-7063688,2,2,2,2
2025-09-03 13:05:22.273,-851418,-1865479,-1827089,-7047163,2,2,2,2
2025-09-03 13:05:22.276,-851313,-1849233,-1827053,-2852746,2,2,2,2
2025-09-03 13:05:22.279,-851231,-1865574,-1827021,-7046934,2,2,2,2
2025-09-03 13:05:22.282,-851174,-1849025,-1826827,-2869139,2,2,2,2
2025-09-03 13:05:22.284,-851071,-1848868,-1810402,-7063140,2,2,2,2
2025-09-03 13:05:22.287,-850940,-1865171,-1810202,-7063173,2,2,2,2
2025-09-03 13:05:22.289,-851103,-1848904,-1810416,-2868761,2,2,2,2
2025-09-03 13:05:22.292,-850959,-1865161,-1810208,-7063166,2,2,2,2
2025-09-03 13:05:22.295,-850949,-1865019,-1810189,-7063163,2,2,2,2
2025-09-03 13:05:22.298,-850964,-1865074,-1810191,-4949622,2,2,2,2
2025-09-03 13:05:22.300,-850989,-1865092,-1826670,-7046783,2,2,2,2
2025-09-03 13:05:22.303,-850904,-1865186,-1826708,-7046559,2,2,2,2
2025-09-03 13:05:22.306,-850945,-1865211,-1810419,-2852348,2,2,2,2
2025-09-03 13:05:22.308,-851010,-1865059,-1826659,-7046682,2,2,2,2
2025-09-03 13:05:22.311,-850970,-1865213,-1810188,-4949497,2,2,2,2
2025-09-03 13:05:22.313,-850702,-1864931,-1810166,-4949473,2,2,2,2
2025-09-03 13:05:22.316,-850711,-1864930,-1826567,-7046555,2,2,2,2
2025-09-03 13:05:22.319,-850699,-3961979,-1826546,-7046518,2,2,2,2
2025-09-03 13:05:22.321,-850846,-1864961,-3907465,-7063035,2,2,2,2
2025-09-03 13:05:22.324,-850923,-1864962,-3907480,-7062788,2,2,2,2
2025-09-03 13:05:22.327,-850798,-1864761,-1810196,-7046456,2,2,2,2
2025-09-03 13:05:22.329,-850696,-1864709,-3907300,-7062793,2,2,2,2
2025-09-03 13:05:22.332,-850848,-1864909,-1810039,-7062729,2,2,2,2
2025-09-03 13:05:22.335,-850680,-1864604,-1810122,-7046291,2,2,2,2
2025-09-03 13:05:22.337,-850540,-1864452,-1809920,-7046143,2,2,2,2
2025-09-03 13:05:22.340,-850461,-1864679,-1809894,-7046108,2,2,2,2
2025-09-03 13:05:22.343,-850480,-3961837,-1826292,-7046121,2,2,2,2
2025-09-03 13:05:22.345,-850692,-1864498,-1810040,-7062573,2,2,2,2
2025-09-03 13:05:22.348,-850794,-1864569,-1810069,-7046202,2,2,2,2
2025-09-03 13:05:22.351,-850824,-1848244,-1810163,-2851981,2,2,2,2
2025-09-03 13:05:22.353,-850896,-1864579,-1810172,-7046276,2,2,2,2
2025-09-03 13:05:22.356,-850698,-1864688,-1810027,-7062761,2,2,2,2
2025-09-03 13:05:22.359,-850828,-1864814,-1810157,-4949097,2,2,2,2
2025-09-03 13:05:22.362,-850927,-1848457,-1810188,-2851972,2,2,2,2
2025-09-03 13:05:22.365,-850945,-1864830,-1826574,-7046263,2,2,2,2
2025-09-03 13:05:22.367,-850952,-1864825,-1826565,-7046251,2,2,2,2
2025-09-03 13:05:22.370,-850750,-1864681,-1826434,-7046288,2,2,2,2
2025-09-03 13:05:22.372,-850809,-1864661,-3907194,-7062725,2,2,2,2
2025-09-03 13:05:22.375,-850700,-1848170,-1809946,-2851867,2,2,2,2
2025-09-03 13:05:22.378,-850707,-1864468,-1826354,-7046147,2,2,2,2
2025-09-03 13:05:22.380,-850917,-1864654,-1810075,-7046085,2,2,2,2
2025-09-03 13:05:22.383,-850709,-1864692,-1809930,-7046124,2,2,2,2
2025-09-03 13:05:22.386,-850905,-3961711,-1826440,-7045992,2,2,2,2
2025-09-03 13:05:22.389,-850812,-1864455,-1809963,-7045889,2,2,2,2
2025-09-03 13:05:22.391,-850704,-1864332,-1818089,-7045939,2,2,2,2
2025-09-03 13:05:22.394,-850763,-1864344,-1826320,-7046030,2,2,2,2
2025-09-03 13:05:22.397,-850818,-1864348,-1809948,-4948879,2,2,2,2
2025-09-03 13:05:22.399,-850681,-1864211,-1818010,-7045890,2,2,2,2
2025-09-03 13:05:22.402,-850811,-1864332,-1818136,-7046081,2,2,2,2
2025-09-03 13:05:22.405,-850892,-3961479,-1826355,-7046002,2,2,2,2
2025-09-03 13:05:22.408,-850836,-1864301,-1818128,-7045926,2,2,2,2
2025-09-03 13:05:22.411,-850693,-1864419,-1809801,-7045848,2,2,2,2
2025-09-03 13:05:22.414,-850557,-1864199,-1809671,-4948730,2,2,2,2
2025-09-03 13:05:22.416,-850578,-1847837,-1809691,-7062021,2,2,2,2
2025-09-03 13:05:22.419,-850930,-1864240,-3907183,-7062323,2,2,2,2
2025-09-03 13:05:22.422,-850787,-1864324,-1810141,-4948856,2,2,2,2
2025-09-03 13:05:22.425,-850932,-1864206,-3907177,-7062271,2,2,2,2
2025-09-03 13:05:22.427,-850944,-1864202,-1810035,-7062267,2,2,2,2
2025-09-03 13:05:22.430,-850801,-1864242,-3907226,-7062333,2,2,2,2
2025-09-03 13:05:22.432,-850824,-1864306,-1810149,-4948766,2,2,2,2
2025-09-03 13:05:22.435,-850879,-1864322,-1826306,-7045738,2,2,2,2
2025-09-03 13:05:22.437,-850692,-1864406,-3907174,-7062138,2,2,2,2
2025-09-03 13:05:22.440,-850701,-1864331,-1826403,-7045750,2,2,2,2
2025-09-03 13:05:22.443,-850911,-1864207,-1826543,-7045885,2,2,2,2
2025-09-03 13:05:22.445,-850818,-1864414,-3907206,-7062222,2,2,2,2
2025-09-03 13:05:22.448,-850838,-1864413,-3907222,-7062160,2,2,2,2
2025-09-03 13:05:22.450,-850735,-1864295,-1826402,-7045661,2,2,2,2
2025-09-03 13:05:22.453,-850703,-1864181,-1826300,-7045870,2,2,2,2
2025-09-03 13:05:22.456,-850818,-1847838,-1810039,-2851352,2,2,2,2
2025-09-03 13:05:22.459,-850805,-1847819,-1810021,-2851583,2,2,2,2
2025-09-03 13:05:22.462,-850839,-1864222,-1818241,-7045644,2,2,2,2
2025-09-03 13:05:22.464,-850941,-1864306,-1818259,-7045662,2,2,2,2
2025-09-03 13:05:22.467,-850795,-1864086,-1809929,-4948610,2,2,2,2
2025-09-03 13:05:22.469,-850931,-1847858,-1810070,-2851584,2,2,2,2
2025-09-03 13:05:22.472,-850691,-1847614,-1809820,-2867721,2,2,2,2
2025-09-03 13:05:22.475,-850830,-1864075,-1818216,-7045833,2,2,2,2
2025-09-03 13:05:22.478,-851050,-1864293,-1810166,-4948492,2,2,2,2
2025-09-03 13:05:22.480,-850949,-1847783,-1810066,-7062156,2,2,2,2
2025-09-03 13:05:22.483,-850805,-1863940,-3907064,-7061968,2,2,2,2
2025-09-03 13:05:22.485,-850763,-1863941,-1818094,-7045610,2,2,2,2
2025-09-03 13:05:22.488,-850882,-1864035,-1826326,-7045641,2,2,2,2
2025-09-03 13:05:22.491,-850914,-1863948,-1826355,-7045632,2,2,2,2
2025-09-03 13:05:22.494,-850895,-1864178,-1809926,-7045601,2,2,2,2
2025-09-03 13:05:22.497,-850794,-1847690,-1809810,-2851180,2,2,2,2
2025-09-03 13:05:22.499,-850886,-3961228,-1826244,-7045492,2,2,2,2
2025-09-03 13:05:22.502,-850913,-1864090,-1809918,-7045516,2,2,2,2
2025-09-03 13:05:22.505,-851182,-1847742,-1809930,-2867851,2,2,2,2
2025-09-03 13:05:22.507,-851071,-1847584,-1810078,-7062024,2,2,2,2
2025-09-03 13:05:22.510,-851068,-1864207,-1810137,-4948483,2,2,2,2
2025-09-03 13:05:22.512,-851199,-1864063,-1809931,-7045745,2,2,2,2
2025-09-03 13:05:22.515,-851189,-1864043,-1809923,-7045657,2,2,2,2
2025-09-03 13:05:22.518,-850892,-1863957,-1818112,-7045628,2,2,2,2
2025-09-03 13:05:22.521,-850953,-1863978,-1809944,-7061769,2,2,2,2
2025-09-03 13:05:22.523,-851066,-1864070,-1826421,-7045476,2,2,2,2
2025-09-03 13:05:22.526,-851173,-1864161,-1826487,-7045501,2,2,2,2
2025-09-03 13:05:22.529,-851060,-1847663,-1810023,-2851078,2,2,2,2
2025-09-03 13:05:22.531,-851045,-1863959,-3907100,-7061999,2,2,2,2
2025-09-03 13:05:22.534,-851137,-3961108,-1826381,-7045619,2,2,2,2
2025-09-03 13:05:22.537,-851056,-1864183,-1809940,-7045522,2,2,2,2
2025-09-03 13:05:22.539,-851172,-3961193,-1826513,-7045625,2,2,2,2
2025-09-03 13:05:22.542,-851162,-1863948,-1826358,-7045534,2,2,2,2
2025-09-03 13:05:22.545,-850962,-1847668,-1810158,-2851084,2,2,2,2
2025-09-03 13:05:22.547,-850997,-1864079,-1809936,-7045408,2,2,2,2
2025-09-03 13:05:22.550,-851176,-1864182,-1809978,-4948351,2,2,2,2
2025-09-03 13:05:22.553,-850954,-1863940,-1826448,-7045521,2,2,2,2
2025-09-03 13:05:22.556,-850974,-1863955,-3907300,-7061987,2,2,2,2
2025-09-03 13:05:22.559,-851194,-3961243,-1826355,-7045477,2,2,2,2
2025-09-03 13:05:22.561,-850958,-1847452,-1810058,-2851178,2,2,2,2
2025-09-03 13:05:22.564,-851193,-3960955,-1826358,-7045381,2,2,2,2
2025-09-03 13:05:22.567,-851188,-1864042,-1809964,-7045625,2,2,2,2
2025-09-03 13:05:22.570,-851220,-1847601,-1810048,-7061767,2,2,2,2
2025-09-03 13:05:22.572,-851330,-1864093,-1810150,-4948329,2,2,2,2
2025-09-03 13:05:22.575,-851188,-1863934,-1826326,-7045514,2,2,2,2
2025-09-03 13:05:22.578,-851351,-1864081,-1810154,-4948251,2,2,2,2
2025-09-03 13:05:22.580,-851251,-1863940,-1826416,-7045582,2,2,2,2
2025-09-03 13:05:22.583,-851246,-1863954,-1826435,-7045527,2,2,2,2
2025-09-03 13:05:22.586,-851412,-3961200,-1826528,-7045623,2,2,2,2
2025-09-03 13:05:22.589,-851319,-1847800,-1810289,-7061890,2,2,2,2
2025-09-03 13:05:22.592,-851433,-1847584,-1810147,-7061995,2,2,2,2
2025-09-03 13:05:22.595,-851201,-1863991,-3907333,-7061761,2,2,2,2
2025-09-03 13:05:22.597,-851326,-1863905,-1809975,-4948331,2,2,2,2
2025-09-03 13:05:22.600,-851263,-3960985,-1826384,-7045474,2,2,2,2
2025-09-03 13:05:22.603,-851433,-1863840,-1810116,-7045485,2,2,2,2
2025-09-03 13:05:22.605,-851323,-1847414,-1809951,-2851076,2,2,2,2
2025-09-03 13:05:22.608,-851230,-3960839,-1826305,-7045271,2,2,2,2
2025-09-03 13:05:22.611,-851355,-1863808,-1809981,-4948239,2,2,2,2
2025-09-03 13:05:22.614,-851222,-1863907,-3907303,-7061834,2,2,2,2
2025-09-03 13:05:22.617,-851227,-1863835,-1826529,-7045408,2,2,2,2
2025-09-03 13:05:22.619,-851439,-1863980,-1810288,-7061987,2,2,2,2
2025-09-03 13:05:22.622,-851517,-1864078,-1818516,-7045386,2,2,2,2
2025-09-03 13:05:22.624,-851317,-1863832,-1826544,-7045401,2,2,2,2
2025-09-03 13:05:22.627,-851209,-1863693,-3907194,-7061729,2,2,2,2
2025-09-03 13:05:22.630,-851431,-3960978,-1826309,-7045230,2,2,2,2
2025-09-03 13:05:22.634,-851205,-1863905,-3907175,-7061582,2,2,2,2
2025-09-03 13:05:22.636,-851273,-1863935,-1826442,-7045259,2,2,2,2
2025-09-03 13:05:22.639,-851227,-1863840,-1810034,-7045175,2,2,2,2
2025-09-03 13:05:22.642,-851447,-1847374,-1810176,-2851077,2,2,2,2
2025-09-03 13:05:22.645,-851450,-1863705,-1818358,-7045357,2,2,2,2
2025-09-03 13:05:22.648,-851460,-1863792,-1810185,-7045368,2,2,2,2
2025-09-03 13:05:22.650,-851455,-1863685,-1810173,-4948127,2,2,2,2
2025-09-03 13:05:22.653,-851473,-1863704,-1826578,-7045350,2,2,2,2
2025-09-03 13:05:22.655,-851471,-1863682,-1818380,-7045318,2,2,2,2
2025-09-03 13:05:22.658,-851510,-1863683,-1818375,-7045325,2,2,2,2
2025-09-03 13:05:22.661,-851612,-1863799,-1810375,-7045378,2,2,2,2
2025-09-03 13:05:22.663,-851601,-1863712,-1818484,-7045366,2,2,2,2
2025-09-03 13:05:22.666,-851589,-1863927,-1810276,-7061648,2,2,2,2
2025-09-03 13:05:22.669,-851573,-1863832,-1810193,-4948075,2,2,2,2
2025-09-03 13:05:22.671,-851590,-1863828,-1810196,-4948339,2,2,2,2
2025-09-03 13:05:22.674,-851682,-1863920,-1826665,-7045504,2,2,2,2
2025-09-03 13:05:22.677,-851838,-1864130,-1826817,-7061820,2,2,2,2
2025-09-03 13:05:22.679,-851907,-1864094,-1826928,-7045494,2,2,2,2
2025-09-03 13:05:22.682,-851763,-1864036,-1826764,-7045609,2,2,2,2
2025-09-03 13:05:22.685,-851709,-1847481,-1810309,-2851186,2,2,2,2
2025-09-03 13:05:22.688,-851703,-1863743,-1810295,-7061783,2,2,2,2
2025-09-03 13:05:22.690,-851700,-1847409,-1810285,-2867467,2,2,2,2
2025-09-03 13:05:22.693,-851696,-1863779,-1810220,-7045374,2,2,2,2
2025-09-03 13:05:22.696,-851711,-1863783,-1818490,-7045375,2,2,2,2
2025-09-03 13:05:22.698,-851491,-1863797,-1826763,-7045141,2,2,2,2
2025-09-03 13:05:22.701,-851586,-1863877,-1810405,-7061535,2,2,2,2
2025-09-03 13:05:22.703,-851603,-1863817,-1810420,-7045163,2,2,2,2
2025-09-03 13:05:22.706,-851737,-1847303,-1810294,-2867430,2,2,2,2
2025-09-03 13:05:22.709,-851825,-1863703,-1810312,-7061701,2,2,2,2
2025-09-03 13:05:22.712,-851915,-1863825,-1826809,-7045405,2,2,2,2
2025-09-03 13:05:22.714,-851710,-1863814,-1826566,-7045147,2,2,2,2
2025-09-03 13:05:22.717,-851692,-1863791,-1826813,-7045126,2,2,2,2
2025-09-03 13:05:22.720,-851775,-1863840,-1826682,-7045247,2,2,2,2
2025-09-03 13:05:22.723,-851720,-1847326,-1810186,-2851067,2,2,2,2
2025-09-03 13:05:22.725,-851733,-1863709,-1810194,-7045376,2,2,2,2
2025-09-03 13:05:22.728,-851715,-1863675,-1818615,-7045327,2,2,2,2
2025-09-03 13:05:22.731,-851846,-1847422,-1810290,-2850843,2,2,2,2
2025-09-03 13:05:22.733,-851821,-1863700,-1826829,-7045358,2,2,2,2
2025-09-03 13:05:22.736,-851865,-1863807,-1810379,-7045146,2,2,2,2
2025-09-03 13:05:22.739,-851942,-1847372,-1810314,-2867220,2,2,2,2
2025-09-03 13:05:22.742,-851716,-1863742,-1810402,-7061574,2,2,2,2
2025-09-03 13:05:22.745,-851907,-1863929,-1826915,-7045272,2,2,2,2
2025-09-03 13:05:22.747,-851865,-1863691,-3907442,-7061705,2,2,2,2
2025-09-03 13:05:22.750,-851918,-1863659,-1826662,-7045250,2,2,2,2
2025-09-03 13:05:22.753,-851951,-1847301,-1810300,-2850968,2,2,2,2
2025-09-03 13:05:22.755,-851809,-1863724,-1810408,-7045374,2,2,2,2
2025-09-03 13:05:22.758,-851845,-1863809,-1818623,-7045141,2,2,2,2
2025-09-03 13:05:22.761,-851868,-1847427,-1826847,-2850921,2,2,2,2
2025-09-03 13:05:22.764,-786482,-1863695,-1827064,-7045357,2,2,2,2
2025-09-03 13:05:22.766,-786446,-1863835,-1818750,-7045181,2,2,2,2
2025-09-03 13:05:22.769,-786570,-1863693,-1827060,-7045355,2,2,2,2
2025-09-03 13:05:22.772,-786675,-1847599,-1827098,-7061780,2,2,2,2
2025-09-03 13:05:22.774,-786582,-1863931,-1827063,-4948383,2,2,2,2
2025-09-03 13:05:22.778,-786453,-1847414,-1826938,-2851086,2,2,2,2
2025-09-03 13:05:22.780,-786564,-1863910,-1827052,-7045417,2,2,2,2
2025-09-03 13:05:22.783,-786682,-3961086,-1827081,-7045517,2,2,2,2
2025-09-03 13:05:22.786,-786588,-1863833,-1827052,-7045423,2,2,2,2
2025-09-03 13:05:22.788,-786681,-1863925,-1818891,-7045571,2,2,2,2
2025-09-03 13:05:22.791,-786710,-1863926,-1827090,-7045503,2,2,2,2
2025-09-03 13:05:22.794,-786827,-1863959,-1827271,-7045615,2,2,2,2
2025-09-03 13:05:22.796,-786750,-1863909,-1818909,-7045569,2,2,2,2
2025-09-03 13:05:22.799,-786915,-3961185,-1827292,-7045623,2,2,2,2
2025-09-03 13:05:22.801,-786831,-1863939,-1819011,-7045584,2,2,2,2
2025-09-03 13:05:22.804,-786909,-1863945,-1827280,-7045529,2,2,2,2
2025-09-03 13:05:22.807,-786817,-1863833,-1818995,-7045426,2,2,2,2
2025-09-03 13:05:22.810,-786809,-1863810,-1827108,-4948250,2,2,2,2
2025-09-03 13:05:22.812,-786932,-1863926,-1827222,-7045517,2,2,2,2
2025-09-03 13:05:22.815,-786663,-1863903,-1826963,-7061618,2,2,2,2
2025-09-03 13:05:22.818,-786589,-1863812,-1827011,-7045150,2,2,2,2
2025-09-03 13:05:22.821,-786704,-1847538,-1827312,-2851205,2,2,2,2
2025-09-03 13:05:22.823,-786699,-1863905,-1827301,-7045486,2,2,2,2
2025-09-03 13:05:22.826,-786694,-1863812,-1827298,-7045411,2,2,2,2
2025-09-03 13:05:22.829,-786938,-1847415,-1827204,-2867466,2,2,2,2
2025-09-03 13:05:22.831,-786818,-1847528,-1827322,-2867570,2,2,2,2
2025-09-03 13:05:22.834,-786712,-1863732,-3924378,-7061766,2,2,2,2
2025-09-03 13:05:22.837,-786933,-1863688,-1827173,-7045273,2,2,2,2
2025-09-03 13:05:22.840,-786922,-1863910,-1827101,-7045255,2,2,2,2
2025-09-03 13:05:22.843,-786943,-1863918,-1827177,-7045329,2,2,2,2
2025-09-03 13:05:22.845,-786923,-1863818,-1827084,-7045154,2,2,2,2
2025-09-03 13:05:22.848,-786825,-1847325,-1827231,-2851050,2,2,2,2
2025-09-03 13:05:22.850,-786794,-1863931,-1827197,-7045313,2,2,2,2
2025-09-03 13:05:22.853,-786946,-1863800,-1818886,-7045383,2,2,2,2
2025-09-03 13:05:22.856,-786961,-1847429,-1827169,-2851103,2,2,2,2
2025-09-03 13:05:22.858,-787059,-1863839,-1827204,-7045430,2,2,2,2
2025-09-03 13:05:22.861,-786962,-1864034,-1827348,-7045624,2,2,2,2
2025-09-03 13:05:22.864,-786955,-1847308,-1827081,-2867437,2,2,2,2
2025-09-03 13:05:22.867,-786703,-1863689,-1827077,-7045335,2,2,2,2
2025-09-03 13:05:22.870,-786794,-1863453,-3923998,-7028685,2,2,2,2
2025-09-03 13:05:22.873,-786805,-1863442,-1826846,-7045092,2,2,2,2
2025-09-03 13:05:22.875,-786812,-1863524,-1826928,-7045106,2,2,2,2
2025-09-03 13:05:22.878,-786824,-1863779,-1819007,-7045356,2,2,2,2
2025-09-03 13:05:22.881,-786955,-3960976,-1827074,-7045219,2,2,2,2
2025-09-03 13:05:22.883,-786936,-1863794,-1819040,-7045373,2,2,2,2
2025-09-03 13:05:22.886,-787003,-1863906,-1827104,-7045235,2,2,2,2
2025-09-03 13:05:22.890,-787190,-1863687,-1827212,-7045347,2,2,2,2
2025-09-03 13:05:22.892,-787075,-1847432,-1827169,-2850918,2,2,2,2
2025-09-03 13:05:22.895,-787191,-1863927,-1827222,-7045326,2,2,2,2
2025-09-03 13:05:22.898,-787004,-1863699,-1819124,-7045357,2,2,2,2
2025-09-03 13:05:22.901,-787190,-1863835,-1827204,-7045242,2,2,2,2
2025-09-03 13:05:22.904,-786952,-1847265,-1827221,-2850933,2,2,2,2
2025-09-03 13:05:22.906,-787199,-1863883,-1827212,-7045158,2,2,2,2
2025-09-03 13:05:22.910,-787074,-1847299,-1827095,-7061655,2,2,2,2
2025-09-03 13:05:22.912,-787044,-1855381,-1827308,-4948073,2,2,2,2
2025-09-03 13:05:22.915,-787008,-1863794,-1819022,-7045132,2,2,2,2
2025-09-03 13:05:22.918,-786958,-1863708,-1827202,-7045369,2,2,2,2
2025-09-03 13:05:22.921,-786994,-1863804,-1827258,-7045130,2,2,2,2
2025-09-03 13:05:22.923,-787198,-3961078,-1827398,-7045265,2,2,2,2
2025-09-03 13:05:22.926,-787189,-1863840,-1827341,-7045237,2,2,2,2
2025-09-03 13:05:22.929,-787178,-1847431,-1827322,-2850837,2,2,2,2
2025-09-03 13:05:22.932,-787083,-1847310,-1827217,-2867436,2,2,2,2
2025-09-03 13:05:22.935,-786988,-1863654,-1827204,-7045256,2,2,2,2
2025-09-03 13:05:22.938,-786999,-1863658,-1827197,-7045255,2,2,2,2
2025-09-03 13:05:22.940,-787186,-1863709,-1827316,-7045365,2,2,2,2
2025-09-03 13:05:22.943,-786957,-1863525,-1827090,-7045116,2,2,2,2
2025-09-03 13:05:22.946,-786966,-1847099,-1827087,-2834419,2,2,2,2
2025-09-03 13:05:22.949,-787051,-1863451,-1827108,-7045117,2,2,2,2
2025-09-03 13:05:22.951,-787183,-1847262,-1827313,-7028609,2,2,2,2
2025-09-03 13:05:22.954,-786977,-1863676,-1827087,-7045096,2,2,2,2
2025-09-03 13:05:22.957,-787073,-1863443,-1827183,-7028727,2,2,2,2
2025-09-03 13:05:22.959,-787190,-1855357,-1827306,-4947744,2,2,2,2
2025-09-03 13:05:22.962,-787092,-1863441,-1827195,-7028717,2,2,2,2
2025-09-03 13:05:22.965,-787077,-1863665,-1818988,-7045071,2,2,2,2
2025-09-03 13:05:22.968,-787257,-3960804,-1827395,-7045242,2,2,2,2
2025-09-03 13:05:22.970,-787418,-3960812,-1827453,-7045248,2,2,2,2
2025-09-03 13:05:22.973,-787442,-1863651,-1827524,-7045246,2,2,2,2
2025-09-03 13:05:22.976,-787451,-3960818,-1827534,-7045253,2,2,2,2
2025-09-03 13:05:22.979,-787331,-1863784,-1827359,-4947978,2,2,2,2
2025-09-03 13:05:22.981,-787401,-1863816,-1827457,-7045149,2,2,2,2
2025-09-03 13:05:22.984,-787443,-1847103,-1827457,-7061602,2,2,2,2
2025-09-03 13:05:22.987,-787305,-1855460,-1827577,-4948110,2,2,2,2
2025-09-03 13:05:22.989,-787229,-1855379,-1827572,-2850934,2,2,2,2
2025-09-03 13:05:22.992,-787261,-1863554,-1827554,-7045217,2,2,2,2
2025-09-03 13:05:22.994,-787452,-1855336,-1827532,-4947974,2,2,2,2
2025-09-03 13:05:22.997,-787318,-1847233,-1827571,-7061604,2,2,2,2
2025-09-03 13:05:22.999,-787455,-1863430,-1819261,-7045093,2,2,2,2
2025-09-03 13:05:23.002,-787214,-1863431,-1827530,-7045107,2,2,2,2
2025-09-03 13:05:23.005,-787230,-1863442,-1827555,-4947957,2,2,2,2
2025-09-03 13:05:23.007,-787425,-1863620,-1827347,-7061579,2,2,2,2
2025-09-03 13:05:23.010,-787477,-1863656,-1827537,-4948119,2,2,2,2
2025-09-03 13:05:23.013,-787495,-1863663,-1827475,-7045275,2,2,2,2
2025-09-03 13:05:23.015,-787568,-1855389,-1827535,-2850973,2,2,2,2
2025-09-03 13:05:23.018,-787603,-1863659,-1827570,-7061701,2,2,2,2
2025-09-03 13:05:23.020,-787459,-1863446,-1827357,-7045136,2,2,2,2
2025-09-03 13:05:23.023,-787436,-1863661,-1827332,-7045097,2,2,2,2
2025-09-03 13:05:23.026,-787562,-1863454,-3924605,-7061564,2,2,2,2
2025-09-03 13:05:23.029,-787587,-1863467,-3924628,-7061542,2,2,2,2
2025-09-03 13:05:23.031,-787482,-1847285,-1827426,-2850796,2,2,2,2
2025-09-03 13:05:23.034,-787450,-1863550,-1819387,-7045057,2,2,2,2
2025-09-03 13:05:23.037,-787460,-1863547,-1827338,-7044978,2,2,2,2
2025-09-03 13:05:23.040,-787459,-3960705,-1827335,-7044992,2,2,2,2
2025-09-03 13:05:23.043,-787465,-1863528,-1827584,-7044977,2,2,2,2
2025-09-03 13:05:23.046,-787429,-3960581,-1827532,-7044868,2,2,2,2
2025-09-03 13:05:23.048,-787449,-1863427,-1827556,-7045118,2,2,2,2
2025-09-03 13:05:23.051,-787386,-1863313,-1819257,-7045073,2,2,2,2
2025-09-03 13:05:23.054,-787566,-1863456,-1819157,-7044896,2,2,2,2
2025-09-03 13:05:23.057,-787597,-1847079,-1827438,-7028592,2,2,2,2
2025-09-03 13:05:23.059,-787558,-1855218,-1827333,-4947965,2,2,2,2
2025-09-03 13:05:23.062,-787451,-1863362,-1827479,-7028615,2,2,2,2
2025-09-03 13:05:23.065,-787697,-1863466,-1827466,-7028554,2,2,2,2
2025-09-03 13:05:23.067,-787686,-1863443,-3924596,-7028531,2,2,2,2
2025-09-03 13:05:23.070,-787576,-1863383,-1827335,-7045085,2,2,2,2
2025-09-03 13:05:23.073,-787671,-1863397,-1827366,-7045107,2,2,2,2
2025-09-03 13:05:23.076,-787614,-1846977,-1827437,-2850796,2,2,2,2
2025-09-03 13:05:23.079,-787563,-1863200,-1827571,-7028581,2,2,2,2
2025-09-03 13:05:23.082,-787500,-1863435,-1827485,-7044886,2,2,2,2
2025-09-03 13:05:23.085,-787481,-3960555,-1827522,-7045099,2,2,2,2
2025-09-03 13:05:23.088,-787603,-1863451,-1827587,-7044897,2,2,2,2
2025-09-03 13:05:23.090,-787612,-1847073,-1827596,-7028578,2,2,2,2
2025-09-03 13:05:23.093,-787577,-1863419,-3924725,-7028488,2,2,2,2
2025-09-03 13:05:23.096,-787488,-1863299,-1827478,-7045004,2,2,2,2
2025-09-03 13:05:23.099,-787705,-1863179,-1827426,-7044889,2,2,2,2
2025-09-03 13:05:23.101,-787466,-1863185,-3924586,-7028513,2,2,2,2
2025-09-03 13:05:23.104,-787585,-1863217,-3924634,-7028618,2,2,2,2
2025-09-03 13:05:23.107,-787698,-1863375,-1827342,-7028452,2,2,2,2
2025-09-03 13:05:23.110,-787467,-1863399,-1819235,-7044858,2,2,2,2
2025-09-03 13:05:23.113,-787635,-1863270,-1827559,-7044722,2,2,2,2
2025-09-03 13:05:23.116,-787467,-1846921,-1827359,-2850457,2,2,2,2
2025-09-03 13:05:23.118,-787611,-1863172,-1827569,-7044886,2,2,2,2
2025-09-03 13:05:23.122,-787520,-1863320,-1827461,-7044835,2,2,2,2
2025-09-03 13:05:23.124,-787715,-1854990,-1827592,-4947741,2,2,2,2
2025-09-03 13:05:23.127,-787744,-1863200,-1827683,-7044968,2,2,2,2
2025-09-03 13:05:23.130,-787724,-1863174,-1827593,-7028530,2,2,2,2
2025-09-03 13:05:23.132,-787778,-1863185,-1827681,-7044883,2,2,2,2
2025-09-03 13:05:23.135,-787722,-1863406,-1827587,-7044859,2,2,2,2
2025-09-03 13:05:23.137,-787739,-1855215,-1827599,-4947712,2,2,2,2
2025-09-03 13:05:23.140,-787910,-1863196,-1827711,-7044966,2,2,2,2
2025-09-03 13:05:23.143,-787718,-1855112,-1827588,-4947615,2,2,2,2
2025-09-03 13:05:23.145,-787571,-1863144,-1827441,-7044859,2,2,2,2
2025-09-03 13:05:23.149,-787590,-1863148,-1827448,-7044863,2,2,2,2
2025-09-03 13:05:23.151,-787682,-3960304,-1827529,-7044611,2,2,2,2
2025-09-03 13:05:23.154,-787562,-1846583,-1827353,-7028365,2,2,2,2
2025-09-03 13:05:23.157,-787465,-1862921,-1827573,-7044640,2,2,2,2
2025-09-03 13:05:23.159,-787588,-1863039,-1819252,-7044814,2,2,2,2
2025-09-03 13:05:23.162,-787557,-1862920,-1827345,-7028285,2,2,2,2
2025-09-03 13:05:23.165,-787687,-1854836,-1827537,-4947596,2,2,2,2
2025-09-03 13:05:23.167,-787516,-1863147,-1827334,-7044612,2,2,2,2
2025-09-03 13:05:23.170,-787709,-1863035,-1827488,-7044502,2,2,2,2
2025-09-03 13:05:23.173,-787457,-1854822,-1827547,-2850183,2,2,2,2
2025-09-03 13:05:23.176,-787730,-1863014,-1827568,-7044753,2,2,2,2
2025-09-03 13:05:23.178,-787831,-1846922,-1827600,-2850539,2,2,2,2
2025-09-03 13:05:23.181,-787940,-1863139,-1827631,-7044613,2,2,2,2
2025-09-03 13:05:23.184,-787715,-1863159,-1827466,-7044636,2,2,2,2
2025-09-03 13:05:23.186,-787753,-3960081,-1827534,-7044723,2,2,2,2
2025-09-03 13:05:23.189,-787979,-1863395,-1827735,-7028482,2,2,2,2
2025-09-03 13:05:23.192,-787984,-1863390,-1827724,-7028471,2,2,2,2
2025-09-03 13:05:23.194,-787775,-1863145,-1819552,-7044856,2,2,2,2
2025-09-03 13:05:23.197,-787703,-1862970,-1827438,-7028106,2,2,2,2
2025-09-03 13:05:23.200,-787856,-1862919,-1819419,-7044655,2,2,2,2
2025-09-03 13:05:23.202,-787788,-1863053,-1827485,-7044583,2,2,2,2
2025-09-03 13:05:23.205,-787714,-1862925,-1827687,-7028301,2,2,2,2
2025-09-03 13:05:23.208,-787967,-1862916,-1827687,-7044632,2,2,2,2
2025-09-03 13:05:23.211,-787841,-1863039,-1827822,-7044811,2,2,2,2
2025-09-03 13:05:23.213,-787742,-3960075,-1827704,-7044713,2,2,2,2
2025-09-03 13:05:23.216,-787867,-1863041,-1827578,-7044505,2,2,2,2
2025-09-03 13:05:23.219,-787722,-1862815,-1819241,-7044594,2,2,2,2
2025-09-03 13:05:23.222,-787723,-1846482,-1827429,-2833891,2,2,2,2
2025-09-03 13:05:23.225,-787743,-1863048,-1827687,-7044578,2,2,2,2
2025-09-03 13:05:23.227,-787789,-1863052,-1827696,-7044590,2,2,2,2
2025-09-03 13:05:23.230,-787860,-1863071,-1827729,-7044626,2,2,2,2
2025-09-03 13:05:23.233,-787847,-1846659,-1827710,-2850283,2,2,2,2
2025-09-03 13:05:23.236,-787869,-1846488,-1827471,-7028216,2,2,2,2
2025-09-03 13:05:23.239,-787741,-1862659,-1827341,-4947307,2,2,2,2
2025-09-03 13:05:23.241,-787720,-1846493,-1827575,-7027973,2,2,2,2
2025-09-03 13:05:23.244,-787660,-1862753,-1827460,-7044229,2,2,2,2
2025-09-03 13:05:23.247,-787700,-1862709,-3924707,-7027945,2,2,2,2
2025-09-03 13:05:23.250,-787952,-1846346,-1827554,-2850200,2,2,2,2
2025-09-03 13:05:23.252,-787768,-3960034,-1827655,-7044375,2,2,2,2
2025-09-03 13:05:23.255,-787961,-1862933,-1827807,-7044483,2,2,2,2
2025-09-03 13:05:23.258,-787857,-1854691,-1827389,-2850065,2,2,2,2
2025-09-03 13:05:23.261,-787867,-1862886,-3924612,-7028028,2,2,2,2
2025-09-03 13:05:23.264,-787815,-1862700,-3924747,-7028148,2,2,2,2
2025-09-03 13:05:23.266,-787744,-1854480,-1827581,-4947333,2,2,2,2
2025-09-03 13:05:23.269,-787965,-1862875,-1827732,-7027985,2,2,2,2
2025-09-03 13:05:23.272,-787950,-1862714,-3924862,-7028197,2,2,2,2
2025-09-03 13:05:23.275,-788017,-3960055,-1827593,-7044379,2,2,2,2
2025-09-03 13:05:23.277,-787982,-1862860,-1827818,-7028216,2,2,2,2
2025-09-03 13:05:23.280,-787940,-1846284,-1827698,-2850163,2,2,2,2
2025-09-03 13:05:23.283,-787721,-1862698,-3924626,-7027899,2,2,2,2
2025-09-03 13:05:23.285,-787965,-1862683,-1819276,-7044297,2,2,2,2
2025-09-03 13:05:23.288,-787789,-1862772,-1827568,-7044254,2,2,2,2
2025-09-03 13:05:23.291,-787917,-1862788,-1827596,-7044330,2,2,2,2
2025-09-03 13:05:23.294,-787819,-1846286,-1827484,-2849925,2,2,2,2
2025-09-03 13:05:23.297,-787842,-1862688,-1827570,-4947085,2,2,2,2
2025-09-03 13:05:23.299,-787953,-1846404,-1827693,-2850036,2,2,2,2
2025-09-03 13:05:23.302,-787963,-1862783,-1827617,-7044325,2,2,2,2
2025-09-03 13:05:23.305,-787733,-1862542,-1827456,-7044097,2,2,2,2
2025-09-03 13:05:23.307,-787941,-3959818,-1827585,-7044222,2,2,2,2
2025-09-03 13:05:23.310,-787836,-1846202,-1827486,-2849819,2,2,2,2
2025-09-03 13:05:23.313,-787843,-1862549,-1827551,-7044099,2,2,2,2
2025-09-03 13:05:23.315,-787813,-1862510,-1827391,-4946918,2,2,2,2
2025-09-03 13:05:23.318,-787514,-1862159,-1827185,-7043988,2,2,2,2
2025-09-03 13:05:23.321,-787739,-1862401,-1827429,-7043965,2,2,2,2
2025-09-03 13:05:23.323,-787684,-1854091,-1827317,-4946700,2,2,2,2
2025-09-03 13:05:23.326,-787590,-1862163,-1827213,-7044044,2,2,2,2
2025-09-03 13:05:23.329,-787716,-1845889,-1827328,-2849777,2,2,2,2
2025-09-03 13:05:23.332,-787809,-1862367,-1827427,-7043866,2,2,2,2
2025-09-03 13:05:23.334,-787776,-1862377,-1827459,-7043948,2,2,2,2
2025-09-03 13:05:23.337,-787818,-1862348,-3924587,-7027463,2,2,2,2
2025-09-03 13:05:23.339,-787926,-1862378,-1827471,-7043948,2,2,2,2
2025-09-03 13:05:23.342,-787965,-3959803,-1827553,-7044226,2,2,2,2
2025-09-03 13:05:23.345,-787964,-1862640,-1827558,-7044207,2,2,2,2
2025-09-03 13:05:23.348,-787958,-1862381,-1819367,-7043885,2,2,2,2
2025-09-03 13:05:23.350,-787906,-1862424,-1827372,-7044000,2,2,2,2
2025-09-03 13:05:23.353,-787829,-1862153,-1819235,-7044052,2,2,2,2
2025-09-03 13:05:23.355,-787825,-1846018,-1827355,-2833292,2,2,2,2
2025-09-03 13:05:23.358,-787949,-1846134,-1827482,-2833403,2,2,2,2
2025-09-03 13:05:23.361,-787968,-1862460,-3924640,-7027704,2,2,2,2
2025-09-03 13:05:23.364,-787936,-1862411,-1827453,-7043975,2,2,2,2
2025-09-03 13:05:23.367,-787961,-1862426,-1827472,-7044045,2,2,2,2
2025-09-03 13:05:23.369,-787933,-3959544,-1827446,-7043966,2,2,2,2
2025-09-03 13:05:23.372,-787945,-3959537,-1827383,-7043948,2,2,2,2
2025-09-03 13:05:23.375,-787725,-1862397,-1827540,-4946809,2,2,2,2
2025-09-03 13:05:23.377,-787772,-3959399,-1827330,-7043812,2,2,2,2
2025-09-03 13:05:23.380,-787738,-1846007,-1827487,-7027566,2,2,2,2
2025-09-03 13:05:23.383,-787959,-1862277,-1827457,-7043842,2,2,2,2
2025-09-03 13:05:23.385,-787956,-1862262,-1827378,-7043829,2,2,2,2
2025-09-03 13:05:23.388,-787903,-1862244,-1819164,-7044046,2,2,2,2
2025-09-03 13:05:23.391,-787996,-1845894,-1827465,-2849780,2,2,2,2
2025-09-03 13:05:23.394,-787973,-3959318,-1827366,-7043993,2,2,2,2
2025-09-03 13:05:23.397,-787974,-1845774,-1827428,-2849677,2,2,2,2
2025-09-03 13:05:23.399,-787833,-1862208,-1827486,-7043828,2,2,2,2
2025-09-03 13:05:23.402,-788089,-1862262,-1819285,-7044064,2,2,2,2
2025-09-03 13:05:23.405,-787950,-1845974,-1827344,-7027469,2,2,2,2
2025-09-03 13:05:23.408,-787923,-1862249,-1827568,-7043821,2,2,2,2
2025-09-03 13:05:23.411,-788072,-1862385,-3924613,-7027511,2,2,2,2
2025-09-03 13:05:23.413,-788089,-1846004,-1827473,-2849666,2,2,2,2
2025-09-03 13:05:23.416,-788088,-1845999,-1827473,-2849650,2,2,2,2
2025-09-03 13:05:23.419,-788094,-1845948,-1827469,-2833184,2,2,2,2
2025-09-03 13:05:23.421,-787977,-1845830,-1827610,-2849772,2,2,2,2
2025-09-03 13:05:23.424,-788070,-1845817,-1827439,-7027450,2,2,2,2
2025-09-03 13:05:23.427,-788125,-1854107,-1827564,-4946792,2,2,2,2
2025-09-03 13:05:23.431,-788117,-1862279,-1819291,-7043860,2,2,2,2
2025-09-03 13:05:23.433,-788123,-1845888,-1827472,-2849546,2,2,2,2
2025-09-03 13:05:23.436,-788197,-1862206,-1827553,-7027454,2,2,2,2
2025-09-03 13:05:23.439,-788034,-1862390,-1819422,-7043904,2,2,2,2
2025-09-03 13:05:23.441,-788113,-1862164,-1827790,-4946919,2,2,2,2
2025-09-03 13:05:23.444,-788070,-1854112,-1827610,-4946796,2,2,2,2
2025-09-03 13:05:23.447,-787984,-1862199,-3924728,-7027457,2,2,2,2
2025-09-03 13:05:23.449,-788172,-1862371,-1827692,-7043954,2,2,2,2
2025-09-03 13:05:23.452,-788026,-3959442,-1827641,-7043870,2,2,2,2
2025-09-03 13:05:23.455,-788088,-1862344,-3924835,-7027474,2,2,2,2
2025-09-03 13:05:23.458,-788333,-1845874,-1827599,-2849777,2,2,2,2
2025-09-03 13:05:23.460,-788242,-3959300,-1827828,-7043985,2,2,2,2
2025-09-03 13:05:23.463,-788242,-1846009,-1827815,-7027582,2,2,2,2
2025-09-03 13:05:23.465,-788226,-1845943,-1827736,-2849641,2,2,2,2
2025-09-03 13:05:23.468,-788176,-1862174,-1827621,-7043831,2,2,2,2
2025-09-03 13:05:23.471,-788212,-1862268,-1827713,-7043857,2,2,2,2
2025-09-03 13:05:23.474,-788247,-1845937,-1827820,-2833179,2,2,2,2
2025-09-03 13:05:23.477,-788350,-1862376,-1827596,-7027570,2,2,2,2
2025-09-03 13:05:23.479,-788219,-1862171,-1827723,-7043819,2,2,2,2
2025-09-03 13:05:23.482,-788126,-1862135,-1827686,-7043645,2,2,2,2
2025-09-03 13:05:23.485,-788235,-1862158,-1827735,-7043803,2,2,2,2
2025-09-03 13:05:23.488,-788351,-1845827,-1827587,-2849533,2,2,2,2
2025-09-03 13:05:23.490,-788364,-1845874,-1827593,-2833145,2,2,2,2
2025-09-03 13:05:23.493,-788198,-1845640,-1827615,-2849302,2,2,2,2
2025-09-03 13:05:23.495,-788445,-3959400,-1827598,-7043830,2,2,2,2
2025-09-03 13:05:23.498,-788113,-1861911,-1827596,-4946669,2,2,2,2
2025-09-03 13:05:23.501,-788220,-1861925,-3924846,-7027203,2,2,2,2
