Timestamp,Ch1,Ch2,Ch3,Ch4,Ch5,Ch6,Ch7,Ch8
2025-09-03 12:59:54.276,-7573610,7402637,7537126,1887328,2,2,2,2
2025-09-03 12:59:54.278,-7573606,7402633,7537145,1887339,2,2,2,2
2025-09-03 12:59:54.281,-7590126,7402504,3342704,1895648,2,2,2,2
2025-09-03 12:59:54.284,-7573486,7402766,7537287,1895650,2,2,2,2
2025-09-03 12:59:54.286,-7573469,7402860,7537349,1895689,2,2,2,2
2025-09-03 12:59:54.289,-7573286,7402979,7537201,1895801,2,2,2,2
2025-09-03 12:59:54.291,-3379185,7402781,7537307,1895680,2,2,2,2
2025-09-03 12:59:54.294,-7589667,7402999,7537259,1895820,2,2,2,2
2025-09-03 12:59:54.297,-7589645,7402769,7537295,1895919,2,2,2,2
2025-09-03 12:59:54.299,-7573279,7403002,7537275,1895907,2,2,2,2
2025-09-03 12:59:54.302,-3379079,7402976,3343204,1895874,2,2,2,2
2025-09-03 12:59:54.305,-7573292,7403021,7537585,1895911,2,2,2,2
2025-09-03 12:59:54.307,-7589595,7403159,7537438,1896048,2,2,2,2
2025-09-03 12:59:54.310,-7573092,7403026,7537554,1887983,2,2,2,2
2025-09-03 12:59:54.313,-3378819,7403246,7537539,1896120,2,2,2,2
2025-09-03 12:59:54.315,-3378795,7403030,7537634,1896186,2,2,2,2
2025-09-03 12:59:54.318,-7573224,3208857,7537705,1896072,2,2,2,2
2025-09-03 12:59:54.320,-7573236,3208859,7537703,3993217,2,2,2,2
2025-09-03 12:59:54.323,-7573117,7403323,7537905,1888007,2,2,2,2
2025-09-03 12:59:54.325,-7572864,7403313,7537904,1888253,2,2,2,2
2025-09-03 12:59:54.328,-7572954,7403271,7537863,1896444,2,2,2,2
2025-09-03 12:59:54.330,-3378590,7403280,3343594,1896437,2,2,2,2
2025-09-03 12:59:54.333,-7572955,3208990,7537910,1896197,2,2,2,2
2025-09-03 12:59:54.336,-3378547,7403473,7538034,1896253,2,2,2,2
2025-09-03 12:59:54.338,-3378534,7403476,3343730,1896396,2,2,2,2
2025-09-03 12:59:54.341,-7572992,7403284,7537892,1896197,2,2,2,2
2025-09-03 12:59:54.344,-7573095,3209195,7537875,3993572,2,2,2,2
2025-09-03 12:59:54.347,-3378570,7403463,7538037,1896317,2,2,2,2
2025-09-03 12:59:54.350,-7572984,3209316,7537929,1896547,2,2,2,2
2025-09-03 12:59:54.352,-7572856,3209449,7538128,1896677,2,2,2,2
2025-09-03 12:59:54.355,-7572775,7403524,7538158,1896701,2,2,2,2
2025-09-03 12:59:54.357,-7572746,7403586,7538194,1896546,2,2,2,2
2025-09-03 12:59:54.360,-3378336,7403738,7538304,1896658,2,2,2,2
2025-09-03 12:59:54.362,-3378404,7403736,7538313,1896669,2,2,2,2
2025-09-03 12:59:54.365,-7588986,7403782,3343875,1896704,2,2,2,2
2025-09-03 12:59:54.367,-7572732,3209615,7538379,3994012,2,2,2,2
2025-09-03 12:59:54.370,-3378286,7403815,7538463,1896751,2,2,2,2
2025-09-03 12:59:54.373,-3394714,7403787,3344137,1896719,2,2,2,2
2025-09-03 12:59:54.377,-3378184,7404001,7538317,1896887,2,2,2,2
2025-09-03 12:59:54.380,-7572628,7403876,7538203,1896810,2,2,2,2
2025-09-03 12:59:54.383,-7588867,7404027,3344122,1896706,2,2,2,2
2025-09-03 12:59:54.386,-7572580,7403967,7538410,1896939,2,2,2,2
2025-09-03 12:59:54.388,-7572461,3209742,7538460,1897063,2,2,2,2
2025-09-03 12:59:54.391,-7572235,7404284,7538689,1896972,2,2,2,2
2025-09-03 12:59:54.393,-7572242,7404046,7538713,1896983,2,2,2,2
2025-09-03 12:59:54.396,-7572262,7404281,7538691,1896969,2,2,2,2
2025-09-03 12:59:54.398,-3377925,7404060,7538785,1896994,2,2,2,2
2025-09-03 12:59:54.401,-3378063,7404263,7538916,1897165,2,2,2,2
2025-09-03 12:59:54.403,-7588814,7404168,3344527,1897101,2,2,2,2
2025-09-03 12:59:54.406,-7588790,7404261,3344626,1897207,2,2,2,2
2025-09-03 12:59:54.409,-7572366,7404273,7538932,1897208,2,2,2,2
2025-09-03 12:59:54.411,-7572450,7404265,7538940,1897204,2,2,2,2
2025-09-03 12:59:54.414,-7572435,3209987,7538702,1897240,2,2,2,2
2025-09-03 12:59:54.417,-3378061,7404302,7538785,1897246,2,2,2,2
2025-09-03 12:59:54.420,-7588860,7404263,7538699,1897213,2,2,2,2
2025-09-03 12:59:54.423,-3378052,7404324,7538808,1897275,2,2,2,2
2025-09-03 12:59:54.425,-3377800,7404333,3344753,1897276,2,2,2,2
2025-09-03 12:59:54.428,-3377899,7404314,7539056,1897331,2,2,2,2
2025-09-03 12:59:54.430,-3377889,7404322,7539070,1897340,2,2,2,2
2025-09-03 12:59:54.433,-7572124,3210084,7539138,3994500,2,2,2,2
2025-09-03 12:59:54.435,-7572127,3210091,7539145,3994505,2,2,2,2
2025-09-03 12:59:54.438,-7572197,7404361,7539067,1897351,2,2,2,2
2025-09-03 12:59:54.440,-7572109,7404723,7539184,1897705,2,2,2,2
2025-09-03 12:59:54.443,-7588347,7404647,3345033,1897533,2,2,2,2
2025-09-03 12:59:54.446,-7571947,7404746,7539435,1897700,2,2,2,2
2025-09-03 12:59:54.449,-7588349,7404669,3345130,1897619,2,2,2,2
2025-09-03 12:59:54.452,-7588378,7404649,7539348,1897609,2,2,2,2
2025-09-03 12:59:54.454,-7571924,7404811,7539316,1897832,2,2,2,2
2025-09-03 12:59:54.457,-7571810,3210625,7539428,1897887,2,2,2,2
2025-09-03 12:59:54.459,-7571812,3210604,7539427,3995024,2,2,2,2
2025-09-03 12:59:54.462,-7571816,7404876,7539614,1897862,2,2,2,2
2025-09-03 12:59:54.464,-7588110,7404958,3345170,1897979,2,2,2,2
2025-09-03 12:59:54.467,-7571700,7405050,7539530,1898005,2,2,2,2
2025-09-03 12:59:54.469,-7571501,7405196,7539714,1898229,2,2,2,2
2025-09-03 12:59:54.472,-3377183,7405281,7539736,1898236,2,2,2,2
2025-09-03 12:59:54.475,-3377251,7405280,7539740,1897985,2,2,2,2
2025-09-03 12:59:54.477,-3377377,7405102,3345382,1898197,2,2,2,2
2025-09-03 12:59:54.480,-7588042,7405195,3345414,1898227,2,2,2,2
2025-09-03 12:59:54.482,-7571468,3210763,7539920,3995254,2,2,2,2
2025-09-03 12:59:54.486,-3393680,7405204,3345428,1898238,2,2,2,2
2025-09-03 12:59:54.489,-7571488,3211029,7539917,1898356,2,2,2,2
2025-09-03 12:59:54.492,-7587988,7405296,3345511,1898257,2,2,2,2
2025-09-03 12:59:54.495,-7571432,3211158,7539996,1898249,2,2,2,2
2025-09-03 12:59:54.499,-7587838,7405450,3345688,1898488,2,2,2,2
2025-09-03 12:59:54.501,-3377055,7405550,7540095,1898602,2,2,2,2
2025-09-03 12:59:54.504,-7571337,3211283,7540191,1898631,2,2,2,2
2025-09-03 12:59:54.506,-7587568,7405821,3346051,1898538,2,2,2,2
2025-09-03 12:59:54.509,-7587712,7405669,3345907,1898720,2,2,2,2
2025-09-03 12:59:54.511,-7571224,3211412,7540260,1898515,2,2,2,2
2025-09-03 12:59:54.514,-7571259,7405694,7540273,1898742,2,2,2,2
2025-09-03 12:59:54.516,-7571432,7405583,7540195,1898636,2,2,2,2
2025-09-03 12:59:54.519,-3377140,7405598,7540198,1898627,2,2,2,2
2025-09-03 12:59:54.522,-3376915,7405566,7540120,1898618,2,2,2,2
2025-09-03 12:59:54.524,-7571214,3211281,7540438,1898624,2,2,2,2
2025-09-03 12:59:54.527,-7587710,7405797,3346028,1898518,2,2,2,2
2025-09-03 12:59:54.530,-3377133,7405620,3345931,1898739,2,2,2,2
2025-09-03 12:59:54.533,-3393510,7405698,3345945,1898740,2,2,2,2
2025-09-03 12:59:54.536,-7571207,3211369,7540227,1898730,2,2,2,2
2025-09-03 12:59:54.539,-3376886,7406028,7540583,1898757,2,2,2,2
2025-09-03 12:59:54.542,-7587483,7406050,3346309,1898790,2,2,2,2
2025-09-03 12:59:54.545,-7587429,7405921,3346178,1898975,2,2,2,2
2025-09-03 12:59:54.548,-7570923,3211753,7540685,3996279,2,2,2,2
2025-09-03 12:59:54.551,-7570829,3211789,7540734,3996317,2,2,2,2
2025-09-03 12:59:54.553,-7587194,7406191,3354650,1899253,2,2,2,2
2025-09-03 12:59:54.556,-7587311,7406331,3346658,1899204,2,2,2,2
2025-09-03 12:59:54.558,-7587137,7406222,3346553,1899285,2,2,2,2
2025-09-03 12:59:54.561,-7570785,7406259,7540863,1899029,2,2,2,2
2025-09-03 12:59:54.564,-7570935,7406088,7540979,1899141,2,2,2,2
2025-09-03 12:59:54.566,-7587196,7406217,3354732,1899259,2,2,2,2
2025-09-03 12:59:54.569,-7570721,7406322,7540964,1899120,2,2,2,2
2025-09-03 12:59:54.572,-7570668,3212145,7541027,1899510,2,2,2,2
2025-09-03 12:59:54.574,-7570493,7406565,7541173,1899369,2,2,2,2
2025-09-03 12:59:54.577,-3376254,7406565,3346840,1899303,2,2,2,2
2025-09-03 12:59:54.579,-7570667,7406460,7541061,1899518,2,2,2,2
2025-09-03 12:59:54.582,-3392741,7406487,3346831,1899292,2,2,2,2
2025-09-03 12:59:54.585,-3392891,7406333,3346671,1899468,2,2,2,2
2025-09-03 12:59:54.587,-7587048,7406561,3346829,1899301,2,2,2,2
2025-09-03 12:59:54.590,-3376275,7406584,3346930,1899579,2,2,2,2
2025-09-03 12:59:54.593,-3392748,7406566,3346912,1899571,2,2,2,2
2025-09-03 12:59:54.596,-3392616,7406448,3346792,1899508,2,2,2,2
2025-09-03 12:59:54.599,-7570462,3212163,7541193,1899533,2,2,2,2
2025-09-03 12:59:54.601,-7586969,7406605,3346959,1899741,2,2,2,2
2025-09-03 12:59:54.604,-7570439,7406790,7541495,1899641,2,2,2,2
2025-09-03 12:59:54.606,-7570230,7406722,7541367,1899778,2,2,2,2
2025-09-03 12:59:54.609,-7570322,7406710,7541353,1899766,2,2,2,2
2025-09-03 12:59:54.612,-7570298,7406735,7541388,1899795,2,2,2,2
2025-09-03 12:59:54.615,-7570428,7406858,7541523,1899933,2,2,2,2
2025-09-03 12:59:54.617,-7570184,3212547,7541515,3997085,2,2,2,2
2025-09-03 12:59:54.620,-7586634,7406817,3355373,1899830,2,2,2,2
2025-09-03 12:59:54.623,-7586821,7406614,3355241,1899767,2,2,2,2
2025-09-03 12:59:54.625,-7570289,3212538,7541517,3997067,2,2,2,2
2025-09-03 12:59:54.628,-7586806,7406968,3355533,1899784,2,2,2,2
2025-09-03 12:59:54.631,-7570199,3212569,7541546,3997163,2,2,2,2
2025-09-03 12:59:54.634,-7569942,3212899,7541821,1900277,2,2,2,2
2025-09-03 12:59:54.636,-3375866,7407312,7541992,1900095,2,2,2,2
2025-09-03 12:59:54.639,-7586558,7407253,7541995,1900131,2,2,2,2
2025-09-03 12:59:54.642,-7586353,7407134,7541883,1900274,2,2,2,2
2025-09-03 12:59:54.645,-7569941,7407233,7541989,1900385,2,2,2,2
2025-09-03 12:59:54.647,-3375642,7407316,3347681,1900317,2,2,2,2
2025-09-03 12:59:54.650,-7569908,3213069,7542039,1900432,2,2,2,2
2025-09-03 12:59:54.653,-3375499,7407412,7542146,1900537,2,2,2,2
2025-09-03 12:59:54.656,-7570029,7407246,7541990,1900319,2,2,2,2
2025-09-03 12:59:54.659,-7570164,3212823,7541819,1900260,2,2,2,2
2025-09-03 12:59:54.662,-7586337,7407344,3347733,1900425,2,2,2,2
2025-09-03 12:59:54.665,-7586343,7407334,7542034,1900412,2,2,2,2
2025-09-03 12:59:54.667,-7569946,3213055,7542061,3997584,2,2,2,2
2025-09-03 12:59:54.670,-7586183,7407515,3355907,1900324,2,2,2,2
2025-09-03 12:59:54.672,-7586204,7407509,3356166,1900583,2,2,2,2
2025-09-03 12:59:54.675,-7569686,7407679,7542406,1900780,2,2,2,2
2025-09-03 12:59:54.677,-7569430,7407717,7542448,1900789,2,2,2,2
2025-09-03 12:59:54.680,-7569644,7407766,7542276,1900653,2,2,2,2
2025-09-03 12:59:54.682,-7569454,3213419,7542489,1900795,2,2,2,2
2025-09-03 12:59:54.685,-7569419,7407759,7542533,1900900,2,2,2,2
2025-09-03 12:59:54.688,-7569605,3213336,7542481,1900786,2,2,2,2
2025-09-03 12:59:54.691,-7569429,7407792,7542531,1900903,2,2,2,2
2025-09-03 12:59:54.694,-3375244,7407654,7542421,1900801,2,2,2,2
2025-09-03 12:59:54.697,-3375203,7407853,7542551,1900924,2,2,2,2
2025-09-03 12:59:54.699,-7569566,3213669,7542751,3998203,2,2,2,2
2025-09-03 12:59:54.702,-7586035,7407971,3356574,1900800,2,2,2,2
2025-09-03 12:59:54.704,-7569531,7408050,7542539,1900902,2,2,2,2
2025-09-03 12:59:54.707,-7569430,7408121,7542658,1900951,2,2,2,2
2025-09-03 12:59:54.709,-7552947,7408011,3356685,1901088,2,2,2,2
2025-09-03 12:59:54.712,-7569252,7408137,7542924,1901207,2,2,2,2
2025-09-03 12:59:54.715,-7569388,7408008,7542806,1901158,2,2,2,2
2025-09-03 12:59:54.717,-7569288,7408120,7542914,1901204,2,2,2,2
2025-09-03 12:59:54.720,-7569379,3213977,7542819,1901172,2,2,2,2
2025-09-03 12:59:54.723,-7569403,3213968,7542812,1901171,2,2,2,2
2025-09-03 12:59:54.726,-3374952,7408166,7543031,1901317,2,2,2,2
2025-09-03 12:59:54.729,-3374948,7408175,7543052,1901316,2,2,2,2
2025-09-03 12:59:54.731,-7569172,7408259,7543090,1901337,2,2,2,2
2025-09-03 12:59:54.734,-3374871,7408331,7543142,1901385,2,2,2,2
2025-09-03 12:59:54.737,-3374859,7408359,7543172,1901443,2,2,2,2
2025-09-03 12:59:54.739,-7569056,3214096,7543281,3998703,2,2,2,2
2025-09-03 12:59:54.742,-7569045,7408496,7543305,1901579,2,2,2,2
2025-09-03 12:59:54.744,-7569027,3214216,7543069,1901408,2,2,2,2
2025-09-03 12:59:54.747,-7552897,7408262,3357038,1901345,2,2,2,2
2025-09-03 12:59:54.750,-3358575,7408367,3348877,1901511,2,2,2,2
2025-09-03 12:59:54.753,-7568932,7408384,7543240,1901471,2,2,2,2
2025-09-03 12:59:54.756,-7569108,7408534,7543421,1901686,2,2,2,2
2025-09-03 12:59:54.758,-3374701,7408641,7543529,1901766,2,2,2,2
2025-09-03 12:59:54.761,-7552519,7408758,3349016,1901587,2,2,2,2
2025-09-03 12:59:54.764,-3358072,7408650,3349224,1901799,2,2,2,2
2025-09-03 12:59:54.767,-3358109,7408873,3349140,1901776,2,2,2,2
2025-09-03 12:59:54.770,-7568756,3214354,7543547,1901813,2,2,2,2
2025-09-03 12:59:54.772,-7552281,7408760,3349345,1901847,2,2,2,2
2025-09-03 12:59:54.775,-7568781,7408903,7543804,1902061,2,2,2,2
2025-09-03 12:59:54.777,-7568695,7409001,7543608,1901846,2,2,2,2
2025-09-03 12:59:54.780,-7568858,3214602,7543797,1902073,2,2,2,2
2025-09-03 12:59:54.783,-7568669,3214723,7543614,1901942,2,2,2,2
2025-09-03 12:59:54.786,-3374345,7409125,7543778,1901964,2,2,2,2
2025-09-03 12:59:54.789,-3374318,7409169,7543812,1902320,2,2,2,2
2025-09-03 12:59:54.791,-7552079,7409035,3349650,1902188,2,2,2,2
2025-09-03 12:59:54.794,-7552023,7409139,3349754,1902233,2,2,2,2
2025-09-03 12:59:54.797,-7568493,7409117,7543964,1902204,2,2,2,2
2025-09-03 12:59:54.801,-3374237,7409210,7543931,1902148,2,2,2,2
2025-09-03 12:59:54.803,-7568623,3214965,7543855,3999247,2,2,2,2
2025-09-03 12:59:54.806,-7568388,3214951,7543849,1902099,2,2,2,2
2025-09-03 12:59:54.808,-7568399,7409208,7543908,1902094,2,2,2,2
2025-09-03 12:59:54.811,-7568416,7409183,7543834,1902094,2,2,2,2
2025-09-03 12:59:54.814,-7568484,7409182,7544093,1902349,2,2,2,2
2025-09-03 12:59:54.817,-7552007,7409288,7544211,1902443,2,2,2,2
2025-09-03 12:59:54.820,-3357544,7409517,3349876,1902362,2,2,2,2
2025-09-03 12:59:54.822,-7568152,7409542,7544210,1902446,2,2,2,2
2025-09-03 12:59:54.825,-7568379,7409634,7544307,1902478,2,2,2,2
2025-09-03 12:59:54.828,-7551972,7409416,3350042,1902587,2,2,2,2
2025-09-03 12:59:54.831,-7568147,3215338,7544328,3999901,2,2,2,2
2025-09-03 12:59:54.834,-7568119,3215364,7544348,3999994,2,2,2,2
2025-09-03 12:59:54.836,-7551874,7409536,3358436,1902646,2,2,2,2
2025-09-03 12:59:54.839,-7551751,7409677,3350113,1902595,2,2,2,2
2025-09-03 12:59:54.841,-7567902,7409902,7544581,1902824,2,2,2,2
2025-09-03 12:59:54.844,-7568104,7409777,7544716,1902955,2,2,2,2
2025-09-03 12:59:54.846,-7567878,3215387,7544634,1902861,2,2,2,2
2025-09-03 12:59:54.849,-7567877,7409773,7544713,1902947,2,2,2,2
2025-09-03 12:59:54.852,-7551502,7409778,3350403,1902883,2,2,2,2
2025-09-03 12:59:54.855,-7551591,7409945,3358583,1902872,2,2,2,2
2025-09-03 12:59:54.857,-7567895,7409995,7544712,1902878,2,2,2,2
2025-09-03 12:59:54.860,-7567867,7410108,7544814,1902989,2,2,2,2
2025-09-03 12:59:54.862,-7567824,7409923,7544898,1903096,2,2,2,2
2025-09-03 12:59:54.865,-7567975,7410032,7544734,1902962,2,2,2,2
2025-09-03 12:59:54.868,-7567738,7409993,7561363,1903208,2,2,2,2
2025-09-03 12:59:54.871,-7567771,7410191,7561342,1903109,2,2,2,2
2025-09-03 12:59:54.874,-7551467,7410194,7544956,1903110,2,2,2,2
2025-09-03 12:59:54.877,-7567622,3215862,7561247,1903342,2,2,2,2
2025-09-03 12:59:54.880,-7567648,7410167,7561242,1903348,2,2,2,2
2025-09-03 12:59:54.882,-7567611,7410194,7561598,1903377,2,2,2,2
2025-09-03 12:59:54.885,-7567654,3216026,7561492,1903349,2,2,2,2
2025-09-03 12:59:54.888,-7567736,3224290,7561485,4000488,2,2,2,2
2025-09-03 12:59:54.891,-7551075,7410428,3367290,1903382,2,2,2,2
2025-09-03 12:59:54.893,-7567605,7410293,7561697,1903488,2,2,2,2
2025-09-03 12:59:54.896,-7567574,7410324,7545091,1903512,2,2,2,2
2025-09-03 12:59:54.898,-7567577,7410327,7545142,1903588,2,2,2,2
2025-09-03 12:59:54.901,-3373186,7410417,7561588,1903414,2,2,2,2
2025-09-03 12:59:54.903,-3373191,7410420,7561591,1903367,2,2,2,2
2025-09-03 12:59:54.906,-7551037,7410543,3359214,1903415,2,2,2,2
2025-09-03 12:59:54.909,-7567493,3224326,7561677,4000530,2,2,2,2
2025-09-03 12:59:54.911,-3373167,7410469,7561715,1903485,2,2,2,2
2025-09-03 12:59:54.914,-7551091,7410534,3351019,1903492,2,2,2,2
2025-09-03 12:59:54.916,-7567590,3216129,7561674,1903384,2,2,2,2
2025-09-03 12:59:54.919,-7551099,7410547,3367415,1903567,2,2,2,2
2025-09-03 12:59:54.921,-7567369,7410637,7561855,1903623,2,2,2,2
2025-09-03 12:59:54.924,-7551096,7410561,3359255,1903832,2,2,2,2
2025-09-03 12:59:54.927,-7567371,7410675,7561856,1903633,2,2,2,2
2025-09-03 12:59:54.930,-7550843,7410826,3359587,1903845,2,2,2,2
2025-09-03 12:59:54.932,-7567247,7410890,7562012,1903852,2,2,2,2
2025-09-03 12:59:54.935,-7550848,7410912,3351402,1904124,2,2,2,2
2025-09-03 12:59:54.939,-3372816,7410955,3367911,1903918,2,2,2,2
2025-09-03 12:59:54.941,-7567126,7410964,7545802,1903988,2,2,2,2
2025-09-03 12:59:54.945,-7550681,7411099,7545985,1904131,2,2,2,2
2025-09-03 12:59:54.948,-7567056,7411176,7545989,1904142,2,2,2,2
2025-09-03 12:59:54.950,-7567154,7410964,7545849,1904009,2,2,2,2
2025-09-03 12:59:54.953,-7566957,7411040,7562247,1904272,2,2,2,2
2025-09-03 12:59:54.956,-3372664,7411223,7562481,1904255,2,2,2,2
2025-09-03 12:59:54.958,-3372561,7411263,7562527,1904351,2,2,2,2
2025-09-03 12:59:54.961,-7566722,3225111,7562734,1904509,2,2,2,2
2025-09-03 12:59:54.964,-7566752,3216904,7562731,1904490,2,2,2,2
2025-09-03 12:59:54.967,-7566893,7411326,7546150,1904367,2,2,2,2
2025-09-03 12:59:54.970,-7566889,3217040,7562544,1904375,2,2,2,2
2025-09-03 12:59:54.973,-3372669,7411396,7562609,1904368,2,2,2,2
2025-09-03 12:59:54.975,-7566834,3216913,7562745,4001666,2,2,2,2
2025-09-03 12:59:54.978,-7550366,7411307,3368199,1904598,2,2,2,2
2025-09-03 12:59:54.980,-7566861,7411205,7562722,1904504,2,2,2,2
2025-09-03 12:59:54.983,-7566646,7411435,7546253,1904412,2,2,2,2
2025-09-03 12:59:54.985,-7566650,7411692,7546551,1904739,2,2,2,2
2025-09-03 12:59:54.988,-3372176,7411671,7562887,1904662,2,2,2,2
2025-09-03 12:59:54.991,-3372130,7411731,3368705,1904845,2,2,2,2
2025-09-03 12:59:54.993,-7566583,7411834,7546742,1904886,2,2,2,2
2025-09-03 12:59:54.996,-7566577,3225729,7563070,1904904,2,2,2,2
2025-09-03 12:59:54.999,-3372131,7411733,3368711,1904841,2,2,2,2
2025-09-03 12:59:55.001,-3372137,7411742,3368734,1904850,2,2,2,2
2025-09-03 12:59:55.004,-7566583,3217563,7563239,1904925,2,2,2,2
2025-09-03 12:59:55.007,-7566478,3225610,7563025,4002188,2,2,2,2
2025-09-03 12:59:55.010,-3372035,7411927,7563234,1904956,2,2,2,2
2025-09-03 12:59:55.013,-7566319,7411956,7546871,1905015,2,2,2,2
2025-09-03 12:59:55.016,-3372055,7411928,7563239,1904910,2,2,2,2
2025-09-03 12:59:55.018,-7549927,7411985,7546910,1905032,2,2,2,2
2025-09-03 12:59:55.021,-7550029,7411847,3360739,1904905,2,2,2,2
2025-09-03 12:59:55.024,-7566345,3225862,7563271,4002169,2,2,2,2
2025-09-03 12:59:55.026,-3371789,7412223,7563276,1905284,2,2,2,2
2025-09-03 12:59:55.029,-7549705,7411974,3352595,1905291,2,2,2,2
2025-09-03 12:59:55.032,-7566083,3225874,7563310,4002530,2,2,2,2
2025-09-03 12:59:55.035,-3355415,7411970,3369067,1905363,2,2,2,2
2025-09-03 12:59:55.038,-7566227,3217814,7563510,1905251,2,2,2,2
2025-09-03 12:59:55.041,-3371788,7412257,7563655,1905398,2,2,2,2
2025-09-03 12:59:55.044,-7566030,7412456,7547151,1905528,2,2,2,2
2025-09-03 12:59:55.047,-7566186,7412243,7563645,1913572,2,2,2,2
2025-09-03 12:59:55.050,-7566051,7412415,7563522,1913629,2,2,2,2
2025-09-03 12:59:55.052,-7565883,7412237,7547255,1905549,2,2,2,2
2025-09-03 12:59:55.055,-7565846,7412359,7547381,1905413,2,2,2,2
2025-09-03 12:59:55.057,-3371650,7412269,3369367,1905628,2,2,2,2
2025-09-03 12:59:55.060,-7549581,7412578,3369617,1905625,2,2,2,2
2025-09-03 12:59:55.063,-7565800,7412490,7563894,1914000,2,2,2,2
2025-09-03 12:59:55.066,-7565722,7412545,7563920,1914086,2,2,2,2
2025-09-03 12:59:55.068,-7565580,7412721,7564136,1913973,2,2,2,2
2025-09-03 12:59:55.071,-7565824,3218444,7564227,1905819,2,2,2,2
2025-09-03 12:59:55.074,-3371383,7412949,7564046,1905951,2,2,2,2
2025-09-03 12:59:55.077,-3371404,7412941,7564036,1905976,2,2,2,2
2025-09-03 12:59:55.080,-3371270,7412761,7564180,1905844,2,2,2,2
2025-09-03 12:59:55.082,-7549377,7412961,7547664,1906024,2,2,2,2
2025-09-03 12:59:55.085,-7549181,7412834,3361763,1906158,2,2,2,2
2025-09-03 12:59:55.087,-7549067,7412965,3361815,1905969,2,2,2,2
2025-09-03 12:59:55.090,-7549153,7412884,3361805,1905949,2,2,2,2
2025-09-03 12:59:55.093,-7548952,7413014,3353757,1906155,2,2,2,2
2025-09-03 12:59:55.096,-7565547,3227107,7564319,4003436,2,2,2,2
2025-09-03 12:59:55.099,-3354867,7413136,3370080,1906223,2,2,2,2
2025-09-03 12:59:55.102,-3354654,7413110,3369986,1906185,2,2,2,2
2025-09-03 12:59:55.105,-7565457,7413006,7564438,1906400,2,2,2,2
2025-09-03 12:59:55.108,-7549117,7412997,3353736,1906327,2,2,2,2
2025-09-03 12:59:55.110,-7548972,7413137,7548183,1906277,2,2,2,2
2025-09-03 12:59:55.114,-7565194,7413327,7564799,1914635,2,2,2,2
2025-09-03 12:59:55.116,-7565276,7413349,7548400,1906426,2,2,2,2
2025-09-03 12:59:55.119,-7565076,7413491,7548287,1906566,2,2,2,2
2025-09-03 12:59:55.121,-3370766,7413489,7564934,1906614,2,2,2,2
2025-09-03 12:59:55.124,-7565077,3227383,7565001,4003736,2,2,2,2
2025-09-03 12:59:55.126,-7565192,3227282,7564841,1906551,2,2,2,2
2025-09-03 12:59:55.129,-7548687,7413523,3362529,1906668,2,2,2,2
2025-09-03 12:59:55.131,-7548858,7413401,3362414,1906481,2,2,2,2
2025-09-03 12:59:55.134,-7565080,7413560,7565045,1914866,2,2,2,2
2025-09-03 12:59:55.136,-7565043,7413627,7564826,1914909,2,2,2,2
2025-09-03 12:59:55.139,-7548428,7413613,3370755,1906706,2,2,2,2
2025-09-03 12:59:55.142,-7564956,7413743,7564933,1906829,2,2,2,2
2025-09-03 12:59:55.145,-7548646,7413661,7548551,1906821,2,2,2,2
2025-09-03 12:59:55.148,-3354262,7413738,3370651,1906911,2,2,2,2
2025-09-03 12:59:55.151,-7564813,3219337,7565108,1906804,2,2,2,2
2025-09-03 12:59:55.154,-7548554,7430171,3370755,1906940,2,2,2,2
2025-09-03 12:59:55.157,-7548659,7430144,3362784,1906908,2,2,2,2
2025-09-03 12:59:55.159,-7548532,7430262,3362656,1906977,2,2,2,2
2025-09-03 12:59:55.162,-7564911,7413960,7565170,1907052,2,2,2,2
2025-09-03 12:59:55.165,-7548359,7430160,3371014,1907190,2,2,2,2
2025-09-03 12:59:55.167,-7548390,7430242,3371022,1906946,2,2,2,2
2025-09-03 12:59:55.170,-7564562,3236085,7549162,1907173,2,2,2,2
2025-09-03 12:59:55.173,-7564554,7414013,7565562,1915382,2,2,2,2
2025-09-03 12:59:55.176,-7564572,3228157,7565556,4004595,2,2,2,2
2025-09-03 12:59:55.179,-7564414,3228137,7565797,1907350,2,2,2,2
2025-09-03 12:59:55.181,-3370112,7430630,7565792,1907342,2,2,2,2
2025-09-03 12:59:55.184,-7564351,7430635,7549383,1907351,2,2,2,2
2025-09-03 12:59:55.187,-7564311,7430682,7549237,1907466,2,2,2,2
2025-09-03 12:59:55.189,-3361919,7430656,7565819,1907407,2,2,2,2
2025-09-03 12:59:55.192,-3370213,7430623,7565799,1907336,2,2,2,2
2025-09-03 12:59:55.194,-7548031,7430687,3371282,1907450,2,2,2,2
2025-09-03 12:59:55.197,-3370110,7430686,7565596,1907458,2,2,2,2
2025-09-03 12:59:55.200,-7548156,7430883,3371493,1907650,2,2,2,2
2025-09-03 12:59:55.203,-7564318,3228291,7565771,1907571,2,2,2,2
2025-09-03 12:59:55.205,-3370128,7430696,7565925,1907504,2,2,2,2
2025-09-03 12:59:55.208,-7564426,3228266,7565878,4004625,2,2,2,2
2025-09-03 12:59:55.210,-7547911,7430896,3371519,1907683,2,2,2,2
2025-09-03 12:59:55.213,-3370230,7430674,7565845,1907708,2,2,2,2
2025-09-03 12:59:55.216,-7564286,7414547,7565847,1907717,2,2,2,2
2025-09-03 12:59:55.219,-7564271,7431023,7549565,1907741,2,2,2,2
2025-09-03 12:59:55.222,-7564286,7431015,7549559,1907742,2,2,2,2
2025-09-03 12:59:55.224,-7564267,7431039,7549569,1907828,2,2,2,2
2025-09-03 12:59:55.227,-7547927,7430935,3371549,1907726,2,2,2,2
2025-09-03 12:59:55.230,-7564162,3236844,7566081,4005019,2,2,2,2
2025-09-03 12:59:55.233,-7547806,7431067,3372015,1907916,2,2,2,2
2025-09-03 12:59:55.235,-7564165,7414781,7566095,1907961,2,2,2,2
2025-09-03 12:59:55.238,-3369879,7431147,7566092,1907914,2,2,2,2
2025-09-03 12:59:55.241,-7564042,7414734,7566323,1907848,2,2,2,2
2025-09-03 12:59:55.244,-7547902,7431065,7549940,1907857,2,2,2,2
2025-09-03 12:59:55.247,-7564039,7431139,7549949,1907866,2,2,2,2
2025-09-03 12:59:55.249,-7564084,7431035,7549848,1907826,2,2,2,2
2025-09-03 12:59:55.252,-3369851,7431226,7566235,1908041,2,2,2,2
2025-09-03 12:59:55.254,-3369602,7431217,7566490,1908036,2,2,2,2
2025-09-03 12:59:55.257,-7547442,7431396,3372046,1908190,2,2,2,2
2025-09-03 12:59:55.259,-7563914,7415159,7566489,1908334,2,2,2,2
2025-09-03 12:59:55.262,-7547516,7431560,3355881,1908351,2,2,2,2
2025-09-03 12:59:55.265,-7564007,3237229,7566540,1908324,2,2,2,2
2025-09-03 12:59:55.268,-3369474,7415063,7566713,1908239,2,2,2,2
2025-09-03 12:59:55.271,-7563804,3228942,7566649,4005378,2,2,2,2
2025-09-03 12:59:55.273,-7563790,3228958,7566809,1908255,2,2,2,2
2025-09-03 12:59:55.276,-7563781,7431542,7550439,1908325,2,2,2,2
2025-09-03 12:59:55.279,-3361266,7431647,3372301,1908436,2,2,2,2
2025-09-03 12:59:55.282,-7547257,7431703,3372412,1908501,2,2,2,2
2025-09-03 12:59:55.285,-7563775,3237520,7566851,1908631,2,2,2,2
2025-09-03 12:59:55.288,-7563550,3237502,7566825,1908593,2,2,2,2
2025-09-03 12:59:55.290,-7563757,3237364,7566633,4005620,2,2,2,2
2025-09-03 12:59:55.296,-3369232,7431897,7566862,1908658,2,2,2,2
2025-09-03 12:59:55.296,-7547200,7431820,3372543,1908694,2,2,2,2
2025-09-03 12:59:55.301,-7547389,7431926,3372651,1908734,2,2,2,2
2025-09-03 12:59:55.301,-7563731,7431711,7550691,1908603,2,2,2,2
2025-09-03 12:59:55.303,-7563475,3237732,7550686,1925235,2,2,2,2
2025-09-03 12:59:55.306,-7547065,7432048,3372703,1925167,2,2,2,2
2025-09-03 12:59:55.310,-3352598,7432194,3372911,1925379,2,2,2,2
2025-09-03 12:59:55.313,-3369086,7432160,7567125,1908941,2,2,2,2
2025-09-03 12:59:55.316,-3360911,7432139,7567116,1908954,2,2,2,2
2025-09-03 12:59:55.319,-7563364,7415820,7567246,1917211,2,2,2,2
2025-09-03 12:59:55.322,-7563253,7415933,7567359,1917324,2,2,2,2
2025-09-03 12:59:55.324,-7563159,7416038,7567466,1925626,2,2,2,2
2025-09-03 12:59:55.327,-7563067,7432213,7551131,1925407,2,2,2,2
2025-09-03 12:59:55.330,-3360540,7432232,7567607,1909112,2,2,2,2
2025-09-03 12:59:55.332,-3360645,7432455,7567502,1909272,2,2,2,2
2025-09-03 12:59:55.335,-7563235,7432431,7551039,1925633,2,2,2,2
2025-09-03 12:59:55.338,-3360656,7432463,3373286,1925666,2,2,2,2
2025-09-03 12:59:55.341,-7563050,3238275,7567630,1925779,2,2,2,2
2025-09-03 12:59:55.344,-3368708,7432686,7567735,1909498,2,2,2,2
2025-09-03 12:59:55.347,-7546432,7432564,7551243,1925776,2,2,2,2
2025-09-03 12:59:55.350,-7562903,7416091,7567869,1925761,2,2,2,2
2025-09-03 12:59:55.352,-7562801,7432844,7551565,1926116,2,2,2,2
2025-09-03 12:59:55.355,-3368326,7432899,7567975,1909697,2,2,2,2
2025-09-03 12:59:55.357,-7562631,3230337,7567914,4023264,2,2,2,2
2025-09-03 12:59:55.360,-7562740,3238500,7567887,4023171,2,2,2,2
2025-09-03 12:59:55.362,-7546466,7432959,3373803,1925910,2,2,2,2
2025-09-03 12:59:55.365,-3368583,7432911,7568009,1909757,2,2,2,2
2025-09-03 12:59:55.368,-7546244,7432863,3373711,1926144,2,2,2,2
2025-09-03 12:59:55.371,-7562604,3230466,7568114,1926250,2,2,2,2
2025-09-03 12:59:55.374,-3360005,7433012,7568228,1909978,2,2,2,2
2025-09-03 12:59:55.377,-7546267,7433187,3373974,1926154,2,2,2,2
2025-09-03 12:59:55.380,-7546222,7433061,3373845,1926346,2,2,2,2
2025-09-03 12:59:55.383,-3368220,7416625,7568239,1909984,2,2,2,2
2025-09-03 12:59:55.385,-3368047,7433259,7568496,1910172,2,2,2,2
2025-09-03 12:59:55.389,-7562250,7433445,7552152,1926418,2,2,2,2
2025-09-03 12:59:55.391,-7562479,7433218,7552248,1926516,2,2,2,2
2025-09-03 12:59:55.394,-7562447,7433245,7552060,1926548,2,2,2,2
2025-09-03 12:59:55.397,-7562267,7433354,7552180,1926407,2,2,2,2
2025-09-03 12:59:55.399,-3359760,7433466,7568632,1910090,2,2,2,2
2025-09-03 12:59:55.402,-3368083,7433275,7568509,1910267,2,2,2,2
2025-09-03 12:59:55.404,-3359903,7433267,7568499,1910254,2,2,2,2
2025-09-03 12:59:55.407,-7562472,3230833,7568438,4023790,2,2,2,2
2025-09-03 12:59:55.410,-7562370,3230876,7568617,4023824,2,2,2,2
2025-09-03 12:59:55.412,-7562490,7433343,7552113,1926647,2,2,2,2
2025-09-03 12:59:55.415,-7562478,7416892,7568525,1910268,2,2,2,2
2025-09-03 12:59:55.417,-7562469,7417049,7568542,1910279,2,2,2,2
2025-09-03 12:59:55.420,-7562338,7417202,7568756,1910431,2,2,2,2
2025-09-03 12:59:55.423,-7545794,7433714,3357955,1926762,2,2,2,2
2025-09-03 12:59:55.426,-7545665,7433588,3358077,1926890,2,2,2,2
2025-09-03 12:59:55.428,-7545827,7433723,7552269,1926768,2,2,2,2
2025-09-03 12:59:55.431,-3359738,7433701,7568882,1910302,2,2,2,2
2025-09-03 12:59:55.434,-7545729,7433568,3374456,1926877,2,2,2,2
2025-09-03 12:59:55.437,-3359519,7433929,3374742,1926916,2,2,2,2
2025-09-03 12:59:55.440,-7562188,3239524,7552573,1927140,2,2,2,2
2025-09-03 12:59:55.442,-3351266,7433739,3374697,1927110,2,2,2,2
2025-09-03 12:59:55.445,-7562015,3239579,7569137,1927011,2,2,2,2
2025-09-03 12:59:55.448,-3367684,7417344,7569001,1910662,2,2,2,2
2025-09-03 12:59:55.451,-7561845,3239582,7569142,4024346,2,2,2,2
2025-09-03 12:59:55.454,-7561837,3239577,7569156,4024416,2,2,2,2
2025-09-03 12:59:55.456,-7561960,3231595,7569362,4024555,2,2,2,2
2025-09-03 12:59:55.459,-3359466,7434032,7569306,1911023,2,2,2,2
2025-09-03 12:59:55.462,-3367551,7434234,7569171,1910900,2,2,2,2
2025-09-03 12:59:55.464,-7545339,7434106,3358701,1927427,2,2,2,2
2025-09-03 12:59:55.467,-3359223,7434182,7569394,1911049,2,2,2,2
2025-09-03 12:59:55.470,-7545283,7434141,3375111,1927467,2,2,2,2
2025-09-03 12:59:55.472,-7545228,7434237,3375218,1927628,2,2,2,2
2025-09-03 12:59:55.475,-7561587,7417894,7569563,1911278,2,2,2,2
2025-09-03 12:59:55.478,-7561626,7417860,7569533,1911176,2,2,2,2
2025-09-03 12:59:55.481,-7545313,7434495,7585904,1927558,2,2,2,2
2025-09-03 12:59:55.483,-7561715,7434486,7585895,1927550,2,2,2,2
2025-09-03 12:59:55.486,-7561712,7418109,7569518,1919371,2,2,2,2
2025-09-03 12:59:55.489,-7545319,7434253,3375232,1927632,2,2,2,2
2025-09-03 12:59:55.492,-3350686,7434525,3375512,1927897,2,2,2,2
2025-09-03 12:59:55.495,-3350644,7434638,3375366,1927699,2,2,2,2
2025-09-03 12:59:55.498,-7561359,3240323,7569908,1927685,2,2,2,2
2025-09-03 12:59:55.501,-7561449,7434604,7586277,1927920,2,2,2,2
2025-09-03 12:59:55.504,-7561230,7434778,7586482,1928085,2,2,2,2
2025-09-03 12:59:55.506,-3367041,7434727,7570027,1911625,2,2,2,2
2025-09-03 12:59:55.509,-7561466,3240310,7569906,4025074,2,2,2,2
2025-09-03 12:59:55.511,-7561237,3240293,7569895,1927909,2,2,2,2
2025-09-03 12:59:55.514,-7544950,7434754,3375755,1928139,2,2,2,2
2025-09-03 12:59:55.516,-7561224,3240559,7570167,1928186,2,2,2,2
2025-09-03 12:59:55.519,-7561242,7418446,7570162,1919983,2,2,2,2
2025-09-03 12:59:55.521,-7561261,7434858,7586551,1928183,2,2,2,2
2025-09-03 12:59:55.524,-7544850,7434895,3375722,1927958,2,2,2,2
2025-09-03 12:59:55.527,-7561254,7434877,7586354,1927943,2,2,2,2
2025-09-03 12:59:55.529,-7561439,7434767,7586493,1928076,2,2,2,2
2025-09-03 12:59:55.532,-7561442,7434764,7586523,1928068,2,2,2,2
2025-09-03 12:59:55.535,-7544845,7434987,3392123,1928054,2,2,2,2
2025-09-03 12:59:55.538,-7544829,7418637,7570408,1911952,2,2,2,2
2025-09-03 12:59:55.541,-3350384,7435231,7570294,1911917,2,2,2,2
2025-09-03 12:59:55.544,-7544682,3240938,7570375,1928319,2,2,2,2
2025-09-03 12:59:55.547,-7544583,7435028,3376116,1928421,2,2,2,2
2025-09-03 12:59:55.550,-7544578,3240732,7570440,1928440,2,2,2,2
2025-09-03 12:59:55.553,-3350293,7435032,7570423,1912014,2,2,2,2
2025-09-03 12:59:55.556,-3350282,7435048,7570436,1912065,2,2,2,2
2025-09-03 12:59:55.558,-3350249,7435220,7570556,1912139,2,2,2,2
2025-09-03 12:59:55.561,-7544538,7435247,7587003,1928576,2,2,2,2
2025-09-03 12:59:55.564,-7544581,3240822,7570452,1928468,2,2,2,2
2025-09-03 12:59:55.567,-7544571,7435399,7586930,1928552,2,2,2,2
2025-09-03 12:59:55.569,-7544516,7435272,7587068,1928681,2,2,2,2
2025-09-03 12:59:55.572,-7544344,7435385,7587122,1928733,2,2,2,2
2025-09-03 12:59:55.575,-3358235,7435469,7570816,1912361,2,2,2,2
2025-09-03 12:59:55.577,-3358355,7435289,3376410,1928703,2,2,2,2
2025-09-03 12:59:55.580,-7544354,3241091,7587267,1928808,2,2,2,2
2025-09-03 12:59:55.583,-7544257,3241322,7570730,1928726,2,2,2,2
2025-09-03 12:59:55.586,-7544300,7435524,7587084,1928948,2,2,2,2
2025-09-03 12:59:55.589,-3350015,7435517,7570690,1912545,2,2,2,2
2025-09-03 12:59:55.592,-7544078,7435527,7587334,1928958,2,2,2,2
2025-09-03 12:59:55.595,-7544101,7435752,7587266,1928854,2,2,2,2
2025-09-03 12:59:55.597,-3357974,7435765,7570937,1912552,2,2,2,2
2025-09-03 12:59:55.600,-3349791,7435754,7571183,1912734,2,2,2,2
2025-09-03 12:59:55.602,-3349729,7435833,7571087,1912655,2,2,2,2
2025-09-03 12:59:55.605,-7544066,3241571,7570996,4026130,2,2,2,2
2025-09-03 12:59:55.607,-7543928,7436016,3376878,1929177,2,2,2,2
2025-09-03 12:59:55.610,-7543814,7435885,7587696,1929244,2,2,2,2
2025-09-03 12:59:55.613,-7544058,7435914,3377030,1929276,2,2,2,2
2025-09-03 12:59:55.616,-7543876,7436135,3393391,1929313,2,2,2,2
2025-09-03 12:59:55.619,-3357571,7436042,3377164,1929472,2,2,2,2
2025-09-03 12:59:55.622,-3349348,7436067,7571583,1913157,2,2,2,2
2025-09-03 12:59:55.625,-7543667,7436135,3377280,1929505,2,2,2,2
2025-09-03 12:59:55.628,-7543591,7436152,7587976,1929579,2,2,2,2
2025-09-03 12:59:55.631,-7543658,7419787,7571607,1913221,2,2,2,2
2025-09-03 12:59:55.634,-7543790,3241993,7571478,4026624,2,2,2,2
2025-09-03 12:59:55.637,-7543696,7419955,7571576,1913198,2,2,2,2
2025-09-03 12:59:55.640,-3349246,7419925,7571734,1913337,2,2,2,2
2025-09-03 12:59:55.642,-3349140,7436343,7571841,1913457,2,2,2,2
2025-09-03 12:59:55.645,-7543550,3242011,7571748,1929748,2,2,2,2
2025-09-03 12:59:55.647,-7543406,7436531,3377410,1929964,2,2,2,2
2025-09-03 12:59:55.650,-3349125,7436445,3377656,1929952,2,2,2,2
2025-09-03 12:59:55.652,-7543550,7436392,7588232,1929842,2,2,2,2
2025-09-03 12:59:55.655,-3357411,7436495,7571944,1913552,2,2,2,2
2025-09-03 12:59:55.657,-3349130,7436544,7571720,1913590,2,2,2,2
2025-09-03 12:59:55.660,-7543546,3242126,7571933,4027017,2,2,2,2
2025-09-03 12:59:55.663,-7543430,3242244,7571746,4026891,2,2,2,2
2025-09-03 12:59:55.665,-7543441,3242229,7571731,1929972,2,2,2,2
2025-09-03 12:59:55.668,-7543301,3242381,7571945,4027024,2,2,2,2
2025-09-03 12:59:55.670,-3349151,7420406,7572074,1913602,2,2,2,2
2025-09-03 12:59:55.673,-7543344,7436660,7588579,1930110,2,2,2,2
2025-09-03 12:59:55.676,-7543265,3242508,7572017,1929990,2,2,2,2
2025-09-03 12:59:55.678,-7543195,3242596,7572166,4027161,2,2,2,2
2025-09-03 12:59:55.681,-7543295,7436799,3377765,1930238,2,2,2,2
2025-09-03 12:59:55.684,-7543412,7436689,3394056,1930130,2,2,2,2
2025-09-03 12:59:55.687,-7543267,3242526,7572178,4027241,2,2,2,2
2025-09-03 12:59:55.689,-7543269,3242525,7572431,1930346,2,2,2,2
2025-09-03 12:59:55.692,-7543148,7420575,7572243,1930228,2,2,2,2
2025-09-03 12:59:55.695,-7543088,7437038,7588664,1930227,2,2,2,2
2025-09-03 12:59:55.697,-3348982,7436860,7572383,1913984,2,2,2,2
2025-09-03 12:59:55.700,-7543153,3242752,7572268,4027394,2,2,2,2
2025-09-03 12:59:55.702,-7543025,7437189,3378167,1930437,2,2,2,2
2025-09-03 12:59:55.705,-7542899,7420684,7572599,1914119,2,2,2,2
2025-09-03 12:59:55.707,-7542789,7420793,7572716,1930624,2,2,2,2
2025-09-03 12:59:55.710,-7543005,7437293,7588933,1930728,2,2,2,2
2025-09-03 12:59:55.713,-3356785,7437090,7572625,1914155,2,2,2,2
2025-09-03 12:59:55.715,-3348578,7437118,7572718,1914251,2,2,2,2
2025-09-03 12:59:55.717,-7542980,7437339,7589008,1930595,2,2,2,2
2025-09-03 12:59:55.720,-3356687,7437534,7572756,1914345,2,2,2,2
2025-09-03 12:59:55.723,-7542783,7437555,7589158,1930747,2,2,2,2
2025-09-03 12:59:55.726,-7542915,3243118,7572712,1930632,2,2,2,2
2025-09-03 12:59:55.730,-3356673,7437548,3378554,1930752,2,2,2,2
2025-09-03 12:59:55.733,-7542755,7437336,3378659,1930804,2,2,2,2
2025-09-03 12:59:55.735,-3348599,7437455,3378456,1930739,2,2,2,2
2025-09-03 12:59:55.739,-7542664,3243149,7572752,4028136,2,2,2,2
2025-09-03 12:59:55.741,-3348349,7437788,7573011,1914627,2,2,2,2
2025-09-03 12:59:55.744,-7542757,3243380,7572990,4028058,2,2,2,2
2025-09-03 12:59:55.746,-7542537,7437582,3378587,1930805,2,2,2,2
2025-09-03 12:59:55.749,-7542551,3243280,7572945,4028009,2,2,2,2
2025-09-03 12:59:55.752,-7542580,7437592,3378844,1931068,2,2,2,2
2025-09-03 12:59:55.755,-7542397,7437806,3378824,1931024,2,2,2,2
2025-09-03 12:59:55.758,-7542526,7437703,7589435,1931234,2,2,2,2
2025-09-03 12:59:55.761,-7542555,7437684,7589380,1931159,2,2,2,2
2025-09-03 12:59:55.763,-7542497,7437811,7589511,1931035,2,2,2,2
2025-09-03 12:59:55.766,-3356387,7437814,7573129,1914635,2,2,2,2
2025-09-03 12:59:55.769,-7542549,7437694,7589402,1931166,2,2,2,2
2025-09-03 12:59:55.771,-3356265,7437887,3378972,1931235,2,2,2,2
2025-09-03 12:59:55.774,-7542330,3243640,7573276,1931416,2,2,2,2
2025-09-03 12:59:55.777,-3347980,7421661,7573385,1915128,2,2,2,2
2025-09-03 12:59:55.780,-7542498,3243619,7573248,1931395,2,2,2,2
2025-09-03 12:59:55.783,-3347969,7437841,7573492,1914953,2,2,2,2
2025-09-03 12:59:55.786,-7542493,7437949,7589691,1931413,2,2,2,2
2025-09-03 12:59:55.789,-7542255,7421804,7573505,1931399,2,2,2,2
2025-09-03 12:59:55.792,-7542381,7438058,3379086,1931277,2,2,2,2
2025-09-03 12:59:55.794,-7542278,7438109,3379211,1931474,2,2,2,2
2025-09-03 12:59:55.797,-7542169,7421850,7573637,1931517,2,2,2,2
2025-09-03 12:59:55.799,-7542217,7438309,7590064,1931537,2,2,2,2
2025-09-03 12:59:55.802,-3356042,7438312,7573655,1915197,2,2,2,2
2025-09-03 12:59:55.805,-7542032,3243889,7573547,4028831,2,2,2,2
2025-09-03 12:59:55.807,-3356006,7438374,7573782,1915345,2,2,2,2
2025-09-03 12:59:55.810,-7541961,7438579,3395999,1931877,2,2,2,2
2025-09-03 12:59:55.813,-7541807,7438444,3395864,1931928,2,2,2,2
2025-09-03 12:59:55.816,-7541963,7438345,7590148,1931900,2,2,2,2
2025-09-03 12:59:55.818,-7541801,7438474,7590280,1932020,2,2,2,2
2025-09-03 12:59:55.821,-7541784,7454951,7573915,1915409,2,2,2,2
2025-09-03 12:59:55.824,-7541894,7454846,7573870,1932013,2,2,2,2
2025-09-03 12:59:55.826,-3347555,7438564,3379610,1931803,2,2,2,2
2025-09-03 12:59:55.829,-7542005,7438362,7590164,1931918,2,2,2,2
2025-09-03 12:59:55.831,-7541791,7438580,7590388,1931884,2,2,2,2
2025-09-03 12:59:55.834,-3347686,7438650,7574131,1915593,2,2,2,2
2025-09-03 12:59:55.837,-3347486,7438603,7574026,1915524,2,2,2,2
2025-09-03 12:59:55.839,-7541862,3244300,7574025,1932162,2,2,2,2
2025-09-03 12:59:55.841,-7541909,7455166,7574248,1915746,2,2,2,2
2025-09-03 12:59:55.844,-7541741,7455164,7574241,1932053,2,2,2,2
2025-09-03 12:59:55.846,-7541567,7438858,7590669,1932166,2,2,2,2
2025-09-03 12:59:55.849,-7541730,7455216,7574256,1915758,2,2,2,2
2025-09-03 12:59:55.852,-7541641,7438863,3396372,1932428,2,2,2,2
2025-09-03 12:59:55.855,-7541696,7438871,3388166,1932343,2,2,2,2
2025-09-03 12:59:55.858,-3347319,7439041,3380095,1932531,2,2,2,2
2025-09-03 12:59:55.861,-7541568,3244672,7574331,1932512,2,2,2,2
2025-09-03 12:59:55.865,-7541647,7438962,3388269,1932507,2,2,2,2
2025-09-03 12:59:55.867,-7541748,7438869,7590680,1932410,2,2,2,2
2025-09-03 12:59:55.870,-7541744,7455330,7574380,1932437,2,2,2,2
2025-09-03 12:59:55.873,-7541725,7438968,7590781,1932521,2,2,2,2
2025-09-03 12:59:55.876,-7541543,7439093,7590917,1932389,2,2,2,2
2025-09-03 12:59:55.879,-7541603,7455503,7574557,1932408,2,2,2,2
2025-09-03 12:59:55.881,-7541494,7439234,3380361,1932521,2,2,2,2
2025-09-03 12:59:55.884,-7541532,7439127,7590975,1932426,2,2,2,2
2025-09-03 12:59:55.886,-7541503,7439239,7591051,1932533,2,2,2,2
2025-09-03 12:59:55.889,-7541485,3244950,7574765,4029702,2,2,2,2
2025-09-03 12:59:55.891,-3347065,7439125,7574642,1916294,2,2,2,2
2025-09-03 12:59:55.894,-7541361,7455526,7574653,1916308,2,2,2,2
2025-09-03 12:59:55.896,-7541386,7439117,3388522,1932751,2,2,2,2
2025-09-03 12:59:55.899,-7541286,7439222,7591092,1932778,2,2,2,2
2025-09-03 12:59:55.902,-7541499,7439341,7591191,1932652,2,2,2,2
2025-09-03 12:59:55.904,-7541260,7455966,7575032,1916442,2,2,2,2
2025-09-03 12:59:55.907,-3346717,7439576,7575035,1916473,2,2,2,2
2025-09-03 12:59:55.910,-3346842,7439388,7574927,1916641,2,2,2,2
2025-09-03 12:59:55.913,-3347042,7439584,3380734,1932822,2,2,2,2
2025-09-03 12:59:55.916,-7541235,3245079,7574982,1932930,2,2,2,2
2025-09-03 12:59:55.919,-7541038,7439516,7591437,1932823,2,2,2,2
2025-09-03 12:59:55.921,-3346715,7439612,3380843,1932994,2,2,2,2
2025-09-03 12:59:55.924,-3346914,7439674,7575289,1916684,2,2,2,2
2025-09-03 12:59:55.926,-3355030,7439826,7575041,1916703,2,2,2,2
2025-09-03 12:59:55.929,-7541102,3245325,7575100,4030349,2,2,2,2
2025-09-03 12:59:55.931,-7541238,3245442,7575053,4030235,2,2,2,2
2025-09-03 12:59:55.934,-7540842,7456304,7575442,1933289,2,2,2,2
2025-09-03 12:59:55.937,-7540856,7456259,7575430,1916816,2,2,2,2
2025-09-03 12:59:55.940,-7540940,7439844,3397401,1933099,2,2,2,2
2025-09-03 12:59:55.942,-7540853,7439975,3389426,1933308,2,2,2,2
2025-09-03 12:59:55.945,-3346565,7439892,3381224,1933295,2,2,2,2
2025-09-03 12:59:55.949,-7540969,7456505,7575423,1949841,2,2,2,2
2025-09-03 12:59:55.952,-3346541,7440065,7575561,1949720,2,2,2,2
2025-09-03 12:59:55.954,-7540697,7440226,7592092,1933544,2,2,2,2
2025-09-03 12:59:55.957,-3354759,7439933,3381239,1933332,2,2,2,2
2025-09-03 12:59:55.960,-7540783,7440019,7592000,1933421,2,2,2,2
2025-09-03 12:59:55.963,-7540788,7440023,7592042,1933426,2,2,2,2
2025-09-03 12:59:55.965,-3346453,7440122,7575687,1949836,2,2,2,2
2025-09-03 12:59:55.968,-7540851,3245799,7575599,4030588,2,2,2,2
2025-09-03 12:59:55.970,-3346318,7440335,7575656,1950023,2,2,2,2
2025-09-03 12:59:55.973,-7540493,3245855,7575788,1933806,2,2,2,2
2025-09-03 12:59:55.976,-7540507,3245842,7575795,4030955,2,2,2,2
2025-09-03 12:59:55.978,-7540723,3245945,7575830,1933586,2,2,2,2
2025-09-03 12:59:55.981,-7540484,7440495,3389714,1933834,2,2,2,2
2025-09-03 12:59:55.983,-7540599,7440397,3389934,1933803,2,2,2,2
2025-09-03 12:59:55.986,-7540620,7456758,7575956,1933718,2,2,2,2
2025-09-03 12:59:55.988,-7540599,7456781,7576061,1933814,2,2,2,2
2025-09-03 12:59:55.991,-3346156,7440620,7575957,1950348,2,2,2,2
2025-09-03 12:59:55.993,-3346191,7440601,7575931,1950260,2,2,2,2
2025-09-03 12:59:55.996,-7540639,3246084,7576057,4030955,2,2,2,2
2025-09-03 12:59:55.998,-7540614,3246186,7575829,4030981,2,2,2,2
2025-09-03 12:59:56.001,-7540723,7456774,7576053,1933793,2,2,2,2
2025-09-03 12:59:56.004,-7540618,7440512,3381613,1933857,2,2,2,2
2025-09-03 12:59:56.007,-7540663,7440506,3397989,1933849,2,2,2,2
2025-09-03 12:59:56.009,-7540600,7456998,7575959,1950336,2,2,2,2
2025-09-03 12:59:56.012,-3346148,7440695,3381858,1934092,2,2,2,2
2025-09-03 12:59:56.016,-7540242,7457081,7576317,1934053,2,2,2,2
2025-09-03 12:59:56.018,-3345914,7440699,7576437,1950560,2,2,2,2
2025-09-03 12:59:56.021,-7540118,7457206,7576463,1950596,2,2,2,2
2025-09-03 12:59:56.024,-7540176,7440780,3398525,1934184,2,2,2,2
2025-09-03 12:59:56.027,-7540180,7440885,3398638,1934215,2,2,2,2
2025-09-03 12:59:56.029,-7540024,7440926,7592722,1934332,2,2,2,2
2025-09-03 12:59:56.032,-7540077,3246620,7576358,1934345,2,2,2,2
2025-09-03 12:59:56.035,-7540217,7441139,3382258,1934543,2,2,2,2
2025-09-03 12:59:56.039,-7540078,3246724,7576783,1934438,2,2,2,2
2025-09-03 12:59:56.042,-7540020,7441018,3398794,1934443,2,2,2,2
2025-09-03 12:59:56.044,-7540171,7441005,7593090,1934360,2,2,2,2
2025-09-03 12:59:56.047,-7539992,7441144,7593201,1934492,2,2,2,2
2025-09-03 12:59:56.050,-3345634,7441200,7576944,1950991,2,2,2,2
2025-09-03 12:59:56.052,-7539713,7441169,7593280,1934847,2,2,2,2
2025-09-03 12:59:56.055,-7539731,3246852,7576841,4031979,2,2,2,2
2025-09-03 12:59:56.057,-3345660,7441168,7576933,1951223,2,2,2,2
2025-09-03 12:59:56.060,-7539823,7441402,3382535,1934817,2,2,2,2
2025-09-03 12:59:56.063,-7539841,7441397,3390723,1934810,2,2,2,2
2025-09-03 12:59:56.065,-3345439,7441435,7576948,1951237,2,2,2,2
2025-09-03 12:59:56.068,-7539712,7457935,7577058,1934957,2,2,2,2
2025-09-03 12:59:56.070,-7539681,7441637,3390982,1935049,2,2,2,2
2025-09-03 12:59:56.073,-7539689,7441565,7593483,1934983,2,2,2,2
2025-09-03 12:59:56.075,-7539488,7441526,7593651,1934878,2,2,2,2
2025-09-03 12:59:56.078,-3345267,7441453,7577224,1951242,2,2,2,2
2025-09-03 12:59:56.080,-3345403,7441658,7577093,1951369,2,2,2,2
2025-09-03 12:59:56.083,-7539644,7441679,3391079,1935081,2,2,2,2
2025-09-03 12:59:56.086,-7539583,7441791,3391115,1935120,2,2,2,2
2025-09-03 12:59:56.088,-7539459,7441660,3391074,1935081,2,2,2,2
2025-09-03 12:59:56.091,-7539515,7441904,3391246,1935310,2,2,2,2
2025-09-03 12:59:56.093,-7539466,7441675,3391347,1935343,2,2,2,2
2025-09-03 12:59:56.096,-7539330,7458181,7577596,1951607,2,2,2,2
2025-09-03 12:59:56.099,-7539382,7442063,3399666,1935413,2,2,2,2
2025-09-03 12:59:56.102,-7539192,7442023,3399829,1935370,2,2,2,2
2025-09-03 12:59:56.105,-7539093,7458517,7594237,1951860,2,2,2,2
2025-09-03 12:59:56.108,-7539147,7442075,7593993,1935497,2,2,2,2
2025-09-03 12:59:56.111,-3344908,7441971,7594209,1951770,2,2,2,2
2025-09-03 12:59:56.114,-7539164,7442145,7594009,1935501,2,2,2,2
2025-09-03 12:59:56.117,-3344784,7442178,7594103,1951943,2,2,2,2
2025-09-03 12:59:56.119,-7538959,3248011,7594240,4032872,2,2,2,2
2025-09-03 12:59:56.122,-7539012,7442302,3391739,1935647,2,2,2,2
2025-09-03 12:59:56.124,-7538972,7458692,7594236,1935728,2,2,2,2
2025-09-03 12:59:56.127,-7539191,7442430,7594295,1935846,2,2,2,2
2025-09-03 12:59:56.129,-7539163,7442284,7594183,1935641,2,2,2,2
2025-09-03 12:59:56.132,-3344745,7442400,7594337,1952134,2,2,2,2
2025-09-03 12:59:56.134,-7539084,3247998,7594487,1935645,2,2,2,2
2025-09-03 12:59:56.137,-7538956,3256329,7594434,4033008,2,2,2,2
2025-09-03 12:59:56.139,-7538806,7442661,3392107,1936075,2,2,2,2
2025-09-03 12:59:56.142,-7538936,7458874,7594726,1952267,2,2,2,2
2025-09-03 12:59:56.144,-7538786,7458825,7594640,1936127,2,2,2,2
2025-09-03 12:59:56.147,-7538808,7459063,7594626,1936107,2,2,2,2
2025-09-03 12:59:56.149,-7538827,7442664,3400309,1936099,2,2,2,2
2025-09-03 12:59:56.152,-7538704,7442537,3392253,1935908,2,2,2,2
2025-09-03 12:59:56.155,-7538707,7458939,7594506,1935980,2,2,2,2
2025-09-03 12:59:56.157,-7538817,7442698,3400334,1936124,2,2,2,2
2025-09-03 12:59:56.160,-7538890,7442691,7594635,1936112,2,2,2,2
2025-09-03 12:59:56.162,-7538693,7442838,7594828,1936263,2,2,2,2
2025-09-03 12:59:56.165,-7538552,3256677,7595002,4033303,2,2,2,2
2025-09-03 12:59:56.167,-3344155,7442899,7594782,1952632,2,2,2,2
2025-09-03 12:59:56.170,-7538657,7459332,7594900,1952751,2,2,2,2
2025-09-03 12:59:56.173,-7538643,3248652,7594981,1936386,2,2,2,2
2025-09-03 12:59:56.175,-3344254,7442988,7595017,1952796,2,2,2,2
2025-09-03 12:59:56.178,-7538533,7443094,3400821,1936590,2,2,2,2
2025-09-03 12:59:56.181,-7538460,7443094,3392645,1936606,2,2,2,2
2025-09-03 12:59:56.183,-7538332,3256934,7595020,4033635,2,2,2,2
2025-09-03 12:59:56.186,-7538305,7443091,3400801,1936588,2,2,2,2
2025-09-03 12:59:56.188,-7538314,7443084,3400805,1936576,2,2,2,2
2025-09-03 12:59:56.191,-7538191,7459591,7595254,1936637,2,2,2,2
2025-09-03 12:59:56.194,-7538398,7443077,7595082,1936515,2,2,2,2
2025-09-03 12:59:56.196,-7538369,7443178,7595154,1936613,2,2,2,2
2025-09-03 12:59:56.199,-3344029,7443144,7595128,1952900,2,2,2,2
2025-09-03 12:59:56.201,-7538186,3257190,7595274,4033822,2,2,2,2
2025-09-03 12:59:56.204,-7538295,3248890,7595254,1936634,2,2,2,2
2025-09-03 12:59:56.217,-7538407,7443357,3401097,1936856,2,2,2,2
2025-09-03 12:59:56.217,-7538171,7459721,7595393,1936777,2,2,2,2
2025-09-03 12:59:56.217,-7538176,7443338,7595391,1936782,2,2,2,2
2025-09-03 12:59:56.217,-7538227,7443296,7595322,1936739,2,2,2,2
2025-09-03 12:59:56.217,-7538208,7443335,7595322,1936784,2,2,2,2
2025-09-03 12:59:56.219,-7538071,7459860,7595528,1953304,2,2,2,2
2025-09-03 12:59:56.223,-7538043,7443569,3401331,1937022,2,2,2,2
2025-09-03 12:59:56.226,-7537952,7443607,7595700,1937130,2,2,2,2
2025-09-03 12:59:56.228,-3343721,7443657,7595662,1953462,2,2,2,2
2025-09-03 12:59:56.231,-3343724,7443667,7595668,1953469,2,2,2,2
2025-09-03 12:59:56.233,-7537997,7443614,3401441,1937133,2,2,2,2
2025-09-03 12:59:56.236,-7537849,7443830,3401598,1937280,2,2,2,2
2025-09-03 12:59:56.239,-3343497,7443930,3401631,1937387,2,2,2,2
2025-09-03 12:59:56.242,-7537714,7443958,7596031,1937168,2,2,2,2
2025-09-03 12:59:56.244,-3343488,7443949,7596029,1953546,2,2,2,2
2025-09-03 12:59:56.247,-7537921,3257731,7595971,4034441,2,2,2,2
2025-09-03 12:59:56.249,-3343466,7443744,3401573,1953577,2,2,2,2
2025-09-03 12:59:56.252,-7537904,7443859,7596001,1937382,2,2,2,2
2025-09-03 12:59:56.256,-7537652,7460573,7596265,1954032,2,2,2,2
2025-09-03 12:59:56.259,-3343219,7444002,3401842,1937463,2,2,2,2
2025-09-03 12:59:56.262,-3343263,7444211,3401743,1937425,2,2,2,2
2025-09-03 12:59:56.264,-7537471,3249764,7596235,1937541,2,2,2,2
2025-09-03 12:59:56.267,-3343240,7444003,3401850,1953851,2,2,2,2
2025-09-03 12:59:56.270,-7537459,7444343,7596509,1937810,2,2,2,2
2025-09-03 12:59:56.273,-7537659,3249924,7596321,1937683,2,2,2,2
2025-09-03 12:59:56.276,-3343342,7444252,7596410,1954165,2,2,2,2
2025-09-03 12:59:56.279,-7537647,3250025,7596491,1937792,2,2,2,2
2025-09-03 12:59:56.282,-3343207,7444467,3402000,1937681,2,2,2,2
2025-09-03 12:59:56.289,-7537530,7444456,3401998,1937676,2,2,2,2
2025-09-03 12:59:56.289,-7537633,7444360,3394046,1937902,2,2,2,2
2025-09-03 12:59:56.290,-7537553,7460546,7596314,1945862,2,2,2,2
2025-09-03 12:59:56.293,-7537413,7444343,3402213,1937881,2,2,2,2
2025-09-03 12:59:56.295,-7537512,7444243,3402106,1937723,2,2,2,2
2025-09-03 12:59:56.298,-7537201,7444505,7596661,1938035,2,2,2,2
2025-09-03 12:59:56.300,-7537375,7444473,7596597,1937932,2,2,2,2
2025-09-03 12:59:56.303,-7537255,3258465,7596754,4035215,2,2,2,2
2025-09-03 12:59:56.306,-7537302,3258368,7596591,1938020,2,2,2,2
2025-09-03 12:59:56.309,-3342954,7444535,3402470,1938131,2,2,2,2
2025-09-03 12:59:56.312,-7537295,7444504,3402376,1937977,2,2,2,2
2025-09-03 12:59:56.314,-3342946,7444620,3402243,1938172,2,2,2,2
2025-09-03 12:59:56.317,-7537416,7444474,7596614,1937948,2,2,2,2
2025-09-03 12:59:56.319,-3342985,7444542,7596783,1954531,2,2,2,2
2025-09-03 12:59:56.322,-7537369,7444595,7596772,1938149,2,2,2,2
2025-09-03 12:59:56.325,-7537377,7444599,3402470,1938139,2,2,2,2
2025-09-03 12:59:56.328,-3342859,7444496,7596682,1954427,2,2,2,2
2025-09-03 12:59:56.331,-3342946,7444748,7596929,1954676,2,2,2,2
2025-09-03 12:59:56.334,-3342832,7444934,7597053,1954767,2,2,2,2
2025-09-03 12:59:56.336,-7537174,3258650,7597020,4035475,2,2,2,2
2025-09-03 12:59:56.339,-7537040,3250657,7596843,4035353,2,2,2,2
2025-09-03 12:59:56.341,-7537042,7461357,7597162,1954837,2,2,2,2
2025-09-03 12:59:56.344,-7537096,7444892,3394587,1938441,2,2,2,2
2025-09-03 12:59:56.347,-7537040,7444980,3394683,1938467,2,2,2,2
2025-09-03 12:59:56.349,-7536995,7461236,7597049,1954791,2,2,2,2
2025-09-03 12:59:56.352,-7537014,7445097,3403006,1938656,2,2,2,2
2025-09-03 12:59:56.355,-3342694,7445188,7597071,1955070,2,2,2,2
2025-09-03 12:59:56.358,-3342617,7445217,3402850,1938453,2,2,2,2
2025-09-03 12:59:56.361,-7536902,7445238,7597184,1938539,2,2,2,2
2025-09-03 12:59:56.364,-3342623,7445235,7597172,1954846,2,2,2,2
2025-09-03 12:59:56.367,-7536670,3250928,7597375,1938791,2,2,2,2
2025-09-03 12:59:56.370,-7536893,7445261,3403162,1938820,2,2,2,2
2025-09-03 12:59:56.372,-7536667,3259131,7597375,4035955,2,2,2,2
2025-09-03 12:59:56.375,-7536840,7445368,3394821,1938923,2,2,2,2
2025-09-03 12:59:56.377,-7536884,7445351,3403011,1938921,2,2,2,2
2025-09-03 12:59:56.380,-7536888,7461703,7597559,1947114,2,2,2,2
2025-09-03 12:59:56.382,-7536842,7445486,7597438,1938790,2,2,2,2
2025-09-03 12:59:56.385,-3342363,7445284,7597547,1955288,2,2,2,2
2025-09-03 12:59:56.387,-3407718,7445523,7597802,1955510,2,2,2,2
2025-09-03 12:59:56.390,-7602142,7445404,3403391,1939040,2,2,2,2
2025-09-03 12:59:56.393,-3407771,7445491,3403396,1938988,2,2,2,2
2025-09-03 12:59:56.396,-7536673,7445354,7597572,1938935,2,2,2,2
2025-09-03 12:59:56.399,-3342439,7445301,7597582,1955333,2,2,2,2
2025-09-03 12:59:56.401,-3407767,7445521,7597796,1955508,2,2,2,2
2025-09-03 12:59:56.404,-7602167,7462140,7597718,1955448,2,2,2,2
2025-09-03 12:59:56.407,-7602021,7445731,3395447,1939235,2,2,2,2
2025-09-03 12:59:56.409,-3407468,7445966,7597944,1955604,2,2,2,2
2025-09-03 12:59:56.412,-7601689,7462343,7597967,1947495,2,2,2,2
2025-09-03 12:59:56.414,-7601713,7446007,3395554,1939256,2,2,2,2
2025-09-03 12:59:56.417,-7601712,7445913,7598202,1939484,2,2,2,2
2025-09-03 12:59:56.419,-7601639,7446135,7598137,1939701,2,2,2,2
2025-09-03 12:59:56.422,-7601793,3259800,7598285,1939555,2,2,2,2
2025-09-03 12:59:56.425,-3407391,7445765,3403774,1955798,2,2,2,2
2025-09-03 12:59:56.427,-7601905,7445885,7598157,1939466,2,2,2,2
2025-09-03 12:59:56.430,-7601673,3251562,7598103,1939447,2,2,2,2
2025-09-03 12:59:56.433,-3407520,7445915,3403928,1939503,2,2,2,2
2025-09-03 12:59:56.436,-7601651,7446165,3403918,1939493,2,2,2,2
2025-09-03 12:59:56.439,-7601672,7446159,3403907,1939494,2,2,2,2
2025-09-03 12:59:56.441,-7601514,3251829,7598387,4036880,2,2,2,2
2025-09-03 12:59:56.444,-7601664,7446241,3404191,1939756,2,2,2,2
2025-09-03 12:59:56.447,-7601547,7446291,3404059,1939938,2,2,2,2
2025-09-03 12:59:56.450,-7601411,3260384,7598576,4036990,2,2,2,2
2025-09-03 12:59:56.453,-7601303,3260191,7598623,1939952,2,2,2,2
2025-09-03 12:59:56.455,-3407104,7446527,3404292,1940180,2,2,2,2
2025-09-03 12:59:56.458,-7601397,3268628,7598615,1940203,2,2,2,2
2025-09-03 12:59:56.461,-3406985,7463048,3404429,1939998,2,2,2,2
2025-09-03 12:59:56.465,-7601348,7463148,7598819,1940085,2,2,2,2
2025-09-03 12:59:56.468,-7601168,7462940,3404640,1940217,2,2,2,2
2025-09-03 12:59:56.471,-3406877,7462934,3404572,1940210,2,2,2,2
2025-09-03 12:59:56.474,-7601154,3268737,7598907,1940241,2,2,2,2
2025-09-03 12:59:56.476,-7601122,7463138,3404776,1940416,2,2,2,2
2025-09-03 12:59:56.479,-7601178,7463045,7598976,1948430,2,2,2,2
2025-09-03 12:59:56.481,-7601141,7463143,7599045,1940342,2,2,2,2
2025-09-03 12:59:56.484,-7601109,7463179,7598897,1940451,2,2,2,2
2025-09-03 12:59:56.486,-7601017,7463280,7598979,1948422,2,2,2,2
2025-09-03 12:59:56.489,-3406724,7463209,3404920,1940487,2,2,2,2
2025-09-03 12:59:56.492,-7600897,7463421,3404813,1940377,2,2,2,2
2025-09-03 12:59:56.495,-3406737,7463197,7599224,1956860,2,2,2,2
2025-09-03 12:59:56.498,-7601136,7463181,7599208,1940457,2,2,2,2
2025-09-03 12:59:56.501,-7601039,3268975,7599312,1940493,2,2,2,2
2025-09-03 12:59:56.504,-3406594,7463427,7599214,1957109,2,2,2,2
2025-09-03 12:59:56.507,-7600999,7463408,7599114,1948815,2,2,2,2
2025-09-03 12:59:56.510,-7600905,7463443,3404919,1940728,2,2,2,2
2025-09-03 12:59:56.512,-7600840,7463566,3405034,1940528,2,2,2,2
2025-09-03 12:59:56.515,-7600881,7463573,7599347,1940592,2,2,2,2
2025-09-03 12:59:56.518,-7601037,7463416,3404822,1940700,2,2,2,2
2025-09-03 12:59:56.521,-7600893,7463557,3405031,1940516,2,2,2,2
2025-09-03 12:59:56.523,-7600917,3261049,7599323,1940502,2,2,2,2
2025-09-03 12:59:56.526,-7600840,7463653,3405065,1940608,2,2,2,2
2025-09-03 12:59:56.529,-7600762,7463459,7599496,1957126,2,2,2,2
2025-09-03 12:59:56.531,-7600664,7463566,7599596,1949037,2,2,2,2
2025-09-03 12:59:56.534,-7600494,7463804,7599843,1957402,2,2,2,2
2025-09-03 12:59:56.537,-7600519,7464044,3405468,1941003,2,2,2,2
2025-09-03 12:59:56.540,-7600594,7463787,7599845,1941009,2,2,2,2
2025-09-03 12:59:56.544,-3406343,7463928,3405428,1940950,2,2,2,2
2025-09-03 12:59:56.545,-7600643,7463682,7599743,1940963,2,2,2,2
2025-09-03 12:59:56.548,-7600422,7463919,7599719,1941126,2,2,2,2
2025-09-03 12:59:56.551,-7600402,7463942,7599739,1941220,2,2,2,2
2025-09-03 12:59:56.553,-7600390,7464042,7599809,1941247,2,2,2,2
2025-09-03 12:59:56.556,-7600419,7463932,7599737,1941150,2,2,2,2
2025-09-03 12:59:56.558,-7600512,3261673,7599910,4038285,2,2,2,2
2025-09-03 12:59:56.561,-7600354,3269770,7599876,4038513,2,2,2,2
2025-09-03 12:59:56.564,-7600267,3261680,7599915,4038557,2,2,2,2
2025-09-03 12:59:56.566,-3405923,7464218,7600017,1957641,2,2,2,2
2025-09-03 12:59:56.569,-7600134,3270020,7600121,4038520,2,2,2,2
2025-09-03 12:59:56.571,-7600136,7464333,3405826,1941288,2,2,2,2
2025-09-03 12:59:56.577,-7600371,7464396,7600238,1949591,2,2,2,2
2025-09-03 12:59:56.577,-7600180,7464310,7600126,1941344,2,2,2,2
2025-09-03 12:59:56.579,-7600287,7464246,7600271,1957878,2,2,2,2
2025-09-03 12:59:56.582,-7600246,7464322,3405829,1957994,2,2,2,2
2025-09-03 12:59:56.585,-7600131,7464442,7600251,1957867,2,2,2,2
2025-09-03 12:59:56.588,-7600140,7464440,7600261,1958123,2,2,2,2
2025-09-03 12:59:56.591,-3405934,7464424,7600233,1958113,2,2,2,2
2025-09-03 12:59:56.594,-3405704,7464595,3406111,1958081,2,2,2,2
2025-09-03 12:59:56.597,-7599886,3270162,7600601,1958137,2,2,2,2
2025-09-03 12:59:56.600,-7600010,7464678,7600515,1950105,2,2,2,2
2025-09-03 12:59:56.603,-7599996,7464705,3406227,1958383,2,2,2,2
2025-09-03 12:59:56.606,-3405585,7464825,3406339,1958173,2,2,2,2
2025-09-03 12:59:56.609,-3405686,7464716,3406310,1958392,2,2,2,2
2025-09-03 12:59:56.611,-7599847,7464929,3406471,1958351,2,2,2,2
2025-09-03 12:59:56.614,-7599882,3270525,7600688,4055425,2,2,2,2
2025-09-03 12:59:56.617,-3405538,7464953,3406490,1958370,2,2,2,2
2025-09-03 12:59:56.619,-7599629,7464847,3406461,1958459,2,2,2,2
2025-09-03 12:59:56.622,-7599491,3270680,7600910,1958673,2,2,2,2
2025-09-03 12:59:56.625,-3405193,7464990,7600911,1958712,2,2,2,2
2025-09-03 12:59:56.628,-7599501,7465060,3406688,1958680,2,2,2,2
2025-09-03 12:59:56.630,-7599617,3270659,7601143,1958634,2,2,2,2
2025-09-03 12:59:56.633,-7599605,7464975,3406595,1958653,2,2,2,2
2025-09-03 12:59:56.636,-7599597,3270681,7600922,1958677,2,2,2,2
2025-09-03 12:59:56.639,-7599464,3270887,7601139,4056048,2,2,2,2
2025-09-03 12:59:56.641,-3405172,7465200,7601137,1958901,2,2,2,2
2025-09-03 12:59:56.644,-7599616,7465068,7601005,1958763,2,2,2,2
2025-09-03 12:59:56.647,-3405214,7465158,7601018,1958796,2,2,2,2
2025-09-03 12:59:56.650,-3405412,7464975,7600913,1958706,2,2,2,2
2025-09-03 12:59:56.661,-7599560,7465208,7601148,1958664,2,2,2,2
2025-09-03 12:59:56.661,-3405155,7465323,3406951,1958702,2,2,2,2
2025-09-03 12:59:56.661,-7599480,7465316,3406955,1958950,2,2,2,2
2025-09-03 12:59:56.661,-7599495,7465237,7601248,1958935,2,2,2,2
2025-09-03 12:59:56.664,-7599370,7465356,3407006,1959066,2,2,2,2
2025-09-03 12:59:56.667,-3404959,7465481,7601420,1958919,2,2,2,2
2025-09-03 12:59:56.670,-3404944,7465574,3407219,1958955,2,2,2,2
2025-09-03 12:59:56.673,-7599257,7465537,7601522,1959026,2,2,2,2
2025-09-03 12:59:56.676,-3404899,7465691,7601645,1959112,2,2,2,2
2025-09-03 12:59:56.679,-7599350,7465501,7601528,1959269,2,2,2,2
2025-09-03 12:59:56.682,-3405044,7465496,7601528,1959270,2,2,2,2
2025-09-03 12:59:56.684,-7599205,3263206,7601661,4056571,2,2,2,2
2025-09-03 12:59:56.687,-7599104,7465747,3407470,1959214,2,2,2,2
2025-09-03 12:59:56.690,-7598875,3271440,7601707,4056674,2,2,2,2
2025-09-03 12:59:56.692,-7598986,3263467,7601665,4056568,2,2,2,2
2025-09-03 12:59:56.695,-7599000,3271658,7601664,1959409,2,2,2,2
2025-09-03 12:59:56.697,-7598953,7465755,3407474,1959471,2,2,2,2
2025-09-03 12:59:56.700,-7599004,7465928,7601919,1951484,2,2,2,2
2025-09-03 12:59:56.702,-7598902,7466006,7602037,1959531,2,2,2,2
2025-09-03 12:59:56.705,-3404641,7466178,7602072,1959629,2,2,2,2
2025-09-03 12:59:56.708,-3404569,7466187,7602151,1959637,2,2,2,2
2025-09-03 12:59:56.710,-7598819,7465987,7601989,1959696,2,2,2,2
2025-09-03 12:59:56.713,-7598817,3263495,7601969,4056849,2,2,2,2
2025-09-03 12:59:56.715,-7598846,3263730,7601949,4056841,2,2,2,2
2025-09-03 12:59:56.718,-7598666,7466114,3407860,1959906,2,2,2,2
2025-09-03 12:59:56.721,-7598604,7466222,3342437,1959688,2,2,2,2
2025-09-03 12:59:56.723,-7598656,7466123,7536644,1959904,2,2,2,2
2025-09-03 12:59:56.726,-3404547,7465999,7602050,1959718,2,2,2,2
2025-09-03 12:59:56.729,-7598750,7466104,3407860,1959901,2,2,2,2
2025-09-03 12:59:56.732,-7598617,3271945,7536701,1959785,2,2,2,2
2025-09-03 12:59:56.735,-7598638,3272186,7536691,1959959,2,2,2,2
2025-09-03 12:59:56.737,-3404429,7466394,3342362,1959933,2,2,2,2
2025-09-03 12:59:56.741,-3404283,7466445,7536897,1960094,2,2,2,2
2025-09-03 12:59:56.743,-3404271,7466465,7536916,1960182,2,2,2,2
2025-09-03 12:59:56.746,-7598349,3264137,7537142,1960094,2,2,2,2
2025-09-03 12:59:56.749,-7598592,7466651,7536916,1960177,2,2,2,2
2025-09-03 12:59:56.751,-3404283,7466716,7536919,1960180,2,2,2,2
2025-09-03 12:59:56.754,-7598532,7466749,3342724,1960216,2,2,2,2
2025-09-03 12:59:56.757,-3404055,7466701,7537177,1960398,2,2,2,2
2025-09-03 12:59:56.759,-7598389,7466640,3342945,1960440,2,2,2,2
2025-09-03 12:59:56.762,-7598339,7466735,3342980,1960217,2,2,2,2
2025-09-03 12:59:56.764,-7598218,7466881,7537168,1960347,2,2,2,2
2025-09-03 12:59:56.767,-7598098,7467000,7537352,1960473,2,2,2,2
2025-09-03 12:59:56.770,-7598085,7466752,7537310,1952366,2,2,2,2
2025-09-03 12:59:56.772,-7598334,7466770,7537397,1960572,2,2,2,2
2025-09-03 12:59:56.775,-3404012,7466811,7537427,1960657,2,2,2,2
2025-09-03 12:59:56.777,-7598223,7466901,7537264,1952240,2,2,2,2
2025-09-03 12:59:56.780,-7598084,7466858,3343108,1960652,2,2,2,2
2025-09-03 12:59:56.783,-7598187,7466753,7537390,1952355,2,2,2,2
2025-09-03 12:59:56.786,-3403929,7466908,3343238,1960695,2,2,2,2
2025-09-03 12:59:56.788,-7598189,7466765,3343086,1960494,2,2,2,2
2025-09-03 12:59:56.791,-7598097,7466829,7537431,1960592,2,2,2,2
2025-09-03 12:59:56.794,-7598085,7466883,3343209,1960679,2,2,2,2
2025-09-03 12:59:56.797,-7598136,7466875,3343210,1960680,2,2,2,2
2025-09-03 12:59:56.799,-7598270,7467002,3343338,1960489,2,2,2,2
2025-09-03 12:59:56.802,-7598057,7467244,7537643,1960805,2,2,2,2
2025-09-03 12:59:56.805,-3403757,7467256,7537647,1960768,2,2,2,2
2025-09-03 12:59:56.807,-7597850,3272856,7537865,4057868,2,2,2,2
2025-09-03 12:59:56.810,-7598104,7467153,3343249,1960721,2,2,2,2
2025-09-03 12:59:56.812,-7598098,7467256,7537641,1952612,2,2,2,2
2025-09-03 12:59:56.815,-7597955,7467119,3343475,1960943,2,2,2,2
2025-09-03 12:59:56.818,-7597980,3273069,7537702,1960930,2,2,2,2
2025-09-03 12:59:56.821,-3395554,7467307,3343475,1960941,2,2,2,2
2025-09-03 12:59:56.824,-7597856,7467508,3343609,1961012,2,2,2,2
2025-09-03 12:59:56.827,-3403676,7467460,7537799,1960949,2,2,2,2
2025-09-03 12:59:56.830,-7597957,3273096,7537882,4058121,2,2,2,2
2025-09-03 12:59:56.833,-7597957,3273186,7537911,4058214,2,2,2,2
2025-09-03 12:59:56.836,-7597712,3273193,7538167,4058212,2,2,2,2
2025-09-03 12:59:56.838,-7597704,7467753,3343866,1961262,2,2,2,2
2025-09-03 12:59:56.841,-7597815,7467726,7538067,1961229,2,2,2,2
2025-09-03 12:59:56.843,-3403410,7467760,7538184,1961331,2,2,2,2
2025-09-03 12:59:56.846,-7597566,7467656,7538392,1961227,2,2,2,2
2025-09-03 12:59:56.848,-7597628,7467621,7538233,1961444,2,2,2,2
2025-09-03 12:59:56.851,-7597573,3273440,7538177,4058467,2,2,2,2
2025-09-03 12:59:56.854,-3403133,7467820,7538313,1961458,2,2,2,2
2025-09-03 12:59:56.858,-7597360,3273601,7538390,1961486,2,2,2,2
2025-09-03 12:59:56.861,-7597531,3273582,7538377,1961460,2,2,2,2
2025-09-03 12:59:56.863,-7597444,7467912,7538664,1961489,2,2,2,2
2025-09-03 12:59:56.866,-7597297,7468071,7538560,1961711,2,2,2,2
2025-09-03 12:59:56.869,-7597271,3273861,7538916,1961745,2,2,2,2
2025-09-03 12:59:56.871,-7597060,3273834,7538887,1961963,2,2,2,2
2025-09-03 12:59:56.874,-7597067,7468133,3344512,1961954,2,2,2,2
2025-09-03 12:59:56.876,-3394695,7468260,3344388,1961775,2,2,2,2
2025-09-03 12:59:56.879,-7597213,7468175,3344627,1961751,2,2,2,2
2025-09-03 12:59:56.882,-7597312,7468141,3344614,1961976,2,2,2,2
2025-09-03 12:59:56.885,-7597181,3273987,7538750,1961876,2,2,2,2
2025-09-03 12:59:56.888,-7597310,7468087,7538938,1961736,2,2,2,2
2025-09-03 12:59:56.890,-7597298,7468176,3344405,1961770,2,2,2,2
2025-09-03 12:59:56.893,-3402738,7468445,3344667,1962034,2,2,2,2
2025-09-03 12:59:56.895,-7596823,7468420,3344644,1962009,2,2,2,2
2025-09-03 12:59:56.898,-7596942,3274010,7539167,4059371,2,2,2,2
2025-09-03 12:59:56.901,-3402635,7468331,7539179,1962232,2,2,2,2
2025-09-03 12:59:56.904,-7596806,7468525,3344761,1962045,2,2,2,2
2025-09-03 12:59:56.906,-7596913,7468670,3344914,1962274,2,2,2,2
2025-09-03 12:59:56.909,-7596913,7468678,3344994,1962278,2,2,2,2
2025-09-03 12:59:56.911,-7596940,7468671,7539217,1962264,2,2,2,2
2025-09-03 12:59:56.914,-7597027,7468657,7539190,1962247,2,2,2,2
2025-09-03 12:59:56.917,-7596818,7468547,7539377,1962388,2,2,2,2
2025-09-03 12:59:56.919,-7596608,7468794,7539254,1962379,2,2,2,2
2025-09-03 12:59:56.922,-7596569,7468835,7539427,1962489,2,2,2,2
2025-09-03 12:59:56.925,-7596786,7468923,3345166,1962510,2,2,2,2
2025-09-03 12:59:56.928,-7596596,3274743,7539661,1962655,2,2,2,2
2025-09-03 12:59:56.931,-7596560,7468906,7539702,1962497,2,2,2,2
2025-09-03 12:59:56.934,-7596592,7468822,7539697,1962749,2,2,2,2
2025-09-03 12:59:56.936,-7596747,7468813,7539688,1962738,2,2,2,2
2025-09-03 12:59:56.939,-3394029,7469037,7539581,1962696,2,2,2,2
2025-09-03 12:59:56.942,-7596502,7469061,7539691,1962724,2,2,2,2
2025-09-03 12:59:56.944,-3402114,7469101,7539720,1962762,2,2,2,2
2025-09-03 12:59:56.947,-3402139,7469074,7539700,1962748,2,2,2,2
2025-09-03 12:59:56.949,-7596411,3274887,7539750,4060005,2,2,2,2
2025-09-03 12:59:56.952,-7596389,3274904,7539769,1962876,2,2,2,2
2025-09-03 12:59:56.954,-7596525,7469087,3345412,1962763,2,2,2,2
2025-09-03 12:59:56.957,-3401967,7469332,7539971,1963013,2,2,2,2
2025-09-03 12:59:56.960,-7596390,7469259,7539864,1962977,2,2,2,2
2025-09-03 12:59:56.962,-7596436,7469183,7539814,1962864,2,2,2,2
2025-09-03 12:59:56.965,-7596409,7469281,7539846,1962890,2,2,2,2
2025-09-03 12:59:56.967,-7596304,7469343,7539971,1963006,2,2,2,2
2025-09-03 12:59:56.970,-7596247,7469552,7540147,1963159,2,2,2,2
2025-09-03 12:59:56.973,-3401736,7469359,7540072,1963105,2,2,2,2
2025-09-03 12:59:56.976,-7596266,7469466,7540107,1963149,2,2,2,2
2025-09-03 12:59:56.980,-3401840,7469668,3345943,1963285,2,2,2,2
2025-09-03 12:59:56.983,-7596034,7469508,7540119,1963163,2,2,2,2
2025-09-03 12:59:56.986,-7596104,7469692,3346027,1963368,2,2,2,2
2025-09-03 12:59:56.989,-7595818,7469709,7540356,1963387,2,2,2,2
2025-09-03 12:59:56.991,-3401719,7469823,7540478,1963519,2,2,2,2
2025-09-03 12:59:56.994,-3401488,7469799,7540462,1963497,2,2,2,2
2025-09-03 12:59:56.996,-7596007,3275294,7540273,4060513,2,2,2,2
2025-09-03 12:59:56.999,-7595987,3275386,7540284,1963376,2,2,2,2
2025-09-03 12:59:57.001,-7596026,7469922,3346275,1963535,2,2,2,2
2025-09-03 12:59:57.004,-7595811,7469823,7540478,1963511,2,2,2,2
2025-09-03 12:59:57.006,-7596004,7469960,7540623,1963640,2,2,2,2
2025-09-03 12:59:57.009,-3401697,7470024,7540634,1963652,2,2,2,2
2025-09-03 12:59:57.011,-3401593,7469826,7540502,1963773,2,2,2,2
2025-09-03 12:59:57.014,-7595885,3275535,7540507,1963530,2,2,2,2
2025-09-03 12:59:57.017,-3393145,7470085,7540766,1963770,2,2,2,2
2025-09-03 12:59:57.020,-3393160,7470077,3346447,1963764,2,2,2,2
2025-09-03 12:59:57.022,-7595745,7470067,7540741,1963749,2,2,2,2
2025-09-03 12:59:57.025,-7595680,3275777,7540757,1963756,2,2,2,2
2025-09-03 12:59:57.028,-7595760,7470060,3346448,1963756,2,2,2,2
2025-09-03 12:59:57.031,-7595653,7470184,3346570,1963803,2,2,2,2
2025-09-03 12:59:57.034,-7595638,3275914,7540954,4061049,2,2,2,2
2025-09-03 12:59:57.036,-7595652,3275912,7540951,4061051,2,2,2,2
2025-09-03 12:59:57.039,-7595517,7470350,7541090,1964026,2,2,2,2
2025-09-03 12:59:57.041,-7595531,7470328,7540749,1964022,2,2,2,2
2025-09-03 12:59:57.044,-3393170,7470142,3346577,1963834,2,2,2,2
2025-09-03 12:59:57.046,-7595495,7470436,7541118,1964055,2,2,2,2
2025-09-03 12:59:57.049,-7595486,3276154,7541202,1964154,2,2,2,2
2025-09-03 12:59:57.052,-7595501,7470453,7541203,1964144,2,2,2,2
2025-09-03 12:59:57.054,-3401194,7470465,3346915,1964228,2,2,2,2
2025-09-03 12:59:57.057,-7595506,7470460,3346919,1964224,2,2,2,2
2025-09-03 12:59:57.060,-3401204,7470475,3346925,1964224,2,2,2,2
2025-09-03 12:59:57.063,-7595507,7470491,3346932,1964234,2,2,2,2
2025-09-03 12:59:57.066,-7595423,3276271,7541009,1964266,2,2,2,2
2025-09-03 12:59:57.069,-3401111,7470591,7541089,1964284,2,2,2,2
2025-09-03 12:59:57.071,-3401106,7470597,7541355,1964295,2,2,2,2
2025-09-03 12:59:57.074,-7595273,7470746,7541251,1964440,2,2,2,2
2025-09-03 12:59:57.077,-7595215,7470617,7541377,1964312,2,2,2,2
2025-09-03 12:59:57.079,-7595020,3276445,7541514,1964513,2,2,2,2
2025-09-03 12:59:57.082,-7595138,7470961,3347355,1964646,2,2,2,2
2025-09-03 12:59:57.084,-7595149,7470967,3347354,1964589,2,2,2,2
2025-09-03 12:59:57.087,-3400947,7470861,7541638,1964552,2,2,2,2
2025-09-03 12:59:57.090,-7595161,7470961,7541731,1964653,2,2,2,2
2025-09-03 12:59:57.092,-7595137,7471056,7541504,1964685,2,2,2,2
2025-09-03 12:59:57.095,-7595262,7470952,7541656,1964644,2,2,2,2
2025-09-03 12:59:57.099,-3400724,7470859,3347328,1964560,2,2,2,2
2025-09-03 12:59:57.101,-7594947,7471095,7541837,1964784,2,2,2,2
2025-09-03 12:59:57.105,-3400607,7405791,7541785,1964954,2,2,2,2
2025-09-03 12:59:57.107,-3400584,7405817,7541867,1965045,2,2,2,2
2025-09-03 12:59:57.110,-7594907,7405791,7541787,1965033,2,2,2,2
2025-09-03 12:59:57.113,-7594720,7405796,7542071,1965031,2,2,2,2
2025-09-03 12:59:57.116,-7594725,7405810,7542130,1965045,2,2,2,2
2025-09-03 12:59:57.119,-7594514,7405956,3347724,1965260,2,2,2,2
2025-09-03 12:59:57.122,-7594611,7405937,3347953,1965106,2,2,2,2
2025-09-03 12:59:57.124,-7594611,3211648,7542019,1965189,2,2,2,2
2025-09-03 12:59:57.127,-7594595,7405956,7542032,1965198,2,2,2,2
2025-09-03 12:59:57.129,-7594650,7405928,7542258,1965167,2,2,2,2
2025-09-03 12:59:57.132,-7594716,7405930,7542265,1965179,2,2,2,2
2025-09-03 12:59:57.134,-7594525,7406069,7542399,1965307,2,2,2,2
2025-09-03 12:59:57.138,-3400292,7406061,3348097,1965306,2,2,2,2
2025-09-03 12:59:57.140,-7594455,7406206,7542284,1965458,2,2,2,2
2025-09-03 12:59:57.143,-7594265,7406093,7542426,1965337,2,2,2,2
2025-09-03 12:59:57.146,-7594242,7406185,3356410,1965367,2,2,2,2
2025-09-03 12:59:57.148,-7594388,7406267,7542646,1965548,2,2,2,2
2025-09-03 12:59:57.151,-7594255,7406176,7542530,1965421,2,2,2,2
2025-09-03 12:59:57.153,-3391995,7406143,7542546,1965519,2,2,2,2
2025-09-03 12:59:57.156,-7594487,7406260,7542644,1965551,2,2,2,2
2025-09-03 12:59:57.159,-3391884,7406335,3348383,1965590,2,2,2,2
2025-09-03 12:59:57.162,-7594433,7406333,3348453,1965594,2,2,2,2
2025-09-03 12:59:57.165,-3400043,7406390,7542626,1965710,2,2,2,2
2025-09-03 12:59:57.168,-7594221,7406584,7542776,1965597,2,2,2,2
2025-09-03 12:59:57.171,-7594129,7406450,7542807,1965699,2,2,2,2
2025-09-03 12:59:57.173,-3391739,7406339,7542779,1965599,2,2,2,2
2025-09-03 12:59:57.176,-7594233,7406611,7542788,1965934,2,2,2,2
2025-09-03 12:59:57.179,-3391606,7406803,7542914,1966029,2,2,2,2
2025-09-03 12:59:57.181,-7594217,7406693,7542804,1965955,2,2,2,2
2025-09-03 12:59:57.184,-7594048,7406595,3348725,1965849,2,2,2,2
2025-09-03 12:59:57.186,-7594107,3212529,7543016,4062987,2,2,2,2
2025-09-03 12:59:57.190,-3391458,7406788,3348860,1966049,2,2,2,2
2025-09-03 12:59:57.193,-7594040,3212543,7543025,1965844,2,2,2,2
2025-09-03 12:59:57.196,-7594127,7406822,3356896,1965826,2,2,2,2
2025-09-03 12:59:57.198,-7593982,7406717,3348852,1966049,2,2,2,2
2025-09-03 12:59:57.201,-7577545,7406847,7543043,1900643,2,2,2,2
2025-09-03 12:59:57.204,-3399531,7406886,3348834,1900751,2,2,2,2
2025-09-03 12:59:57.207,-7577566,3212546,7543301,1900568,2,2,2,2
2025-09-03 12:59:57.210,-7577328,7407095,7543543,1900826,2,2,2,2
2025-09-03 12:59:57.213,-7593737,7407080,3357434,1900821,2,2,2,2
2025-09-03 12:59:57.215,-7593859,7406968,3349131,1900758,2,2,2,2
2025-09-03 12:59:57.218,-7577368,7407053,7543544,1900810,2,2,2,2
2025-09-03 12:59:57.221,-7577294,7407216,7543421,1901024,2,2,2,2
2025-09-03 12:59:57.223,-7577217,7407282,7543526,1900803,2,2,2,2
2025-09-03 12:59:57.226,-7593546,7407355,3357454,1900826,2,2,2,2
2025-09-03 12:59:57.229,-3383020,7407152,7543430,1900980,2,2,2,2
2025-09-03 12:59:57.232,-7577311,7407234,7543493,1901036,2,2,2,2
2025-09-03 12:59:57.235,-7577099,7407134,7543609,1900944,2,2,2,2
2025-09-03 12:59:57.238,-7593724,7407236,3357668,1901027,2,2,2,2
2025-09-03 12:59:57.241,-7577246,3212953,7543806,3998220,2,2,2,2
2025-09-03 12:59:57.244,-7593595,7407359,3357538,1901096,2,2,2,2
2025-09-03 12:59:57.246,-7577103,3213178,7543777,3998446,2,2,2,2
2025-09-03 12:59:57.249,-7593590,7407385,3357566,1901268,2,2,2,2
2025-09-03 12:59:57.252,-7593537,7407477,3357589,1901290,2,2,2,2
2025-09-03 12:59:57.254,-7577215,7407399,7543702,1901213,2,2,2,2
2025-09-03 12:59:57.257,-7576977,7407430,7543953,1901206,2,2,2,2
2025-09-03 12:59:57.260,-7576833,7407614,7543906,1901425,2,2,2,2
2025-09-03 12:59:57.263,-7576848,7407597,7543904,1901340,2,2,2,2
2025-09-03 12:59:57.265,-7593232,7407599,7543839,1901343,2,2,2,2
2025-09-03 12:59:57.269,-3398938,7407586,3349517,1901336,2,2,2,2
2025-09-03 12:59:57.271,-3399062,7407736,3349740,1901561,2,2,2,2
2025-09-03 12:59:57.274,-7576850,7407627,7544192,1901452,2,2,2,2
2025-09-03 12:59:57.277,-7593119,7407769,3350012,1901568,2,2,2,2
2025-09-03 12:59:57.280,-7576696,7407867,7544181,1901671,2,2,2,2
2025-09-03 12:59:57.282,-7576633,7407857,7544180,1901674,2,2,2,2
2025-09-03 12:59:57.285,-3390600,7408126,7544444,1901622,2,2,2,2
2025-09-03 12:59:57.287,-7576589,7407979,7544320,1901804,2,2,2,2
2025-09-03 12:59:57.290,-3390564,7407912,3350000,1901792,2,2,2,2
2025-09-03 12:59:57.293,-3382288,7408066,7544349,1901820,2,2,2,2
2025-09-03 12:59:57.296,-7593147,7407878,3358355,1901631,2,2,2,2
2025-09-03 12:59:57.299,-7576734,3213576,7544538,1901712,2,2,2,2
2025-09-03 12:59:57.302,-7576554,7408146,7544475,1901958,2,2,2,2
2025-09-03 12:59:57.304,-7576334,7408363,7544695,1901935,2,2,2,2
2025-09-03 12:59:57.307,-7576552,7408140,7544774,1901980,2,2,2,2
2025-09-03 12:59:57.310,-3390361,7408176,7544829,1902025,2,2,2,2
2025-09-03 12:59:57.313,-3390357,7408186,7544594,1902082,2,2,2,2
2025-09-03 12:59:57.315,-7576372,7408355,7544776,1902186,2,2,2,2
2025-09-03 12:59:57.318,-3390240,7408381,3350500,1902285,2,2,2,2
2025-09-03 12:59:57.321,-7576342,7408383,7544811,1902221,2,2,2,2
2025-09-03 12:59:57.324,-7576330,7408444,7561221,1902315,2,2,2,2
2025-09-03 12:59:57.327,-7576170,3214093,7561452,3999382,2,2,2,2
2025-09-03 12:59:57.330,-7576199,3214325,7561439,1902224,2,2,2,2
2025-09-03 12:59:57.333,-7592472,7408498,3366932,1902335,2,2,2,2
2025-09-03 12:59:57.336,-7576288,3214332,7545053,1902473,2,2,2,2
2025-09-03 12:59:57.339,-7576096,7408833,7561579,1902361,2,2,2,2
2025-09-03 12:59:57.342,-3381773,7408859,7561604,1902454,2,2,2,2
2025-09-03 12:59:57.344,-7576054,7408642,7545325,1902475,2,2,2,2
2025-09-03 12:59:57.347,-3381740,7408662,7561716,1902523,2,2,2,2
2025-09-03 12:59:57.350,-3381636,7408838,7561589,1902651,2,2,2,2
2025-09-03 12:59:57.353,-7592394,7408774,7545206,1902616,2,2,2,2
2025-09-03 12:59:57.356,-3398124,7408747,3367186,1902597,2,2,2,2
2025-09-03 12:59:57.358,-7592310,7408871,3367322,1902650,2,2,2,2
2025-09-03 12:59:57.361,-7575942,3214495,7561683,3999862,2,2,2,2
2025-09-03 12:59:57.364,-7576059,7409017,7561829,1902841,2,2,2,2
2025-09-03 12:59:57.366,-7576062,7409014,7561841,1902594,2,2,2,2
2025-09-03 12:59:57.369,-7576027,7409125,7545489,1902701,2,2,2,2
2025-09-03 12:59:57.371,-7575848,7408919,7545363,1902827,2,2,2,2
2025-09-03 12:59:57.374,-7575839,3214702,7561765,3999999,2,2,2,2
2025-09-03 12:59:57.376,-3381608,7408947,7561830,1902862,2,2,2,2
2025-09-03 12:59:57.379,-7575827,7409036,7561866,1902620,2,2,2,2
2025-09-03 12:59:57.382,-7575966,7408906,7561743,1902816,2,2,2,2
2025-09-03 12:59:57.384,-7592210,7409051,3351198,1902959,2,2,2,2
2025-09-03 12:59:57.387,-3381519,7409132,7561967,1902985,2,2,2,2
2025-09-03 12:59:57.390,-7592227,7409124,7545500,1902972,2,2,2,2
2025-09-03 12:59:57.393,-7575781,7409248,7545630,1902850,2,2,2,2
2025-09-03 12:59:57.396,-7575808,7409170,7545662,1903091,2,2,2,2
2025-09-03 12:59:57.398,-3397779,7409286,3367827,1902885,2,2,2,2
2025-09-03 12:59:57.401,-7591951,7409169,7545625,1903101,2,2,2,2
2025-09-03 12:59:57.403,-7575799,7409264,7545712,1903122,2,2,2,2
2025-09-03 12:59:57.406,-7575671,3215092,7562240,4000410,2,2,2,2
2025-09-03 12:59:57.408,-7575669,3215110,7562260,4000485,2,2,2,2
2025-09-03 12:59:57.411,-7575668,7409412,7562266,1903335,2,2,2,2
2025-09-03 12:59:57.413,-7592050,7409420,3359774,1903345,2,2,2,2
2025-09-03 12:59:57.416,-3389547,7409434,3368046,1903358,2,2,2,2
2025-09-03 12:59:57.418,-3397513,7409661,3367967,1903341,2,2,2,2
2025-09-03 12:59:57.421,-7575394,7409486,7562386,1903383,2,2,2,2
2025-09-03 12:59:57.424,-7591935,7409643,3359746,1903303,2,2,2,2
2025-09-03 12:59:57.427,-7575542,7409644,7545870,1903259,2,2,2,2
2025-09-03 12:59:57.430,-7575401,7409470,7562390,1903474,2,2,2,2
2025-09-03 12:59:57.433,-3381226,7409663,7562339,1903349,2,2,2,2
2025-09-03 12:59:57.436,-7591743,7409771,7546249,1903464,2,2,2,2
2025-09-03 12:59:57.439,-3397511,7409789,3368341,1903405,2,2,2,2
2025-09-03 12:59:57.442,-7591808,7409779,3368421,1903416,2,2,2,2
2025-09-03 12:59:57.445,-7575453,3215391,7562700,4000540,2,2,2,2
2025-09-03 12:59:57.447,-7591837,7409783,3360155,1903398,2,2,2,2
2025-09-03 12:59:57.450,-7575301,3215366,7562553,1903625,2,2,2,2
2025-09-03 12:59:57.452,-7575082,7409908,7546433,1903853,2,2,2,2
2025-09-03 12:59:57.455,-3389156,7409868,3368443,1903808,2,2,2,2
2025-09-03 12:59:57.457,-7575279,3215486,7546348,1903741,2,2,2,2
2025-09-03 12:59:57.460,-3397243,7410174,3368559,1903864,2,2,2,2
2025-09-03 12:59:57.463,-7591217,7410186,7546753,1903872,2,2,2,2
2025-09-03 12:59:57.466,-7575009,3216106,7563036,1904029,2,2,2,2
2025-09-03 12:59:57.469,-7575040,3216003,7563257,1904004,2,2,2,2
2025-09-03 12:59:57.471,-7575021,3216103,7563037,1904101,2,2,2,2
2025-09-03 12:59:57.474,-7575020,7410375,7563112,1904105,2,2,2,2
2025-09-03 12:59:57.476,-7575024,7410415,7546737,1904111,2,2,2,2
2025-09-03 12:59:57.479,-3388662,7410408,7563381,1904365,2,2,2,2
2025-09-03 12:59:57.481,-3380581,7410370,7563282,1904267,2,2,2,2
2025-09-03 12:59:57.484,-7591223,7410291,7546874,1904248,2,2,2,2
2025-09-03 12:59:57.486,-7591232,7410327,3360867,1904354,2,2,2,2
2025-09-03 12:59:57.489,-7574765,7410458,7563488,1904159,2,2,2,2
2025-09-03 12:59:57.491,-7591146,7410529,3352807,1904228,2,2,2,2
2025-09-03 12:59:57.494,-7574757,3216235,7563510,1904238,2,2,2,2
2025-09-03 12:59:57.496,-7574655,3216270,7563299,1904281,2,2,2,2
2025-09-03 12:59:57.499,-7574652,7410587,7563363,1904360,2,2,2,2
2025-09-03 12:59:57.501,-7574790,7410490,7563495,1904155,2,2,2,2
2025-09-03 12:59:57.504,-7574806,7410435,7547039,1904157,2,2,2,2
2025-09-03 12:59:57.507,-3388560,7410646,7563389,1904373,2,2,2,2
2025-09-03 12:59:57.510,-3396746,7410658,3369089,1904383,2,2,2,2
2025-09-03 12:59:57.513,-7574784,3216251,7563551,1904542,2,2,2,2
2025-09-03 12:59:57.515,-7574571,3216403,7563771,1904506,2,2,2,2
2025-09-03 12:59:57.518,-3396608,7410817,3369319,1904618,2,2,2,2
2025-09-03 12:59:57.520,-7574487,7410926,7547317,1904649,2,2,2,2
2025-09-03 12:59:57.523,-7574532,7410831,7547254,1904623,2,2,2,2
2025-09-03 12:59:57.525,-3380120,7410703,7563769,1904717,2,2,2,2
2025-09-03 12:59:57.528,-7574277,3224711,7563837,4002036,2,2,2,2
2025-09-03 12:59:57.530,-7590789,7410786,3361298,1904833,2,2,2,2
2025-09-03 12:59:57.533,-7574522,7410926,7564004,1904668,2,2,2,2
2025-09-03 12:59:57.535,-7590711,7411076,3353208,1904880,2,2,2,2
2025-09-03 12:59:57.538,-3380092,7411141,7563896,1904879,2,2,2,2
2025-09-03 12:59:57.541,-7574282,7410951,7564021,1904752,2,2,2,2
2025-09-03 12:59:57.544,-3380201,7410987,7563804,1904824,2,2,2,2
2025-09-03 12:59:57.546,-7574375,3216885,7564017,4002076,2,2,2,2
2025-09-03 12:59:57.549,-3396379,7410947,3369723,1904940,2,2,2,2
2025-09-03 12:59:57.552,-7574262,7411048,7547716,1905052,2,2,2,2
2025-09-03 12:59:57.555,-7574276,7411044,7547672,1905047,2,2,2,2
2025-09-03 12:59:57.557,-3379975,7410990,7564145,1905088,2,2,2,2
2025-09-03 12:59:57.560,-7574398,3225075,7564015,4002152,2,2,2,2
2025-09-03 12:59:57.562,-7590724,7411042,3361635,1905091,2,2,2,2
2025-09-03 12:59:57.565,-7590533,7411186,3361791,1904940,2,2,2,2
2025-09-03 12:59:57.568,-7574261,7411359,7547805,1905164,2,2,2,2
2025-09-03 12:59:57.571,-7574079,7411312,7547932,1905295,2,2,2,2
2025-09-03 12:59:57.574,-7590521,7411309,3370088,1905369,2,2,2,2
2025-09-03 12:59:57.577,-7590403,7411426,3362025,1905178,2,2,2,2
2025-09-03 12:59:57.579,-7573904,3225440,7564331,4002457,2,2,2,2
2025-09-03 12:59:57.582,-7573909,7411508,7564396,1913491,2,2,2,2
2025-09-03 12:59:57.585,-7573892,7411598,7564444,1905405,2,2,2,2
2025-09-03 12:59:57.588,-7590340,7411558,3353698,1905297,2,2,2,2
2025-09-03 12:59:57.591,-3387873,7411509,3370112,1905384,2,2,2,2
2025-09-03 12:59:57.593,-3395992,7411590,3370388,1905645,2,2,2,2
2025-09-03 12:59:57.597,-7573704,3217544,7564765,1905654,2,2,2,2
2025-09-03 12:59:57.600,-7590095,7411841,3362188,1905657,2,2,2,2
2025-09-03 12:59:57.602,-7573556,7411712,7548429,1905764,2,2,2,2
2025-09-03 12:59:57.605,-7573611,7411726,7564830,1913970,2,2,2,2
2025-09-03 12:59:57.608,-7589905,7411817,3362434,1905884,2,2,2,2
2025-09-03 12:59:57.611,-7573505,7411849,7548609,1905919,2,2,2,2
2025-09-03 12:59:57.613,-7573523,7411855,7548602,1905918,2,2,2,2
2025-09-03 12:59:57.616,-7573561,7412080,7548547,1905818,2,2,2,2
2025-09-03 12:59:57.619,-3379205,7412201,7565058,1905935,2,2,2,2
2025-09-03 12:59:57.621,-7573393,3225961,7565118,4003216,2,2,2,2
2025-09-03 12:59:57.624,-7589891,7412195,3362559,1905944,2,2,2,2
2025-09-03 12:59:57.626,-7573381,7412042,7565201,1906079,2,2,2,2
2025-09-03 12:59:57.629,-7573350,7412158,7565056,1914128,2,2,2,2
2025-09-03 12:59:57.631,-7573446,7412357,7548874,1906170,2,2,2,2
2025-09-03 12:59:57.634,-3379085,7412425,7565283,1906176,2,2,2,2
2025-09-03 12:59:57.636,-3379185,7412260,7565180,1906107,2,2,2,2
2025-09-03 12:59:57.639,-7573279,3226126,7565102,4003205,2,2,2,2
2025-09-03 12:59:57.641,-3379080,7412203,7565064,1905950,2,2,2,2
2025-09-03 12:59:57.644,-7589788,7412120,3371006,1905942,2,2,2,2
2025-09-03 12:59:57.648,-7573497,3218045,7565281,1906166,2,2,2,2
2025-09-03 12:59:57.651,-7573403,7412376,7565334,1906276,2,2,2,2
2025-09-03 12:59:57.654,-7589649,7412329,3371165,1906421,2,2,2,2
2025-09-03 12:59:57.657,-3395467,7412226,3371119,1906235,2,2,2,2
2025-09-03 12:59:57.660,-7573351,3218033,7565540,1906414,2,2,2,2
2025-09-03 12:59:57.662,-7573040,7412581,7549139,1906413,2,2,2,2
2025-09-03 12:59:57.665,-7589516,7412576,3371154,1906401,2,2,2,2
2025-09-03 12:59:57.667,-7573018,3218313,7565574,1906451,2,2,2,2
2025-09-03 12:59:57.670,-3395204,7412508,3371489,1906665,2,2,2,2
2025-09-03 12:59:57.673,-7589603,7412488,3371400,1906636,2,2,2,2
2025-09-03 12:59:57.676,-7572992,3218436,7565773,4003713,2,2,2,2
2025-09-03 12:59:57.679,-7572974,3218461,7565791,4003809,2,2,2,2
2025-09-03 12:59:57.681,-7589369,7412750,3371413,1906640,2,2,2,2
2025-09-03 12:59:57.684,-7589399,7412731,3371391,1906625,2,2,2,2
2025-09-03 12:59:57.687,-7589240,7412964,3371630,1906730,2,2,2,2
2025-09-03 12:59:57.689,-7589368,7412835,3371498,1906665,2,2,2,2
2025-09-03 12:59:57.692,-7572740,7412808,7566062,1915112,2,2,2,2
2025-09-03 12:59:57.694,-7572932,7412971,7549572,1906818,2,2,2,2
2025-09-03 12:59:57.697,-7572956,7412880,7549517,1906789,2,2,2,2
2025-09-03 12:59:57.699,-7572776,3218710,7566052,1906839,2,2,2,2
2025-09-03 12:59:57.702,-3378562,7413001,7566052,1906891,2,2,2,2
2025-09-03 12:59:57.705,-7572798,7413018,7549683,1906913,2,2,2,2
2025-09-03 12:59:57.708,-7572756,7413123,7549720,1906958,2,2,2,2
2025-09-03 12:59:57.711,-7572768,7413046,7566177,1906950,2,2,2,2
2025-09-03 12:59:57.714,-3378413,7413238,7566304,1907085,2,2,2,2
2025-09-03 12:59:57.716,-3378208,7413195,7566197,1906969,2,2,2,2
2025-09-03 12:59:57.719,-7588935,7413125,3371884,1906970,2,2,2,2
2025-09-03 12:59:57.721,-7572488,7413198,7566226,1907084,2,2,2,2
2025-09-03 12:59:57.724,-7589104,7413252,3372019,1907173,2,2,2,2
2025-09-03 12:59:57.727,-7588936,7413395,3372167,1907249,2,2,2,2
2025-09-03 12:59:57.730,-7588819,7413368,7550057,1907220,2,2,2,2
2025-09-03 12:59:57.733,-7572453,3219061,7566367,1907216,2,2,2,2
2025-09-03 12:59:57.736,-7572228,3219220,7566607,1907449,2,2,2,2
2025-09-03 12:59:57.739,-7572418,7413731,7550351,1907572,2,2,2,2
2025-09-03 12:59:57.742,-7572229,7413621,7566617,1915659,2,2,2,2
2025-09-03 12:59:57.745,-3378072,7413726,7566736,1907515,2,2,2,2
2025-09-03 12:59:57.747,-3378151,7413731,7566745,1907575,2,2,2,2
2025-09-03 12:59:57.750,-7572219,3227534,7566790,4004711,2,2,2,2
2025-09-03 12:59:57.752,-3377915,7413722,7566741,1907512,2,2,2,2
2025-09-03 12:59:57.755,-7572215,7430295,7550682,1907839,2,2,2,2
2025-09-03 12:59:57.758,-3377916,7430347,3372687,1907768,2,2,2,2
2025-09-03 12:59:57.761,-7588590,7430391,7550711,1907871,2,2,2,2
2025-09-03 12:59:57.764,-3377799,7430180,7566944,1907720,2,2,2,2
2025-09-03 12:59:57.767,-3394173,7430271,3372661,1907736,2,2,2,2
2025-09-03 12:59:57.770,-7571990,7413963,7567091,1907855,2,2,2,2
2025-09-03 12:59:57.773,-7571838,7414142,7567246,1916261,2,2,2,2
2025-09-03 12:59:57.776,-7571951,7414095,7567214,1916166,2,2,2,2
2025-09-03 12:59:57.778,-7571990,7430403,7550722,1907938,2,2,2,2
2025-09-03 12:59:57.781,-7571736,7430418,7550730,1908203,2,2,2,2
2025-09-03 12:59:57.783,-7571840,7414255,7567344,1916301,2,2,2,2
2025-09-03 12:59:57.786,-3377568,7430613,3372943,1908018,2,2,2,2
2025-09-03 12:59:57.789,-7571857,7414207,7567351,1916298,2,2,2,2
2025-09-03 12:59:57.792,-7571757,3236108,7567137,1908217,2,2,2,2
2025-09-03 12:59:57.795,-7571737,7430516,7550855,1907983,2,2,2,2
2025-09-03 12:59:57.799,-3377519,7430693,7567478,1908233,2,2,2,2
2025-09-03 12:59:57.802,-7588098,7430880,7551221,1908347,2,2,2,2
2025-09-03 12:59:57.805,-7571694,7430901,7550997,1908449,2,2,2,2
2025-09-03 12:59:57.807,-7571575,7414401,7567506,1916439,2,2,2,2
2025-09-03 12:59:57.810,-7571703,7430912,7551280,1908381,2,2,2,2
2025-09-03 12:59:57.813,-7571515,7430776,7551115,1908237,2,2,2,2
2025-09-03 12:59:57.815,-3377437,7430885,7567615,1908356,2,2,2,2
2025-09-03 12:59:57.818,-7571730,3236604,7567383,4005531,2,2,2,2
2025-09-03 12:59:57.820,-7571563,3236599,7567630,1908366,2,2,2,2
2025-09-03 12:59:57.823,-7571702,3236707,7567674,1908485,2,2,2,2
2025-09-03 12:59:57.826,-7571474,3236630,7567663,4005630,2,2,2,2
2025-09-03 12:59:57.828,-3377396,7430705,7567496,1908273,2,2,2,2
2025-09-03 12:59:57.831,-7587977,7430908,3373330,1908435,2,2,2,2
2025-09-03 12:59:57.833,-7571593,3236593,7567630,4005517,2,2,2,2
2025-09-03 12:59:57.836,-7571573,7414583,7567726,1916659,2,2,2,2
2025-09-03 12:59:57.838,-7571698,7414720,7567618,1916785,2,2,2,2
2025-09-03 12:59:57.841,-3377173,7431105,7567844,1908508,2,2,2,2
2025-09-03 12:59:57.843,-3377174,7431114,3373544,1908514,2,2,2,2
2025-09-03 12:59:57.846,-7571457,3228648,7567880,4005758,2,2,2,2
2025-09-03 12:59:57.848,-7571456,3228654,7567901,4005779,2,2,2,2
2025-09-03 12:59:57.851,-3376920,7431386,7567873,1908859,2,2,2,2
2025-09-03 12:59:57.854,-3377021,7431229,7568104,1908804,2,2,2,2
2025-09-03 12:59:57.857,-3376926,7431411,3373594,1925319,2,2,2,2
2025-09-03 12:59:57.860,-7587806,7431277,3357343,1925139,2,2,2,2
2025-09-03 12:59:57.863,-7571348,3236988,7568115,4022296,2,2,2,2
2025-09-03 12:59:57.867,-3393425,7431312,3373828,1925165,2,2,2,2
2025-09-03 12:59:57.870,-7571347,3228906,7568148,4022413,2,2,2,2
2025-09-03 12:59:57.872,-3376901,7431479,7568369,1909057,2,2,2,2
2025-09-03 12:59:57.875,-7571096,3237356,7568157,4022673,2,2,2,2
2025-09-03 12:59:57.878,-7587348,7431541,3374067,1925410,2,2,2,2
2025-09-03 12:59:57.880,-3376883,7431642,7568404,1909125,2,2,2,2
2025-09-03 12:59:57.883,-7570946,7415183,7568399,1917306,2,2,2,2
2025-09-03 12:59:57.885,-7570970,7415171,7568382,1909098,2,2,2,2
2025-09-03 12:59:57.888,-7571144,7431710,7552185,1925635,2,2,2,2
2025-09-03 12:59:57.891,-7570967,7431904,7552056,1925768,2,2,2,2
2025-09-03 12:59:57.893,-3376657,7431899,7568480,1909453,2,2,2,2
2025-09-03 12:59:57.896,-3376638,7431935,7568512,1909443,2,2,2,2
2025-09-03 12:59:57.898,-7570928,3229196,7568589,4023034,2,2,2,2
2025-09-03 12:59:57.901,-3376538,7431730,7568638,1909280,2,2,2,2
2025-09-03 12:59:57.904,-7570742,7431905,7552320,1925783,2,2,2,2
2025-09-03 12:59:57.907,-7570939,7432038,7552484,1925904,2,2,2,2
2025-09-03 12:59:57.910,-7570822,7415753,7568747,1917844,2,2,2,2
2025-09-03 12:59:57.912,-7570888,7432165,7552334,1926022,2,2,2,2
2025-09-03 12:59:57.915,-3376354,7432155,7568995,1909566,2,2,2,2
2025-09-03 12:59:57.917,-7570476,7432203,7552721,1926130,2,2,2,2
2025-09-03 12:59:57.920,-3376379,7432401,7568907,1909872,2,2,2,2
2025-09-03 12:59:57.923,-3376151,7432245,7569145,1909795,2,2,2,2
2025-09-03 12:59:57.926,-7570465,7432306,7552771,1926171,2,2,2,2
2025-09-03 12:59:57.929,-7586699,7432457,3358616,1926402,2,2,2,2
2025-09-03 12:59:57.931,-7570306,3229969,7569388,4023565,2,2,2,2
2025-09-03 12:59:57.934,-3376122,7416040,7569277,1909985,2,2,2,2
2025-09-03 12:59:57.937,-7586620,7432585,3374865,1926442,2,2,2,2
2025-09-03 12:59:57.940,-3376118,7432443,7569294,1909996,2,2,2,2
2025-09-03 12:59:57.943,-7570396,7432479,7553011,1926420,2,2,2,2
2025-09-03 12:59:57.946,-7570402,3238241,7569390,1926417,2,2,2,2
2025-09-03 12:59:57.948,-7570203,7416268,7569544,1910241,2,2,2,2
2025-09-03 12:59:57.951,-7586683,7432596,3375227,1926599,2,2,2,2
2025-09-03 12:59:57.954,-7570389,7432597,7585838,1926531,2,2,2,2
2025-09-03 12:59:57.957,-7570403,7416264,7569509,1910129,2,2,2,2
2025-09-03 12:59:57.960,-7586583,7432801,7585796,1926675,2,2,2,2
2025-09-03 12:59:57.963,-7570407,3230111,7569457,1926539,2,2,2,2
2025-09-03 12:59:57.966,-7570370,7432711,7586035,1926657,2,2,2,2
2025-09-03 12:59:57.969,-7570280,7416377,7569428,1910383,2,2,2,2
2025-09-03 12:59:57.972,-7570166,7416547,7569542,1910428,2,2,2,2
2025-09-03 12:59:57.975,-7586500,7432728,7586052,1926675,2,2,2,2
2025-09-03 12:59:57.978,-7570306,7416432,7569431,1918561,2,2,2,2
2025-09-03 12:59:57.981,-7586618,7432857,3375244,1926862,2,2,2,2
2025-09-03 12:59:57.984,-7570193,3238639,7569628,1926895,2,2,2,2
2025-09-03 12:59:57.987,-7570162,7416328,7569665,1910282,2,2,2,2
2025-09-03 12:59:57.990,-7586459,7432815,3375456,1926708,2,2,2,2
2025-09-03 12:59:57.993,-7586427,7432858,3375497,1926867,2,2,2,2
2025-09-03 12:59:57.995,-7570062,3238804,7569863,1927055,2,2,2,2
2025-09-03 12:59:57.998,-7569940,7416597,7569936,1918738,2,2,2,2
2025-09-03 12:59:58.001,-7570169,7416692,7569775,1918847,2,2,2,2
2025-09-03 12:59:58.003,-7570156,7416784,7569795,1910670,2,2,2,2
2025-09-03 12:59:58.007,-7586436,7432973,3392006,1926919,2,2,2,2
2025-09-03 12:59:58.010,-3375508,7433208,3375625,1927160,2,2,2,2
2025-09-03 12:59:58.013,-7569707,7433340,7586417,1927273,2,2,2,2
2025-09-03 12:59:58.016,-7569923,7416773,7570154,1910753,2,2,2,2
2025-09-03 12:59:58.018,-3375465,7433409,7570051,1910909,2,2,2,2
2025-09-03 12:59:58.021,-7569787,7416878,7570032,1910892,2,2,2,2
2025-09-03 12:59:58.024,-3375519,7416855,7570193,1910807,2,2,2,2
2025-09-03 12:59:58.027,-3375515,7433252,7570274,1910882,2,2,2,2
2025-09-03 12:59:58.029,-7569813,3239015,7570212,1927266,2,2,2,2
2025-09-03 12:59:58.032,-3375494,7433413,7570314,1910961,2,2,2,2
2025-09-03 12:59:58.035,-7569765,3230964,7570431,4024573,2,2,2,2
2025-09-03 12:59:58.037,-7569433,3239179,7570447,1927443,2,2,2,2
2025-09-03 12:59:58.040,-7585819,7433477,3376132,1927431,2,2,2,2
2025-09-03 12:59:58.042,-7569427,7433497,7586841,1927450,2,2,2,2
2025-09-03 12:59:58.045,-7569655,7433598,7586952,1927559,2,2,2,2
2025-09-03 12:59:58.047,-3375120,7433491,7570536,1911073,2,2,2,2
2025-09-03 12:59:58.050,-7569648,7433593,7587025,1927567,2,2,2,2
2025-09-03 12:59:58.053,-3375119,7433520,3376270,1927625,2,2,2,2
2025-09-03 12:59:58.056,-7569621,3239414,7570454,1927684,2,2,2,2
2025-09-03 12:59:58.059,-3375109,7433941,7570664,1911526,2,2,2,2
2025-09-03 12:59:58.061,-7569433,7433863,7587043,1927835,2,2,2,2
2025-09-03 12:59:58.064,-7569508,7417456,7570658,1927834,2,2,2,2
2025-09-03 12:59:58.068,-7552891,7433844,3376540,1927878,2,2,2,2
2025-09-03 12:59:58.070,-7569178,7417556,7570940,1911535,2,2,2,2
2025-09-03 12:59:58.073,-7552812,7434128,7587317,1928161,2,2,2,2
2025-09-03 12:59:58.077,-3358598,7433855,3376616,1927898,2,2,2,2
2025-09-03 12:59:58.080,-7569285,3239544,7570923,1927831,2,2,2,2
2025-09-03 12:59:58.083,-7569378,7434092,7587227,1928073,2,2,2,2
2025-09-03 12:59:58.086,-7569276,7417834,7570971,1919753,2,2,2,2
2025-09-03 12:59:58.089,-7569176,7417612,7571061,1919851,2,2,2,2
2025-09-03 12:59:58.092,-3358491,7433996,3376771,1927990,2,2,2,2
2025-09-03 12:59:58.095,-3374859,7434024,7571092,1911732,2,2,2,2
2025-09-03 12:59:58.098,-7569039,3239923,7570967,1928210,2,2,2,2
2025-09-03 12:59:58.101,-7568998,7417884,7571086,1928320,2,2,2,2
2025-09-03 12:59:58.104,-7568923,7417964,7571173,1920157,2,2,2,2
2025-09-03 12:59:58.107,-7568948,3239966,7571411,1928327,2,2,2,2
2025-09-03 12:59:58.110,-3374708,7434278,7571425,1911992,2,2,2,2
2025-09-03 12:59:58.113,-7569050,3239947,7571395,1928307,2,2,2,2
2025-09-03 12:59:58.116,-7568920,7417994,7571213,1928438,2,2,2,2
2025-09-03 12:59:58.118,-7568890,3240442,7588032,1928546,2,2,2,2
2025-09-03 12:59:58.121,-7568645,7418348,7571563,1912416,2,2,2,2
2025-09-03 12:59:58.124,-3357976,7434637,3377178,1928709,2,2,2,2
2025-09-03 12:59:58.127,-7568878,3240202,7571667,1928558,2,2,2,2
2025-09-03 12:59:58.130,-7568875,7434525,7588057,1928597,2,2,2,2
2025-09-03 12:59:58.134,-7568775,7418316,7571472,1912321,2,2,2,2
2025-09-03 12:59:58.136,-3374468,7434705,7571481,1912328,2,2,2,2
2025-09-03 12:59:58.139,-7568887,3240312,7571697,1928673,2,2,2,2
2025-09-03 12:59:58.142,-7568640,3240552,7571711,1928862,2,2,2,2
2025-09-03 12:59:58.145,-7568767,7418354,7571583,1912420,2,2,2,2
2025-09-03 12:59:58.148,-7552241,7434897,3393813,1928710,2,2,2,2
2025-09-03 12:59:58.151,-7568390,7418570,7571718,1912560,2,2,2,2
2025-09-03 12:59:58.154,-3374210,7418627,7571863,1912693,2,2,2,2
2025-09-03 12:59:58.157,-7568368,3240938,7572022,4026209,2,2,2,2
2025-09-03 12:59:58.160,-7552177,7435020,3377638,1929161,2,2,2,2
2025-09-03 12:59:58.163,-7568526,7418681,7571965,1912721,2,2,2,2
2025-09-03 12:59:58.166,-7568416,7418683,7571998,1912827,2,2,2,2
2025-09-03 12:59:58.168,-7552004,7435234,3377801,1928990,2,2,2,2
2025-09-03 12:59:58.171,-7568522,3240815,7571994,1929194,2,2,2,2
2025-09-03 12:59:58.174,-7551985,7435015,3394282,1929096,2,2,2,2
2025-09-03 12:59:58.177,-7552080,7435166,3394174,1928977,2,2,2,2
2025-09-03 12:59:58.180,-7568389,3240715,7572203,4026243,2,2,2,2
2025-09-03 12:59:58.182,-3373955,7435203,7572085,1912849,2,2,2,2
2025-09-03 12:59:58.185,-7568329,7435408,7588667,1929244,2,2,2,2
2025-09-03 12:59:58.188,-3373818,7435310,3377935,1929466,2,2,2,2
2025-09-03 12:59:58.191,-7567977,7419136,7572463,1929615,2,2,2,2
2025-09-03 12:59:58.194,-7568169,3240981,7572468,1929367,2,2,2,2
2025-09-03 12:59:58.197,-3373822,7435463,7572343,1913099,2,2,2,2
2025-09-03 12:59:58.200,-7551800,7435379,3394331,1929465,2,2,2,2
2025-09-03 12:59:58.203,-3373671,7435575,3378278,1929725,2,2,2,2
2025-09-03 12:59:58.205,-7567933,7435544,7588872,1929624,2,2,2,2
2025-09-03 12:59:58.208,-7567997,7419251,7572509,1929707,2,2,2,2
2025-09-03 12:59:58.211,-3373801,7435537,3378184,1913301,2,2,2,2
2025-09-03 12:59:58.213,-3373687,7435719,3378308,1929747,2,2,2,2
2025-09-03 12:59:58.216,-7567900,7419376,7572706,1929849,2,2,2,2
2025-09-03 12:59:58.219,-3373577,7435781,7572729,1913541,2,2,2,2
2025-09-03 12:59:58.222,-7567829,7435906,7589239,1929745,2,2,2,2
2025-09-03 12:59:58.224,-3373325,7435778,7572988,1913522,2,2,2,2
2025-09-03 12:59:58.227,-7567754,3241618,7572944,4027163,2,2,2,2
2025-09-03 12:59:58.229,-7567775,3241603,7572935,4027150,2,2,2,2
2025-09-03 12:59:58.232,-7551242,7435802,3378534,1929962,2,2,2,2
2025-09-03 12:59:58.234,-7567730,3241474,7572740,4027009,2,2,2,2
2025-09-03 12:59:58.237,-7567759,7419598,7572967,1913455,2,2,2,2
2025-09-03 12:59:58.239,-7551335,7435872,3378545,1929977,2,2,2,2
2025-09-03 12:59:58.242,-7567744,7419401,7572750,1929883,2,2,2,2
2025-09-03 12:59:58.245,-7567631,7435901,7589257,1930002,2,2,2,2
2025-09-03 12:59:58.247,-7567872,7435926,7589321,1930093,2,2,2,2
2025-09-03 12:59:58.250,-3373455,7436034,7573011,1913787,2,2,2,2
2025-09-03 12:59:58.252,-3373422,7436086,7573127,1913610,2,2,2,2
2025-09-03 12:59:58.255,-7551283,7436161,7589503,1929999,2,2,2,2
2025-09-03 12:59:58.258,-7551453,7436042,7589394,1930220,2,2,2,2
2025-09-03 12:59:58.260,-3373339,7436261,7573234,1913724,2,2,2,2
2025-09-03 12:59:58.263,-3373418,7436265,7573223,1913719,2,2,2,2
2025-09-03 12:59:58.266,-3373304,7436309,7573277,1914099,2,2,2,2
2025-09-03 12:59:58.268,-7567585,3242105,7573309,4027405,2,2,2,2
2025-09-03 12:59:58.271,-3373063,7436304,7573345,1914098,2,2,2,2
2025-09-03 12:59:58.274,-7567422,7436519,7589879,1930364,2,2,2,2
2025-09-03 12:59:58.276,-3373078,7436302,7573272,1914062,2,2,2,2
2025-09-03 12:59:58.279,-3373069,7436326,7573369,1914116,2,2,2,2
2025-09-03 12:59:58.282,-3373085,7436317,7573367,1914110,2,2,2,2
2025-09-03 12:59:58.284,-3373078,7436329,7573387,1914122,2,2,2,2
2025-09-03 12:59:58.287,-7567352,7436516,7589876,1930627,2,2,2,2
2025-09-03 12:59:58.290,-7567324,7436538,7589905,1930655,2,2,2,2
2025-09-03 12:59:58.292,-3373033,7436532,7573520,1914253,2,2,2,2
2025-09-03 12:59:58.295,-7567482,3242089,7573452,4027661,2,2,2,2
2025-09-03 12:59:58.297,-7567392,3242121,7573498,1930597,2,2,2,2
2025-09-03 12:59:58.300,-3372914,7436737,7573737,1914164,2,2,2,2
2025-09-03 12:59:58.303,-7567240,3242363,7573725,4027664,2,2,2,2
2025-09-03 12:59:58.306,-3373035,7436582,7573638,1914359,2,2,2,2
2025-09-03 12:59:58.308,-7567250,3242369,7573731,4027672,2,2,2,2
2025-09-03 12:59:58.311,-7550861,7436689,3379455,1930795,2,2,2,2
2025-09-03 12:59:58.313,-7550727,7436806,3387774,1930998,2,2,2,2
2025-09-03 12:59:58.316,-7567074,7436927,7590389,1930850,2,2,2,2
2025-09-03 12:59:58.318,-7566903,7437036,7590180,1930891,2,2,2,2
2025-09-03 12:59:58.321,-3372662,7437049,7573861,1914549,2,2,2,2
2025-09-03 12:59:58.323,-3372644,7436816,7573898,1914617,2,2,2,2
2025-09-03 12:59:58.326,-7566946,3242520,7573971,4028164,2,2,2,2
2025-09-03 12:59:58.328,-7550537,7437073,3396238,1931262,2,2,2,2
2025-09-03 12:59:58.331,-7550588,7437061,3388025,1931238,2,2,2,2
2025-09-03 12:59:58.334,-7550257,7437185,3388160,1931305,2,2,2,2
2025-09-03 12:59:58.337,-7566702,3242852,7574247,4028433,2,2,2,2
2025-09-03 12:59:58.339,-3372447,7437067,7574142,1914827,2,2,2,2
2025-09-03 12:59:58.342,-7550457,7437292,3396207,1931159,2,2,2,2
2025-09-03 12:59:58.344,-3372538,7420927,7574145,1914851,2,2,2,2
2025-09-03 12:59:58.347,-7566603,7420916,7574387,1915031,2,2,2,2
2025-09-03 12:59:58.350,-7566714,7421127,7574526,1914988,2,2,2,2
2025-09-03 12:59:58.352,-7550455,7437329,3388310,1931270,2,2,2,2
2025-09-03 12:59:58.355,-7550221,7437335,7590806,1931265,2,2,2,2
2025-09-03 12:59:58.359,-7566699,7421177,7574401,1931423,2,2,2,2
2025-09-03 12:59:58.362,-7550025,7437581,3388546,1931757,2,2,2,2
2025-09-03 12:59:58.365,-7566367,7437595,7591131,1931522,2,2,2,2
2025-09-03 12:59:58.368,-7566586,7421381,7574535,1915238,2,2,2,2
2025-09-03 12:59:58.371,-7566366,3243295,7574768,1931536,2,2,2,2
2025-09-03 12:59:58.374,-7566379,3243295,7574765,1931529,2,2,2,2
2025-09-03 12:59:58.377,-3372269,7437798,7574630,1915283,2,2,2,2
2025-09-03 12:59:58.380,-7566385,7437676,7591148,1931804,2,2,2,2
2025-09-03 12:59:58.383,-7566466,7421282,7574769,1931788,2,2,2,2
2025-09-03 12:59:58.385,-7566309,7421449,7574935,1932029,2,2,2,2
2025-09-03 12:59:58.388,-7566237,7421467,7575015,1915399,2,2,2,2
2025-09-03 12:59:58.391,-7566184,7421581,7574811,1931901,2,2,2,2
2025-09-03 12:59:58.393,-7566106,7438049,7591290,1931919,2,2,2,2
2025-09-03 12:59:58.396,-7549925,7437927,3388927,1932053,2,2,2,2
2025-09-03 12:59:58.399,-7566088,7437829,7591390,1932019,2,2,2,2
2025-09-03 12:59:58.402,-7566334,3243544,7575010,1932047,2,2,2,2
2025-09-03 12:59:58.405,-3371876,7438075,7574928,1915629,2,2,2,2
2025-09-03 12:59:58.407,-3371786,7437858,7575043,1915677,2,2,2,2
2025-09-03 12:59:58.410,-7566106,7438180,7591425,1932057,2,2,2,2
2025-09-03 12:59:58.413,-7566319,7421587,7575148,1932164,2,2,2,2
2025-09-03 12:59:58.416,-7566140,3243787,7575271,1932282,2,2,2,2
2025-09-03 12:59:58.419,-7549770,7438186,3388941,1932070,2,2,2,2
2025-09-03 12:59:58.422,-7566122,7438196,7591442,1932133,2,2,2,2
2025-09-03 12:59:58.425,-3371745,7438091,7575278,1915904,2,2,2,2
2025-09-03 12:59:58.428,-7549636,7438178,3397395,1932389,2,2,2,2
2025-09-03 12:59:58.431,-7565830,7421897,7575442,1932435,2,2,2,2
2025-09-03 12:59:58.433,-3371759,7438355,7575305,1915915,2,2,2,2
2025-09-03 12:59:58.437,-7565965,3244159,7575340,1932405,2,2,2,2
2025-09-03 12:59:58.440,-7549442,7438352,3397624,1932292,2,2,2,2
2025-09-03 12:59:58.443,-3371768,7438362,3381003,1932314,2,2,2,2
2025-09-03 12:59:58.446,-7565888,3244184,7575504,1932434,2,2,2,2
2025-09-03 12:59:58.449,-7565949,7454926,7575447,1916061,2,2,2,2
2025-09-03 12:59:58.452,-7565803,3244162,7575602,1932666,2,2,2,2
2025-09-03 12:59:58.455,-3371417,7438540,7575685,1916338,2,2,2,2
2025-09-03 12:59:58.457,-7565763,7438572,7592163,1932790,2,2,2,2
2025-09-03 12:59:58.460,-7565796,3244436,7575758,4029853,2,2,2,2
2025-09-03 12:59:58.462,-7549388,7438747,3397780,1932764,2,2,2,2
2025-09-03 12:59:58.465,-7549186,7438727,3389585,1932755,2,2,2,2
2025-09-03 12:59:58.467,-7565726,7455216,7575794,1932795,2,2,2,2
2025-09-03 12:59:58.470,-7549284,7438701,3389817,1932992,2,2,2,2
2025-09-03 12:59:58.473,-7565569,7455171,7575783,1932790,2,2,2,2
2025-09-03 12:59:58.475,-7565576,7455153,7575709,1932777,2,2,2,2
2025-09-03 12:59:58.478,-7549375,7438846,3389708,1932821,2,2,2,2
2025-09-03 12:59:58.481,-7565364,7438972,7592398,1932950,2,2,2,2
2025-09-03 12:59:58.483,-7565540,7455281,7575905,1932912,2,2,2,2
2025-09-03 12:59:58.486,-3371034,7439067,7576040,1916665,2,2,2,2
2025-09-03 12:59:58.488,-3371167,7438889,7575928,1916617,2,2,2,2
2025-09-03 12:59:58.491,-3371259,7438867,7576088,1916745,2,2,2,2
2025-09-03 12:59:58.493,-3371261,7438867,7576165,1916782,2,2,2,2
2025-09-03 12:59:58.496,-7565320,3244562,7576099,4030320,2,2,2,2
2025-09-03 12:59:58.498,-7549059,7439006,3390194,1933308,2,2,2,2
2025-09-03 12:59:58.501,-7549052,7439090,3381767,1933069,2,2,2,2
2025-09-03 12:59:58.504,-7548949,7439129,3381874,1933102,2,2,2,2
2025-09-03 12:59:58.506,-7548903,7439250,3390187,1933284,2,2,2,2
2025-09-03 12:59:58.509,-7565058,7455618,7576472,1933459,2,2,2,2
2025-09-03 12:59:58.511,-7565282,7439336,7592710,1933326,2,2,2,2
2025-09-03 12:59:58.514,-7565297,7439261,7592702,1933304,2,2,2,2
2025-09-03 12:59:58.516,-7548885,7439108,7592733,1933339,2,2,2,2
2025-09-03 12:59:58.519,-7565062,7455644,7576320,1933560,2,2,2,2
2025-09-03 12:59:58.522,-3370858,7439298,7576555,1949883,2,2,2,2
2025-09-03 12:59:58.524,-3370978,7439375,7576432,1949810,2,2,2,2
2025-09-03 12:59:58.527,-7565182,3245175,7576544,1933461,2,2,2,2
2025-09-03 12:59:58.529,-7564959,3245084,7576634,4030837,2,2,2,2
2025-09-03 12:59:58.532,-3370600,7439576,7576587,1950207,2,2,2,2
2025-09-03 12:59:58.535,-7565031,3245164,7576795,4030868,2,2,2,2
2025-09-03 12:59:58.538,-7565064,3245068,7576774,4030838,2,2,2,2
2025-09-03 12:59:58.540,-7564933,3245281,7576600,1933574,2,2,2,2
2025-09-03 12:59:58.543,-7548427,7439719,3390613,1933779,2,2,2,2
2025-09-03 12:59:58.545,-7565025,3245453,7576833,1933820,2,2,2,2
2025-09-03 12:59:58.548,-7548459,7439871,7593334,1933925,2,2,2,2
2025-09-03 12:59:58.552,-3354135,7439728,3382752,1934036,2,2,2,2
2025-09-03 12:59:58.555,-7564648,3245673,7577065,1933972,2,2,2,2
2025-09-03 12:59:58.557,-7564664,3245668,7577060,4031123,2,2,2,2
2025-09-03 12:59:58.560,-3370255,7440076,7577115,1950463,2,2,2,2
2025-09-03 12:59:58.563,-7548186,7440020,3390999,1934080,2,2,2,2
2025-09-03 12:59:58.565,-7548294,7439983,3391222,1934296,2,2,2,2
2025-09-03 12:59:58.568,-7564508,7440231,7593714,1934218,2,2,2,2
2025-09-03 12:59:58.570,-7564503,7440237,7593718,1934238,2,2,2,2
2025-09-03 12:59:58.573,-3353738,7440256,3383040,1934325,2,2,2,2
2025-09-03 12:59:58.576,-7564330,7440352,7593807,1934359,2,2,2,2
2025-09-03 12:59:58.578,-7564342,7440354,7593778,1934360,2,2,2,2
2025-09-03 12:59:58.581,-7564410,3246051,7577392,1934353,2,2,2,2
2025-09-03 12:59:58.584,-7564423,3246050,7577401,1934363,2,2,2,2
2025-09-03 12:59:58.587,-7564314,7440489,7593970,1934485,2,2,2,2
2025-09-03 12:59:58.590,-3370107,7440395,7577495,1950851,2,2,2,2
2025-09-03 12:59:58.592,-3369999,7440182,7577354,1950924,2,2,2,2
2025-09-03 12:59:58.595,-7564306,3246201,7593995,4031731,2,2,2,2
2025-09-03 12:59:58.598,-7564129,3246190,7593987,4031974,2,2,2,2
2025-09-03 12:59:58.600,-3369843,7457076,7594243,1951216,2,2,2,2
2025-09-03 12:59:58.603,-7547791,7440664,3391734,1934812,2,2,2,2
2025-09-03 12:59:58.606,-7547713,7440779,3400039,1934868,2,2,2,2
2025-09-03 12:59:58.609,-3361771,7440648,3399830,1934787,2,2,2,2
2025-09-03 12:59:58.612,-7564085,3246467,7594260,1934846,2,2,2,2
2025-09-03 12:59:58.615,-7564256,3246436,7594235,1934747,2,2,2,2
2025-09-03 12:59:58.618,-7547669,7440885,7594385,1934956,2,2,2,2
2025-09-03 12:59:58.621,-7564069,3246577,7594454,1934952,2,2,2,2
2025-09-03 12:59:58.624,-7564042,7457033,7594486,1934990,2,2,2,2
2025-09-03 12:59:58.626,-7564159,7457254,7594391,1934949,2,2,2,2
2025-09-03 12:59:58.629,-7564064,7440641,7594444,1934977,2,2,2,2
2025-09-03 12:59:58.631,-3361542,7440688,7594268,1951476,2,2,2,2
2025-09-03 12:59:58.634,-7564004,3246744,7594693,1935201,2,2,2,2
2025-09-03 12:59:58.636,-7563894,3246600,7594747,4032410,2,2,2,2
2025-09-03 12:59:58.639,-3361167,7441148,7594729,1951627,2,2,2,2
2025-09-03 12:59:58.642,-3361177,7441133,3400430,1935166,2,2,2,2
2025-09-03 12:59:58.645,-7563786,7457456,7594622,1935125,2,2,2,2
2025-09-03 12:59:58.648,-7547368,7441150,3400421,1935300,2,2,2,2
2025-09-03 12:59:58.651,-7563806,3246715,7594553,1935117,2,2,2,2
2025-09-03 12:59:58.653,-7547269,7441178,3392352,1935346,2,2,2,2
2025-09-03 12:59:58.656,-7563745,3246860,7594763,4032666,2,2,2,2
2025-09-03 12:59:58.659,-7547208,7441287,3392382,1935387,2,2,2,2
2025-09-03 12:59:58.662,-7563752,3246858,7594758,4032666,2,2,2,2
2025-09-03 12:59:58.664,-7563659,3246959,7594789,4032515,2,2,2,2
2025-09-03 12:59:58.667,-7547143,7441405,3392503,1935571,2,2,2,2
2025-09-03 12:59:58.669,-7563280,7458042,7595012,1952140,2,2,2,2
2025-09-03 12:59:58.672,-7563507,3247203,7595047,1935602,2,2,2,2
2025-09-03 12:59:58.675,-7547313,7441286,3392411,1935389,2,2,2,2
2025-09-03 12:59:58.677,-7547266,7441379,3400704,1935420,2,2,2,2
2025-09-03 12:59:58.680,-7563653,7457767,7594992,1935481,2,2,2,2
2025-09-03 12:59:58.682,-7563518,7441518,7595131,1935621,2,2,2,2
2025-09-03 12:59:58.685,-7563289,7457850,7595108,1935866,2,2,2,2
2025-09-03 12:59:58.688,-7563290,7441519,7595126,1935629,2,2,2,2
2025-09-03 12:59:58.690,-7563270,7441529,7595190,1935646,2,2,2,2
2025-09-03 12:59:58.693,-3360996,7441650,7595270,1952142,2,2,2,2
2025-09-03 12:59:58.695,-7563363,3247460,7595459,4033032,2,2,2,2
2025-09-03 12:59:58.698,-7546945,7441777,3401098,1935883,2,2,2,2
2025-09-03 12:59:58.701,-7563403,3247377,7595301,1935853,2,2,2,2
2025-09-03 12:59:58.703,-7563385,7458123,7595392,1952260,2,2,2,2
2025-09-03 12:59:58.705,-7563421,7458069,7595379,1935847,2,2,2,2
2025-09-03 12:59:58.708,-7563459,7441791,7595448,1935890,2,2,2,2
2025-09-03 12:59:58.710,-3360782,7441905,7595279,1952464,2,2,2,2
2025-09-03 12:59:58.713,-7563027,7441899,7595532,1936020,2,2,2,2
2025-09-03 12:59:58.716,-7563063,7442063,7595764,1936246,2,2,2,2
2025-09-03 12:59:58.719,-7563024,7442174,7595589,1936353,2,2,2,2
2025-09-03 12:59:58.721,-7562966,7442055,7595721,1936243,2,2,2,2
2025-09-03 12:59:58.724,-3368572,7442155,7595786,1952652,2,2,2,2
2025-09-03 12:59:58.726,-7562909,3248013,7596007,1936495,2,2,2,2
2025-09-03 12:59:58.729,-7562869,3247867,7595807,4033522,2,2,2,2
2025-09-03 12:59:58.732,-7562992,3247748,7595747,1936246,2,2,2,2
2025-09-03 12:59:58.735,-7563203,7441923,7595597,1936362,2,2,2,2
2025-09-03 12:59:58.737,-3360615,7441955,7595659,1952522,2,2,2,2
2025-09-03 12:59:58.740,-3368822,7441945,7595656,1952525,2,2,2,2
2025-09-03 12:59:58.743,-3360372,7442210,7595928,1952796,2,2,2,2
2025-09-03 12:59:58.745,-3360283,7442227,3401707,1936433,2,2,2,2
2025-09-03 12:59:58.748,-7562852,3248019,7595776,4033666,2,2,2,2
2025-09-03 12:59:58.750,-3368476,7442392,7595780,1952907,2,2,2,2
2025-09-03 12:59:58.753,-7546418,7442419,3401757,1936542,2,2,2,2
2025-09-03 12:59:58.756,-7562770,3248114,7596070,4033775,2,2,2,2
2025-09-03 12:59:58.759,-7546380,7442421,7596140,1936619,2,2,2,2
2025-09-03 12:59:58.761,-7562743,7442450,7596188,1936667,2,2,2,2
2025-09-03 12:59:58.764,-7562596,3256560,7596071,4034030,2,2,2,2
2025-09-03 12:59:58.766,-7562602,3256559,7596084,4034036,2,2,2,2
2025-09-03 12:59:58.770,-3352054,7442549,3401964,1936691,2,2,2,2
2025-09-03 12:59:58.773,-7562615,7459061,7596406,1953279,2,2,2,2
2025-09-03 12:59:58.776,-7562519,7459143,7596526,1953392,2,2,2,2
2025-09-03 12:59:58.778,-7546145,7442793,3402213,1937011,2,2,2,2
2025-09-03 12:59:58.781,-7545998,7442936,3393920,1937149,2,2,2,2
2025-09-03 12:59:58.784,-7562488,3256818,7596324,4034200,2,2,2,2
2025-09-03 12:59:58.787,-3359896,7442700,7596443,1953295,2,2,2,2
2025-09-03 12:59:58.790,-3368221,7442905,7596386,1953472,2,2,2,2
2025-09-03 12:59:58.793,-7562529,7442835,7596348,1937052,2,2,2,2
2025-09-03 12:59:58.795,-7562264,7442920,7596656,1937129,2,2,2,2
2025-09-03 12:59:58.798,-7562468,7459387,7596783,1953643,2,2,2,2
2025-09-03 12:59:58.801,-7562393,7459446,7596557,1937284,2,2,2,2
2025-09-03 12:59:58.803,-7562092,7459525,7596929,1937400,2,2,2,2
2025-09-03 12:59:58.806,-7545657,7443185,3394441,1937406,2,2,2,2
2025-09-03 12:59:58.809,-7562227,7459659,7596801,1945721,2,2,2,2
2025-09-03 12:59:58.812,-7562113,7459784,7596917,1945849,2,2,2,2
2025-09-03 12:59:58.814,-7562026,7443207,7596986,1937429,2,2,2,2
2025-09-03 12:59:58.817,-7562015,7443219,7597047,1937523,2,2,2,2
2025-09-03 12:59:58.819,-3351310,7443312,3402511,1937607,2,2,2,2
2025-09-03 12:59:58.822,-3359518,7443239,7597054,1953912,2,2,2,2
2025-09-03 12:59:58.824,-7562196,7443449,7596948,1937428,2,2,2,2
2025-09-03 12:59:58.827,-7562120,3257102,7597027,4034656,2,2,2,2
2025-09-03 12:59:58.830,-7562001,3257221,7597100,4034787,2,2,2,2
2025-09-03 12:59:58.832,-3359724,7443441,7596949,1953807,2,2,2,2
2025-09-03 12:59:58.835,-7545723,7443315,3402769,1937541,2,2,2,2
2025-09-03 12:59:58.838,-7562111,3257199,7597068,4034701,2,2,2,2
2025-09-03 12:59:58.840,-3367790,7443394,7597155,1954023,2,2,2,2
2025-09-03 12:59:58.843,-7562090,3257245,7597251,1937675,2,2,2,2
2025-09-03 12:59:58.846,-7545549,7443555,3402763,1937792,2,2,2,2
2025-09-03 12:59:58.848,-3367679,7443471,7597307,1954167,2,2,2,2
2025-09-03 12:59:58.851,-7561872,3257474,7597251,4035062,2,2,2,2
2025-09-03 12:59:58.854,-7561986,3257372,7597079,1937807,2,2,2,2
2025-09-03 12:59:58.857,-7561736,7459945,7597341,1937810,2,2,2,2
2025-09-03 12:59:58.859,-7561865,7460064,7597542,1946127,2,2,2,2
2025-09-03 12:59:58.862,-7545377,7443809,7597335,1938041,2,2,2,2
2025-09-03 12:59:58.864,-7561685,7443937,7597467,1937936,2,2,2,2
2025-09-03 12:59:58.867,-7545160,7443814,3403295,1938051,2,2,2,2
2025-09-03 12:59:58.870,-7545290,7443741,7597592,1938047,2,2,2,2
2025-09-03 12:59:58.873,-3350935,7443976,3403274,1938222,2,2,2,2
2025-09-03 12:59:58.876,-7545231,7444066,3403367,1938330,2,2,2,2
2025-09-03 12:59:58.879,-3367294,7444029,7597697,1954803,2,2,2,2
2025-09-03 12:59:58.882,-3367322,7444006,7597672,1954746,2,2,2,2
2025-09-03 12:59:58.885,-7561525,7444197,7597727,1938194,2,2,2,2
2025-09-03 12:59:58.887,-7561474,3257863,7597852,4035453,2,2,2,2
2025-09-03 12:59:58.890,-7561241,3258114,7597835,4035697,2,2,2,2
2025-09-03 12:59:58.892,-7561332,3258083,7598067,1938452,2,2,2,2
2025-09-03 12:59:58.895,-7545087,7444253,3403635,1938563,2,2,2,2
2025-09-03 12:59:58.897,-7561243,3250017,7597870,1938563,2,2,2,2
2025-09-03 12:59:58.900,-7561220,7460724,7597976,1955044,2,2,2,2
2025-09-03 12:59:58.903,-7561276,7444223,7597853,1938539,2,2,2,2
2025-09-03 12:59:58.905,-7561262,3249943,7597874,1938562,2,2,2,2
2025-09-03 12:59:58.908,-7561277,3249944,7597870,1938562,2,2,2,2
2025-09-03 12:59:58.911,-7561442,7460555,7597836,1954846,2,2,2,2
2025-09-03 12:59:58.914,-7544951,7444240,3395434,1938495,2,2,2,2
2025-09-03 12:59:58.917,-7561443,7444478,7598095,1938541,2,2,2,2
2025-09-03 12:59:58.920,-7561225,7444382,7598327,1938699,2,2,2,2
2025-09-03 12:59:58.922,-7544687,7460992,7598224,1947114,2,2,2,2
2025-09-03 12:59:58.925,-3358471,7444716,3404040,1955108,2,2,2,2
2025-09-03 12:59:58.927,-7544792,7444589,7598469,1938837,2,2,2,2
2025-09-03 12:59:58.930,-7544581,7444481,7598389,1938796,2,2,2,2
2025-09-03 12:59:58.933,-7544680,7461054,7598330,1946977,2,2,2,2
2025-09-03 12:59:58.936,-7544675,7444728,3404050,1938736,2,2,2,2
2025-09-03 12:59:58.939,-7544579,7460902,7598469,1955229,2,2,2,2
2025-09-03 12:59:58.942,-7544777,7444711,3404033,1938969,2,2,2,2
2025-09-03 12:59:58.945,-7544583,7444839,7598480,1939102,2,2,2,2
2025-09-03 12:59:58.948,-7544599,7444759,7598473,1939096,2,2,2,2
2025-09-03 12:59:58.951,-7544589,7461230,7598565,1939181,2,2,2,2
2025-09-03 12:59:58.954,-7544575,7444877,3404279,1938951,2,2,2,2
2025-09-03 12:59:58.957,-7544565,3250660,7598594,4036450,2,2,2,2
2025-09-03 12:59:58.960,-3350168,7444994,7598706,1955716,2,2,2,2
2025-09-03 12:59:58.963,-7544334,7461506,7598855,1947412,2,2,2,2
2025-09-03 12:59:58.965,-7544326,7461526,7598871,1939304,2,2,2,2
2025-09-03 12:59:58.968,-7544080,7445218,7598910,1939559,2,2,2,2
2025-09-03 12:59:58.971,-3357964,7445231,3404655,1939653,2,2,2,2
2025-09-03 12:59:58.973,-7544124,3251076,7599119,1939474,2,2,2,2
2025-09-03 12:59:58.976,-3358183,7445272,7599076,1956077,2,2,2,2
2025-09-03 12:59:58.979,-7544290,7461749,7599100,1955840,2,2,2,2
2025-09-03 12:59:58.982,-7544312,7445370,3404790,1939705,2,2,2,2
2025-09-03 12:59:58.985,-7544085,7461661,7599073,1947802,2,2,2,2
2025-09-03 12:59:58.988,-3358076,7445498,3404930,1939505,2,2,2,2
2025-09-03 12:59:58.991,-3349746,7445374,3404807,1939714,2,2,2,2
2025-09-03 12:59:58.994,-7543968,3251175,7599154,1939740,2,2,2,2
2025-09-03 12:59:58.997,-7543985,7445500,3404943,1939844,2,2,2,2
2025-09-03 12:59:59.000,-7544061,3251355,7599418,1939814,2,2,2,2
2025-09-03 12:59:59.003,-7544014,3251229,7599345,1939860,2,2,2,2
2025-09-03 12:59:59.006,-7544045,3251197,7599313,1939828,2,2,2,2
2025-09-03 12:59:59.009,-7543959,3251221,7599342,1939860,2,2,2,2
2025-09-03 12:59:59.011,-7543931,7445620,3405082,1939964,2,2,2,2
2025-09-03 12:59:59.014,-7543952,3251308,7599378,4037102,2,2,2,2
2025-09-03 12:59:59.017,-3349491,7445778,7599608,1956503,2,2,2,2
2025-09-03 12:59:59.020,-3349396,7445822,7599716,1956598,2,2,2,2
2025-09-03 12:59:59.022,-3357825,7445724,7599489,1956380,2,2,2,2
2025-09-03 12:59:59.025,-3349496,7445800,7599632,1956554,2,2,2,2
2025-09-03 12:59:59.028,-7543823,7445860,7599640,1940207,2,2,2,2
2025-09-03 12:59:59.031,-7543583,7445783,7599624,1940124,2,2,2,2
2025-09-03 12:59:59.033,-3349498,7445822,7599732,1956613,2,2,2,2
2025-09-03 12:59:59.036,-7543616,7446026,7599869,1940361,2,2,2,2
2025-09-03 12:59:59.039,-7543771,7446004,7599846,1940339,2,2,2,2
2025-09-03 12:59:59.041,-3357472,7446051,7599900,1956812,2,2,2,2
2025-09-03 12:59:59.044,-7543505,7446020,7599883,1940376,2,2,2,2
2025-09-03 12:59:59.047,-7543331,7446140,7599948,1940485,2,2,2,2
2025-09-03 12:59:59.049,-3357293,7446070,7599984,1956868,2,2,2,2
2025-09-03 12:59:59.052,-3349234,7446266,7600125,1956999,2,2,2,2
2025-09-03 12:59:59.055,-3349139,7446295,7600226,1957067,2,2,2,2
2025-09-03 12:59:59.057,-7543410,3260286,7600325,4037642,2,2,2,2
2025-09-03 12:59:59.060,-3349091,7446473,7600354,1956971,2,2,2,2
2025-09-03 12:59:59.063,-3349140,7446317,7600253,1956874,2,2,2,2
2025-09-03 12:59:59.065,-7543303,3260171,7600148,4037790,2,2,2,2
2025-09-03 12:59:59.068,-7543306,7446287,3405851,1940705,2,2,2,2
2025-09-03 12:59:59.070,-3349143,7446488,7600282,1956971,2,2,2,2
2025-09-03 12:59:59.073,-7543312,7462712,7600225,1957106,2,2,2,2
2025-09-03 12:59:59.075,-7543298,7462730,7600245,1948935,2,2,2,2
2025-09-03 12:59:59.078,-7543306,7462734,7600247,1948935,2,2,2,2
2025-09-03 12:59:59.081,-7543272,7462846,7600361,1957242,2,2,2,2
2025-09-03 12:59:59.084,-7543178,7462921,3406087,1940891,2,2,2,2
2025-09-03 12:59:59.087,-3357164,7463139,3406082,1940936,2,2,2,2
2025-09-03 12:59:59.090,-3348864,7462931,3406183,1940974,2,2,2,2
2025-09-03 12:59:59.093,-3348968,7463159,3406099,1940950,2,2,2,2
2025-09-03 12:59:59.096,-7542997,7463192,7600765,1941242,2,2,2,2
2025-09-03 12:59:59.099,-7542806,7463398,7600645,1941115,2,2,2,2
2025-09-03 12:59:59.102,-7542902,7463312,7600880,1949286,2,2,2,2
2025-09-03 12:59:59.105,-7542912,7463312,7600883,1949293,2,2,2,2
2025-09-03 12:59:59.107,-7543038,7463198,7600764,1941230,2,2,2,2
2025-09-03 12:59:59.110,-7543010,7463291,7600868,1941265,2,2,2,2
2025-09-03 12:59:59.112,-3348635,7463231,7600878,1957695,2,2,2,2
2025-09-03 12:59:59.115,-3348637,7463373,7600885,1957709,2,2,2,2
2025-09-03 12:59:59.117,-3348384,7463622,7601134,1957706,2,2,2,2
2025-09-03 12:59:59.120,-7542710,7463650,3406597,1941441,2,2,2,2
2025-09-03 12:59:59.123,-7542790,7463548,3406823,1941270,2,2,2,2
2025-09-03 12:59:59.125,-7542826,7463442,3406734,1941503,2,2,2,2
2025-09-03 12:59:59.128,-3348589,7463521,3406737,1941249,2,2,2,2
2025-09-03 12:59:59.131,-7542793,7463567,7601147,1941356,2,2,2,2
2025-09-03 12:59:59.134,-7542760,7463425,7601002,1941473,2,2,2,2
2025-09-03 12:59:59.136,-7542688,7463449,7601022,1949679,2,2,2,2
2025-09-03 12:59:59.139,-7542774,7463681,7601265,1958112,2,2,2,2
2025-09-03 12:59:59.142,-7542592,7463798,7601394,1957909,2,2,2,2
2025-09-03 12:59:59.145,-7542772,7463697,7601296,1949935,2,2,2,2
2025-09-03 12:59:59.148,-7542531,7463704,3406972,1958132,2,2,2,2
2025-09-03 12:59:59.150,-7542535,3261213,7601348,4055278,2,2,2,2
2025-09-03 12:59:59.153,-7542460,7464068,3407106,1958178,2,2,2,2
2025-09-03 12:59:59.156,-7542290,7463985,7601549,1958381,2,2,2,2
2025-09-03 12:59:59.158,-7542517,7464059,3407345,1958166,2,2,2,2
2025-09-03 12:59:59.161,-7542377,7463947,7601543,1950179,2,2,2,2
2025-09-03 12:59:59.164,-7542282,7464050,7601639,1949966,2,2,2,2
2025-09-03 12:59:59.166,-7542466,7464162,3407201,1958336,2,2,2,2
2025-09-03 12:59:59.169,-7542289,7464050,7601649,1958419,2,2,2,2
2025-09-03 12:59:59.172,-7542315,3269736,7601639,1958409,2,2,2,2
2025-09-03 12:59:59.174,-7542209,7464222,7601843,1958403,2,2,2,2
2025-09-03 12:59:59.177,-3356024,7464247,3407589,1958419,2,2,2,2
2025-09-03 12:59:59.179,-3347815,7464325,3407610,1958429,2,2,2,2
2025-09-03 12:59:59.182,-7542034,7464387,7601763,1958530,2,2,2,2
2025-09-03 12:59:59.185,-3347718,7464440,7601785,1958550,2,2,2,2
2025-09-03 12:59:59.188,-7542272,7464196,7601800,1958559,2,2,2,2
2025-09-03 12:59:59.191,-7542249,3261808,7601897,4055557,2,2,2,2
2025-09-03 12:59:59.194,-7542243,3261820,7601912,4055571,2,2,2,2
2025-09-03 12:59:59.197,-7542293,7464252,7601814,1950208,2,2,2,2
2025-09-03 12:59:59.200,-7542017,7464304,7601904,1958681,2,2,2,2
2025-09-03 12:59:59.203,-7542160,7464381,7602034,1958802,2,2,2,2
2025-09-03 12:59:59.205,-7542025,3270250,7602162,1958673,2,2,2,2
2025-09-03 12:59:59.208,-7542054,3270170,7602156,1958659,2,2,2,2
2025-09-03 12:59:59.211,-7542113,3262051,7602164,4055819,2,2,2,2
2025-09-03 12:59:59.214,-7542113,7464525,7602173,1958752,2,2,2,2
2025-09-03 12:59:59.217,-7541953,7464687,3407753,1958880,2,2,2,2
2025-09-03 12:59:59.220,-7541979,3270147,7602139,1958892,2,2,2,2
2025-09-03 12:59:59.223,-3347610,7464464,7602158,1958908,2,2,2,2
2025-09-03 12:59:59.226,-3347573,7464506,7602194,1959019,2,2,2,2
2025-09-03 12:59:59.228,-7541900,3270256,7602186,1958934,2,2,2,2
2025-09-03 12:59:59.231,-3355778,7464644,3407901,1958952,2,2,2,2
2025-09-03 12:59:59.235,-7541786,7464689,3408026,1959125,2,2,2,2
2025-09-03 12:59:59.237,-3347474,7464958,7602335,1959139,2,2,2,2
2025-09-03 12:59:59.240,-7541619,3270628,7602637,1959323,2,2,2,2
2025-09-03 12:59:59.243,-7541740,7464743,7602462,1959188,2,2,2,2
2025-09-03 12:59:59.246,-7541754,7464745,7602449,1959186,2,2,2,2
2025-09-03 12:59:59.248,-7541806,7464704,7602406,1959139,2,2,2,2
2025-09-03 12:59:59.251,-3347229,7464980,7602439,1959169,2,2,2,2
2025-09-03 12:59:59.254,-7541722,7465187,7602571,1959321,2,2,2,2
2025-09-03 12:59:59.257,-7541603,7465060,7602786,1951251,2,2,2,2
2025-09-03 12:59:59.260,-7541639,7464973,3408382,1959403,2,2,2,2
2025-09-03 12:59:59.263,-7541514,7465146,7602818,1951355,2,2,2,2
2025-09-03 12:59:59.265,-7541511,7465184,7602833,1951372,2,2,2,2
2025-09-03 12:59:59.268,-7541487,7465210,7602938,1959660,2,2,2,2
2025-09-03 12:59:59.270,-3355494,7465160,7602824,1959551,2,2,2,2
2025-09-03 12:59:59.273,-3355528,7465015,7602802,1959466,2,2,2,2
2025-09-03 12:59:59.275,-7541522,7465189,7602672,1959320,2,2,2,2
2025-09-03 12:59:59.278,-7541736,3262489,7602726,4056591,2,2,2,2
2025-09-03 12:59:59.280,-3347213,7464960,7602699,1959409,2,2,2,2
2025-09-03 12:59:59.283,-7541616,7465192,3408636,1959651,2,2,2,2
2025-09-03 12:59:59.285,-7541403,3271037,7602885,1959551,2,2,2,2
2025-09-03 12:59:59.291,-7541355,7465462,7602935,1951467,2,2,2,2
2025-09-03 12:59:59.291,-7541403,7465392,7603100,1951616,2,2,2,2
2025-09-03 12:59:59.293,-3347073,7465464,7602944,1959629,2,2,2,2
2025-09-03 12:59:59.295,-7541294,7465225,7602972,1959677,2,2,2,2
2025-09-03 12:59:59.298,-3346972,7465251,7603056,1959733,2,2,2,2
2025-09-03 12:59:59.301,-7541434,7465469,3408644,1959922,2,2,2,2
2025-09-03 12:59:59.303,-7541303,7465343,3408779,1959731,2,2,2,2
2025-09-03 12:59:59.306,-7541393,7465492,3408669,1959684,2,2,2,2
2025-09-03 12:59:59.308,-7541274,7465598,7603152,1959796,2,2,2,2
2025-09-03 12:59:59.311,-7541284,3271317,7603163,1959812,2,2,2,2
2025-09-03 12:59:59.313,-7541135,7465543,7603322,1959960,2,2,2,2
2025-09-03 12:59:59.316,-7541118,7465605,3409043,1959976,2,2,2,2
2025-09-03 12:59:59.319,-7541123,7465908,7603431,1951865,2,2,2,2
2025-09-03 12:59:59.322,-7540981,7465758,3409258,1960205,2,2,2,2
2025-09-03 12:59:59.325,-3346713,7465732,7603470,1960181,2,2,2,2
2025-09-03 12:59:59.327,-7540865,7465908,7603694,1960336,2,2,2,2
2025-09-03 12:59:59.330,-7540989,7465775,7603593,1960303,2,2,2,2
2025-09-03 12:59:59.332,-3346658,7465936,7603680,1960324,2,2,2,2
2025-09-03 12:59:59.335,-7540980,3271552,7603675,1960321,2,2,2,2
2025-09-03 12:59:59.338,-3346681,7465922,7603681,1960322,2,2,2,2
2025-09-03 12:59:59.341,-7540776,7466080,3409286,1960288,2,2,2,2
2025-09-03 12:59:59.344,-7540870,7466000,7603575,1960205,2,2,2,2
2025-09-03 12:59:59.348,-7540775,7466115,7603615,1960315,2,2,2,2
2025-09-03 12:59:59.351,-7540991,7466224,7603742,1952243,2,2,2,2
2025-09-03 12:59:59.353,-7540962,7466009,3409547,1960468,2,2,2,2
2025-09-03 12:59:59.356,-7540776,7466134,7603960,1960590,2,2,2,2
2025-09-03 12:59:59.359,-3346545,7466197,3409656,1960666,2,2,2,2
2025-09-03 12:59:59.361,-3346666,7466011,3409552,1960481,2,2,2,2
2025-09-03 12:59:59.364,-7540842,3271830,7603727,1960344,2,2,2,2
2025-09-03 12:59:59.367,-7540861,7466130,7603726,1952408,2,2,2,2
2025-09-03 12:59:59.370,-7540722,7466318,7603938,1952371,2,2,2,2
2025-09-03 12:59:59.372,-7540710,3272057,7604211,1960820,2,2,2,2
2025-09-03 12:59:59.375,-7540509,7466252,7604093,1952525,2,2,2,2
2025-09-03 12:59:59.377,-3346273,7466504,3409796,1960728,2,2,2,2
2025-09-03 12:59:59.380,-3346306,7466469,7604079,1960704,2,2,2,2
2025-09-03 12:59:59.382,-7540267,7466503,7604363,1960977,2,2,2,2
2025-09-03 12:59:59.385,-3345940,7466545,7604475,1961080,2,2,2,2
2025-09-03 12:59:59.388,-3346047,7466517,7604380,1961020,2,2,2,2
2025-09-03 12:59:59.390,-7540420,7466506,7604364,1960977,2,2,2,2
2025-09-03 12:59:59.393,-7540342,3272219,7604459,4058224,2,2,2,2
2025-09-03 12:59:59.395,-7540360,3264005,7604444,4058124,2,2,2,2
2025-09-03 12:59:59.398,-7540459,7466729,3410054,1960961,2,2,2,2
2025-09-03 12:59:59.401,-7540360,7466523,3410168,1961004,2,2,2,2
2025-09-03 12:59:59.403,-7540238,3272418,7604420,4058353,2,2,2,2
2025-09-03 12:59:59.406,-7540231,7466743,3410070,1960968,2,2,2,2
2025-09-03 12:59:59.409,-7540334,7466944,7604601,1953016,2,2,2,2
2025-09-03 12:59:59.411,-7540339,7466905,7604600,1953005,2,2,2,2
2025-09-03 12:59:59.414,-7540431,7466889,7604548,1961115,2,2,2,2
2025-09-03 12:59:59.416,-3346069,7466945,7604581,1961141,2,2,2,2
2025-09-03 12:59:59.419,-3345947,7466764,7604720,1961253,2,2,2,2
2025-09-03 12:59:59.421,-7540197,7466887,7604551,1961375,2,2,2,2
2025-09-03 12:59:59.424,-3346032,7466764,7604726,1961328,2,2,2,2
2025-09-03 12:59:59.427,-7540346,3264259,7604709,1961313,2,2,2,2
2025-09-03 12:59:59.429,-3345944,7466810,3410202,1961438,2,2,2,2
2025-09-03 12:59:59.432,-7540251,7466860,3410202,1961366,2,2,2,2
2025-09-03 12:59:59.434,-7540205,3264483,7604684,4058384,2,2,2,2
2025-09-03 12:59:59.437,-7539971,7467198,7604874,1961480,2,2,2,2
2025-09-03 12:59:59.439,-7540156,7467010,3410661,1961515,2,2,2,2
2025-09-03 12:59:59.442,-7540023,3272815,7604755,1961624,2,2,2,2
2025-09-03 12:59:59.445,-7540032,7467143,3410547,1961713,2,2,2,2
2025-09-03 12:59:59.449,-3345783,7467137,3410548,1961713,2,2,2,2
2025-09-03 12:59:59.452,-7539788,7467421,3410837,1961750,2,2,2,2
2025-09-03 12:59:59.455,-7539833,7467421,3410831,1961734,2,2,2,2
2025-09-03 12:59:59.457,-3345412,7467285,7605002,1961856,2,2,2,2
2025-09-03 12:59:59.460,-3345426,7467539,3410950,1961787,2,2,2,2
2025-09-03 12:59:59.464,-7539742,7467515,7605242,1961851,2,2,2,2
2025-09-03 12:59:59.467,-7539791,7467508,3410938,1961842,2,2,2,2
2025-09-03 12:59:59.469,-7539816,7467547,7605263,1961873,2,2,2,2
2025-09-03 12:59:59.472,-7539699,7467663,7605396,1961992,2,2,2,2
2025-09-03 12:59:59.475,-7539737,3273326,7605306,1961956,2,2,2,2
2025-09-03 12:59:59.478,-3345271,7467550,7605279,1962135,2,2,2,2
2025-09-03 12:59:59.481,-7539459,3273372,7605476,1961991,2,2,2,2
2025-09-03 12:59:59.484,-7539453,7468010,7605746,1962340,2,2,2,2
2025-09-03 12:59:59.487,-7539585,7467887,3411323,1962201,2,2,2,2
2025-09-03 12:59:59.490,-7539602,7467831,7605614,1962128,2,2,2,2
2025-09-03 12:59:59.493,-7539608,7467881,7605615,1962130,2,2,2,2
2025-09-03 12:59:59.495,-7539684,7467890,7605622,1962216,2,2,2,2
2025-09-03 12:59:59.498,-3345138,7467801,7605615,1962381,2,2,2,2
2025-09-03 12:59:59.500,-3345153,7467796,7605615,1962383,2,2,2,2
2025-09-03 12:59:59.503,-7539443,3273579,7605700,4059619,2,2,2,2
2025-09-03 12:59:59.505,-7539384,7467917,3411433,1962250,2,2,2,2
2025-09-03 12:59:59.508,-7539232,7468060,3411486,1962442,2,2,2,2
2025-09-03 12:59:59.510,-7539344,7468260,7605999,1962517,2,2,2,2
2025-09-03 12:59:59.513,-7539441,7468167,7605942,1962500,2,2,2,2
2025-09-03 12:59:59.515,-3345005,7468054,7605864,1962676,2,2,2,2
2025-09-03 12:59:59.518,-3344867,7468246,7605997,1962504,2,2,2,2
2025-09-03 12:59:59.520,-7539186,3274129,7606251,4059913,2,2,2,2
2025-09-03 12:59:59.523,-7539172,3274224,7606027,4060004,2,2,2,2
2025-09-03 12:59:59.525,-3344911,7468241,7605998,1962498,2,2,2,2
2025-09-03 12:59:59.528,-7539230,7468166,3411691,1962750,2,2,2,2
2025-09-03 12:59:59.530,-7539184,3273973,7606055,1962608,2,2,2,2
2025-09-03 12:59:59.533,-7539217,7468256,7606023,1962518,2,2,2,2
2025-09-03 12:59:59.535,-7539005,3274105,7606241,1962743,2,2,2,2
2025-09-03 12:59:59.538,-3344749,7468496,7606016,1962753,2,2,2,2
2025-09-03 12:59:59.540,-3344873,7468308,7606143,1962961,2,2,2,2
2025-09-03 12:59:59.543,-7539176,3274010,7606218,4060060,2,2,2,2
2025-09-03 12:59:59.546,-7539176,3274098,7606246,4060139,2,2,2,2
2025-09-03 12:59:59.549,-3344869,7468482,7606249,1963002,2,2,2,2
2025-09-03 12:59:59.551,-3344609,7468744,7606521,1963019,2,2,2,2
2025-09-03 12:59:59.554,-7538970,7468572,3412110,1962905,2,2,2,2
2025-09-03 12:59:59.556,-3344666,7468579,7606415,1962976,2,2,2,2
2025-09-03 12:59:59.559,-7538888,7468702,3420175,1963039,2,2,2,2
2025-09-03 12:59:59.561,-7538878,7468771,3411996,1963115,2,2,2,2
2025-09-03 12:59:59.564,-7538894,7468703,3420180,1963046,2,2,2,2
2025-09-03 12:59:59.567,-7538932,7468778,7606334,1963120,2,2,2,2
2025-09-03 12:59:59.570,-7538821,3274269,7606484,1963165,2,2,2,2
2025-09-03 12:59:59.572,-3344528,7468573,7606422,1963197,2,2,2,2
2025-09-03 12:59:59.575,-7538740,7468669,7606523,1963015,2,2,2,2
2025-09-03 12:59:59.578,-3344542,7468835,7606754,1963238,2,2,2,2
2025-09-03 12:59:59.581,-7538881,7468934,7606530,1963273,2,2,2,2
2025-09-03 12:59:59.584,-7538798,7468950,3412243,1963307,2,2,2,2
2025-09-03 12:59:59.587,-3344264,7468997,3412499,1963285,2,2,2,2
2025-09-03 12:59:59.590,-7538438,7469077,3420823,1963498,2,2,2,2
2025-09-03 12:59:59.593,-3344264,7468952,3412584,1963314,2,2,2,2
2025-09-03 12:59:59.596,-7538590,7468940,3412504,1963294,2,2,2,2
2025-09-03 12:59:59.599,-7538687,7469164,3412734,1963511,2,2,2,2
2025-09-03 12:59:59.601,-7538565,3274728,7606843,4060547,2,2,2,2
2025-09-03 12:59:59.604,-7538681,7469188,7606807,1963546,2,2,2,2
2025-09-03 12:59:59.606,-7538573,7469063,3412628,1963731,2,2,2,2
2025-09-03 12:59:59.609,-7538663,3274899,7606839,4060794,2,2,2,2
2025-09-03 12:59:59.612,-3344366,7469282,7606912,1963652,2,2,2,2
2025-09-03 12:59:59.615,-7538482,7469203,3421029,1963557,2,2,2,2
2025-09-03 12:59:59.618,-7538324,3275027,7607281,1963757,2,2,2,2
2025-09-03 12:59:59.620,-7538430,7469302,3421068,1963715,2,2,2,2
2025-09-03 12:59:59.623,-7538426,7469567,7607189,1963927,2,2,2,2
2025-09-03 12:59:59.625,-7538181,7469314,7607224,1963919,2,2,2,2
2025-09-03 12:59:59.628,-7538400,7469421,7607308,1963777,2,2,2,2
2025-09-03 12:59:59.630,-3343890,7469552,7607440,1963910,2,2,2,2
2025-09-03 12:59:59.633,-7538407,3275110,7607312,4061175,2,2,2,2
2025-09-03 12:59:59.635,-7538424,3275104,7607296,4061174,2,2,2,2
2025-09-03 12:59:59.638,-7538292,3275249,7607510,1963921,2,2,2,2
2025-09-03 12:59:59.640,-7538274,7469312,3412976,1964003,2,2,2,2
2025-09-03 12:59:59.643,-7538426,7469442,7607402,1963804,2,2,2,2
2025-09-03 12:59:59.645,-7538397,7469543,7607482,1963912,2,2,2,2
2025-09-03 12:59:59.648,-7538386,7469547,7607451,1963913,2,2,2,2
2025-09-03 12:59:59.650,-3343985,7469583,7607310,1964016,2,2,2,2
2025-09-03 12:59:59.653,-7538062,3275505,7607534,4061331,2,2,2,2
2025-09-03 12:59:59.655,-7537987,7469684,3421544,1964067,2,2,2,2
2025-09-03 12:59:59.658,-7538061,7469581,7607562,1964275,2,2,2,2
2025-09-03 12:59:59.660,-7538157,3275512,7607533,1964183,2,2,2,2
2025-09-03 12:59:59.663,-7538170,3275509,7607526,1964182,2,2,2,2
2025-09-03 12:59:59.666,-7537931,7469795,3413403,1964226,2,2,2,2
2025-09-03 12:59:59.669,-7537909,7470076,3413506,1964513,2,2,2,2
2025-09-03 12:59:59.671,-7537936,7470074,3421684,1964502,2,2,2,2
2025-09-03 12:59:59.674,-3343630,7469826,3413509,1964512,2,2,2,2
2025-09-03 12:59:59.678,-7537952,7470079,7607798,1964435,2,2,2,2
2025-09-03 12:59:59.681,-7537878,7469956,7607941,1964401,2,2,2,2
2025-09-03 12:59:59.684,-7537720,7470051,7608038,1964423,2,2,2,2
2025-09-03 12:59:59.687,-7537901,7469962,7607947,1964396,2,2,2,2
2025-09-03 12:59:59.689,-7537873,3275761,7608062,1964445,2,2,2,2
2025-09-03 12:59:59.692,-7537705,7470094,7607868,1964541,2,2,2,2
2025-09-03 12:59:59.694,-7537714,7470093,7608128,1964548,2,2,2,2
2025-09-03 12:59:59.697,-7537692,7470197,7608185,1964640,2,2,2,2
2025-09-03 12:59:59.700,-3343511,7470327,7608063,1964736,2,2,2,2
2025-09-03 12:59:59.702,-7537919,3276007,7608046,4061834,2,2,2,2
2025-09-03 12:59:59.705,-7537788,3275888,7608270,4061723,2,2,2,2
2025-09-03 12:59:59.707,-7537506,7470466,3422183,1964855,2,2,2,2
2025-09-03 12:59:59.710,-7537664,7470579,3422221,1965022,2,2,2,2
2025-09-03 12:59:59.713,-7537664,3276279,7608349,4062104,2,2,2,2
2025-09-03 12:59:59.715,-3343259,7470377,7608456,1964859,2,2,2,2
2025-09-03 12:59:59.718,-7537555,7470382,7608472,1964828,2,2,2,2
2025-09-03 12:59:59.720,-7537400,7470618,3422318,1965051,2,2,2,2
2025-09-03 12:59:59.723,-7537410,7470618,7608375,1965064,2,2,2,2
2025-09-03 12:59:59.725,-7537406,7470666,7608459,1965081,2,2,2,2
2025-09-03 12:59:59.728,-3342973,7470828,7608590,1965285,2,2,2,2
2025-09-03 12:59:59.731,-3343082,7470794,7608803,1965113,2,2,2,2
2025-09-03 12:59:59.734,-7537345,7470836,7608598,1965215,2,2,2,2
2025-09-03 12:59:59.736,-7537043,7471076,7608850,1965538,2,2,2,2
2025-09-03 12:59:59.739,-7537169,7470955,7608766,1965334,2,2,2,2
2025-09-03 12:59:59.742,-7537367,7470835,7608615,1965285,2,2,2,2
2025-09-03 12:59:59.744,-3342878,7470904,3414508,1965355,2,2,2,2
2025-09-03 12:59:59.747,-7537168,3276686,7608841,1965442,2,2,2,2
2025-09-03 12:59:59.750,-7537289,3276565,7608783,1965331,2,2,2,2
2025-09-03 12:59:59.753,-7536935,7470971,7609071,1965418,2,2,2,2
2025-09-03 12:59:59.756,-7537149,7471088,7608936,1965538,2,2,2,2
2025-09-03 12:59:59.759,-7537126,7470869,3414671,1965321,2,2,2,2
2025-09-03 12:59:59.762,-7537055,7470911,7608991,1965342,2,2,2,2
2025-09-03 12:59:59.764,-7537034,7470989,7609086,1965437,2,2,2,2
2025-09-03 12:59:59.767,-7537106,7470992,7608833,1965437,2,2,2,2
2025-09-03 12:59:59.769,-3342611,7471111,7608966,1965566,2,2,2,2
2025-09-03 12:59:59.772,-3342694,7471105,7608960,1965563,2,2,2,2
2025-09-03 12:59:59.774,-7537144,3276903,7609064,4062831,2,2,2,2
2025-09-03 12:59:59.777,-7537130,3276915,7609098,4062846,2,2,2,2
2025-09-03 12:59:59.779,-7536917,3276898,7609068,4062750,2,2,2,2
2025-09-03 12:59:59.782,-7536913,7471133,3415016,1965614,2,2,2,2
2025-09-03 12:59:59.784,-7536901,7471211,3423222,1965766,2,2,2,2
2025-09-03 12:59:59.787,-7536855,7471330,7609165,1965812,2,2,2,2
2025-09-03 12:59:59.789,-7536924,7471209,7609332,1965684,2,2,2,2
2025-09-03 12:59:59.792,-3342568,7471593,7609458,1966075,2,2,2,2
2025-09-03 12:59:59.794,-3342495,7471608,7609472,1965834,2,2,2,2
2025-09-03 12:59:59.797,-7536792,3277061,7609567,4063000,2,2,2,2
2025-09-03 12:59:59.800,-7536654,3277206,7609392,4063208,2,2,2,2
2025-09-03 12:59:59.802,-3342107,7471830,7609705,1966279,2,2,2,2
2025-09-03 12:59:59.805,-7536394,3277550,7609800,4063234,2,2,2,2
2025-09-03 12:59:59.808,-7536577,7471646,3415546,1966123,2,2,2,2
2025-09-03 12:59:59.810,-7536395,7471863,7609751,1966100,2,2,2,2
2025-09-03 12:59:59.813,-7536513,7471742,3415398,1966301,2,2,2,2
2025-09-03 12:59:59.816,-7536498,7471843,3423611,1966331,2,2,2,2
2025-09-03 12:59:59.818,-7536397,7471884,7609840,1966454,2,2,2,2
2025-09-03 12:59:59.821,-7536325,7472000,3415582,1966561,2,2,2,2
2025-09-03 12:59:59.824,-7536433,7471861,7609756,1966432,2,2,2,2
2025-09-03 12:59:59.827,-7536249,3277815,7610065,1966434,2,2,2,2
2025-09-03 12:59:59.830,-3341965,7472031,3415688,1966347,2,2,2,2
2025-09-03 12:59:59.833,-7536366,3277701,7609905,1966580,2,2,2,2
2025-09-03 12:59:59.836,-7536357,7472027,7610000,1966607,2,2,2,2
2025-09-03 12:59:59.839,-7536244,7471887,7609863,1966473,2,2,2,2
2025-09-03 12:59:59.842,-7536381,7472054,7609992,1966597,2,2,2,2
2025-09-03 12:59:59.844,-7536324,3277830,7610133,1966720,2,2,2,2
2025-09-03 12:59:59.847,-7536336,7472150,7610117,1966724,2,2,2,2
2025-09-03 12:59:59.849,-7536334,7472228,7610170,1966738,2,2,2,2
2025-09-03 12:59:59.852,-7536365,3277829,7610113,4063872,2,2,2,2
2025-09-03 12:59:59.855,-3341839,7472103,3415782,1966627,2,2,2,2
2025-09-03 12:59:59.858,-3342071,7472144,3415811,1966655,2,2,2,2
2025-09-03 12:59:59.861,-7536141,3278077,7610359,1966708,2,2,2,2
2025-09-03 12:59:59.864,-7535905,7472367,7610361,1966949,2,2,2,2
2025-09-03 12:59:59.867,-7536106,7472492,7626862,1967084,2,2,2,2
2025-09-03 12:59:59.870,-7535884,7472395,7610375,1966981,2,2,2,2
2025-09-03 12:59:59.872,-3341598,7472391,7626763,1966990,2,2,2,2
2025-09-03 12:59:59.875,-7535899,7472408,7610393,1967000,2,2,2,2
2025-09-03 12:59:59.877,-3341573,7472425,3432567,1967080,2,2,2,2
2025-09-03 12:59:59.880,-7535886,7472485,3416175,1967083,2,2,2,2
2025-09-03 12:59:59.883,-7536019,3278315,7626996,4064115,2,2,2,2
2025-09-03 12:59:59.886,-3341570,7472577,7626903,1967116,2,2,2,2
2025-09-03 12:59:59.889,-7535990,7472406,3432549,1967081,2,2,2,2
2025-09-03 12:59:59.892,-3341679,7472424,7626871,1967107,2,2,2,2
2025-09-03 12:59:59.895,-7535886,7472534,7626983,1967204,2,2,2,2
2025-09-03 12:59:59.898,-7535874,7472621,3424517,1967297,2,2,2,2
2025-09-03 12:59:59.901,-7535845,7472693,7627033,1967255,2,2,2,2
2025-09-03 12:59:59.903,-7535761,7472741,7627131,1967344,2,2,2,2
2025-09-03 12:59:59.906,-7535639,7472869,7610869,1967478,2,2,2,2
2025-09-03 12:59:59.908,-3341167,7473113,7627505,1967422,2,2,2,2
2025-09-03 12:59:59.911,-3341077,7473148,7627278,1967494,2,2,2,2
2025-09-03 12:59:59.913,-7535504,3278721,7627482,4064533,2,2,2,2
2025-09-03 12:59:59.916,-7535543,7473030,3424923,1967639,2,2,2,2
2025-09-03 12:59:59.918,-7535498,7473124,3433208,1967666,2,2,2,2
2025-09-03 12:59:59.921,-7535390,7472922,3424888,1967590,2,2,2,2
2025-09-03 12:59:59.923,-7535429,7473176,3425134,1967839,2,2,2,2
2025-09-03 12:59:59.926,-7535510,7473144,7627537,1967748,2,2,2,2
2025-09-03 12:59:59.929,-7535234,7473159,3425129,1967825,2,2,2,2
2025-09-03 12:59:59.932,-7535341,3279082,7627769,1967742,2,2,2,2
2025-09-03 12:59:59.935,-7535464,7473275,7627669,1967631,2,2,2,2
2025-09-03 12:59:59.938,-7535237,7473173,3416961,1967850,2,2,2,2
2025-09-03 12:59:59.941,-7535238,7473249,3425168,1967869,2,2,2,2
2025-09-03 12:59:59.944,-7535235,3278965,7627741,4065029,2,2,2,2
2025-09-03 12:59:59.946,-3340920,7473214,7627754,1967939,2,2,2,2
2025-09-03 12:59:59.949,-7535128,3279003,7627778,4065149,2,2,2,2
2025-09-03 12:59:59.952,-7535126,7473383,3425294,1968072,2,2,2,2
2025-09-03 12:59:59.954,-7535249,7473537,7628010,1967974,2,2,2,2
2025-09-03 12:59:59.957,-7535080,7473516,7611582,1968138,2,2,2,2
2025-09-03 12:59:59.959,-7535059,7473543,7611646,1968234,2,2,2,2
2025-09-03 12:59:59.962,-3340792,7473456,7627929,1968180,2,2,2,2
2025-09-03 12:59:59.964,-7535108,3279219,7627999,1968153,2,2,2,2
2025-09-03 12:59:59.967,-7535128,3279201,7627977,4065286,2,2,2,2
2025-09-03 12:59:59.969,-3340925,7473660,7627892,1968117,2,2,2,2
2025-09-03 12:59:59.972,-7535252,3279356,7627812,4065261,2,2,2,2
2025-09-03 12:59:59.976,-7535093,3279329,7628062,1968270,2,2,2,2
2025-09-03 12:59:59.979,-7535220,7473524,3417321,1968173,2,2,2,2
2025-09-03 12:59:59.982,-7535108,7473649,7628135,1968287,2,2,2,2
2025-09-03 12:59:59.985,-7534955,7473804,7628032,1968252,2,2,2,2
2025-09-03 12:59:59.987,-7535073,7473695,3425764,1968407,2,2,2,2
2025-09-03 12:59:59.990,-3340695,7473775,3433960,1968429,2,2,2,2
2025-09-03 12:59:59.993,-7534876,7473897,7628392,1968609,2,2,2,2
2025-09-03 12:59:59.995,-7534908,7473806,7611962,1968517,2,2,2,2
2025-09-03 12:59:59.998,-3340552,7473935,7628439,1968391,2,2,2,2
2025-09-03 13:00:00.000,-3340447,7474117,7628307,1968512,2,2,2,2
2025-09-03 13:00:00.003,-3340537,7473963,7628520,1968706,2,2,2,2
2025-09-03 13:00:00.006,-7534792,7474078,7612185,1968786,2,2,2,2
2025-09-03 13:00:00.008,-7534609,7474282,7628780,1968743,2,2,2,2
2025-09-03 13:00:00.011,-7534656,7474183,7612301,1968891,2,2,2,2
2025-09-03 13:00:00.014,-3340410,7474189,7628693,1968640,2,2,2,2
2025-09-03 13:00:00.016,-7534614,3279744,7628549,4065917,2,2,2,2
2025-09-03 13:00:00.019,-7534604,3279997,7628544,4065925,2,2,2,2
2025-09-03 13:00:00.021,-3340142,7474222,7628800,1968971,2,2,2,2
2025-09-03 13:00:00.024,-7534561,7474186,7628703,1968905,2,2,2,2
2025-09-03 13:00:00.027,-7534403,7474308,3426325,1968956,2,2,2,2
2025-09-03 13:00:00.029,-7534458,7474254,7628800,1969007,2,2,2,2
2025-09-03 13:00:00.032,-7534357,7474401,7628911,1969051,2,2,2,2
2025-09-03 13:00:00.035,-7534561,7474464,7629031,1968921,2,2,2,2
2025-09-03 13:00:00.037,-7534338,7474438,7612561,1968907,2,2,2,2
2025-09-03 13:00:00.041,-3340190,7474303,3434520,1968956,2,2,2,2
2025-09-03 13:00:00.044,-7534437,3280122,7628999,1969145,2,2,2,2
2025-09-03 13:00:00.047,-3340172,7474638,7628900,1969080,2,2,2,2
2025-09-03 13:00:00.050,-7534549,7474658,7612531,1969131,2,2,2,2
2025-09-03 13:00:00.052,-7534533,7474666,7612559,1969147,2,2,2,2
2025-09-03 13:00:00.055,-3340038,7474482,7629068,1969274,2,2,2,2
2025-09-03 13:00:00.057,-3340025,7474633,7629166,1969295,2,2,2,2
2025-09-03 13:00:00.060,-7534306,7474664,3426700,1969391,2,2,2,2
2025-09-03 13:00:00.062,-7534328,3280355,7629117,1969386,2,2,2,2
2025-09-03 13:00:00.065,-7534136,7474784,7612911,1969261,2,2,2,2
2025-09-03 13:00:00.067,-7534142,3280401,7612910,1969256,2,2,2,2
2025-09-03 13:00:00.070,-3340017,7474925,7629200,1969406,2,2,2,2
2025-09-03 13:00:00.072,-7534087,7474918,7612808,1969417,2,2,2,2
2025-09-03 13:00:00.075,-7534072,7474934,3418783,1969423,2,2,2,2
2025-09-03 13:00:00.078,-7533960,3280764,7629339,4066700,2,2,2,2
2025-09-03 13:00:00.081,-3339789,7474950,7629538,1969424,2,2,2,2
2025-09-03 13:00:00.083,-7534021,7475078,7612972,1969643,2,2,2,2
2025-09-03 13:00:00.086,-3339629,7475174,3435146,1969664,2,2,2,2
2025-09-03 13:00:00.089,-3339536,7474961,7629559,1969782,2,2,2,2
2025-09-03 13:00:00.091,-7534065,7475064,7613216,1969808,2,2,2,2
2025-09-03 13:00:00.095,-3339552,7475206,7629819,1969692,2,2,2,2
2025-09-03 13:00:00.098,-7533695,7475432,3419031,1969919,2,2,2,2
2025-09-03 13:00:00.101,-3339372,7475217,3435527,1969964,2,2,2,2
2025-09-03 13:00:00.104,-3339416,7475437,3435423,1969925,2,2,2,2
2025-09-03 13:00:00.107,-3339384,7475225,7629835,1970028,2,2,2,2
2025-09-03 13:00:00.109,-3339384,7475228,7629832,1970037,2,2,2,2
2025-09-03 13:00:00.112,-7533676,3281009,7629866,4067221,2,2,2,2
2025-09-03 13:00:00.115,-7533586,7475596,3427460,1970149,2,2,2,2
2025-09-03 13:00:00.117,-7533565,7475662,7630053,1978376,2,2,2,2
2025-09-03 13:00:00.120,-7533582,7475611,7629979,1970165,2,2,2,2
2025-09-03 13:00:00.122,-7533579,7475654,7630049,1970172,2,2,2,2
2025-09-03 13:00:00.125,-7533790,3281181,7613468,1970047,2,2,2,2
2025-09-03 13:00:00.128,-3339401,7475650,7629964,1970150,2,2,2,2
2025-09-03 13:00:00.131,-3339282,7475693,7630073,1970201,2,2,2,2
2025-09-03 13:00:00.134,-3339271,7475710,7630102,1970253,2,2,2,2
2025-09-03 13:00:00.137,-7533355,7475606,7613900,1970188,2,2,2,2
2025-09-03 13:00:00.139,-7533544,7475827,7613826,1970330,2,2,2,2
2025-09-03 13:00:00.142,-3339161,7475924,7630308,1970421,2,2,2,2
2025-09-03 13:00:00.144,-7533323,3289617,7630387,4067729,2,2,2,2
2025-09-03 13:00:00.147,-7533289,3281539,7630549,4067832,2,2,2,2
2025-09-03 13:00:00.149,-7533190,7475962,3427843,1970473,2,2,2,2
2025-09-03 13:00:00.152,-7533315,7475831,7630476,1978854,2,2,2,2
2025-09-03 13:00:00.154,-7533164,7475999,3436062,1970625,2,2,2,2
2025-09-03 13:00:00.157,-7533108,7476069,7614066,1970567,2,2,2,2
2025-09-03 13:00:00.159,-3338782,7476025,7630474,1970657,2,2,2,2
2025-09-03 13:00:00.162,-7533256,7475986,7614260,1970819,2,2,2,2
2025-09-03 13:00:00.165,-7533067,7476203,7614211,1970706,2,2,2,2
2025-09-03 13:00:00.168,-7533267,7475997,7614080,1970580,2,2,2,2
2025-09-03 13:00:00.171,-3338899,7476003,7630725,1970917,2,2,2,2
2025-09-03 13:00:00.174,-3338728,7476238,3436417,1970900,2,2,2,2
2025-09-03 13:00:00.177,-7533030,7476281,7630726,1970842,2,2,2,2
2025-09-03 13:00:00.180,-3338645,7476276,7630821,1970944,2,2,2,2
2025-09-03 13:00:00.183,-7532922,7476455,7630849,1970975,2,2,2,2
2025-09-03 13:00:00.186,-3338511,7476243,7630968,1971096,2,2,2,2
2025-09-03 13:00:00.188,-3338596,7476239,7630968,1971076,2,2,2,2
2025-09-03 13:00:00.191,-7533047,3282036,7631079,1971189,2,2,2,2
2025-09-03 13:00:00.193,-7532939,7476455,3436571,1970980,2,2,2,2
2025-09-03 13:00:00.196,-7533050,7476361,7614715,1971197,2,2,2,2
2025-09-03 13:00:00.198,-7532841,7476506,7614660,1971102,2,2,2,2
2025-09-03 13:00:00.201,-3338338,7476524,7631257,1971440,2,2,2,2
2025-09-03 13:00:00.203,-3338339,7476519,7631262,1971445,2,2,2,2
2025-09-03 13:00:00.206,-7532649,3290482,7631333,1971200,2,2,2,2
2025-09-03 13:00:00.209,-3338475,7476712,3436900,1971253,2,2,2,2
2025-09-03 13:00:00.212,-7532783,7476722,7631205,1979520,2,2,2,2
2025-09-03 13:00:00.215,-7532770,7476746,7631235,1979537,2,2,2,2
2025-09-03 13:00:00.218,-3338131,7476763,3437195,1971678,2,2,2,2
2025-09-03 13:00:00.221,-7532445,3282529,7631582,1971695,2,2,2,2
2025-09-03 13:00:00.224,-7532651,7476962,7631391,1971565,2,2,2,2
2025-09-03 13:00:00.226,-3329934,7476928,3437058,1971471,2,2,2,2
2025-09-03 13:00:00.229,-7532421,7476875,3437072,1971489,2,2,2,2
2025-09-03 13:00:00.232,-3329820,7476991,3437188,1971663,2,2,2,2
2025-09-03 13:00:00.234,-7532519,7477119,7631621,1979922,2,2,2,2
2025-09-03 13:00:00.237,-3338233,7477033,7631600,1971712,2,2,2,2
2025-09-03 13:00:00.239,-3329952,7477204,7631646,1971782,2,2,2,2
2025-09-03 13:00:00.242,-7532438,7477219,7631728,1980022,2,2,2,2
2025-09-03 13:00:00.245,-7532322,7477021,7615472,1971967,2,2,2,2
2025-09-03 13:00:00.247,-3338115,7476994,7631767,1971903,2,2,2,2
2025-09-03 13:00:00.250,-7532309,7477122,7615238,1971735,2,2,2,2
2025-09-03 13:00:00.253,-7532299,7477117,7615297,1971812,2,2,2,2
2025-09-03 13:00:00.256,-7532262,7477244,7631759,1971871,2,2,2,2
2025-09-03 13:00:00.259,-7532428,7477018,7631845,1971961,2,2,2,2
2025-09-03 13:00:00.262,-7532352,7477093,7615486,1971730,2,2,2,2
2025-09-03 13:00:00.265,-7532263,3291156,7631853,4069112,2,2,2,2
2025-09-03 13:00:00.268,-7532271,7477254,7615465,1971952,2,2,2,2
2025-09-03 13:00:00.271,-7532187,7477275,7631877,1980172,2,2,2,2
2025-09-03 13:00:00.273,-7532057,7477481,3437715,1972190,2,2,2,2
2025-09-03 13:00:00.276,-7532046,7477249,7632106,1980403,2,2,2,2
2025-09-03 13:00:00.278,-7532238,7477382,7615607,1972100,2,2,2,2
2025-09-03 13:00:00.281,-7532096,7477404,7615667,1972126,2,2,2,2
2025-09-03 13:00:00.284,-3337608,7477721,7632271,1972401,2,2,2,2
2025-09-03 13:00:00.286,-7532026,3291516,7632170,4069498,2,2,2,2
2025-09-03 13:00:00.289,-3337500,7477533,7632139,1972282,2,2,2,2
2025-09-03 13:00:00.292,-3329296,7477548,3437853,1972265,2,2,2,2
2025-09-03 13:00:00.294,-7531832,7477779,7616009,1972493,2,2,2,2
2025-09-03 13:00:00.297,-7531670,7478012,3438325,1972725,2,2,2,2
2025-09-03 13:00:00.300,-3337471,7477906,3438223,1972698,2,2,2,2
2025-09-03 13:00:00.303,-7531769,7477919,7616217,1972635,2,2,2,2
2025-09-03 13:00:00.306,-7531756,3283700,7632634,4069880,2,2,2,2
2025-09-03 13:00:00.308,-7531573,3283823,7632691,1972855,2,2,2,2
2025-09-03 13:00:00.311,-7531416,7478035,3438353,1972770,2,2,2,2
2025-09-03 13:00:00.313,-7531640,7478143,7632761,1972876,2,2,2,2
2025-09-03 13:00:00.316,-7531566,7477917,7616221,1972637,2,2,2,2
2025-09-03 13:00:00.319,-7531755,7478080,7632743,1981043,2,2,2,2
2025-09-03 13:00:00.321,-7531560,3283695,7632629,1972721,2,2,2,2
2025-09-03 13:00:00.325,-3337452,7478069,7632755,1972855,2,2,2,2
2025-09-03 13:00:00.327,-3337229,7478017,7632665,1972754,2,2,2,2
2025-09-03 13:00:00.331,-3329036,7478039,3438444,1972772,2,2,2,2
2025-09-03 13:00:00.333,-7531500,3283840,7632866,1972882,2,2,2,2
2025-09-03 13:00:00.336,-3337193,7478171,3438586,1972968,2,2,2,2
2025-09-03 13:00:00.339,-7531502,7478156,3438570,1972956,2,2,2,2
2025-09-03 13:00:00.342,-7531420,3283961,7632910,4070138,2,2,2,2
2025-09-03 13:00:00.345,-3337203,7478242,7632900,1972977,2,2,2,2
2025-09-03 13:00:00.347,-7531308,7478390,7616662,1973138,2,2,2,2
2025-09-03 13:00:00.350,-7531480,7478284,7616587,1973021,2,2,2,2
2025-09-03 13:00:00.353,-7531277,7478425,7616766,1973239,2,2,2,2
2025-09-03 13:00:00.356,-3328891,7478334,7633133,1973196,2,2,2,2
2025-09-03 13:00:00.359,-3329000,7478283,3438712,1973024,2,2,2,2
2025-09-03 13:00:00.362,-7531320,7478509,3438866,1973237,2,2,2,2
2025-09-03 13:00:00.365,-3336960,7478538,7633265,1973274,2,2,2,2
2025-09-03 13:00:00.367,-7531040,3292651,7633182,1973250,2,2,2,2
2025-09-03 13:00:00.370,-7531062,7478757,7617085,1973503,2,2,2,2
2025-09-03 13:00:00.373,-7531203,7478755,7617074,1973491,2,2,2,2
2025-09-03 13:00:00.376,-7531021,7478809,7617169,1973608,2,2,2,2
2025-09-03 13:00:00.378,-7531039,7478798,7617149,1973533,2,2,2,2
2025-09-03 13:00:00.381,-7530989,7478916,7633653,1973653,2,2,2,2
2025-09-03 13:00:00.384,-7531003,7478930,7633655,1981855,2,2,2,2
2025-09-03 13:00:00.387,-3328375,7478811,3439233,1973554,2,2,2,2
2025-09-03 13:00:00.390,-7531000,7479009,3439113,1973752,2,2,2,2
2025-09-03 13:00:00.392,-7531113,3284591,7633639,4070794,2,2,2,2
2025-09-03 13:00:00.395,-7531035,7478960,7633663,1973736,2,2,2,2
2025-09-03 13:00:00.398,-7530937,7478797,3422848,1973604,2,2,2,2
2025-09-03 13:00:00.401,-7530765,7479012,7617377,1973767,2,2,2,2
2025-09-03 13:00:00.404,-7530977,7479102,7633813,1982071,2,2,2,2
2025-09-03 13:00:00.407,-3336462,7479289,3439477,1973783,2,2,2,2
2025-09-03 13:00:00.409,-7531005,7479049,7633810,1973871,2,2,2,2
2025-09-03 13:00:00.412,-7530832,7479009,3423076,1973761,2,2,2,2
2025-09-03 13:00:00.415,-7530909,7479176,3439377,1973978,2,2,2,2
2025-09-03 13:00:00.418,-7530738,7479115,7633910,1982089,2,2,2,2
2025-09-03 13:00:00.420,-7530735,7479073,7633922,1973902,2,2,2,2
2025-09-03 13:00:00.423,-7530555,7479264,7617590,1974025,2,2,2,2
2025-09-03 13:00:00.425,-3336323,7479257,3439735,1974028,2,2,2,2
2025-09-03 13:00:00.428,-7530744,7495802,7617539,1974170,2,2,2,2
2025-09-03 13:00:00.431,-7530621,7479304,7634059,1974047,2,2,2,2
2025-09-03 13:00:00.434,-7530368,7495958,3440099,1990714,2,2,2,2
2025-09-03 13:00:00.437,-7530399,3301630,7634235,4087835,2,2,2,2
2025-09-03 13:00:00.440,-7530493,7495835,7617908,1990665,2,2,2,2
2025-09-03 13:00:00.443,-3336342,7495692,3439841,1974214,2,2,2,2
2025-09-03 13:00:00.446,-7530722,7495691,3439847,1974214,2,2,2,2
2025-09-03 13:00:00.448,-7530475,7479556,7634409,1974403,2,2,2,2
2025-09-03 13:00:00.451,-7530374,7496066,3439901,1990895,2,2,2,2
2025-09-03 13:00:00.454,-7530487,7495952,3440107,1990711,2,2,2,2
2025-09-03 13:00:00.457,-7530429,7496049,3439893,1990880,2,2,2,2
2025-09-03 13:00:00.459,-7530495,7479613,7634422,1974396,2,2,2,2
2025-09-03 13:00:00.462,-7530319,7496167,3423614,1990677,2,2,2,2
2025-09-03 13:00:00.465,-3336184,7479585,7634423,1974410,2,2,2,2
2025-09-03 13:00:00.467,-3335954,7496232,7634434,1974705,2,2,2,2
2025-09-03 13:00:00.470,-7530261,7479833,7634434,1974672,2,2,2,2
2025-09-03 13:00:00.473,-7530347,7479811,7634674,1974655,2,2,2,2
2025-09-03 13:00:00.476,-7530398,3293673,7634638,4088165,2,2,2,2
2025-09-03 13:00:00.478,-7530479,3293590,7634626,1990932,2,2,2,2
2025-09-03 13:00:00.482,-7530379,7496181,3440369,1990972,2,2,2,2
2025-09-03 13:00:00.485,-3335807,7496205,7634702,1974670,2,2,2,2
2025-09-03 13:00:00.488,-7529994,7479965,7634821,1982997,2,2,2,2
2025-09-03 13:00:00.491,-7530185,3301986,7634700,1991136,2,2,2,2
2025-09-03 13:00:00.494,-3335704,7496416,3440533,1991203,2,2,2,2
2025-09-03 13:00:00.496,-7530141,7496470,3440399,1991382,2,2,2,2
2025-09-03 13:00:00.499,-3335823,7496494,7634791,1975015,2,2,2,2
2025-09-03 13:00:00.502,-7530108,3294096,7634896,4088344,2,2,2,2
2025-09-03 13:00:00.505,-7530004,7496698,7618552,1991293,2,2,2,2
2025-09-03 13:00:00.508,-3335807,7496663,7634838,1974851,2,2,2,2
2025-09-03 13:00:00.510,-3335686,7480093,7635045,1974943,2,2,2,2
2025-09-03 13:00:00.513,-7529849,7496683,3440881,1991478,2,2,2,2
2025-09-03 13:00:00.515,-7529875,3294101,7635165,4088676,2,2,2,2
2025-09-03 13:00:00.518,-7529827,7480378,7634965,1975197,2,2,2,2
2025-09-03 13:00:00.520,-7529833,7496734,3440994,1991659,2,2,2,2
2025-09-03 13:00:00.523,-7529587,7480630,7635224,1983721,2,2,2,2
2025-09-03 13:00:00.526,-7529671,7496941,3441134,1991731,2,2,2,2
2025-09-03 13:00:00.529,-7529586,3302753,7635248,4089065,2,2,2,2
2025-09-03 13:00:00.532,-7529713,7497186,3457520,1991790,2,2,2,2
2025-09-03 13:00:00.534,-7529611,3294484,7635480,4088986,2,2,2,2
2025-09-03 13:00:00.537,-7529615,3294563,7635495,4089072,2,2,2,2
2025-09-03 13:00:00.540,-7529489,3302802,7635695,1992045,2,2,2,2
2025-09-03 13:00:00.543,-7529586,7497094,3441300,1991963,2,2,2,2
2025-09-03 13:00:00.546,-7529581,3302800,7635689,4089189,2,2,2,2
2025-09-03 13:00:00.549,-7529590,3294604,7635690,4089200,2,2,2,2
2025-09-03 13:00:00.551,-7529595,3302882,7635697,4089201,2,2,2,2
2025-09-03 13:00:00.554,-7529456,7497321,3441278,1991943,2,2,2,2
2025-09-03 13:00:00.556,-7529670,7497108,7652083,1992056,2,2,2,2
2025-09-03 13:00:00.559,-7529532,3302810,7635459,1992073,2,2,2,2
2025-09-03 13:00:00.562,-7529493,3302931,7635502,1992179,2,2,2,2
2025-09-03 13:00:00.565,-7529363,3294874,7635712,1992061,2,2,2,2
2025-09-03 13:00:00.568,-3326990,7497274,3441311,1975577,2,2,2,2
2025-09-03 13:00:00.571,-7529434,7497369,7652107,1992063,2,2,2,2
2025-09-03 13:00:00.573,-3335029,7497232,7635825,1975802,2,2,2,2
2025-09-03 13:00:00.576,-7529220,3294865,7635961,4089460,2,2,2,2
2025-09-03 13:00:00.578,-7529349,7497236,3441531,1992184,2,2,2,2
2025-09-03 13:00:00.581,-7529281,7497344,3458041,1992300,2,2,2,2
2025-09-03 13:00:00.584,-7529447,3303187,7635764,4089585,2,2,2,2
2025-09-03 13:00:00.588,-7529239,7497709,3458065,1992350,2,2,2,2
2025-09-03 13:00:00.590,-3326732,7497710,7635997,1975991,2,2,2,2
2025-09-03 13:00:00.593,-7529013,7497616,7652352,1992566,2,2,2,2
2025-09-03 13:00:00.596,-3334687,7497717,7635988,1976244,2,2,2,2
2025-09-03 13:00:00.598,-3334883,7481137,7636127,1976090,2,2,2,2
2025-09-03 13:00:00.601,-3335028,7497706,7635997,1975963,2,2,2,2
2025-09-03 13:00:00.603,-7528969,3303520,7636166,1992453,2,2,2,2
2025-09-03 13:00:00.606,-7529120,7497868,3441916,1992511,2,2,2,2
2025-09-03 13:00:00.608,-7529189,7481553,7636212,1976190,2,2,2,2
2025-09-03 13:00:00.611,-7529185,7497881,7652610,1992581,2,2,2,2
2025-09-03 13:00:00.613,-7529170,7497978,7652639,1992603,2,2,2,2
2025-09-03 13:00:00.616,-3334898,7497947,7636221,1976199,2,2,2,2
2025-09-03 13:00:00.619,-3334634,7497958,3441947,1992906,2,2,2,2
2025-09-03 13:00:00.622,-7528914,7497988,7652730,1992950,2,2,2,2
2025-09-03 13:00:00.624,-7528807,7481735,7636475,1984627,2,2,2,2
2025-09-03 13:00:00.627,-7528911,3303785,7653076,1992969,2,2,2,2
2025-09-03 13:00:00.630,-7528763,7498103,7653105,1993071,2,2,2,2
2025-09-03 13:00:00.632,-7528686,7498241,7653069,1993205,2,2,2,2
2025-09-03 13:00:00.635,-3326059,7498452,3442450,1993159,2,2,2,2
2025-09-03 13:00:00.638,-3334147,7498248,3442560,1993213,2,2,2,2
2025-09-03 13:00:00.641,-7528528,7498471,3442547,1993184,2,2,2,2
2025-09-03 13:00:00.644,-7528701,7498356,3458803,1992988,2,2,2,2
2025-09-03 13:00:00.646,-7528681,7482055,7636738,1976698,2,2,2,2
2025-09-03 13:00:00.649,-7528474,3295765,7636957,4090380,2,2,2,2
2025-09-03 13:00:00.652,-7528470,7481920,7636976,1985049,2,2,2,2
2025-09-03 13:00:00.655,-3326203,7498439,7636754,1976893,2,2,2,2
2025-09-03 13:00:00.658,-3326070,7498505,3442581,1993224,2,2,2,2
2025-09-03 13:00:00.661,-7528469,3304323,7636999,1993336,2,2,2,2
2025-09-03 13:00:00.663,-3317654,7498498,7637143,1977082,2,2,2,2
2025-09-03 13:00:00.666,-7512037,7498497,7653596,1993472,2,2,2,2
2025-09-03 13:00:00.669,-7528476,3304335,7653412,1993360,2,2,2,2
2025-09-03 13:00:00.671,-3317755,7482361,7637118,1977078,2,2,2,2
2025-09-03 13:00:00.674,-7511924,3296132,7637017,1993599,2,2,2,2
2025-09-03 13:00:00.678,-3333896,7499002,3443088,1993709,2,2,2,2
2025-09-03 13:00:00.681,-7528291,7498908,3443077,1993699,2,2,2,2
2025-09-03 13:00:00.684,-7511826,3304688,7637467,4090874,2,2,2,2
2025-09-03 13:00:00.686,-7511784,3304559,7637271,1993846,2,2,2,2
2025-09-03 13:00:00.689,-7511798,7482442,7637262,1985635,2,2,2,2
2025-09-03 13:00:00.691,-7528246,7498776,3443193,1993737,2,2,2,2
2025-09-03 13:00:00.694,-7511920,7482368,7637472,1985523,2,2,2,2
2025-09-03 13:00:00.697,-7511927,7482622,7637478,1985515,2,2,2,2
2025-09-03 13:00:00.699,-7528113,7498987,3443079,1993950,2,2,2,2
2025-09-03 13:00:00.702,-7528174,7499155,3443316,1993934,2,2,2,2
2025-09-03 13:00:00.705,-7511674,7482630,7637736,1977596,2,2,2,2
2025-09-03 13:00:00.707,-3333634,7499161,3443314,1994182,2,2,2,2
2025-09-03 13:00:00.710,-7511557,7499160,7654015,1994133,2,2,2,2
2025-09-03 13:00:00.713,-7511556,7482807,7637642,1977757,2,2,2,2
2025-09-03 13:00:00.716,-7528010,7499117,3459615,1994103,2,2,2,2
2025-09-03 13:00:00.719,-7511579,3304854,7637699,4091291,2,2,2,2
2025-09-03 13:00:00.722,-7527967,7499163,7654034,1994211,2,2,2,2
2025-09-03 13:00:00.725,-3317123,7499325,7637875,1977729,2,2,2,2
2025-09-03 13:00:00.728,-3317117,7499466,7637894,1977779,2,2,2,2
2025-09-03 13:00:00.731,-3325339,7499322,3443576,1994440,2,2,2,2
2025-09-03 13:00:00.734,-7527781,7499495,3443687,1994489,2,2,2,2
2025-09-03 13:00:00.737,-7511330,3305215,7638009,1994261,2,2,2,2
2025-09-03 13:00:00.740,-7511441,3305099,7637966,1994398,2,2,2,2
2025-09-03 13:00:00.742,-7511321,3305313,7638039,4091490,2,2,2,2
2025-09-03 13:00:00.745,-7511250,3305446,7638240,1994480,2,2,2,2
2025-09-03 13:00:00.747,-7527607,7499679,3443869,1994474,2,2,2,2
2025-09-03 13:00:00.750,-7527657,7499745,3443865,1994736,2,2,2,2
2025-09-03 13:00:00.753,-7527422,7499913,3444099,1994700,2,2,2,2
2025-09-03 13:00:00.756,-7527358,7500014,3444216,1994748,2,2,2,2
2025-09-03 13:00:00.758,-7511146,3305583,7638330,4091781,2,2,2,2
2025-09-03 13:00:00.761,-7511102,3305499,7638304,1994616,2,2,2,2
2025-09-03 13:00:00.763,-7527423,7500011,3444208,1995006,2,2,2,2
2025-09-03 13:00:00.766,-7527315,7500053,3444333,1994804,2,2,2,2
2025-09-03 13:00:00.769,-7527302,7500137,3444364,1994951,2,2,2,2
2025-09-03 13:00:00.772,-7510814,3305953,7638759,4092143,2,2,2,2
2025-09-03 13:00:00.775,-7510681,3305847,7638730,4092301,2,2,2,2
2025-09-03 13:00:00.777,-7527288,7500185,3444462,1994995,2,2,2,2
2025-09-03 13:00:00.780,-7510796,7483658,7638628,1978474,2,2,2,2
2025-09-03 13:00:00.782,-7510930,3305875,7638757,4092141,2,2,2,2
2025-09-03 13:00:00.785,-7527309,7500265,3444468,1995011,2,2,2,2
2025-09-03 13:00:00.787,-7510909,7483842,7638772,1995018,2,2,2,2
2025-09-03 13:00:00.790,-7510925,7483834,7638780,1995011,2,2,2,2
2025-09-03 13:00:00.793,-7510981,7500264,7654914,1995026,2,2,2,2
2025-09-03 13:00:00.795,-7510740,7500259,7655165,1995030,2,2,2,2
2025-09-03 13:00:00.798,-7510552,7500317,7655290,1995155,2,2,2,2
2025-09-03 13:00:00.800,-3316371,7500269,7638796,1978682,2,2,2,2
2025-09-03 13:00:00.803,-7510686,3306224,7638818,4092517,2,2,2,2
2025-09-03 13:00:00.806,-7510585,7500317,7655307,1995396,2,2,2,2
2025-09-03 13:00:00.808,-3324547,7500310,3444618,1995469,2,2,2,2
2025-09-03 13:00:00.811,-3324448,7500486,7639026,1979087,2,2,2,2
2025-09-03 13:00:00.814,-3316096,7500579,7639190,1979058,2,2,2,2
2025-09-03 13:00:00.816,-7510432,3306255,7639102,4092546,2,2,2,2
2025-09-03 13:00:00.819,-3316210,7500541,7639145,1978995,2,2,2,2
2025-09-03 13:00:00.821,-7510376,3306388,7639043,4092677,2,2,2,2
2025-09-03 13:00:00.824,-7526674,7500796,3453030,1995554,2,2,2,2
2025-09-03 13:00:00.827,-7510403,3306381,7639277,1995501,2,2,2,2
2025-09-03 13:00:00.829,-7526795,7500681,3444982,1995510,2,2,2,2
2025-09-03 13:00:00.832,-7510294,7484164,7639156,1995643,2,2,2,2
2025-09-03 13:00:00.834,-7510516,7500666,7655665,1995753,2,2,2,2
2025-09-03 13:00:00.837,-7510395,7484396,7639394,1995624,2,2,2,2
2025-09-03 13:00:00.840,-7510295,7500821,7655880,1995671,2,2,2,2
2025-09-03 13:00:00.842,-7510252,7500937,7655932,1995783,2,2,2,2
2025-09-03 13:00:00.845,-3324175,7500855,7639534,1979380,2,2,2,2
2025-09-03 13:00:00.847,-3315966,7501002,7639299,1979440,2,2,2,2
2025-09-03 13:00:00.850,-3315990,7501008,7639542,1979393,2,2,2,2
2025-09-03 13:00:00.852,-3316079,7500852,7639535,1979337,2,2,2,2
2025-09-03 13:00:00.855,-7510146,3306597,7639536,1996011,2,2,2,2
2025-09-03 13:00:00.858,-7510031,7500946,7655994,1995805,2,2,2,2
2025-09-03 13:00:00.861,-3315854,7500849,7639529,1979634,2,2,2,2
2025-09-03 13:00:00.863,-3332098,7501055,3445372,1995836,2,2,2,2
2025-09-03 13:00:00.866,-3323934,7501292,7639580,1979697,2,2,2,2
2025-09-03 13:00:00.869,-7509990,7501159,7656163,1996274,2,2,2,2
2025-09-03 13:00:00.872,-3323749,7501302,3445624,1996235,2,2,2,2
2025-09-03 13:00:00.874,-7509916,7484810,7639804,1979662,2,2,2,2
2025-09-03 13:00:00.877,-7509893,3306981,7639848,4093292,2,2,2,2
2025-09-03 13:00:00.880,-7510003,7484734,7639809,1979656,2,2,2,2
2025-09-03 13:00:00.883,-7526334,7501280,3461999,1996137,2,2,2,2
2025-09-03 13:00:00.886,-7510003,3307158,7639843,4093471,2,2,2,2
2025-09-03 13:00:00.889,-7509999,3307236,7639848,1996319,2,2,2,2
2025-09-03 13:00:00.891,-3323897,7501524,3445601,1996320,2,2,2,2
2025-09-03 13:00:00.894,-7526173,7501444,3453955,1996297,2,2,2,2
2025-09-03 13:00:00.897,-7509879,3307119,7640053,4093687,2,2,2,2
2025-09-03 13:00:00.900,-7509769,3307238,7640116,1996392,2,2,2,2
2025-09-03 13:00:00.903,-3315447,7501562,7640196,1980038,2,2,2,2
2025-09-03 13:00:00.906,-3315308,7501772,7640093,1980219,2,2,2,2
2025-09-03 13:00:00.909,-3331821,7501586,3445995,1996767,2,2,2,2
2025-09-03 13:00:00.912,-7509627,3307407,7640367,4093792,2,2,2,2
2025-09-03 13:00:00.915,-3315173,7501871,7640323,1980408,2,2,2,2
2025-09-03 13:00:00.918,-3315050,7502064,7640457,1980546,2,2,2,2
2025-09-03 13:00:00.921,-3314970,7501842,7640476,1980599,2,2,2,2
2025-09-03 13:00:00.923,-3315073,7502075,7640449,1980538,2,2,2,2
2025-09-03 13:00:00.926,-7509449,7502075,7656826,1996924,2,2,2,2
2025-09-03 13:00:00.929,-7509370,7485455,7640475,1996953,2,2,2,2
2025-09-03 13:00:00.932,-7509346,7485803,7640822,1997041,2,2,2,2
2025-09-03 13:00:00.934,-7509373,7485719,7640807,1996957,2,2,2,2
2025-09-03 13:00:00.937,-3323035,7502330,3446411,1980867,2,2,2,2
2025-09-03 13:00:00.940,-3323134,7502324,3446401,1997101,2,2,2,2
2025-09-03 13:00:00.943,-3331096,7502226,3446631,1997072,2,2,2,2
2025-09-03 13:00:00.946,-7509011,3307935,7640877,1997159,2,2,2,2
2025-09-03 13:00:00.948,-7509230,3308038,7641052,1997212,2,2,2,2
2025-09-03 13:00:00.951,-7525506,7502453,3462928,1997319,2,2,2,2
2025-09-03 13:00:00.954,-7509095,7486177,7640957,1997431,2,2,2,2
2025-09-03 13:00:00.957,-7525606,7502456,7657232,1997308,2,2,2,2
2025-09-03 13:00:00.960,-7509233,7502439,7657467,1997299,2,2,2,2
2025-09-03 13:00:00.963,-3323031,7502544,3446627,1997332,2,2,2,2
2025-09-03 13:00:00.965,-7525486,7502588,3454877,1997529,2,2,2,2
2025-09-03 13:00:00.968,-3331202,7502339,3446675,1997517,2,2,2,2
2025-09-03 13:00:00.971,-7525278,7502579,3446909,1997374,2,2,2,2
2025-09-03 13:00:00.974,-7508879,7486205,7641235,1981068,2,2,2,2
2025-09-03 13:00:00.977,-3314531,7486246,7641103,1981189,2,2,2,2
2025-09-03 13:00:00.979,-7525242,7502611,3455224,1997545,2,2,2,2
2025-09-03 13:00:00.982,-7508988,3308522,7657669,1997685,2,2,2,2
2025-09-03 13:00:00.984,-7508749,7486400,7641221,1997694,2,2,2,2
2025-09-03 13:00:00.987,-7508784,7502723,7657799,1997595,2,2,2,2
2025-09-03 13:00:00.989,-3322756,7502652,7641444,1981200,2,2,2,2
2025-09-03 13:00:00.992,-7508764,7502829,7657915,1997705,2,2,2,2
2025-09-03 13:00:00.994,-7508532,7502990,7657854,1997933,2,2,2,2
2025-09-03 13:00:00.997,-3322514,7503049,7641715,1981480,2,2,2,2
2025-09-03 13:00:01.000,-7508511,7503095,7657958,1998053,2,2,2,2
2025-09-03 13:00:01.003,-3322597,7503043,3447401,1997855,2,2,2,2
2025-09-03 13:00:01.005,-7524757,7503248,3447430,1998133,2,2,2,2
2025-09-03 13:00:01.008,-7508715,7486656,7641720,1981541,2,2,2,2
2025-09-03 13:00:01.011,-7508584,3308564,7641609,1998070,2,2,2,2
2025-09-03 13:00:01.014,-7525072,7502993,3463817,1997938,2,2,2,2
2025-09-03 13:00:01.017,-7508525,7503124,7658038,1998069,2,2,2,2
2025-09-03 13:00:01.020,-7508465,3308955,7641828,4095361,2,2,2,2
2025-09-03 13:00:01.023,-7508525,3308902,7641638,1998091,2,2,2,2
2025-09-03 13:00:01.026,-7524869,7503245,3447455,1998141,2,2,2,2
2025-09-03 13:00:01.029,-7508486,3308959,7641829,4095379,2,2,2,2
2025-09-03 13:00:01.032,-7524841,7503113,3463952,1998317,2,2,2,2
2025-09-03 13:00:01.034,-7508429,7503200,7658309,1998089,2,2,2,2
2025-09-03 13:00:01.037,-3314065,7503397,7641957,1981967,2,2,2,2
2025-09-03 13:00:01.039,-3314147,7503383,7641885,1981954,2,2,2,2
2025-09-03 13:00:01.042,-7524765,7503467,3455855,1998359,2,2,2,2
2025-09-03 13:00:01.044,-7508336,3309209,7642082,1998469,2,2,2,2
2025-09-03 13:00:01.047,-7508450,7487100,7642000,1998451,2,2,2,2
2025-09-03 13:00:01.049,-7508067,7487233,7642124,1998581,2,2,2,2
2025-09-03 13:00:01.052,-3321872,7503632,7642222,1982219,2,2,2,2
2025-09-03 13:00:01.054,-3321857,7503655,7642237,1982238,2,2,2,2
2025-09-03 13:00:01.057,-7508104,3309540,7642365,4095973,2,2,2,2
2025-09-03 13:00:01.059,-7508097,3309561,7642385,4095978,2,2,2,2
2025-09-03 13:00:01.062,-7524485,7503619,3456287,1998840,2,2,2,2
2025-09-03 13:00:01.065,-7508220,7487429,7642342,1982342,2,2,2,2
2025-09-03 13:00:01.067,-7508072,7487297,7642494,1998698,2,2,2,2
2025-09-03 13:00:01.070,-7508065,7487355,7642507,1982331,2,2,2,2
2025-09-03 13:00:01.072,-7524461,7503735,3456394,1998640,2,2,2,2
2025-09-03 13:00:01.075,-3330062,7503841,3448314,1998820,2,2,2,2
2025-09-03 13:00:01.078,-7507945,7503884,7658865,1998874,2,2,2,2
2025-09-03 13:00:01.080,-7507842,7520375,7642517,2015343,2,2,2,2
2025-09-03 13:00:01.083,-7507776,7503999,7658941,1998974,2,2,2,2
2025-09-03 13:00:01.086,-7507956,7503893,7659136,1998876,2,2,2,2
2025-09-03 13:00:01.088,-7507815,7520499,7642646,2015469,2,2,2,2
2025-09-03 13:00:01.091,-7524106,7504152,3464825,1999120,2,2,2,2
2025-09-03 13:00:01.094,-7524081,7504250,3456665,1999155,2,2,2,2
2025-09-03 13:00:01.097,-7507566,7520513,7642978,2015736,2,2,2,2
2025-09-03 13:00:01.099,-7507678,7504285,7659257,1999255,2,2,2,2
2025-09-03 13:00:01.102,-3313290,7504378,3448605,1999351,2,2,2,2
2025-09-03 13:00:01.105,-7507458,3309958,7643133,1999242,2,2,2,2
2025-09-03 13:00:01.108,-7524093,7504275,3456785,1999325,2,2,2,2
2025-09-03 13:00:01.111,-3313252,7504435,7643108,2015802,2,2,2,2
2025-09-03 13:00:01.114,-7507495,7504512,7659504,1999486,2,2,2,2
2025-09-03 13:00:01.117,-7507452,7520998,7659621,2015985,2,2,2,2
2025-09-03 13:00:01.120,-3313040,7504419,7659751,2015848,2,2,2,2
2025-09-03 13:00:01.122,-7507346,3310190,7659756,1999473,2,2,2,2
2025-09-03 13:00:01.125,-7523643,7504611,3465317,1999608,2,2,2,2
2025-09-03 13:00:01.128,-7523592,7504637,3465346,1999631,2,2,2,2
2025-09-03 13:00:01.131,-3329424,7504768,3465473,1999819,2,2,2,2
2025-09-03 13:00:01.134,-7507355,3310476,7659774,1999761,2,2,2,2
2025-09-03 13:00:01.137,-7507316,3310566,7659818,1999870,2,2,2,2
2025-09-03 13:00:01.140,-3312918,7504651,7659923,2016073,2,2,2,2
2025-09-03 13:00:01.143,-3312994,7504658,7659920,2016078,2,2,2,2
2025-09-03 13:00:01.145,-3312917,7504675,7660005,2016121,2,2,2,2
2025-09-03 13:00:01.148,-7523566,7504866,3465503,1999859,2,2,2,2
2025-09-03 13:00:01.151,-7507170,7521272,7659893,2016257,2,2,2,2
2025-09-03 13:00:01.154,-7507151,3310596,7659989,1999968,2,2,2,2
2025-09-03 13:00:01.157,-7506970,7521406,7660054,2000027,2,2,2,2
2025-09-03 13:00:01.159,-7506956,7521436,7660138,2000125,2,2,2,2
2025-09-03 13:00:01.162,-7507188,7505144,7660174,1999899,2,2,2,2
2025-09-03 13:00:01.164,-3312869,7504907,7660264,2016371,2,2,2,2
2025-09-03 13:00:01.167,-7507044,3310745,7660075,4097276,2,2,2,2
2025-09-03 13:00:01.169,-7507042,3310747,7660080,4097274,2,2,2,2
2025-09-03 13:00:01.172,-7507055,3310734,7660073,4097262,2,2,2,2
2025-09-03 13:00:01.174,-3312541,7505186,7660290,2016655,2,2,2,2
2025-09-03 13:00:01.177,-7506801,7521712,7660402,2016764,2,2,2,2
2025-09-03 13:00:01.179,-7523255,7505269,3457809,2000343,2,2,2,2
2025-09-03 13:00:01.182,-7506903,7505292,7660352,2000360,2,2,2,2
2025-09-03 13:00:01.184,-7506919,7505275,7660307,2000287,2,2,2,2
2025-09-03 13:00:01.187,-3312492,7505159,7660512,2016626,2,2,2,2
2025-09-03 13:00:01.190,-3312629,7505348,7660392,2016757,2,2,2,2
2025-09-03 13:00:01.193,-7506721,7505182,7660288,2000270,2,2,2,2
2025-09-03 13:00:01.195,-7506890,7505405,7660478,2000485,2,2,2,2
2025-09-03 13:00:01.198,-3312364,7505629,7660680,2016777,2,2,2,2
2025-09-03 13:00:01.200,-7506553,3311126,7660793,2000515,2,2,2,2
2025-09-03 13:00:01.203,-7506561,3311132,7660799,4097670,2,2,2,2
2025-09-03 13:00:01.205,-3312246,7505451,7660569,2016956,2,2,2,2
2025-09-03 13:00:01.208,-7506659,3311358,7660781,4097652,2,2,2,2
2025-09-03 13:00:01.210,-7506580,3311208,7660550,4097676,2,2,2,2
2025-09-03 13:00:01.213,-7522822,7505656,3466470,2000682,2,2,2,2
2025-09-03 13:00:01.216,-7506450,7522298,7661037,2017145,2,2,2,2
2025-09-03 13:00:01.218,-7506557,7522178,7660929,2000641,2,2,2,2
2025-09-03 13:00:01.221,-7506492,7505809,7660977,2000657,2,2,2,2
2025-09-03 13:00:01.223,-3312137,7505677,7661054,2017216,2,2,2,2
2025-09-03 13:00:01.226,-3311986,7505890,7660953,2017346,2,2,2,2
2025-09-03 13:00:01.228,-7506422,3311477,7660838,4098025,2,2,2,2
2025-09-03 13:00:01.231,-7522830,7505688,3458329,2000859,2,2,2,2
2025-09-03 13:00:01.233,-7522794,7505792,3458435,2000909,2,2,2,2
2025-09-03 13:00:01.236,-7506201,7522355,7661076,2001046,2,2,2,2
2025-09-03 13:00:01.238,-7506307,7522555,7661304,2001009,2,2,2,2
2025-09-03 13:00:01.241,-3311883,7505980,3466873,2001139,2,2,2,2
2025-09-03 13:00:01.243,-7506161,7522489,7661202,2001178,2,2,2,2
2025-09-03 13:00:01.246,-7505941,7522686,7661444,2001400,2,2,2,2
2025-09-03 13:00:01.249,-7505983,7506202,7661380,2001298,2,2,2,2
2025-09-03 13:00:01.251,-7506188,7522544,7661291,2001178,2,2,2,2
2025-09-03 13:00:01.254,-7506129,7506284,7661378,2001301,2,2,2,2
2025-09-03 13:00:01.257,-7505959,7506401,7661501,2001178,2,2,2,2
2025-09-03 13:00:01.259,-3311620,7506190,7661335,2017668,2,2,2,2
2025-09-03 13:00:01.262,-7506171,3311897,7661347,4098445,2,2,2,2
2025-09-03 13:00:01.264,-3311622,7506180,7661340,2017741,2,2,2,2
2025-09-03 13:00:01.267,-7505931,7506457,7661601,2001562,2,2,2,2
2025-09-03 13:00:01.271,-7505821,7523022,7661792,2017803,2,2,2,2
2025-09-03 13:00:01.274,-3311647,7506466,3467290,2001631,2,2,2,2
2025-09-03 13:00:01.277,-7505936,3312237,7661624,2001639,2,2,2,2
2025-09-03 13:00:01.280,-7505941,3312235,7661628,2001653,2,2,2,2
2025-09-03 13:00:01.283,-7505917,3312268,7661789,2001429,2,2,2,2
2025-09-03 13:00:01.286,-7522111,7506553,3467395,2001645,2,2,2,2
2025-09-03 13:00:01.289,-3311377,7506641,3467491,2001696,2,2,2,2
2025-09-03 13:00:01.292,-3327753,7506663,3467502,2001705,2,2,2,2
2025-09-03 13:00:01.295,-3311616,7506672,7661829,2018163,2,2,2,2
2025-09-03 13:00:01.297,-3311391,7506657,7661811,2018109,2,2,2,2
2025-09-03 13:00:01.300,-7505905,3312400,7661870,4098971,2,2,2,2
2025-09-03 13:00:01.303,-3311610,7506700,7661928,2018272,2,2,2,2
2025-09-03 13:00:01.305,-3311462,7506668,7661829,2018167,2,2,2,2
2025-09-03 13:00:01.308,-7505692,7523069,7661851,2018191,2,2,2,2
2025-09-03 13:00:01.310,-7522078,7506686,3459358,2001876,2,2,2,2
2025-09-03 13:00:01.313,-7505905,7506795,7661961,2001917,2,2,2,2
2025-09-03 13:00:01.315,-7505873,7506833,7662073,2001766,2,2,2,2
2025-09-03 13:00:01.318,-3311343,7506882,7662052,2018356,2,2,2,2
2025-09-03 13:00:01.320,-3311331,7506918,7662078,2018420,2,2,2,2
2025-09-03 13:00:01.323,-7505542,3312632,7662123,2002066,2,2,2,2
2025-09-03 13:00:01.326,-7505552,7523334,7662197,2018532,2,2,2,2
2025-09-03 13:00:01.329,-7521921,7506968,3467909,2002167,2,2,2,2
2025-09-03 13:00:01.333,-3311088,7507173,3468052,2002376,2,2,2,2
2025-09-03 13:00:01.336,-3327239,7507347,3468280,2002225,2,2,2,2
2025-09-03 13:00:01.338,-7505299,3312923,7662529,2002412,2,2,2,2
2025-09-03 13:00:01.341,-7505309,7523614,7662475,2002416,2,2,2,2
2025-09-03 13:00:01.344,-3310947,7507422,3468046,2002228,2,2,2,2
2025-09-03 13:00:01.346,-7505173,3313138,7662359,2002299,2,2,2,2
2025-09-03 13:00:01.349,-7505250,7523814,7662364,2002305,2,2,2,2
2025-09-03 13:00:01.352,-7505180,7523592,7662453,2002332,2,2,2,2
2025-09-03 13:00:01.355,-7521663,7507431,3460121,2002495,2,2,2,2
2025-09-03 13:00:01.357,-3310954,7507457,7662705,2018974,2,2,2,2
2025-09-03 13:00:01.360,-7505289,7523791,7662614,2002563,2,2,2,2
2025-09-03 13:00:01.362,-7521762,7507354,3460112,2002486,2,2,2,2
2025-09-03 13:00:01.365,-7505172,7507579,7662791,2002456,2,2,2,2
2025-09-03 13:00:01.367,-7505130,7507684,7662646,2002564,2,2,2,2
2025-09-03 13:00:01.370,-3310752,7507465,7662708,2019011,2,2,2,2
2025-09-03 13:00:01.372,-3310713,7507499,7662751,2019078,2,2,2,2
2025-09-03 13:00:01.375,-7505000,3313275,7662839,4099936,2,2,2,2
2025-09-03 13:00:01.378,-7505150,3313378,7662886,2002836,2,2,2,2
2025-09-03 13:00:01.381,-3310743,7507476,3468435,2019072,2,2,2,2
2025-09-03 13:00:01.383,-3327132,7507735,3468768,2002696,2,2,2,2
2025-09-03 13:00:01.387,-7504938,3313637,7662871,2002829,2,2,2,2
2025-09-03 13:00:01.390,-3310727,7507909,7662858,2019188,2,2,2,2
2025-09-03 13:00:01.393,-3310449,7507934,7663209,2019514,2,2,2,2
2025-09-03 13:00:01.395,-3310571,7507752,7663079,2019385,2,2,2,2
2025-09-03 13:00:01.398,-7504795,3313536,7663105,4100215,2,2,2,2
2025-09-03 13:00:01.400,-7521101,7507964,3460732,2003175,2,2,2,2
2025-09-03 13:00:01.403,-7521252,7508117,3460629,2003002,2,2,2,2
2025-09-03 13:00:01.405,-7504757,7524409,7663255,2011393,2,2,2,2
2025-09-03 13:00:01.408,-7504638,7524495,7663376,2011519,2,2,2,2
2025-09-03 13:00:01.411,-7521159,7507981,3460738,2003198,2,2,2,2
2025-09-03 13:00:01.413,-7504775,3313684,7663313,4100346,2,2,2,2
2025-09-03 13:00:01.416,-7504683,3313783,7663338,2003225,2,2,2,2
2025-09-03 13:00:01.419,-7504632,7524593,7663471,2011551,2,2,2,2
2025-09-03 13:00:01.422,-7520962,7508241,3461006,2003440,2,2,2,2
2025-09-03 13:00:01.424,-7504518,7524656,7663608,2019686,2,2,2,2
2025-09-03 13:00:01.427,-7504581,7508356,7663619,2003583,2,2,2,2
2025-09-03 13:00:01.430,-3310087,7508496,7663763,2020090,2,2,2,2
2025-09-03 13:00:01.433,-7504385,7508500,7663827,2003460,2,2,2,2
2025-09-03 13:00:01.436,-3310195,7508459,3469428,2003681,2,2,2,2
2025-09-03 13:00:01.439,-7504583,3314154,7663652,2003608,2,2,2,2
2025-09-03 13:00:01.442,-3310230,7508449,7663714,2019983,2,2,2,2
2025-09-03 13:00:01.444,-7504435,7508486,7663767,2003708,2,2,2,2
2025-09-03 13:00:01.447,-7504412,7524963,7663862,2011668,2,2,2,2
2025-09-03 13:00:01.450,-7504630,7508374,7663691,2003588,2,2,2,2
2025-09-03 13:00:01.453,-7504504,7524926,7663865,2011664,2,2,2,2
2025-09-03 13:00:01.456,-7504264,7524918,7663849,2011910,2,2,2,2
2025-09-03 13:00:01.458,-7520632,7508584,3469563,2003737,2,2,2,2
2025-09-03 13:00:01.461,-7504353,7508747,7664062,2003966,2,2,2,2
2025-09-03 13:00:01.463,-7504343,7508762,7664124,2003734,2,2,2,2
2025-09-03 13:00:01.466,-7504278,3322723,7663876,4100894,2,2,2,2
2025-09-03 13:00:01.469,-7504160,7508639,7664007,2003938,2,2,2,2
2025-09-03 13:00:01.472,-3310071,7508764,3469821,2003736,2,2,2,2
2025-09-03 13:00:01.475,-7504248,7525334,7664001,2020251,2,2,2,2
2025-09-03 13:00:01.478,-3309844,7508755,7664116,2020106,2,2,2,2
2025-09-03 13:00:01.480,-7504349,7508873,7663992,2003834,2,2,2,2
2025-09-03 13:00:01.483,-3309955,7508965,7664027,2020289,2,2,2,2
2025-09-03 13:00:01.486,-3309977,7525350,7664021,2020252,2,2,2,2
2025-09-03 13:00:01.488,-7504384,3314547,7663915,2003831,2,2,2,2
2025-09-03 13:00:01.491,-7520643,7508736,3469810,2003970,2,2,2,2
2025-09-03 13:00:01.493,-3326232,7508856,3469936,2004030,2,2,2,2
2025-09-03 13:00:01.496,-3326056,7509106,3470177,2004269,2,2,2,2
2025-09-03 13:00:01.498,-7520374,7509093,3470107,2004274,2,2,2,2
2025-09-03 13:00:01.501,-7503904,3314822,7664441,4101509,2,2,2,2
2025-09-03 13:00:01.504,-7503881,7525572,7664525,2012642,2,2,2,2
2025-09-03 13:00:01.506,-7520380,7509116,3470193,2004287,2,2,2,2
2025-09-03 13:00:01.509,-7503892,7509220,7664315,2004198,2,2,2,2
2025-09-03 13:00:01.511,-7503878,7508996,7664370,2004223,2,2,2,2
2025-09-03 13:00:01.514,-7503755,3323265,7664439,4101507,2,2,2,2
2025-09-03 13:00:01.517,-7503720,3323376,7664612,2004471,2,2,2,2
2025-09-03 13:00:01.519,-7503632,3323143,7664647,4101658,2,2,2,2
2025-09-03 13:00:01.522,-7503771,3323276,7664832,4101770,2,2,2,2
2025-09-03 13:00:01.525,-7503719,3323393,7664880,2004480,2,2,2,2
2025-09-03 13:00:01.527,-3309537,7509467,3470477,2004694,2,2,2,2
2025-09-03 13:00:01.530,-7503720,3323405,7664646,4101646,2,2,2,2
2025-09-03 13:00:01.532,-7503616,3323517,7664691,2004598,2,2,2,2
2025-09-03 13:00:01.535,-3309303,7509724,7664791,2021089,2,2,2,2
2025-09-03 13:00:01.538,-7487120,7509517,3470592,2004755,2,2,2,2
2025-09-03 13:00:01.541,-7503377,7509658,7665073,2004889,2,2,2,2
2025-09-03 13:00:01.543,-7503596,7509768,7665150,2004743,2,2,2,2
2025-09-03 13:00:01.546,-7503390,3323872,7665107,4102114,2,2,2,2
2025-09-03 13:00:01.549,-3309069,7509991,7665052,2021362,2,2,2,2
2025-09-03 13:00:01.551,-3309088,7509993,3470743,2004973,2,2,2,2
2025-09-03 13:00:01.554,-7503332,7526215,7665177,2013289,2,2,2,2
2025-09-03 13:00:01.557,-3309173,7509982,7665050,2021351,2,2,2,2
2025-09-03 13:00:01.560,-7503390,7526145,7665148,2021392,2,2,2,2
2025-09-03 13:00:01.563,-7486724,7510041,3470863,2005103,2,2,2,2
2025-09-03 13:00:01.566,-7503349,7510126,7665222,2005123,2,2,2,2
2025-09-03 13:00:01.569,-7503341,7510140,7665274,2005134,2,2,2,2
2025-09-03 13:00:01.571,-7503131,7510114,7665218,2005102,2,2,2,2
2025-09-03 13:00:01.574,-7503201,3324009,7665195,2005122,2,2,2,2
2025-09-03 13:00:01.577,-3308918,7510037,3470867,2021410,2,2,2,2
2025-09-03 13:00:01.579,-7503168,7510116,7665216,2005100,2,2,2,2
2025-09-03 13:00:01.582,-3308817,7510225,7665293,2021561,2,2,2,2
2025-09-03 13:00:01.584,-3309025,7510035,7665424,2021693,2,2,2,2
2025-09-03 13:00:01.587,-7502967,3324277,7665459,4102539,2,2,2,2
2025-09-03 13:00:01.590,-7502856,3324406,7665652,4102656,2,2,2,2
2025-09-03 13:00:01.593,-7503081,3324173,7665688,2005535,2,2,2,2
2025-09-03 13:00:01.595,-7502904,7510405,7665591,2005405,2,2,2,2
2025-09-03 13:00:01.598,-7502899,3316198,7665646,2005489,2,2,2,2
2025-09-03 13:00:01.601,-3308660,7510493,7665640,2021868,2,2,2,2
2025-09-03 13:00:01.603,-3308687,7510480,3471330,2005484,2,2,2,2
2025-09-03 13:00:01.606,-7502947,3324176,7665681,4102683,2,2,2,2
2025-09-03 13:00:01.609,-7502957,3324411,7665677,4102684,2,2,2,2
2025-09-03 13:00:01.611,-3308691,7510501,3471608,2022141,2,2,2,2
2025-09-03 13:00:01.614,-7486711,7510405,3471515,2005661,2,2,2,2
2025-09-03 13:00:01.616,-7502872,3324532,7665871,4102794,2,2,2,2
2025-09-03 13:00:01.619,-7486478,7510645,3471514,2005716,2,2,2,2
2025-09-03 13:00:01.622,-7486398,7510765,3471638,2005767,2,2,2,2
2025-09-03 13:00:01.625,-3308547,7510751,3471603,2005744,2,2,2,2
2025-09-03 13:00:01.628,-7486444,7510529,7665948,2005861,2,2,2,2
2025-09-03 13:00:01.631,-3308425,7510565,7666058,2022351,2,2,2,2
2025-09-03 13:00:01.634,-7502822,7527176,7666028,2014076,2,2,2,2
2025-09-03 13:00:01.637,-7502743,7527199,7666055,2022295,2,2,2,2
2025-09-03 13:00:01.640,-7486238,7511015,3471880,2006032,2,2,2,2
2025-09-03 13:00:01.643,-3308320,7511031,7666199,2022499,2,2,2,2
2025-09-03 13:00:01.646,-7502596,7510801,7666297,2006128,2,2,2,2
2025-09-03 13:00:01.649,-3308172,7510995,3471874,2022409,2,2,2,2
2025-09-03 13:00:01.652,-7502590,3316835,7666386,2006169,2,2,2,2
2025-09-03 13:00:01.655,-7502357,7527478,7666312,2014359,2,2,2,2
2025-09-03 13:00:01.658,-7486187,7511175,7666414,2006277,2,2,2,2
2025-09-03 13:00:01.661,-7486005,7511140,3472015,2006248,2,2,2,2
2025-09-03 13:00:01.663,-7502489,7527645,7666440,2022682,2,2,2,2
2025-09-03 13:00:01.666,-7486009,7511050,7666538,2006401,2,2,2,2
2025-09-03 13:00:01.669,-7502328,7527566,7666440,2022673,2,2,2,2
2025-09-03 13:00:01.672,-7485767,7511414,3472361,2006504,2,2,2,2
2025-09-03 13:00:01.675,-7502230,7527695,7666562,2022793,2,2,2,2
2025-09-03 13:00:01.678,-7502216,3325283,7666648,4103648,2,2,2,2
2025-09-03 13:00:01.681,-7502108,3317145,7666700,2006551,2,2,2,2
2025-09-03 13:00:01.685,-3307924,7511327,7666915,2023071,2,2,2,2
2025-09-03 13:00:01.687,-7502323,7511301,7666823,2006671,2,2,2,2
2025-09-03 13:00:01.690,-3308013,7511320,3472617,2006754,2,2,2,2
2025-09-03 13:00:01.693,-7502121,7511529,7666805,2006635,2,2,2,2
2025-09-03 13:00:01.696,-3291545,7511432,3472400,2006543,2,2,2,2
2025-09-03 13:00:01.699,-3307785,7511583,3472535,2023143,2,2,2,2
2025-09-03 13:00:01.701,-7502067,7511684,7666954,2006793,2,2,2,2
2025-09-03 13:00:01.704,-3291290,7511709,3472664,2006818,2,2,2,2
2025-09-03 13:00:01.707,-3291377,7511700,3472658,2006810,2,2,2,2
2025-09-03 13:00:01.710,-7485586,7511793,3472754,2006838,2,2,2,2
2025-09-03 13:00:01.713,-7501953,3317256,7667149,4104074,2,2,2,2
2025-09-03 13:00:01.715,-7485580,7511562,3472781,2007002,2,2,2,2
2025-09-03 13:00:01.718,-7502066,7528176,7667059,2015096,2,2,2,2
2025-09-03 13:00:01.720,-7501969,7528218,7667095,2015202,2,2,2,2
2025-09-03 13:00:01.723,-7485439,7512058,3473012,2023481,2,2,2,2
2025-09-03 13:00:01.726,-7485445,7512053,3473016,2023480,2,2,2,2
2025-09-03 13:00:01.728,-7501847,7528421,7667302,2015337,2,2,2,2
2025-09-03 13:00:01.731,-7501886,7511953,7667251,2023444,2,2,2,2
2025-09-03 13:00:01.733,-3307499,7511855,7667431,2023670,2,2,2,2
2025-09-03 13:00:01.736,-3307393,7512034,7667229,2023496,2,2,2,2
2025-09-03 13:00:01.738,-7501665,3325959,7667254,4120711,2,2,2,2
2025-09-03 13:00:01.741,-7485386,7511946,3472896,2023430,2,2,2,2
2025-09-03 13:00:01.743,-7485441,7511923,3473134,2023677,2,2,2,2
2025-09-03 13:00:01.746,-7501950,7528444,7667320,2015373,2,2,2,2
2025-09-03 13:00:01.748,-7501853,7511839,7667384,2023652,2,2,2,2
2025-09-03 13:00:01.751,-7501789,7512037,7667261,2023537,2,2,2,2
2025-09-03 13:00:01.753,-3307368,7528490,7667433,2023629,2,2,2,2
2025-09-03 13:00:01.756,-7501691,3325972,7667678,4121058,2,2,2,2
2025-09-03 13:00:01.758,-3307293,7528498,7667703,2023934,2,2,2,2
2025-09-03 13:00:01.761,-7501594,3326092,7667468,4120854,2,2,2,2
2025-09-03 13:00:01.764,-7501678,3326083,7667706,4120834,2,2,2,2
2025-09-03 13:00:01.767,-7501532,7528729,7667648,2023833,2,2,2,2
2025-09-03 13:00:01.770,-7501545,7528716,7667603,2023828,2,2,2,2
2025-09-03 13:00:01.773,-7485171,7528726,3473311,2023910,2,2,2,2
2025-09-03 13:00:01.775,-7501514,3334525,7602187,2023956,2,2,2,2
2025-09-03 13:00:01.778,-7501551,7528782,7667705,2023940,2,2,2,2
2025-09-03 13:00:01.781,-7501335,3326213,7602384,2024084,2,2,2,2
2025-09-03 13:00:01.784,-3307020,7528734,3408106,2024158,2,2,2,2
2025-09-03 13:00:01.787,-3307153,7528936,7602289,2024014,2,2,2,2
2025-09-03 13:00:01.789,-7501506,7528956,7602299,2024080,2,2,2,2
2025-09-03 13:00:01.793,-7501308,7529098,7602456,2024293,2,2,2,2
2025-09-03 13:00:01.795,-7501309,3326598,7602470,4121440,2,2,2,2
2025-09-03 13:00:01.798,-7501199,7529213,7602657,2016227,2,2,2,2
2025-09-03 13:00:01.801,-7501178,7529022,7602439,2024192,2,2,2,2
2025-09-03 13:00:01.803,-7501113,7529072,7602443,2024200,2,2,2,2
2025-09-03 13:00:01.805,-7501052,7529464,7602816,2024586,2,2,2,2
2025-09-03 13:00:01.808,-3306880,7529266,7602702,2024450,2,2,2,2
2025-09-03 13:00:01.811,-3307006,7529214,7602584,2024329,2,2,2,2
2025-09-03 13:00:01.813,-7501175,3326842,7602726,4121615,2,2,2,2
2025-09-03 13:00:01.816,-7500958,3326818,7602942,4121603,2,2,2,2
2025-09-03 13:00:01.818,-3306630,7529418,7602798,2024517,2,2,2,2
2025-09-03 13:00:01.821,-7484537,7529443,3408515,2024508,2,2,2,2
2025-09-03 13:00:01.823,-7501032,3335027,7602707,4121607,2,2,2,2
2025-09-03 13:00:01.826,-7501163,7529471,7602913,2016399,2,2,2,2
2025-09-03 13:00:01.829,-7500941,7529411,7602813,2016369,2,2,2,2
2025-09-03 13:00:01.832,-7484533,7529478,3408609,2024656,2,2,2,2
2025-09-03 13:00:01.834,-7501055,7529587,7602972,2024721,2,2,2,2
2025-09-03 13:00:01.837,-7500817,7529543,7602970,2016515,2,2,2,2
2025-09-03 13:00:01.839,-3306748,7529676,7603058,2024740,2,2,2,2
2025-09-03 13:00:01.841,-7500840,7529595,7603001,2024716,2,2,2,2
2025-09-03 13:00:01.844,-7500941,3326996,7603186,4122083,2,2,2,2
2025-09-03 13:00:01.846,-3306610,7529523,7602972,2024709,2,2,2,2
2025-09-03 13:00:01.849,-7484571,7529727,3408894,2024938,2,2,2,2
2025-09-03 13:00:01.851,-7484425,7529711,3408791,2024897,2,2,2,2
2025-09-03 13:00:01.854,-7500942,7529577,7602970,2016514,2,2,2,2
2025-09-03 13:00:01.857,-7500805,7529730,7603181,2024856,2,2,2,2
2025-09-03 13:00:01.859,-3306389,7529787,3409015,2024983,2,2,2,2
2025-09-03 13:00:01.862,-3289991,7529864,3409021,2024983,2,2,2,2
2025-09-03 13:00:01.865,-7500800,7529777,7603201,2025188,2,2,2,2
2025-09-03 13:00:01.869,-7500761,7529867,7603262,2024982,2,2,2,2
2025-09-03 13:00:01.872,-7500686,7529962,7603347,2025079,2,2,2,2
2025-09-03 13:00:01.874,-3290095,7529935,3409033,2025000,2,2,2,2
2025-09-03 13:00:01.877,-7500773,7529878,7603413,2025075,2,2,2,2
2025-09-03 13:00:01.880,-7500789,3335574,7603409,2025066,2,2,2,2
2025-09-03 13:00:01.883,-7484278,7530082,3409182,2025204,2,2,2,2
2025-09-03 13:00:01.886,-3306259,7530197,3409294,2025267,2,2,2,2
2025-09-03 13:00:01.889,-7500506,7530012,7603507,2025446,2,2,2,2
2025-09-03 13:00:01.892,-7500308,3335917,7603679,2025333,2,2,2,2
2025-09-03 13:00:01.895,-7484151,7530254,3409416,2025439,2,2,2,2
2025-09-03 13:00:01.898,-3306103,7530200,3409292,2025262,2,2,2,2
2025-09-03 13:00:01.901,-3289744,7530047,3409278,2025243,2,2,2,2
2025-09-03 13:00:01.904,-3305990,7530261,7603727,2025453,2,2,2,2
2025-09-03 13:00:01.907,-3306222,7530286,7603828,2025485,2,2,2,2
2025-09-03 13:00:01.909,-7500514,7530439,7603839,2025570,2,2,2,2
2025-09-03 13:00:01.913,-3289713,7530495,3409662,2025691,2,2,2,2
2025-09-03 13:00:01.916,-7483924,7530344,3409515,2025727,2,2,2,2
2025-09-03 13:00:01.919,-3305885,7530470,7603938,2025610,2,2,2,2
2025-09-03 13:00:01.921,-7500274,3336085,7603926,2025589,2,2,2,2
2025-09-03 13:00:01.924,-7500175,7530492,7603974,2025626,2,2,2,2
2025-09-03 13:00:01.928,-7500073,3336297,7604025,2025739,2,2,2,2
2025-09-03 13:00:01.931,-3305980,7530723,7604215,2025865,2,2,2,2
2025-09-03 13:00:01.933,-7500275,3336442,7603979,2025874,2,2,2,2
2025-09-03 13:00:01.936,-7500177,7530510,7604069,2025969,2,2,2,2
2025-09-03 13:00:01.939,-3305760,7530703,7604200,2025852,2,2,2,2
2025-09-03 13:00:01.941,-7483773,7530620,3409822,2025778,2,2,2,2
2025-09-03 13:00:01.944,-7483792,7530597,3409795,2025746,2,2,2,2
2025-09-03 13:00:01.947,-7500144,3336416,7604210,4123017,2,2,2,2
2025-09-03 13:00:01.949,-7483596,7530780,3410048,2026001,2,2,2,2
2025-09-03 13:00:01.952,-7483413,7531006,3410020,2026230,2,2,2,2
2025-09-03 13:00:01.955,-7483583,7530884,3410077,2026097,2,2,2,2
2025-09-03 13:00:01.957,-7499777,7531079,7604608,2018068,2,2,2,2
2025-09-03 13:00:01.960,-7483371,7531125,3410404,2026290,2,2,2,2
2025-09-03 13:00:01.963,-7499897,3336698,7604514,4123394,2,2,2,2
2025-09-03 13:00:01.966,-7483400,7531126,7604639,2026354,2,2,2,2
2025-09-03 13:00:01.968,-3305442,7531246,7604510,2026472,2,2,2,2
2025-09-03 13:00:01.971,-7499678,3336955,7604508,4123628,2,2,2,2
2025-09-03 13:00:01.974,-3305321,7531064,7604635,2026313,2,2,2,2
2025-09-03 13:00:01.977,-7499528,7531196,7604742,2018197,2,2,2,2
2025-09-03 13:00:01.980,-7483253,7531128,3410406,2026282,2,2,2,2
2025-09-03 13:00:01.983,-7499526,3336943,7604753,2026398,2,2,2,2
2025-09-03 13:00:01.986,-7483139,7531247,3410460,2026466,2,2,2,2
2025-09-03 13:00:01.988,-3305361,7531317,7604965,2026595,2,2,2,2
2025-09-03 13:00:01.992,-7499550,7531506,7604784,2026729,2,2,2,2
2025-09-03 13:00:01.995,-7499532,3336976,7604795,4123900,2,2,2,2
2025-09-03 13:00:01.997,-7499512,3337068,7604968,2026603,2,2,2,2
2025-09-03 13:00:02.000,-7499409,7531447,7604997,2018446,2,2,2,2
2025-09-03 13:00:02.003,-7499399,7531518,7605098,2026724,2,2,2,2
2025-09-03 13:00:02.005,-7499294,7531582,7605140,2018571,2,2,2,2
2025-09-03 13:00:02.008,-7499462,7531511,7605065,2026728,2,2,2,2
2025-09-03 13:00:02.010,-3297022,7531577,7605241,2026809,2,2,2,2
2025-09-03 13:00:02.013,-7499319,7531548,7605134,2026773,2,2,2,2
2025-09-03 13:00:02.016,-3296647,7531790,7605384,2027012,2,2,2,2
2025-09-03 13:00:02.018,-3304932,7531765,7605367,2026992,2,2,2,2
2025-09-03 13:00:02.021,-7499258,3329261,7605287,4124133,2,2,2,2
2025-09-03 13:00:02.023,-7482893,7531745,3410974,2026975,2,2,2,2
2025-09-03 13:00:02.026,-7499280,3337449,7605277,4124132,2,2,2,2
2025-09-03 13:00:02.028,-7499158,3329386,7605470,4124256,2,2,2,2
2025-09-03 13:00:02.031,-7499114,3337697,7605273,2027240,2,2,2,2
2025-09-03 13:00:02.034,-7499010,7531795,7605387,2027026,2,2,2,2
2025-09-03 13:00:02.037,-7499033,7532030,7605624,2027274,2,2,2,2
2025-09-03 13:00:02.039,-3304605,7532236,7605506,2027405,2,2,2,2
2025-09-03 13:00:02.042,-7499161,7531922,7605528,2027159,2,2,2,2
2025-09-03 13:00:02.045,-7482764,7532006,3411309,2027248,2,2,2,2
2025-09-03 13:00:02.048,-7498892,7532260,7605617,2027507,2,2,2,2
2025-09-03 13:00:02.051,-7482418,7532035,7605642,2027278,2,2,2,2
2025-09-03 13:00:02.055,-3288217,7532277,3411329,2027516,2,2,2,2
2025-09-03 13:00:02.058,-7482487,7532054,3411435,2027298,2,2,2,2
2025-09-03 13:00:02.061,-7482487,7532132,3411445,2027367,2,2,2,2
2025-09-03 13:00:02.064,-7498774,7532173,7605819,2027414,2,2,2,2
2025-09-03 13:00:02.066,-7498809,7532147,7605767,2027399,2,2,2,2
2025-09-03 13:00:02.069,-7482243,7532394,3411697,2027573,2,2,2,2
2025-09-03 13:00:02.073,-7498506,3338235,7606212,2027783,2,2,2,2
2025-09-03 13:00:02.075,-7482341,7532389,3411707,2027643,2,2,2,2
2025-09-03 13:00:02.078,-7498689,3338124,7606047,2027744,2,2,2,2
2025-09-03 13:00:02.081,-3304345,7532345,7606039,2027666,2,2,2,2
2025-09-03 13:00:02.084,-7498730,7532408,7606033,2027676,2,2,2,2
2025-09-03 13:00:02.087,-7498708,7532436,7606060,2027758,2,2,2,2
2025-09-03 13:00:02.090,-3287914,7532539,3411862,2027808,2,2,2,2
2025-09-03 13:00:02.092,-7498525,3338263,7606259,2027902,2,2,2,2
2025-09-03 13:00:02.095,-7482216,7532561,3411713,2027968,2,2,2,2
2025-09-03 13:00:02.098,-7498615,7532552,7606245,2027876,2,2,2,2
2025-09-03 13:00:02.101,-3304184,7532758,7606385,2028031,2,2,2,2
2025-09-03 13:00:02.104,-7482106,7532703,3412099,2028040,2,2,2,2
2025-09-03 13:00:02.106,-7498465,7532804,7606512,2028132,2,2,2,2
2025-09-03 13:00:02.109,-3287808,7532782,3412125,2028054,2,2,2,2
2025-09-03 13:00:02.112,-7498465,3338518,7606283,2028158,2,2,2,2
2025-09-03 13:00:02.115,-7481870,7533040,3412193,2028061,2,2,2,2
2025-09-03 13:00:02.118,-7498496,7532808,7606516,2028136,2,2,2,2
2025-09-03 13:00:02.121,-7482098,7532822,3412235,2028163,2,2,2,2
2025-09-03 13:00:02.124,-3295998,7532819,7606534,2028158,2,2,2,2
2025-09-03 13:00:02.127,-3295862,7533010,7606416,2028036,2,2,2,2
2025-09-03 13:00:02.129,-3295774,7533053,3412216,2028081,2,2,2,2
2025-09-03 13:00:02.132,-7498265,3338771,7606533,2028417,2,2,2,2
2025-09-03 13:00:02.135,-7481717,7533308,3420666,2028339,2,2,2,2
2025-09-03 13:00:02.138,-7498035,7533056,7606784,2028416,2,2,2,2
2025-09-03 13:00:02.140,-7498303,3338754,7606538,2028414,2,2,2,2
2025-09-03 13:00:02.143,-7498298,7533069,7606548,2028412,2,2,2,2
2025-09-03 13:00:02.145,-3295858,7533088,3412328,2028501,2,2,2,2
2025-09-03 13:00:02.148,-7498133,3338763,7606795,4125563,2,2,2,2
2025-09-03 13:00:02.150,-3303790,7533115,7606906,2028529,2,2,2,2
2025-09-03 13:00:02.153,-7481839,7533300,3420922,2028595,2,2,2,2
2025-09-03 13:00:02.155,-7481611,7533283,3420915,2028582,2,2,2,2
2025-09-03 13:00:02.158,-7497987,7533299,7606793,2028665,2,2,2,2
2025-09-03 13:00:02.160,-3295726,7533326,3412581,2028751,2,2,2,2
2025-09-03 13:00:02.163,-3295716,7533343,7606904,2028747,2,2,2,2
2025-09-03 13:00:02.165,-7497960,3339108,7607232,2028784,2,2,2,2
2025-09-03 13:00:02.168,-7498099,3339239,7607033,4125803,2,2,2,2
2025-09-03 13:00:02.170,-7497869,3339142,7607280,4125970,2,2,2,2
2025-09-03 13:00:02.173,-7497864,7533754,7607284,2028828,2,2,2,2
2025-09-03 13:00:02.175,-7497888,7533764,7607199,2028814,2,2,2,2
2025-09-03 13:00:02.178,-7481443,7533579,3412848,2029017,2,2,2,2
2025-09-03 13:00:02.181,-7481571,7533465,3412985,2028847,2,2,2,2
2025-09-03 13:00:02.183,-7497967,3339142,7607284,2028827,2,2,2,2
2025-09-03 13:00:02.186,-7497851,3339276,7607092,4126110,2,2,2,2
2025-09-03 13:00:02.189,-7481487,7533572,3421287,2029017,2,2,2,2
2025-09-03 13:00:02.192,-7497962,7533818,7607392,2028939,2,2,2,2
2025-09-03 13:00:02.194,-7481206,7533937,3421341,2029065,2,2,2,2
2025-09-03 13:00:02.197,-7481154,7533963,3421431,2029095,2,2,2,2
2025-09-03 13:00:02.200,-7481287,7533837,3413111,2029293,2,2,2,2
2025-09-03 13:00:02.203,-7497848,3339395,7607525,4126231,2,2,2,2
2025-09-03 13:00:02.205,-7481296,7533855,3421319,2029296,2,2,2,2
2025-09-03 13:00:02.208,-7497612,3339662,7607535,4126310,2,2,2,2
2025-09-03 13:00:02.211,-7481167,7534069,3413261,2029198,2,2,2,2
2025-09-03 13:00:02.213,-7497576,3339523,7607603,2029210,2,2,2,2
2025-09-03 13:00:02.216,-7497536,7534051,7607566,2029194,2,2,2,2
2025-09-03 13:00:02.219,-3295221,7533868,7607778,2029345,2,2,2,2
2025-09-03 13:00:02.222,-7497615,7533982,7607571,2029450,2,2,2,2
2025-09-03 13:00:02.225,-7497260,3339782,7607867,2029548,2,2,2,2
2025-09-03 13:00:02.228,-7497471,3339907,7608054,2029671,2,2,2,2
2025-09-03 13:00:02.230,-7480844,7534199,3413756,2029608,2,2,2,2
2025-09-03 13:00:02.233,-7497273,3340044,7608019,2029818,2,2,2,2
2025-09-03 13:00:02.235,-7497355,7534385,7607946,2029811,2,2,2,2
2025-09-03 13:00:02.238,-7480944,7534447,3413731,2029607,2,2,2,2
2025-09-03 13:00:02.241,-7480859,7534475,3413758,2029762,2,2,2,2
2025-09-03 13:00:02.244,-7497336,7534531,7608049,2029677,2,2,2,2
2025-09-03 13:00:02.247,-7480843,7534568,7608164,2029724,2,2,2,2
2025-09-03 13:00:02.249,-7497065,3340178,7608085,4127104,2,2,2,2
2025-09-03 13:00:02.252,-7497214,7534598,7608191,2030073,2,2,2,2
2025-09-03 13:00:02.255,-7497071,7534489,7608166,2029964,2,2,2,2
2025-09-03 13:00:02.258,-3286293,7534591,3413899,2030064,2,2,2,2
2025-09-03 13:00:02.261,-3294476,7534604,3413907,2029833,2,2,2,2
2025-09-03 13:00:02.264,-7480675,7534598,3413899,2029835,2,2,2,2
2025-09-03 13:00:02.266,-7497093,3340522,7608357,4127201,2,2,2,2
2025-09-03 13:00:02.269,-7480627,7534698,3422448,2030118,2,2,2,2
2025-09-03 13:00:02.272,-7496984,3340387,7608560,2030187,2,2,2,2
2025-09-03 13:00:02.275,-7496957,3340423,7608334,4127363,2,2,2,2
2025-09-03 13:00:02.277,-3302685,7534635,7608559,2030156,2,2,2,2
2025-09-03 13:00:02.280,-7496987,3340407,7608320,2030207,2,2,2,2
2025-09-03 13:00:02.283,-3294449,7535069,7608682,2030304,2,2,2,2
2025-09-03 13:00:02.286,-3302536,7534883,7608806,2030404,2,2,2,2
2025-09-03 13:00:02.288,-7496947,3340550,7608776,4127496,2,2,2,2
2025-09-03 13:00:02.291,-7496852,3340649,7608825,4127615,2,2,2,2
2025-09-03 13:00:02.294,-7496812,3340769,7608609,2030570,2,2,2,2
2025-09-03 13:00:02.297,-7496722,7535090,7608708,2030336,2,2,2,2
2025-09-03 13:00:02.299,-3294223,7535098,7608715,2030343,2,2,2,2
2025-09-03 13:00:02.302,-3294066,7535341,7608954,2030570,2,2,2,2
2025-09-03 13:00:02.305,-7496582,7535330,7608945,2030495,2,2,2,2
2025-09-03 13:00:02.307,-7496693,7535225,7608855,2030727,2,2,2,2
2025-09-03 13:00:02.310,-3285788,7535376,3414774,2030626,2,2,2,2
2025-09-03 13:00:02.313,-7496454,7535476,7609117,2030721,2,2,2,2
2025-09-03 13:00:02.316,-7480076,7535479,3414800,2030651,2,2,2,2
2025-09-03 13:00:02.319,-7480114,7535388,3414786,2030696,2,2,2,2
2025-09-03 13:00:02.321,-7480044,7535598,7609242,2030847,2,2,2,2
2025-09-03 13:00:02.324,-7480012,7535589,3414940,2030849,2,2,2,2
2025-09-03 13:00:02.327,-7479932,7535456,3414796,2030972,2,2,2,2
2025-09-03 13:00:02.330,-7496256,7535470,7609140,2030975,2,2,2,2
2025-09-03 13:00:02.333,-3293815,7535558,7609196,2031066,2,2,2,2
2025-09-03 13:00:02.335,-7496436,7535365,7609332,2030946,2,2,2,2
2025-09-03 13:00:02.338,-3293834,7535670,3415140,2031055,2,2,2,2
2025-09-03 13:00:02.341,-7496316,7535792,7609467,2031082,2,2,2,2
2025-09-03 13:00:02.344,-7479921,7535858,3423379,2031120,2,2,2,2
2025-09-03 13:00:02.347,-7496291,7535629,7609581,2031132,2,2,2,2
2025-09-03 13:00:02.350,-7496215,3341343,7609348,4128365,2,2,2,2
2025-09-03 13:00:02.353,-7496180,7536008,7609713,2031336,2,2,2,2
2025-09-03 13:00:02.356,-7496183,7535751,7609465,2031343,2,2,2,2
2025-09-03 13:00:02.359,-7479689,7535868,3423471,2031138,2,2,2,2
2025-09-03 13:00:02.361,-3301909,7535679,7609449,2031258,2,2,2,2
2025-09-03 13:00:02.364,-7496090,7535861,7609579,2031209,2,2,2,2
2025-09-03 13:00:02.367,-7496176,7535823,7609569,2031122,2,2,2,2
2025-09-03 13:00:02.369,-7496162,3341566,7609595,4128361,2,2,2,2
2025-09-03 13:00:02.372,-7495964,7536086,7609736,2031350,2,2,2,2
2025-09-03 13:00:02.375,-3301756,7535924,7609712,2031260,2,2,2,2
2025-09-03 13:00:02.378,-3293669,7535894,7609605,2031554,2,2,2,2
2025-09-03 13:00:02.381,-3293672,7535893,3415314,2031559,2,2,2,2
2025-09-03 13:00:02.384,-7496185,7535892,7609607,2031491,2,2,2,2
2025-09-03 13:00:02.387,-7496081,7536011,7609719,2031611,2,2,2,2
2025-09-03 13:00:02.389,-7479556,7535970,3415315,2031507,2,2,2,2
2025-09-03 13:00:02.392,-7479668,7536109,3423738,2031396,2,2,2,2
2025-09-03 13:00:02.395,-7479500,7536285,7610005,1966103,2,2,2,2
2025-09-03 13:00:02.398,-7479417,7536373,3423988,1966120,2,2,2,2
2025-09-03 13:00:02.400,-3301618,7536330,7610006,2031612,2,2,2,2
2025-09-03 13:00:02.403,-7479306,7536235,3415675,1966316,2,2,2,2
2025-09-03 13:00:02.406,-7479306,7536245,7609979,1966322,2,2,2,2
2025-09-03 13:00:02.408,-7495705,7536493,7610232,1966309,2,2,2,2
2025-09-03 13:00:02.411,-7479187,7536638,7610129,1966475,2,2,2,2
2025-09-03 13:00:02.415,-7479260,3342085,7610133,1966477,2,2,2,2
2025-09-03 13:00:02.418,-3284740,7536612,7610355,1966435,2,2,2,2
2025-09-03 13:00:02.420,-3284869,7471137,7626875,1966576,2,2,2,2
2025-09-03 13:00:02.423,-3284757,7471310,7626989,1966640,2,2,2,2
2025-09-03 13:00:02.426,-7479091,7471240,7610564,1966602,2,2,2,2
2025-09-03 13:00:02.429,-3284867,7471299,7626910,1966595,2,2,2,2
2025-09-03 13:00:02.431,-3284729,7471114,7626859,1966734,2,2,2,2
2025-09-03 13:00:02.434,-7479000,7471227,7610522,1966841,2,2,2,2
2025-09-03 13:00:02.437,-7478904,7471292,7627007,1966699,2,2,2,2
2025-09-03 13:00:02.440,-7478988,7471244,7610616,1966620,2,2,2,2
2025-09-03 13:00:02.442,-7478828,7471352,7610696,1966728,2,2,2,2
2025-09-03 13:00:02.445,-3284592,7471346,7627104,1966728,2,2,2,2
2025-09-03 13:00:02.448,-7479016,3276929,7626996,4063764,2,2,2,2
2025-09-03 13:00:02.450,-7478835,7471385,7610760,1966816,2,2,2,2
2025-09-03 13:00:02.453,-7479011,7471600,7610680,1966971,2,2,2,2
2025-09-03 13:00:02.456,-7478997,7471608,7610685,1966988,2,2,2,2
2025-09-03 13:00:02.458,-7478791,7471506,7610632,1966875,2,2,2,2
2025-09-03 13:00:02.461,-7479040,7471598,7610635,1966970,2,2,2,2
2025-09-03 13:00:02.463,-3292684,7471573,7627263,1966912,2,2,2,2
2025-09-03 13:00:02.466,-7478910,3277179,7627229,4064011,2,2,2,2
2025-09-03 13:00:02.469,-7478828,7471498,7610865,1966865,2,2,2,2
2025-09-03 13:00:02.471,-7478747,7471719,7611012,1967090,2,2,2,2
2025-09-03 13:00:02.474,-3292530,7471828,7627504,1967169,2,2,2,2
2025-09-03 13:00:02.477,-7478485,7471991,7611369,1967365,2,2,2,2
2025-09-03 13:00:02.479,-3292286,7472070,7627757,1967384,2,2,2,2
2025-09-03 13:00:02.482,-7478521,3277596,7627719,4064751,2,2,2,2
2025-09-03 13:00:02.484,-3284213,7471909,7627662,1967366,2,2,2,2
2025-09-03 13:00:02.487,-7478523,7471982,3425179,1967376,2,2,2,2
2025-09-03 13:00:02.489,-7478414,7472064,7627538,1967490,2,2,2,2
2025-09-03 13:00:02.492,-7478507,7472007,7611380,1967459,2,2,2,2
2025-09-03 13:00:02.494,-7478321,3277585,7611332,1967605,2,2,2,2
2025-09-03 13:00:02.497,-3292262,7471896,7627668,1967360,2,2,2,2
2025-09-03 13:00:02.500,-3292175,7471921,7627774,1967383,2,2,2,2
2025-09-03 13:00:02.502,-7478429,7472116,7627907,1967586,2,2,2,2
2025-09-03 13:00:02.505,-7478168,3277829,7627984,1967858,2,2,2,2
2025-09-03 13:00:02.508,-3283735,7472323,7628036,1967692,2,2,2,2
2025-09-03 13:00:02.511,-3283942,7472128,7627914,1967818,2,2,2,2
2025-09-03 13:00:02.514,-7478477,7472226,7611598,1967628,2,2,2,2
2025-09-03 13:00:02.517,-7478222,3277929,7611627,1967636,2,2,2,2
2025-09-03 13:00:02.520,-7478220,3277948,7628033,1967645,2,2,2,2
2025-09-03 13:00:02.523,-3283830,7472277,3433759,1967811,2,2,2,2
2025-09-03 13:00:02.526,-7478128,3278048,7628072,1967764,2,2,2,2
2025-09-03 13:00:02.528,-3283835,7472361,7628149,1967802,2,2,2,2
2025-09-03 13:00:02.531,-3283812,7472386,7628177,1967858,2,2,2,2
2025-09-03 13:00:02.534,-3283742,7472406,7628191,1967874,2,2,2,2
2025-09-03 13:00:02.536,-7478152,3278311,7628095,4065175,2,2,2,2
2025-09-03 13:00:02.539,-7478039,3278108,7628283,1967897,2,2,2,2
2025-09-03 13:00:02.541,-7478151,7472634,3425678,1968106,2,2,2,2
2025-09-03 13:00:02.544,-7478008,7472518,3434000,1967928,2,2,2,2
2025-09-03 13:00:02.547,-7477786,7472760,7628302,1968228,2,2,2,2
2025-09-03 13:00:02.549,-7478010,7472835,7628412,1968275,2,2,2,2
2025-09-03 13:00:02.552,-7477915,7472884,7628438,1968380,2,2,2,2
2025-09-03 13:00:02.554,-7477988,7472893,7628435,1968371,2,2,2,2
2025-09-03 13:00:02.557,-3291882,7472646,7628438,1968383,2,2,2,2
2025-09-03 13:00:02.559,-3291895,7472886,7628433,1968361,2,2,2,2
2025-09-03 13:00:02.562,-7477953,7472758,7612172,1968237,2,2,2,2
2025-09-03 13:00:02.565,-7477978,7472752,7612209,1968158,2,2,2,2
2025-09-03 13:00:02.568,-7477707,7473025,7612257,1968505,2,2,2,2
2025-09-03 13:00:02.570,-3283202,7472896,7628773,1968386,2,2,2,2
2025-09-03 13:00:02.573,-3283329,7473104,7628655,1968524,2,2,2,2
2025-09-03 13:00:02.575,-7477725,7473006,7612182,1968500,2,2,2,2
2025-09-03 13:00:02.578,-7477505,3278623,7628810,4065563,2,2,2,2
2025-09-03 13:00:02.581,-3283442,7472949,7628808,1968496,2,2,2,2
2025-09-03 13:00:02.583,-3291519,7473134,7628941,1968611,2,2,2,2
2025-09-03 13:00:02.586,-7477739,3278736,7628850,4065688,2,2,2,2
2025-09-03 13:00:02.588,-7477715,7473139,3418267,1968629,2,2,2,2
2025-09-03 13:00:02.591,-7477376,7473157,3434720,1968648,2,2,2,2
2025-09-03 13:00:02.593,-7477273,7473513,3426577,1968935,2,2,2,2
2025-09-03 13:00:02.596,-7477235,7473614,7629197,1969135,2,2,2,2
2025-09-03 13:00:02.599,-7477264,7473341,7629194,1968799,2,2,2,2
2025-09-03 13:00:02.602,-7477432,7473433,3426807,1968915,2,2,2,2
2025-09-03 13:00:02.605,-3283103,7473172,7629059,1968663,2,2,2,2
2025-09-03 13:00:02.608,-3291294,7473192,3434774,1968676,2,2,2,2
2025-09-03 13:00:02.611,-3282965,7473389,3434984,1968886,2,2,2,2
2025-09-03 13:00:02.613,-7477449,7473505,3426576,1968925,2,2,2,2
2025-09-03 13:00:02.616,-7477473,7473514,7629164,1969005,2,2,2,2
2025-09-03 13:00:02.619,-7477405,7473529,7629175,1969021,2,2,2,2
2025-09-03 13:00:02.621,-7477249,7473521,7612993,1969000,2,2,2,2
2025-09-03 13:00:02.624,-7477233,7473541,7613047,1969031,2,2,2,2
2025-09-03 13:00:02.627,-7477259,3279207,7629354,1969014,2,2,2,2
2025-09-03 13:00:02.630,-3282803,7473669,7629316,1969204,2,2,2,2
2025-09-03 13:00:02.633,-3282843,7473896,7629537,1969358,2,2,2,2
2025-09-03 13:00:02.635,-7476943,7473917,7613184,1969419,2,2,2,2
2025-09-03 13:00:02.638,-3282584,7473916,7629822,1969409,2,2,2,2
2025-09-03 13:00:02.641,-7476982,3279593,7629805,1969395,2,2,2,2
2025-09-03 13:00:02.643,-7476864,7474021,3418984,1969516,2,2,2,2
2025-09-03 13:00:02.646,-3282453,7474139,7629725,1969637,2,2,2,2
2025-09-03 13:00:02.648,-7476990,7474122,7629801,1969654,2,2,2,2
2025-09-03 13:00:02.651,-7476872,7473965,7629937,1969537,2,2,2,2
2025-09-03 13:00:02.654,-7476952,7474027,3419245,1969535,2,2,2,2
2025-09-03 13:00:02.657,-3282455,7474171,3435772,1969676,2,2,2,2
2025-09-03 13:00:02.660,-7476604,3280028,7630050,1969911,2,2,2,2
2025-09-03 13:00:02.663,-7476512,7474190,7630105,1969770,2,2,2,2
2025-09-03 13:00:02.666,-3282197,7474207,7630103,1969732,2,2,2,2
2025-09-03 13:00:02.669,-3282207,7474221,7630178,1969742,2,2,2,2
2025-09-03 13:00:02.671,-3282184,7474233,7630198,1969794,2,2,2,2
2025-09-03 13:00:02.674,-7476589,3279901,7630102,4066846,2,2,2,2
2025-09-03 13:00:02.676,-7476729,7474327,3427734,1969894,2,2,2,2
2025-09-03 13:00:02.679,-7476602,7474202,3435799,1969710,2,2,2,2
2025-09-03 13:00:02.681,-7476507,7474561,7613753,1970059,2,2,2,2
2025-09-03 13:00:02.684,-3290387,7474641,3435926,1970141,2,2,2,2
2025-09-03 13:00:02.686,-7476461,3280383,7630335,1969933,2,2,2,2
2025-09-03 13:00:02.689,-3290341,7474704,7630365,1970205,2,2,2,2
2025-09-03 13:00:02.692,-7476262,7474577,7614154,1970148,2,2,2,2
2025-09-03 13:00:02.694,-3290361,7474696,7630354,1970243,2,2,2,2
2025-09-03 13:00:02.697,-7476451,3280157,7630369,1970033,2,2,2,2
2025-09-03 13:00:02.699,-7476449,7474788,7614070,1970310,2,2,2,2
2025-09-03 13:00:02.702,-7476221,7474717,7614312,1970295,2,2,2,2
2025-09-03 13:00:02.705,-3281800,7474843,3436517,1970421,2,2,2,2
2025-09-03 13:00:02.708,-7475973,7475042,3436410,1970489,2,2,2,2
2025-09-03 13:00:02.710,-7476196,7474830,7630825,1970401,2,2,2,2
2025-09-03 13:00:02.713,-7476218,7474814,7614398,1970327,2,2,2,2
2025-09-03 13:00:02.715,-7476073,7474966,7630700,1970551,2,2,2,2
2025-09-03 13:00:02.718,-3281805,7474952,7630622,1970498,2,2,2,2
2025-09-03 13:00:02.721,-3281800,7474951,7630617,1970493,2,2,2,2
2025-09-03 13:00:02.723,-7476081,3280745,7630652,4067699,2,2,2,2
2025-09-03 13:00:02.726,-7476116,3280652,7630894,1970451,2,2,2,2
2025-09-03 13:00:02.728,-7475977,7475096,3420412,1970668,2,2,2,2
2025-09-03 13:00:02.731,-7476074,3280776,7631085,1970584,2,2,2,2
2025-09-03 13:00:02.733,-7475781,7475349,3420405,1970924,2,2,2,2
2025-09-03 13:00:02.736,-7475967,3281135,7614755,1970704,2,2,2,2
2025-09-03 13:00:02.739,-7475949,3280908,7631163,1970792,2,2,2,2
2025-09-03 13:00:02.741,-3281510,7475422,7631123,1970946,2,2,2,2
2025-09-03 13:00:02.744,-7475924,7475315,7614950,1970837,2,2,2,2
2025-09-03 13:00:02.747,-7475855,7475326,3437037,1970913,2,2,2,2
2025-09-03 13:00:02.750,-7475825,7475444,3436829,1970956,2,2,2,2
2025-09-03 13:00:02.752,-3281394,7475518,7631335,1971102,2,2,2,2
2025-09-03 13:00:02.755,-7475695,7475598,7614965,1971183,2,2,2,2
2025-09-03 13:00:02.758,-7475713,7475577,7614923,1971102,2,2,2,2
2025-09-03 13:00:02.761,-7475674,7475686,7614988,1970950,2,2,2,2
2025-09-03 13:00:02.763,-7475567,7475477,7631494,1979257,2,2,2,2
2025-09-03 13:00:02.766,-3281284,7475715,7631480,1971263,2,2,2,2
2025-09-03 13:00:02.768,-7475684,7475697,7615091,1971215,2,2,2,2
2025-09-03 13:00:02.771,-7475564,3281518,7631602,1971353,2,2,2,2
2025-09-03 13:00:02.773,-7475463,7475612,3437079,1971194,2,2,2,2
2025-09-03 13:00:02.776,-7475709,7475708,7631474,1979416,2,2,2,2
2025-09-03 13:00:02.778,-7475701,7475711,7615105,1971225,2,2,2,2
2025-09-03 13:00:02.781,-7475476,7475953,7631727,1971215,2,2,2,2
2025-09-03 13:00:02.784,-7475351,7475748,7631844,1971337,2,2,2,2
2025-09-03 13:00:02.787,-7475234,7475954,7615352,1971476,2,2,2,2
2025-09-03 13:00:02.790,-7475400,3281550,7631635,1971440,2,2,2,2
2025-09-03 13:00:02.793,-7475243,7476213,7615551,1971484,2,2,2,2
2025-09-03 13:00:02.796,-7475454,7476066,7615473,1971593,2,2,2,2
2025-09-03 13:00:02.799,-7475301,7475988,7632023,1971581,2,2,2,2
2025-09-03 13:00:02.802,-7475096,7476195,3437667,1971717,2,2,2,2
2025-09-03 13:00:02.805,-7475008,7476322,3437803,1971904,2,2,2,2
2025-09-03 13:00:02.808,-7474952,3282053,7632135,1971942,2,2,2,2
2025-09-03 13:00:02.811,-3280881,7476457,7632251,1971720,2,2,2,2
2025-09-03 13:00:02.814,-3280795,7476231,7632286,1971791,2,2,2,2
2025-09-03 13:00:02.816,-3280659,7476431,7632157,1971960,2,2,2,2
2025-09-03 13:00:02.819,-7475076,3290218,7632373,4069006,2,2,2,2
2025-09-03 13:00:02.822,-3280672,7476425,7632157,1971951,2,2,2,2
2025-09-03 13:00:02.825,-3280894,7476479,3437971,1971749,2,2,2,2
2025-09-03 13:00:02.828,-3280671,7476451,3437929,1971726,2,2,2,2
2025-09-03 13:00:02.831,-7474969,7476471,7632268,1972065,2,2,2,2
2025-09-03 13:00:02.833,-7474920,7476604,7632396,1972127,2,2,2,2
2025-09-03 13:00:02.836,-7474847,7476675,7632411,1972214,2,2,2,2
2025-09-03 13:00:02.839,-7474716,3282183,7632614,1972086,2,2,2,2
2025-09-03 13:00:02.841,-3280488,7476489,7632610,1972081,2,2,2,2
2025-09-03 13:00:02.844,-7474816,3282434,7632595,4069476,2,2,2,2
2025-09-03 13:00:02.847,-7474829,3282413,7632583,4069402,2,2,2,2
2025-09-03 13:00:02.850,-7474585,3290873,7632848,4069479,2,2,2,2
2025-09-03 13:00:02.852,-3280227,7476797,7632640,1972428,2,2,2,2
2025-09-03 13:00:02.855,-7474534,3290738,7632889,1972456,2,2,2,2
2025-09-03 13:00:02.858,-7474577,3290899,7632860,4069770,2,2,2,2
2025-09-03 13:00:02.860,-7474542,3290761,7632658,4069614,2,2,2,2
2025-09-03 13:00:02.863,-3280233,7477130,3438617,1972721,2,2,2,2
2025-09-03 13:00:02.866,-7474441,3282933,7633092,1972503,2,2,2,2
2025-09-03 13:00:02.869,-7474480,3282844,7616551,1972488,2,2,2,2
2025-09-03 13:00:02.872,-7474230,3282840,7632938,1972730,2,2,2,2
2025-09-03 13:00:02.875,-3279891,7477252,7633044,1972847,2,2,2,2
2025-09-03 13:00:02.878,-7474290,7477236,3422337,1972759,2,2,2,2
2025-09-03 13:00:02.880,-7474429,3291240,7633149,1972881,2,2,2,2
2025-09-03 13:00:02.883,-3280007,7477231,3438726,1972759,2,2,2,2
2025-09-03 13:00:02.886,-7474427,7477358,7616778,1972961,2,2,2,2
2025-09-03 13:00:02.888,-7474200,7477271,7616770,1972878,2,2,2,2
2025-09-03 13:00:02.891,-7474194,3291239,7633167,4070114,2,2,2,2
2025-09-03 13:00:02.894,-7474152,3291285,7633212,4070158,2,2,2,2
2025-09-03 13:00:02.896,-7474168,7477390,3438967,1973007,2,2,2,2
2025-09-03 13:00:02.899,-7474175,7477387,3438959,1973009,2,2,2,2
2025-09-03 13:00:02.901,-7474181,7477394,7616881,1972753,2,2,2,2
2025-09-03 13:00:02.905,-3279904,7477395,3438969,1972997,2,2,2,2
2025-09-03 13:00:02.908,-7474186,7477429,7633293,1973016,2,2,2,2
2025-09-03 13:00:02.911,-7474121,7477609,7617126,1973218,2,2,2,2
2025-09-03 13:00:02.914,-7474153,7477515,7633411,1981319,2,2,2,2
2025-09-03 13:00:02.917,-7474139,7477606,7617082,1973227,2,2,2,2
2025-09-03 13:00:02.919,-7473960,7477662,7617255,1973354,2,2,2,2
2025-09-03 13:00:02.922,-7473914,7477781,7617331,1973400,2,2,2,2
2025-09-03 13:00:02.924,-3279768,7477698,3439237,1973250,2,2,2,2
2025-09-03 13:00:02.927,-3279617,7477787,7633683,1973473,2,2,2,2
2025-09-03 13:00:02.929,-7473765,3291648,7633909,1973386,2,2,2,2
2025-09-03 13:00:02.932,-7473794,7477992,7633894,1973361,2,2,2,2
2025-09-03 13:00:02.934,-7473800,7478004,3439609,1973308,2,2,2,2
2025-09-03 13:00:02.937,-7473917,7477900,3439504,1973538,2,2,2,2
2025-09-03 13:00:02.940,-7473902,7477977,7633816,1973607,2,2,2,2
2025-09-03 13:00:02.943,-7473914,7477913,3423204,1973623,2,2,2,2
2025-09-03 13:00:02.946,-3279604,7477991,3439605,1973564,2,2,2,2
2025-09-03 13:00:02.949,-7473903,7478002,7617538,1973637,2,2,2,2
2025-09-03 13:00:02.951,-7473691,7477907,7617480,1973609,2,2,2,2
2025-09-03 13:00:02.954,-3279476,7478210,7634060,1973519,2,2,2,2
2025-09-03 13:00:02.956,-7473567,3291929,7633964,4070893,2,2,2,2
2025-09-03 13:00:02.959,-7473548,3292020,7634128,1973773,2,2,2,2
2025-09-03 13:00:02.962,-3279206,7478252,3439872,1973952,2,2,2,2
2025-09-03 13:00:02.964,-3279112,7478289,3439968,1973991,2,2,2,2
2025-09-03 13:00:02.967,-7473409,3283988,7634218,1973995,2,2,2,2
2025-09-03 13:00:02.971,-7473662,7478380,3440003,1974011,2,2,2,2
2025-09-03 13:00:02.974,-3279264,7478481,7634419,1973800,2,2,2,2
2025-09-03 13:00:02.976,-3279221,7478274,3439901,1973981,2,2,2,2
2025-09-03 13:00:02.980,-7473471,3283969,7634206,1973909,2,2,2,2
2025-09-03 13:00:02.982,-7473656,7478418,3440119,1973805,2,2,2,2
2025-09-03 13:00:02.985,-7473540,7478321,7634294,1973991,2,2,2,2
2025-09-03 13:00:02.988,-3279075,7478513,3440156,1974230,2,2,2,2
2025-09-03 13:00:02.991,-7473400,3284202,7634451,1974154,2,2,2,2
2025-09-03 13:00:02.994,-3278971,7478654,3440281,1974044,2,2,2,2
2025-09-03 13:00:02.997,-7473165,7478762,3440146,1974226,2,2,2,2
2025-09-03 13:00:03.000,-7473182,3284462,7634453,4071319,2,2,2,2
2025-09-03 13:00:03.003,-7473363,7478642,7618206,1990760,2,2,2,2
2025-09-03 13:00:03.006,-3278867,7478760,3440480,1990878,2,2,2,2
2025-09-03 13:00:03.009,-3278982,7478670,3440382,1990707,2,2,2,2
2025-09-03 13:00:03.012,-7473260,7478765,3440487,1990888,2,2,2,2
2025-09-03 13:00:03.015,-7473268,3284460,7634727,4087967,2,2,2,2
2025-09-03 13:00:03.018,-3278695,7478800,3440527,1990913,2,2,2,2
2025-09-03 13:00:03.021,-3278729,7479025,7634790,1974492,2,2,2,2
2025-09-03 13:00:03.023,-7472938,7478805,7618450,1990909,2,2,2,2
2025-09-03 13:00:03.026,-7473055,7479014,7634785,1974417,2,2,2,2
2025-09-03 13:00:03.030,-7472927,7478916,7618549,1991012,2,2,2,2
2025-09-03 13:00:03.033,-3278617,7478915,3440642,1990961,2,2,2,2
2025-09-03 13:00:03.036,-7472996,7478914,7634933,1982833,2,2,2,2
2025-09-03 13:00:03.038,-7473036,7479146,3440880,1990944,2,2,2,2
2025-09-03 13:00:03.041,-7472905,7479280,7635066,1982959,2,2,2,2
2025-09-03 13:00:03.044,-7472892,7479061,3440785,1991158,2,2,2,2
2025-09-03 13:00:03.047,-7472902,7479052,3440781,1991168,2,2,2,2
2025-09-03 13:00:03.050,-7472770,3293076,7635221,1991302,2,2,2,2
2025-09-03 13:00:03.053,-7472660,7479311,7635341,1983222,2,2,2,2
2025-09-03 13:00:03.056,-7472656,7495698,3441044,1991168,2,2,2,2
2025-09-03 13:00:03.058,-7472787,3293428,7635256,4088478,2,2,2,2
2025-09-03 13:00:03.061,-7472760,7495691,3441032,1991409,2,2,2,2
2025-09-03 13:00:03.064,-7472620,7495822,3441250,1991619,2,2,2,2
2025-09-03 13:00:03.066,-7472618,7479480,7635564,1983372,2,2,2,2
2025-09-03 13:00:03.069,-7472631,7495825,7651904,1991554,2,2,2,2
2025-09-03 13:00:03.071,-7472638,7495839,7651906,1991555,2,2,2,2
2025-09-03 13:00:03.074,-7472632,7496182,7651961,1991576,2,2,2,2
2025-09-03 13:00:03.076,-7472627,7479538,7635594,1991652,2,2,2,2
2025-09-03 13:00:03.079,-7472638,7496181,7651964,1991648,2,2,2,2
2025-09-03 13:00:03.082,-3278178,7496136,7635735,1975419,2,2,2,2
2025-09-03 13:00:03.084,-3278202,7495989,7635725,1975404,2,2,2,2
2025-09-03 13:00:03.087,-7472171,7496333,7652197,1991809,2,2,2,2
2025-09-03 13:00:03.090,-7472376,7479816,7635947,1983743,2,2,2,2
2025-09-03 13:00:03.093,-3277966,7496322,3441430,1991726,2,2,2,2
2025-09-03 13:00:03.096,-7472252,7496342,3441538,1991902,2,2,2,2
2025-09-03 13:00:03.099,-7472364,7479868,7635992,1975661,2,2,2,2
2025-09-03 13:00:03.101,-7472183,7496445,7652505,1992176,2,2,2,2
2025-09-03 13:00:03.104,-7472262,3302124,7636169,1992173,2,2,2,2
2025-09-03 13:00:03.107,-7472286,7496417,3441799,1992150,2,2,2,2
2025-09-03 13:00:03.111,-7472233,7480112,7635982,1975653,2,2,2,2
2025-09-03 13:00:03.114,-7472111,7496674,3458186,1992161,2,2,2,2
2025-09-03 13:00:03.117,-3277945,7496555,3441666,1991971,2,2,2,2
2025-09-03 13:00:03.120,-7472237,3302265,7635993,1992053,2,2,2,2
2025-09-03 13:00:03.123,-3277834,7496687,7636119,1975794,2,2,2,2
2025-09-03 13:00:03.126,-7471923,7496590,7652721,1992328,2,2,2,2
2025-09-03 13:00:03.129,-7471926,3302285,7636274,1992336,2,2,2,2
2025-09-03 13:00:03.132,-7471877,7480315,7636462,1975816,2,2,2,2
2025-09-03 13:00:03.135,-7471988,3294178,7636425,1992420,2,2,2,2
2025-09-03 13:00:03.138,-7472120,7496803,3458316,1992299,2,2,2,2
2025-09-03 13:00:03.141,-3277697,7496932,3442071,1992422,2,2,2,2
2025-09-03 13:00:03.144,-7472097,7496849,7652738,1992341,2,2,2,2
2025-09-03 13:00:03.146,-7471993,7480569,7636455,1976055,2,2,2,2
2025-09-03 13:00:03.149,-7471732,7480625,7636481,1984269,2,2,2,2
2025-09-03 13:00:03.152,-7471776,7480773,7636636,1984482,2,2,2,2
2025-09-03 13:00:03.155,-7471763,3294476,7636724,1992455,2,2,2,2
2025-09-03 13:00:03.158,-7471676,7497097,3458688,1992595,2,2,2,2
2025-09-03 13:00:03.160,-7471629,7497113,3442587,1992931,2,2,2,2
2025-09-03 13:00:03.163,-7471681,7497100,3442566,1992913,2,2,2,2
2025-09-03 13:00:03.166,-7471607,7497214,7653370,1992957,2,2,2,2
2025-09-03 13:00:03.169,-3277300,7497224,7636741,1976370,2,2,2,2
2025-09-03 13:00:03.171,-7471487,3294853,7636796,4090001,2,2,2,2
2025-09-03 13:00:03.174,-7471553,7497243,3458912,1992826,2,2,2,2
2025-09-03 13:00:03.176,-3277409,7497193,7636975,1976322,2,2,2,2
2025-09-03 13:00:03.179,-7471561,7497355,7653259,1992930,2,2,2,2
2025-09-03 13:00:03.182,-3277319,7497242,7636835,1976364,2,2,2,2
2025-09-03 13:00:03.185,-3277311,7497246,7636838,1976442,2,2,2,2
2025-09-03 13:00:03.187,-7471369,3294824,7637049,4090248,2,2,2,2
2025-09-03 13:00:03.190,-3277166,7497239,7637020,1976627,2,2,2,2
2025-09-03 13:00:03.193,-7471368,7497345,7653568,1993115,2,2,2,2
2025-09-03 13:00:03.196,-7471584,3303139,7637243,1992964,2,2,2,2
2025-09-03 13:00:03.199,-7471588,7497460,7653377,1992966,2,2,2,2
2025-09-03 13:00:03.202,-3277053,7497710,7637234,1976826,2,2,2,2
2025-09-03 13:00:03.204,-7471364,7497713,7653626,1993211,2,2,2,2
2025-09-03 13:00:03.207,-3276818,7497689,7637483,1977087,2,2,2,2
2025-09-03 13:00:03.210,-7471151,7497601,7653791,1993371,2,2,2,2
2025-09-03 13:00:03.213,-7471349,7481355,7637275,1993245,2,2,2,2
2025-09-03 13:00:03.216,-7471359,7481355,7637276,1985122,2,2,2,2
2025-09-03 13:00:03.219,-7471143,3303664,7637515,1993489,2,2,2,2
2025-09-03 13:00:03.221,-3276902,7497964,7637510,1977088,2,2,2,2
2025-09-03 13:00:03.224,-7471221,3303655,7637521,1993481,2,2,2,2
2025-09-03 13:00:03.227,-7471256,7481497,7637484,1985277,2,2,2,2
2025-09-03 13:00:03.230,-7471159,7497977,7653947,1993578,2,2,2,2
2025-09-03 13:00:03.233,-3342325,7497933,7637745,1977331,2,2,2,2
2025-09-03 13:00:03.235,-7536513,7481602,7637608,1985376,2,2,2,2
2025-09-03 13:00:03.238,-7536594,7497978,7653946,1993580,2,2,2,2
2025-09-03 13:00:03.241,-3342189,7498037,7637653,1977282,2,2,2,2
2025-09-03 13:00:03.243,-7536604,7497994,7654220,1993833,2,2,2,2
2025-09-03 13:00:03.246,-3342321,7498230,7637790,1977410,2,2,2,2
2025-09-03 13:00:03.248,-3342091,7498215,7637778,1977401,2,2,2,2
2025-09-03 13:00:03.251,-7536618,3295508,7637818,4091015,2,2,2,2
2025-09-03 13:00:03.254,-7536637,3295507,7637818,1993851,2,2,2,2
2025-09-03 13:00:03.257,-3342196,7498196,3443711,1993736,2,2,2,2
2025-09-03 13:00:03.259,-7536380,7498261,7654268,1993865,2,2,2,2
2025-09-03 13:00:03.262,-7536354,7481973,7637989,1977577,2,2,2,2
2025-09-03 13:00:03.265,-7536367,7498350,7654366,1993954,2,2,2,2
2025-09-03 13:00:03.268,-7536188,3304172,7638053,1994084,2,2,2,2
2025-09-03 13:00:03.271,-7536169,3303943,7638068,1994105,2,2,2,2
2025-09-03 13:00:03.274,-3341855,7498258,7638155,1977741,2,2,2,2
2025-09-03 13:00:03.277,-7536349,7498477,7654505,1994084,2,2,2,2
2025-09-03 13:00:03.279,-7536141,7482243,7638271,1986046,2,2,2,2
2025-09-03 13:00:03.282,-7536151,7498620,7654653,1994232,2,2,2,2
2025-09-03 13:00:03.285,-3341808,7498736,7638386,1977900,2,2,2,2
2025-09-03 13:00:03.287,-7535986,7482481,7638513,1986282,2,2,2,2
2025-09-03 13:00:03.290,-3341580,7498971,7638555,1978160,2,2,2,2
2025-09-03 13:00:03.292,-7535884,7498983,7655013,1994519,2,2,2,2
2025-09-03 13:00:03.295,-7535877,3296486,7638568,1994599,2,2,2,2
2025-09-03 13:00:03.298,-7535866,7498756,3460730,1994614,2,2,2,2
2025-09-03 13:00:03.300,-7535666,7499002,3444337,1994550,2,2,2,2
2025-09-03 13:00:03.303,-7535734,7498908,3444251,1994519,2,2,2,2
2025-09-03 13:00:03.306,-7535886,7498758,3460755,1994633,2,2,2,2
2025-09-03 13:00:03.308,-3341448,7482588,7638628,1978139,2,2,2,2
2025-09-03 13:00:03.311,-3341587,7498761,7638758,1978262,2,2,2,2
2025-09-03 13:00:03.314,-3341438,7498975,7638655,1978188,2,2,2,2
2025-09-03 13:00:03.316,-7535648,3304708,7638761,4091807,2,2,2,2
2025-09-03 13:00:03.319,-3341417,7499020,7638772,1978312,2,2,2,2
2025-09-03 13:00:03.322,-7535764,3296414,7638588,4091770,2,2,2,2
2025-09-03 13:00:03.324,-7535719,3304715,7638775,4091807,2,2,2,2
2025-09-03 13:00:03.327,-7535721,3296538,7639036,4092135,2,2,2,2
2025-09-03 13:00:03.329,-3341327,7499067,7638811,1978381,2,2,2,2
2025-09-03 13:00:03.332,-7535635,7482745,7638810,1978384,2,2,2,2
2025-09-03 13:00:03.334,-7535802,7499013,3444636,1994983,2,2,2,2
2025-09-03 13:00:03.337,-7535630,7499157,7655290,1994858,2,2,2,2
2025-09-03 13:00:03.339,-7535585,7482886,7639023,1994911,2,2,2,2
2025-09-03 13:00:03.342,-3341433,7499067,7638811,1978419,2,2,2,2
2025-09-03 13:00:03.345,-3341418,7499215,7638900,1978409,2,2,2,2
2025-09-03 13:00:03.348,-7535374,7499516,7655643,1995160,2,2,2,2
2025-09-03 13:00:03.350,-7535603,7482915,7639053,1978870,2,2,2,2
2025-09-03 13:00:03.353,-7535410,3305192,7639255,1995130,2,2,2,2
2025-09-03 13:00:03.356,-7535518,7483010,7639148,1978646,2,2,2,2
2025-09-03 13:00:03.359,-7535507,7483090,7639176,1978739,2,2,2,2
2025-09-03 13:00:03.362,-3341206,7499476,3444889,1995062,2,2,2,2
2025-09-03 13:00:03.365,-7535403,7499535,7655688,1995238,2,2,2,2
2025-09-03 13:00:03.369,-3340960,7499763,3445216,1995472,2,2,2,2
2025-09-03 13:00:03.372,-7535367,7499658,7655887,1995370,2,2,2,2
2025-09-03 13:00:03.375,-7535349,3305450,7639525,1995394,2,2,2,2
2025-09-03 13:00:03.378,-3341060,7499740,7639451,1978951,2,2,2,2
2025-09-03 13:00:03.381,-3340823,7499749,3445226,1995456,2,2,2,2
2025-09-03 13:00:03.383,-3340928,7499641,3445115,1995295,2,2,2,2
2025-09-03 13:00:03.386,-7535210,3305609,7639764,1995622,2,2,2,2
2025-09-03 13:00:03.389,-7535127,7483628,7639794,1995659,2,2,2,2
2025-09-03 13:00:03.391,-7535222,7483579,7639779,1995642,2,2,2,2
2025-09-03 13:00:03.394,-7535131,7500013,7655937,1995676,2,2,2,2
2025-09-03 13:00:03.396,-7535136,7499784,7655951,1995676,2,2,2,2
2025-09-03 13:00:03.399,-7535090,3305595,7639609,4092691,2,2,2,2
2025-09-03 13:00:03.401,-7534855,3305834,7639853,1995770,2,2,2,2
2025-09-03 13:00:03.404,-7534876,7500128,3453806,1995780,2,2,2,2
2025-09-03 13:00:03.406,-7534921,7500051,3453726,1995768,2,2,2,2
2025-09-03 13:00:03.409,-7535127,7499872,7655994,1995523,2,2,2,2
2025-09-03 13:00:03.412,-7535212,7483451,7639660,1995523,2,2,2,2
2025-09-03 13:00:03.414,-7535101,7499923,7656178,1995635,2,2,2,2
2025-09-03 13:00:03.417,-3340784,7500006,7639795,1979328,2,2,2,2
2025-09-03 13:00:03.419,-3340795,7500010,7639806,1979262,2,2,2,2
2025-09-03 13:00:03.422,-7535129,3305612,7639780,4092782,2,2,2,2
2025-09-03 13:00:03.425,-3340900,7499984,7639779,1979171,2,2,2,2
2025-09-03 13:00:03.428,-7534978,7500148,3445626,1995787,2,2,2,2
2025-09-03 13:00:03.431,-7534868,3305958,7639813,4093063,2,2,2,2
2025-09-03 13:00:03.434,-3340546,7500049,3445607,1996013,2,2,2,2
2025-09-03 13:00:03.437,-7534865,3305978,7639849,1996006,2,2,2,2
2025-09-03 13:00:03.440,-7534955,7500262,3445768,1995991,2,2,2,2
2025-09-03 13:00:03.443,-3340796,7500061,7639948,1979407,2,2,2,2
2025-09-03 13:00:03.446,-3340697,7500245,3445753,1995970,2,2,2,2
2025-09-03 13:00:03.449,-7534874,7500315,3454079,1996048,2,2,2,2
2025-09-03 13:00:03.452,-7534732,7500543,3445787,1996271,2,2,2,2
2025-09-03 13:00:03.454,-7534705,3305996,7640119,4093437,2,2,2,2
2025-09-03 13:00:03.457,-7534836,7484085,7640321,1996179,2,2,2,2
2025-09-03 13:00:03.459,-7534817,7500521,3446028,1996247,2,2,2,2
2025-09-03 13:00:03.462,-3340410,7500302,7640184,1979649,2,2,2,2
2025-09-03 13:00:03.465,-7534632,7500390,7656631,1996136,2,2,2,2
2025-09-03 13:00:03.467,-7534847,7500447,7656724,1996185,2,2,2,2
2025-09-03 13:00:03.470,-3340447,7500545,7640442,1979897,2,2,2,2
2025-09-03 13:00:03.472,-7534593,3306473,7640349,4093678,2,2,2,2
2025-09-03 13:00:03.475,-7534606,7500770,3454222,1996510,2,2,2,2
2025-09-03 13:00:03.477,-3340315,7500755,7640345,1980090,2,2,2,2
2025-09-03 13:00:03.480,-7534566,7484177,7640465,1979928,2,2,2,2
2025-09-03 13:00:03.482,-3340035,7500793,7640696,1980168,2,2,2,2
2025-09-03 13:00:03.485,-7534400,7500940,7656964,1996688,2,2,2,2
2025-09-03 13:00:03.488,-7534576,7500896,7657187,1996654,2,2,2,2
2025-09-03 13:00:03.490,-7534452,7500957,3454492,1996772,2,2,2,2
2025-09-03 13:00:03.493,-7534333,7500819,7657119,1996651,2,2,2,2
2025-09-03 13:00:03.497,-7534105,7484685,7640966,1996812,2,2,2,2
2025-09-03 13:00:03.500,-7534114,3306768,7657420,1996826,2,2,2,2
2025-09-03 13:00:03.502,-3339880,7501076,3446677,1996834,2,2,2,2
2025-09-03 13:00:03.505,-7534349,3306612,7640835,1996666,2,2,2,2
2025-09-03 13:00:03.508,-3339808,7501099,7641075,1980538,2,2,2,2
2025-09-03 13:00:03.512,-7534207,7501076,3446682,1996838,2,2,2,2
2025-09-03 13:00:03.515,-3339787,7501264,7640854,1980605,2,2,2,2
2025-09-03 13:00:03.518,-7534114,7501184,7657486,1996947,2,2,2,2
2025-09-03 13:00:03.520,-7533965,3307024,7641320,1997164,2,2,2,2
2025-09-03 13:00:03.524,-7534063,7501309,7657631,1997084,2,2,2,2
2025-09-03 13:00:03.527,-7533855,7485153,7641198,1980927,2,2,2,2
2025-09-03 13:00:03.530,-7533876,7501450,7657828,1997215,2,2,2,2
2025-09-03 13:00:03.532,-7533821,7501574,3455456,1997343,2,2,2,2
2025-09-03 13:00:03.535,-7533588,3307503,7641546,4094471,2,2,2,2
2025-09-03 13:00:03.537,-7533677,7485375,7641476,1997316,2,2,2,2
2025-09-03 13:00:03.540,-7533691,7501795,3447175,1997558,2,2,2,2
2025-09-03 13:00:03.542,-7533691,7485337,7641472,1997554,2,2,2,2
2025-09-03 13:00:03.545,-7533594,7501579,7657932,1997421,2,2,2,2
2025-09-03 13:00:03.547,-7533580,7501595,7657979,1997432,2,2,2,2
2025-09-03 13:00:03.550,-7533833,7485301,7641375,1997460,2,2,2,2
2025-09-03 13:00:03.553,-7533721,7501805,3455376,1997321,2,2,2,2
2025-09-03 13:00:03.556,-7533665,7485259,7641618,1997443,2,2,2,2
2025-09-03 13:00:03.558,-7533806,7485422,7641745,1997573,2,2,2,2
2025-09-03 13:00:03.561,-3339361,7501628,3447398,1997539,2,2,2,2
2025-09-03 13:00:03.564,-3339377,7501684,3447395,1997529,2,2,2,2
2025-09-03 13:00:03.567,-7533710,3307551,7641611,1997689,2,2,2,2
2025-09-03 13:00:03.570,-3339165,7501860,7641875,1981309,2,2,2,2
2025-09-03 13:00:03.572,-7533342,3307751,7642077,1997827,2,2,2,2
2025-09-03 13:00:03.575,-7533512,7501961,7658369,1997798,2,2,2,2
2025-09-03 13:00:03.578,-7533574,7485458,7641863,1997677,2,2,2,2
2025-09-03 13:00:03.581,-3339110,7502069,3447782,1997834,2,2,2,2
2025-09-03 13:00:03.584,-3339233,7502201,3447664,1998044,2,2,2,2
2025-09-03 13:00:03.587,-3339001,7502129,7642217,1981599,2,2,2,2
2025-09-03 13:00:03.590,-7533266,7502236,7658649,1998088,2,2,2,2
2025-09-03 13:00:03.593,-3339105,7502113,3447826,1998029,2,2,2,2
2025-09-03 13:00:03.596,-3339000,7502216,3447927,1998068,2,2,2,2
2025-09-03 13:00:03.599,-3339010,7502287,7642255,1981704,2,2,2,2
2025-09-03 13:00:03.602,-7533108,7502447,7658605,1998304,2,2,2,2
2025-09-03 13:00:03.605,-3338863,7502398,3447933,1998328,2,2,2,2
2025-09-03 13:00:03.608,-3339015,7502312,3448032,1998108,2,2,2,2
2025-09-03 13:00:03.610,-7533265,7502441,7658527,1998239,2,2,2,2
2025-09-03 13:00:03.613,-7533106,7502469,7658620,1998318,2,2,2,2
2025-09-03 13:00:03.615,-3338882,7502394,7642230,1981938,2,2,2,2
2025-09-03 13:00:03.618,-3338991,7502361,7642395,1981834,2,2,2,2
2025-09-03 13:00:03.620,-7533284,3308137,7642414,4095464,2,2,2,2
2025-09-03 13:00:03.623,-7533309,7502359,3456282,1998281,2,2,2,2
2025-09-03 13:00:03.625,-7533284,7486030,7642503,1981939,2,2,2,2
2025-09-03 13:00:03.628,-7533293,7486083,7642500,1981954,2,2,2,2
2025-09-03 13:00:03.631,-7533303,7486146,7642506,1981947,2,2,2,2
2025-09-03 13:00:03.633,-7533303,7502466,7658893,1998331,2,2,2,2
2025-09-03 13:00:03.636,-7533051,7486340,7642510,1998588,2,2,2,2
2025-09-03 13:00:03.638,-3338500,7502788,7642760,1982205,2,2,2,2
2025-09-03 13:00:03.641,-3338728,7502833,7642624,1982252,2,2,2,2
2025-09-03 13:00:03.644,-7532936,7486482,7642721,1998734,2,2,2,2
2025-09-03 13:00:03.647,-7532925,7486490,7642654,1982354,2,2,2,2
2025-09-03 13:00:03.650,-7532770,3308789,7642894,4095860,2,2,2,2
2025-09-03 13:00:03.652,-7532808,7503005,3456759,1998630,2,2,2,2
2025-09-03 13:00:03.655,-7532686,7502959,3465086,1998824,2,2,2,2
2025-09-03 13:00:03.658,-7532551,7503083,7659284,1998948,2,2,2,2
2025-09-03 13:00:03.661,-3338253,7503087,7642894,2015277,2,2,2,2
2025-09-03 13:00:03.663,-7532660,7502988,3465198,1998866,2,2,2,2
2025-09-03 13:00:03.666,-7532562,3308798,7642908,4096143,2,2,2,2
2025-09-03 13:00:03.669,-3338250,7503113,7642980,2015450,2,2,2,2
2025-09-03 13:00:03.671,-3338467,7503154,7643036,2015487,2,2,2,2
2025-09-03 13:00:03.674,-7532777,3308916,7643106,4096002,2,2,2,2
2025-09-03 13:00:03.677,-3338392,7503308,7643122,2015266,2,2,2,2
2025-09-03 13:00:03.680,-7532574,7486731,7659631,1999074,2,2,2,2
2025-09-03 13:00:03.682,-3338389,7503326,7659527,2015358,2,2,2,2
2025-09-03 13:00:03.685,-3330038,7503167,3465463,1999136,2,2,2,2
2025-09-03 13:00:03.687,-7532531,3308940,7659762,4096358,2,2,2,2
2025-09-03 13:00:03.690,-7532516,3308959,7659535,4096387,2,2,2,2
2025-09-03 13:00:03.692,-7532348,7503475,3457254,1999117,2,2,2,2
2025-09-03 13:00:03.695,-7532533,7503587,3465501,1999230,2,2,2,2
2025-09-03 13:00:03.697,-7532536,7487178,7659875,1999253,2,2,2,2
2025-09-03 13:00:03.700,-7532300,7487129,7659793,1999227,2,2,2,2
2025-09-03 13:00:03.702,-7532351,7503457,7659698,1999356,2,2,2,2
2025-09-03 13:00:03.705,-7532341,7503479,7659724,1999133,2,2,2,2
2025-09-03 13:00:03.708,-7532430,7487074,7660003,1999371,2,2,2,2
2025-09-03 13:00:03.710,-7532290,7503604,7659893,1999257,2,2,2,2
2025-09-03 13:00:03.713,-7532333,7503507,7659795,1999477,2,2,2,2
2025-09-03 13:00:03.715,-3337999,7503622,7659902,2015929,2,2,2,2
2025-09-03 13:00:03.718,-7532178,3309445,7660035,4096611,2,2,2,2
2025-09-03 13:00:03.720,-7532061,3309322,7660247,1999598,2,2,2,2
2025-09-03 13:00:03.723,-7532058,3309328,7660258,4096762,2,2,2,2
2025-09-03 13:00:03.726,-3337981,7487285,7660038,2016098,2,2,2,2
2025-09-03 13:00:03.728,-7532261,3309458,7660046,1999737,2,2,2,2
2025-09-03 13:00:03.731,-7532018,7504013,3466001,1999672,2,2,2,2
2025-09-03 13:00:03.734,-7532175,3309563,7660095,4096993,2,2,2,2
2025-09-03 13:00:03.736,-7532161,7503968,3465960,1999620,2,2,2,2
2025-09-03 13:00:03.739,-7532048,7504011,3457819,1999676,2,2,2,2
2025-09-03 13:00:03.741,-7531791,7520439,7660319,2000010,2,2,2,2
2025-09-03 13:00:03.744,-7531986,7503897,7660491,1999885,2,2,2,2
2025-09-03 13:00:03.746,-7531839,7503978,7660289,1999968,2,2,2,2
2025-09-03 13:00:03.749,-7532017,7503878,7660482,1999859,2,2,2,2
2025-09-03 13:00:03.752,-7531913,7520375,7660302,1999900,2,2,2,2
2025-09-03 13:00:03.754,-7531822,7504018,7660366,1999995,2,2,2,2
2025-09-03 13:00:03.757,-3337493,7504115,3466125,2000106,2,2,2,2
2025-09-03 13:00:03.760,-7532048,3309573,7660513,1999869,2,2,2,2
2025-09-03 13:00:03.763,-7532033,7503903,7660536,1999894,2,2,2,2
2025-09-03 13:00:03.766,-7531928,3309710,7660322,4097149,2,2,2,2
2025-09-03 13:00:03.769,-3337697,7504325,7660646,2016389,2,2,2,2
2025-09-03 13:00:03.772,-3337590,7504375,3466390,2000117,2,2,2,2
2025-09-03 13:00:03.775,-7531772,7504241,3458145,2000188,2,2,2,2
2025-09-03 13:00:03.778,-7531651,3310076,7660771,4097523,2,2,2,2
2025-09-03 13:00:03.780,-7531653,7520763,7660771,2000382,2,2,2,2
2025-09-03 13:00:03.783,-7531525,7504520,3466601,2000321,2,2,2,2
2025-09-03 13:00:03.786,-7531634,3310100,7661048,4097559,2,2,2,2
2025-09-03 13:00:03.789,-3337445,7504622,7660938,2016716,2,2,2,2
2025-09-03 13:00:03.791,-7531643,7504484,3458315,2000411,2,2,2,2
2025-09-03 13:00:03.794,-7531494,3310340,7661024,4097781,2,2,2,2
2025-09-03 13:00:03.796,-7531404,7504743,3458573,2000419,2,2,2,2
2025-09-03 13:00:03.799,-7531375,7504780,3466875,2000584,2,2,2,2
2025-09-03 13:00:03.802,-7531274,3310590,7661279,4097782,2,2,2,2
2025-09-03 13:00:03.804,-7531501,7504670,3458569,2000678,2,2,2,2
2025-09-03 13:00:03.807,-7531292,7521270,7661213,2000888,2,2,2,2
2025-09-03 13:00:03.809,-7531292,7504892,7661304,2000641,2,2,2,2
2025-09-03 13:00:03.812,-7531317,7504878,7661247,2000878,2,2,2,2
2025-09-03 13:00:03.814,-3328760,7504934,7661340,2017083,2,2,2,2
2025-09-03 13:00:03.817,-3328638,7505127,7661467,2017250,2,2,2,2
2025-09-03 13:00:03.820,-3328627,7505139,3467243,2000891,2,2,2,2
2025-09-03 13:00:03.823,-7531229,3310747,7661519,2000879,2,2,2,2
2025-09-03 13:00:03.825,-3336709,7505018,3467138,2001098,2,2,2,2
2025-09-03 13:00:03.828,-7531022,7505008,3467122,2001094,2,2,2,2
2025-09-03 13:00:03.832,-7531143,7505173,3459096,2000937,2,2,2,2
2025-09-03 13:00:03.833,-7531161,7521528,7661567,2000916,2,2,2,2
2025-09-03 13:00:03.836,-7531231,7505151,7661569,2000912,2,2,2,2
2025-09-03 13:00:03.839,-7531141,7521611,7661678,2017404,2,2,2,2
2025-09-03 13:00:03.841,-7531042,7505304,7661775,2001121,2,2,2,2
2025-09-03 13:00:03.844,-7531025,3311088,7661804,2001150,2,2,2,2
2025-09-03 13:00:03.847,-7530785,7505289,7661802,2001384,2,2,2,2
2025-09-03 13:00:03.850,-3336565,7505209,7661722,2017729,2,2,2,2
2025-09-03 13:00:03.853,-7530987,7505183,7661686,2001273,2,2,2,2
2025-09-03 13:00:03.855,-7530895,3310965,7661777,4098455,2,2,2,2
2025-09-03 13:00:03.858,-7530862,3311079,7661834,4098308,2,2,2,2
2025-09-03 13:00:03.861,-3336561,7505384,3467528,2001158,2,2,2,2
2025-09-03 13:00:03.864,-7530877,3311332,7661837,2001420,2,2,2,2
2025-09-03 13:00:03.868,-7530723,7505552,3467763,2001647,2,2,2,2
2025-09-03 13:00:03.871,-7530854,3311130,7661885,4098691,2,2,2,2
2025-09-03 13:00:03.874,-7530787,7505435,7661957,2001544,2,2,2,2
2025-09-03 13:00:03.876,-3336685,7505638,7661843,2017797,2,2,2,2
2025-09-03 13:00:03.879,-3336472,7505469,7662052,2017990,2,2,2,2
2025-09-03 13:00:03.882,-3336452,7505625,7661837,2017797,2,2,2,2
2025-09-03 13:00:03.884,-7530757,7505644,3459601,2001420,2,2,2,2
2025-09-03 13:00:03.887,-7530872,3311234,7662061,4098718,2,2,2,2
2025-09-03 13:00:03.889,-7530781,7521986,7662094,2001410,2,2,2,2
2025-09-03 13:00:03.892,-7530722,7522108,7662213,2001537,2,2,2,2
2025-09-03 13:00:03.895,-3336448,7505665,7662205,2017895,2,2,2,2
2025-09-03 13:00:03.897,-7530752,7522069,7662212,2018167,2,2,2,2
2025-09-03 13:00:03.900,-7530702,7505792,3468015,2001895,2,2,2,2
2025-09-03 13:00:03.904,-7530695,3311517,7662351,2001673,2,2,2,2
2025-09-03 13:00:03.907,-3336420,7505859,7662323,2018284,2,2,2,2
2025-09-03 13:00:03.909,-7530475,3311743,7662572,2001896,2,2,2,2
2025-09-03 13:00:03.912,-3336187,7506121,7662578,2018241,2,2,2,2
2025-09-03 13:00:03.915,-3336299,7505956,7662493,2018227,2,2,2,2
2025-09-03 13:00:03.918,-7530451,7506169,7662457,2002020,2,2,2,2
2025-09-03 13:00:03.921,-7530262,7522432,7662593,2002154,2,2,2,2
2025-09-03 13:00:03.924,-7530375,7505946,3459985,2001980,2,2,2,2
2025-09-03 13:00:03.926,-7530447,7505937,7662512,2002047,2,2,2,2
2025-09-03 13:00:03.929,-7530267,7506064,7662641,2002165,2,2,2,2
2025-09-03 13:00:03.931,-3335946,7506161,7662700,2018358,2,2,2,2
2025-09-03 13:00:03.934,-3327869,7506376,7662604,2018549,2,2,2,2
2025-09-03 13:00:03.936,-7530013,3312106,7662903,4099349,2,2,2,2
2025-09-03 13:00:03.939,-7530007,7506419,3460477,2002212,2,2,2,2
2025-09-03 13:00:03.941,-7530098,7506404,3460465,2002187,2,2,2,2
2025-09-03 13:00:03.944,-7530186,7506544,3460357,2002401,2,2,2,2
2025-09-03 13:00:03.947,-7529990,7506463,3468774,2002575,2,2,2,2
2025-09-03 13:00:03.950,-7530216,7506566,7662899,2002417,2,2,2,2
2025-09-03 13:00:03.953,-7529985,7506541,7663104,2002660,2,2,2,2
2025-09-03 13:00:03.956,-7530039,7506440,7663051,2002542,2,2,2,2
2025-09-03 13:00:03.958,-7530196,7506675,7662909,2002460,2,2,2,2
2025-09-03 13:00:03.962,-7530048,7506447,3468769,2002561,2,2,2,2
2025-09-03 13:00:03.965,-7529791,3312404,7663338,2002564,2,2,2,2
2025-09-03 13:00:03.968,-7529838,7523132,7663358,2018961,2,2,2,2
2025-09-03 13:00:03.971,-7529958,7506692,7663259,2002809,2,2,2,2
2025-09-03 13:00:03.974,-3335578,7506703,7663338,2019205,2,2,2,2
2025-09-03 13:00:03.976,-3335542,7506880,7663383,2019303,2,2,2,2
2025-09-03 13:00:03.979,-7529977,7506938,3460833,2002741,2,2,2,2
2025-09-03 13:00:03.981,-7529734,7523080,7663333,2019191,2,2,2,2
2025-09-03 13:00:03.984,-7529834,7523275,7663242,2002712,2,2,2,2
2025-09-03 13:00:03.986,-7529968,7506717,7663357,2002838,2,2,2,2
2025-09-03 13:00:03.989,-3327479,7506716,3469068,2019283,2,2,2,2
2025-09-03 13:00:03.991,-3327381,7506745,7663390,2019313,2,2,2,2
2025-09-03 13:00:03.994,-7529884,3312518,7663394,2002933,2,2,2,2
2025-09-03 13:00:03.996,-3327258,7506709,3469046,2002892,2,2,2,2
2025-09-03 13:00:03.999,-7529968,7506806,7663390,2002934,2,2,2,2
2025-09-03 13:00:04.002,-7529942,7506912,7663498,2002785,2,2,2,2
2025-09-03 13:00:04.005,-7529752,7507051,7663414,2002920,2,2,2,2
2025-09-03 13:00:04.007,-7529829,7506973,3460876,2002911,2,2,2,2
2025-09-03 13:00:04.010,-3335193,7507000,7663718,2019329,2,2,2,2
2025-09-03 13:00:04.013,-3335192,7507063,3469411,2003198,2,2,2,2
2025-09-03 13:00:04.016,-7529478,3312789,7663817,2003044,2,2,2,2
2025-09-03 13:00:04.019,-7529675,7507222,3469331,2003102,2,2,2,2
2025-09-03 13:00:04.022,-7529440,7507207,7663874,2003344,2,2,2,2
2025-09-03 13:00:04.024,-7529472,7523819,7664111,2003329,2,2,2,2
2025-09-03 13:00:04.027,-3335061,7507479,7663898,2019785,2,2,2,2
2025-09-03 13:00:04.029,-3335048,7507508,7663973,2019841,2,2,2,2
2025-09-03 13:00:04.032,-7529243,3313376,7664086,2003565,2,2,2,2
2025-09-03 13:00:04.035,-7529117,3313256,7664153,4100849,2,2,2,2
2025-09-03 13:00:04.037,-3334764,7507680,7664287,2019956,2,2,2,2
2025-09-03 13:00:04.040,-7529268,7507464,3469833,2003671,2,2,2,2
2025-09-03 13:00:04.043,-3335040,7507674,7664105,2019959,2,2,2,2
2025-09-03 13:00:04.045,-3335137,7507664,7664023,2019907,2,2,2,2
2025-09-03 13:00:04.048,-7529405,7507607,3469719,2003484,2,2,2,2
2025-09-03 13:00:04.051,-7529231,3313271,7664170,4100858,2,2,2,2
2025-09-03 13:00:04.053,-7529095,7507702,3470073,2003515,2,2,2,2
2025-09-03 13:00:04.056,-7529226,3313273,7664329,4100862,2,2,2,2
2025-09-03 13:00:04.059,-7529229,3313275,7664350,2003475,2,2,2,2
2025-09-03 13:00:04.062,-7529225,7507600,3470052,2003485,2,2,2,2
2025-09-03 13:00:04.065,-7529166,3313415,7664157,2003611,2,2,2,2
2025-09-03 13:00:04.068,-3334789,7524129,7664247,2020094,2,2,2,2
2025-09-03 13:00:04.071,-7529012,7507842,7664271,2003727,2,2,2,2
2025-09-03 13:00:04.074,-3326601,7507769,7664257,2020095,2,2,2,2
2025-09-03 13:00:04.076,-3326572,7507917,7664358,2020135,2,2,2,2
2025-09-03 13:00:04.079,-3334760,7507852,3470308,2003754,2,2,2,2
2025-09-03 13:00:04.082,-7528994,7507941,7664637,2003835,2,2,2,2
2025-09-03 13:00:04.084,-7528951,7507995,7664431,2003965,2,2,2,2
2025-09-03 13:00:04.087,-7528729,7507976,7664696,2004124,2,2,2,2
2025-09-03 13:00:04.090,-3326368,7508170,7664534,2020416,2,2,2,2
2025-09-03 13:00:04.092,-7528811,3322110,7664667,2004123,2,2,2,2
2025-09-03 13:00:04.095,-3326460,7508162,3470487,2003993,2,2,2,2
2025-09-03 13:00:04.098,-3334634,7508186,3470589,2004020,2,2,2,2
2025-09-03 13:00:04.101,-3334629,7508122,3470338,2004161,2,2,2,2
2025-09-03 13:00:04.104,-7528707,3314056,7664896,2004334,2,2,2,2
2025-09-03 13:00:04.106,-7528832,3322131,7664839,2004217,2,2,2,2
2025-09-03 13:00:04.109,-7528819,7524650,7664798,2020627,2,2,2,2
2025-09-03 13:00:04.111,-3334404,7508453,7664912,2020739,2,2,2,2
2025-09-03 13:00:04.114,-7528662,7508246,7664957,2004462,2,2,2,2
2025-09-03 13:00:04.117,-7528654,3313940,7665108,2004224,2,2,2,2
2025-09-03 13:00:04.119,-7528570,7524738,7665137,2020715,2,2,2,2
2025-09-03 13:00:04.122,-7528680,3322380,7665092,4101637,2,2,2,2
2025-09-03 13:00:04.125,-7528688,3314192,7665090,2004484,2,2,2,2
2025-09-03 13:00:04.128,-7528570,3314313,7665163,4101760,2,2,2,2
2025-09-03 13:00:04.130,-7528500,7508474,3470707,2004470,2,2,2,2
2025-09-03 13:00:04.133,-7528576,7508378,3470604,2004422,2,2,2,2
2025-09-03 13:00:04.135,-7528581,7524803,7664921,2012567,2,2,2,2
2025-09-03 13:00:04.138,-7528491,7508465,7665011,2004455,2,2,2,2
2025-09-03 13:00:04.140,-7528688,3314039,7665129,2004329,2,2,2,2
2025-09-03 13:00:04.143,-7528668,7508627,7665169,2004627,2,2,2,2
2025-09-03 13:00:04.146,-3334151,7508530,3471092,2004520,2,2,2,2
2025-09-03 13:00:04.149,-7528478,3314279,7665379,2004506,2,2,2,2
2025-09-03 13:00:04.151,-7528312,7508753,3470992,2004747,2,2,2,2
2025-09-03 13:00:04.154,-7528422,7508895,3471133,2004946,2,2,2,2
2025-09-03 13:00:04.157,-7528443,7508888,3471131,2004943,2,2,2,2
2025-09-03 13:00:04.159,-7511812,7525258,7665423,2013046,2,2,2,2
2025-09-03 13:00:04.162,-7528302,7508837,3471346,2004758,2,2,2,2
2025-09-03 13:00:04.164,-7511819,3314588,7665434,2004872,2,2,2,2
2025-09-03 13:00:04.167,-7511922,3314542,7665658,4101989,2,2,2,2
2025-09-03 13:00:04.170,-3317493,7508995,7665538,2021369,2,2,2,2
2025-09-03 13:00:04.173,-7528012,7509121,3471386,2005124,2,2,2,2
2025-09-03 13:00:04.176,-7528200,7508979,7665538,2004973,2,2,2,2
2025-09-03 13:00:04.179,-3325709,7508985,7665544,2021359,2,2,2,2
2025-09-03 13:00:04.182,-7528320,7508876,3471134,2004936,2,2,2,2
2025-09-03 13:00:04.184,-7511819,3314706,7665634,4102167,2,2,2,2
2025-09-03 13:00:04.187,-3317389,7509209,7665766,2021559,2,2,2,2
2025-09-03 13:00:04.190,-3317370,7509228,7665792,2021624,2,2,2,2
2025-09-03 13:00:04.193,-7511761,7509225,7665778,2005218,2,2,2,2
2025-09-03 13:00:04.196,-3317375,7509230,7665796,2021625,2,2,2,2
2025-09-03 13:00:04.198,-3317382,7509230,7665805,2021622,2,2,2,2
2025-09-03 13:00:04.201,-3317399,7509231,7665803,2021629,2,2,2,2
2025-09-03 13:00:04.204,-7511702,7525622,7665804,2013426,2,2,2,2
2025-09-03 13:00:04.207,-7511423,7525659,7666161,2013457,2,2,2,2
2025-09-03 13:00:04.209,-7511442,7525885,7666072,2013692,2,2,2,2
2025-09-03 13:00:04.212,-7511344,7509359,7665933,2005364,2,2,2,2
2025-09-03 13:00:04.214,-7511526,7509505,7666106,2005506,2,2,2,2
2025-09-03 13:00:04.217,-3317113,7509545,7666194,2022009,2,2,2,2
2025-09-03 13:00:04.220,-7511292,3323639,7666391,4102907,2,2,2,2
2025-09-03 13:00:04.222,-7511277,3323396,7666425,4102675,2,2,2,2
2025-09-03 13:00:04.225,-7527551,7509636,3471977,2005717,2,2,2,2
2025-09-03 13:00:04.227,-7511299,7525894,7666415,2021912,2,2,2,2
2025-09-03 13:00:04.230,-7511411,7526079,7666303,2013935,2,2,2,2
2025-09-03 13:00:04.232,-7511292,7525899,7666430,2013725,2,2,2,2
2025-09-03 13:00:04.235,-7511311,7509512,7666421,2005531,2,2,2,2
2025-09-03 13:00:04.237,-7511281,3315310,7666200,2005636,2,2,2,2
2025-09-03 13:00:04.240,-3325202,7509517,7666178,2021927,2,2,2,2
2025-09-03 13:00:04.243,-7511350,7509745,7666370,2005509,2,2,2,2
2025-09-03 13:00:04.246,-7511284,7509630,7666210,2005648,2,2,2,2
2025-09-03 13:00:04.248,-7511270,7509912,7666568,2005998,2,2,2,2
2025-09-03 13:00:04.251,-7511075,7509858,7666447,2005888,2,2,2,2
2025-09-03 13:00:04.254,-7511036,7509902,7666492,2006001,2,2,2,2
2025-09-03 13:00:04.256,-7511026,7526340,7666564,2022389,2,2,2,2
2025-09-03 13:00:04.259,-3316481,7510228,7666814,2022635,2,2,2,2
2025-09-03 13:00:04.263,-3324906,7510001,7666588,2022409,2,2,2,2
2025-09-03 13:00:04.265,-3324780,7510075,3472483,2006227,2,2,2,2
2025-09-03 13:00:04.268,-3324820,7510033,7666692,2022448,2,2,2,2
2025-09-03 13:00:04.270,-7510794,7526628,7666920,2006031,2,2,2,2
2025-09-03 13:00:04.274,-7527311,7510123,3472486,2006219,2,2,2,2
2025-09-03 13:00:04.277,-7510895,3315854,7666886,4103408,2,2,2,2
2025-09-03 13:00:04.279,-3316500,7510262,7666940,2022459,2,2,2,2
2025-09-03 13:00:04.282,-3316581,7510251,7666916,2022670,2,2,2,2
2025-09-03 13:00:04.285,-7510582,7510506,7667101,2006278,2,2,2,2
2025-09-03 13:00:04.288,-3332743,7510490,3472783,2006283,2,2,2,2
2025-09-03 13:00:04.291,-7510725,3316202,7667162,2006282,2,2,2,2
2025-09-03 13:00:04.294,-7510766,7526788,7667060,2022885,2,2,2,2
2025-09-03 13:00:04.297,-7510631,3315999,7666960,4103561,2,2,2,2
2025-09-03 13:00:04.300,-7526944,7510383,7667045,2006429,2,2,2,2
2025-09-03 13:00:04.303,-3332620,7510412,3472763,2006525,2,2,2,2
2025-09-03 13:00:04.306,-7510729,7510544,7667210,2006666,2,2,2,2
2025-09-03 13:00:04.309,-7510516,3316454,7667423,4103776,2,2,2,2
2025-09-03 13:00:04.312,-3316254,7510734,7667338,2022920,2,2,2,2
2025-09-03 13:00:04.314,-7510310,7510663,7667323,2006775,2,2,2,2
2025-09-03 13:00:04.317,-3332586,7510549,3472903,2006723,2,2,2,2
2025-09-03 13:00:04.320,-7526756,7510758,3473036,2006800,2,2,2,2
2025-09-03 13:00:04.323,-3332581,7510880,3473254,2006997,2,2,2,2
2025-09-03 13:00:04.326,-7526890,7510894,3473262,2007009,2,2,2,2
2025-09-03 13:00:04.329,-7510505,7527211,7667571,2023401,2,2,2,2
2025-09-03 13:00:04.332,-3316206,7510579,7667314,2023108,2,2,2,2
2025-09-03 13:00:04.334,-3316103,7510751,7667359,2023192,2,2,2,2
2025-09-03 13:00:04.337,-7510391,3316469,7667450,4104042,2,2,2,2
2025-09-03 13:00:04.340,-3316076,7510787,7667468,2023300,2,2,2,2
2025-09-03 13:00:04.342,-3324163,7510843,7667581,2023431,2,2,2,2
2025-09-03 13:00:04.345,-7510080,7511032,7667723,2023561,2,2,2,2
2025-09-03 13:00:04.348,-7510026,7511157,7667889,2023436,2,2,2,2
2025-09-03 13:00:04.351,-3332233,7511050,3473422,2023636,2,2,2,2
2025-09-03 13:00:04.353,-3332086,7511190,3473639,2023716,2,2,2,2
2025-09-03 13:00:04.356,-7509960,7511326,7668037,2023917,2,2,2,2
2025-09-03 13:00:04.358,-7509956,7511394,7668082,2023928,2,2,2,2
2025-09-03 13:00:04.361,-7510021,7511271,7667960,2023795,2,2,2,2
2025-09-03 13:00:04.364,-7510036,7511266,7667957,2023797,2,2,2,2
2025-09-03 13:00:04.366,-7509990,7511392,7668085,2023932,2,2,2,2
2025-09-03 13:00:04.369,-3315553,7511526,7668221,2023809,2,2,2,2
2025-09-03 13:00:04.371,-3315478,7511300,7667993,2023876,2,2,2,2
2025-09-03 13:00:04.374,-7509883,3325337,7668211,4121210,2,2,2,2
2025-09-03 13:00:04.377,-3323655,7511319,7668081,2023927,2,2,2,2
2025-09-03 13:00:04.380,-3323751,7511548,7668066,2023901,2,2,2,2
2025-09-03 13:00:04.383,-7509763,7511406,7668174,2023951,2,2,2,2
2025-09-03 13:00:04.386,-7526376,7511448,3473893,2024046,2,2,2,2
2025-09-03 13:00:04.389,-7509868,3325471,7668268,4121333,2,2,2,2
2025-09-03 13:00:04.391,-7509749,7511697,7668381,2024044,2,2,2,2
2025-09-03 13:00:04.394,-3331732,7511556,3473930,2024142,2,2,2,2
2025-09-03 13:00:04.398,-7509909,7527947,7668327,2024164,2,2,2,2
2025-09-03 13:00:04.400,-7509882,3317368,7668425,4121100,2,2,2,2
2025-09-03 13:00:04.403,-7526169,7511776,7668469,2024058,2,2,2,2
2025-09-03 13:00:04.406,-7509628,3317359,7668436,4121365,2,2,2,2
2025-09-03 13:00:04.409,-3315448,7511554,7668321,2024093,2,2,2,2
2025-09-03 13:00:04.411,-7526212,7511791,3473937,2024141,2,2,2,2
2025-09-03 13:00:04.414,-7509754,7527998,7668341,2024172,2,2,2,2
2025-09-03 13:00:04.416,-7526130,7511918,3474310,2024200,2,2,2,2
2025-09-03 13:00:04.419,-7509624,7528399,7668494,2024328,2,2,2,2
2025-09-03 13:00:04.422,-7509630,7528435,7668502,2024335,2,2,2,2
2025-09-03 13:00:04.424,-7509523,3317611,7668673,2024441,2,2,2,2
2025-09-03 13:00:04.427,-7509519,3317620,7668687,2024453,2,2,2,2
2025-09-03 13:00:04.430,-3315328,7511809,7668578,2024416,2,2,2,2
2025-09-03 13:00:04.433,-3315099,7512040,7668765,2024627,2,2,2,2
2025-09-03 13:00:04.435,-3315195,7528676,7668741,2024570,2,2,2,2
2025-09-03 13:00:04.438,-3315096,7528459,7668836,2024676,2,2,2,2
2025-09-03 13:00:04.440,-7509488,3326200,7668769,2024598,2,2,2,2
2025-09-03 13:00:04.443,-7525643,7528690,3474448,2024645,2,2,2,2
2025-09-03 13:00:04.445,-7525685,7528604,3474695,2024761,2,2,2,2
2025-09-03 13:00:04.448,-7509277,7528644,7668996,2024832,2,2,2,2
2025-09-03 13:00:04.451,-7509229,7528774,7669123,2016762,2,2,2,2
2025-09-03 13:00:04.453,-7525651,7528712,3474786,2024922,2,2,2,2
2025-09-03 13:00:04.456,-7509246,7528811,7669187,2024710,2,2,2,2
2025-09-03 13:00:04.459,-7509263,3334425,7669051,2024953,2,2,2,2
2025-09-03 13:00:04.461,-3331200,7528936,3474704,2024906,2,2,2,2
2025-09-03 13:00:04.464,-7509228,3334517,7669219,2024801,2,2,2,2
2025-09-03 13:00:04.467,-7509115,7528952,7669352,2025119,2,2,2,2
2025-09-03 13:00:04.471,-7525532,7528931,3474958,2025162,2,2,2,2
2025-09-03 13:00:04.474,-7509109,7528970,7669365,2025211,2,2,2,2
2025-09-03 13:00:04.476,-7509225,3326440,7669277,2025106,2,2,2,2
2025-09-03 13:00:04.479,-3314689,7528908,7669251,2025083,2,2,2,2
2025-09-03 13:00:04.482,-7525372,7529104,3474946,2025019,2,2,2,2
2025-09-03 13:00:04.484,-7525184,7529088,3475184,2025251,2,2,2,2
2025-09-03 13:00:04.487,-7508866,7529277,7669648,2025228,2,2,2,2
2025-09-03 13:00:04.489,-7508756,7529357,7669514,2025330,2,2,2,2
2025-09-03 13:00:04.492,-7508729,7529463,7669624,2025443,2,2,2,2
2025-09-03 13:00:04.495,-7525257,7529337,3475437,2025257,2,2,2,2
2025-09-03 13:00:04.497,-7508788,7529109,7669508,2025348,2,2,2,2
2025-09-03 13:00:04.500,-7508771,3335140,7669534,2025446,2,2,2,2
2025-09-03 13:00:04.503,-3314551,7529424,7669519,2025352,2,2,2,2
2025-09-03 13:00:04.506,-3314545,7529452,7669611,2025447,2,2,2,2
2025-09-03 13:00:04.508,-7508846,3335142,7669545,4122594,2,2,2,2
2025-09-03 13:00:04.511,-7525102,7529324,3475443,2025520,2,2,2,2
2025-09-03 13:00:04.513,-7508725,7529293,7669742,2017387,2,2,2,2
2025-09-03 13:00:04.516,-7508781,7529469,7669702,2025468,2,2,2,2
2025-09-03 13:00:04.518,-3322651,7529240,3475437,2025504,2,2,2,2
2025-09-03 13:00:04.521,-7508728,7529337,7669766,2025598,2,2,2,2
2025-09-03 13:00:04.524,-7508706,3335063,7669798,2025704,2,2,2,2
2025-09-03 13:00:04.527,-7508614,7529478,7669905,2025487,2,2,2,2
2025-09-03 13:00:04.530,-7524923,7529474,7669988,2025754,2,2,2,2
2025-09-03 13:00:04.533,-3330684,7529496,3475688,2025762,2,2,2,2
2025-09-03 13:00:04.536,-7524943,7529591,3475707,2025791,2,2,2,2
2025-09-03 13:00:04.539,-7508510,3335311,7670041,2025873,2,2,2,2
2025-09-03 13:00:04.541,-7524833,7529749,3475864,2025757,2,2,2,2
2025-09-03 13:00:04.544,-7524816,7529740,3475857,2025746,2,2,2,2
2025-09-03 13:00:04.547,-7508338,3335560,7670028,4123031,2,2,2,2
2025-09-03 13:00:04.549,-7524813,7529852,7670265,2025853,2,2,2,2
2025-09-03 13:00:04.552,-7508375,7529789,7670268,2025850,2,2,2,2
2025-09-03 13:00:04.555,-7508477,3327341,7670242,4123166,2,2,2,2
2025-09-03 13:00:04.557,-7508332,7529968,7670387,2026232,2,2,2,2
2025-09-03 13:00:04.560,-7508473,7529766,7670257,2026109,2,2,2,2
2025-09-03 13:00:04.563,-7524465,7530232,3476098,2026237,2,2,2,2
2025-09-03 13:00:04.566,-7508162,7530215,7670385,2026235,2,2,2,2
2025-09-03 13:00:04.569,-7508254,7530087,7670517,2017906,2,2,2,2
2025-09-03 13:00:04.572,-7524628,7530089,3476213,2026044,2,2,2,2
2025-09-03 13:00:04.574,-3313939,7530044,7670277,2026124,2,2,2,2
2025-09-03 13:00:04.577,-7508196,7530232,7670401,2026240,2,2,2,2
2025-09-03 13:00:04.580,-7524410,7530101,3476233,2026444,2,2,2,2
2025-09-03 13:00:04.583,-7524607,7530212,3476348,2026473,2,2,2,2
2025-09-03 13:00:04.586,-3330277,7530247,3476453,2026257,2,2,2,2
2025-09-03 13:00:04.589,-7508070,7530122,7670641,2026467,2,2,2,2
2025-09-03 13:00:04.592,-3313909,7530245,7670772,2026266,2,2,2,2
2025-09-03 13:00:04.594,-3313691,7530204,7670660,2026484,2,2,2,2
2025-09-03 13:00:04.597,-7508072,3327895,7670589,4123635,2,2,2,2
2025-09-03 13:00:04.600,-7508075,3327984,7670722,4123645,2,2,2,2
2025-09-03 13:00:04.602,-7524340,7530352,3476489,2026613,2,2,2,2
2025-09-03 13:00:04.605,-7524233,7530472,3476618,2026741,2,2,2,2
2025-09-03 13:00:04.608,-7507858,7530467,7670909,2026747,2,2,2,2
2025-09-03 13:00:04.610,-3313409,7530544,7670801,2026632,2,2,2,2
2025-09-03 13:00:04.613,-7524202,7530512,3476728,2026534,2,2,2,2
2025-09-03 13:00:04.616,-7524171,7530524,3476488,2026691,2,2,2,2
2025-09-03 13:00:04.618,-7507861,3328253,7671023,2026850,2,2,2,2
2025-09-03 13:00:04.621,-7524031,7530751,3476980,2026852,2,2,2,2
2025-09-03 13:00:04.624,-7524068,7530746,7671280,2026776,2,2,2,2
2025-09-03 13:00:04.627,-7524122,7530637,7671171,2027000,2,2,2,2
2025-09-03 13:00:04.630,-7507721,7530725,7671191,2026763,2,2,2,2
2025-09-03 13:00:04.632,-3329817,7530648,3476870,2026998,2,2,2,2
2025-09-03 13:00:04.635,-7507583,7530881,7671155,2018786,2,2,2,2
2025-09-03 13:00:04.638,-7507510,7530890,7671219,2026993,2,2,2,2
2025-09-03 13:00:04.640,-7507459,7530762,7671311,2027121,2,2,2,2
2025-09-03 13:00:04.643,-3313291,7530955,7671431,2027254,2,2,2,2
2025-09-03 13:00:04.645,-7507516,7530904,7671487,2027015,2,2,2,2
2025-09-03 13:00:04.648,-3313155,7531034,7671321,2027205,2,2,2,2
2025-09-03 13:00:04.651,-7507559,7531011,7671303,2018939,2,2,2,2
2025-09-03 13:00:04.654,-7507441,7531137,7671418,2019051,2,2,2,2
2025-09-03 13:00:04.657,-7523606,7531038,7671582,2027422,2,2,2,2
2025-09-03 13:00:04.660,-7507313,7531017,7671572,2019209,2,2,2,2
2025-09-03 13:00:04.663,-7507210,7531143,7671756,2027504,2,2,2,2
2025-09-03 13:00:04.666,-7507426,7531245,7671799,2027360,2,2,2,2
2025-09-03 13:00:04.669,-3313145,7531251,7671793,2027289,2,2,2,2
2025-09-03 13:00:04.672,-3313127,7531267,7671571,2027395,2,2,2,2
2025-09-03 13:00:04.674,-7507422,7531274,7671613,2027404,2,2,2,2
2025-09-03 13:00:04.677,-3312919,7531469,7671781,2027571,2,2,2,2
2025-09-03 13:00:04.680,-7507427,7531280,7671654,2027405,2,2,2,2
2025-09-03 13:00:04.683,-7507207,7531507,7671812,2027631,2,2,2,2
2025-09-03 13:00:04.685,-3312890,7531278,7671839,2027659,2,2,2,2
2025-09-03 13:00:04.688,-3312871,7531319,7671944,2027766,2,2,2,2
2025-09-03 13:00:04.690,-7523454,7531499,3485936,2027555,2,2,2,2
2025-09-03 13:00:04.693,-7507190,7531560,7671934,2027755,2,2,2,2
2025-09-03 13:00:04.695,-7523579,7531636,3477639,2027755,2,2,2,2
2025-09-03 13:00:04.698,-7523335,7531619,3485823,2027753,2,2,2,2
2025-09-03 13:00:04.700,-7507053,7531533,7672161,2027913,2,2,2,2
2025-09-03 13:00:04.703,-7523325,7531645,7672220,2027787,2,2,2,2
2025-09-03 13:00:04.706,-3312634,7531736,7672299,2027798,2,2,2,2
2025-09-03 13:00:04.710,-7506719,7531903,7672281,2028031,2,2,2,2
2025-09-03 13:00:04.712,-7506719,7531908,7672219,2028043,2,2,2,2
2025-09-03 13:00:04.716,-7523130,7531891,7672192,2028019,2,2,2,2
2025-09-03 13:00:04.718,-7523319,7531787,7672343,2028172,2,2,2,2
2025-09-03 13:00:04.721,-7506814,7531897,7672479,2028280,2,2,2,2
2025-09-03 13:00:04.724,-7506927,3337500,7672376,4125410,2,2,2,2
2025-09-03 13:00:04.727,-7523086,7531776,3486232,2028227,2,2,2,2
2025-09-03 13:00:04.730,-7523262,7531887,3486353,2028272,2,2,2,2
2025-09-03 13:00:04.732,-7506802,3337629,7672326,4125287,2,2,2,2
2025-09-03 13:00:04.735,-7523221,7531910,3486445,2028047,2,2,2,2
2025-09-03 13:00:04.738,-7506660,7532165,7672548,2028292,2,2,2,2
2025-09-03 13:00:04.740,-7506723,7532045,7672368,2028180,2,2,2,2
2025-09-03 13:00:04.743,-7506706,7532061,7672518,2028269,2,2,2,2
2025-09-03 13:00:04.746,-7506463,3337829,7672781,2028518,2,2,2,2
2025-09-03 13:00:04.748,-7506559,3337973,7672626,2028427,2,2,2,2
2025-09-03 13:00:04.751,-7506633,7532036,7672630,2028438,2,2,2,2
2025-09-03 13:00:04.754,-7506531,7532081,7672734,2028290,2,2,2,2
2025-09-03 13:00:04.757,-7523057,7532259,7672598,2028406,2,2,2,2
2025-09-03 13:00:04.760,-3328747,7532272,3478376,2028490,2,2,2,2
2025-09-03 13:00:04.763,-7522926,7532417,3478512,2028567,2,2,2,2
2025-09-03 13:00:04.766,-7522812,7532525,3486816,2028607,2,2,2,2
2025-09-03 13:00:04.768,-7506529,7532510,7672826,2028645,2,2,2,2
2025-09-03 13:00:04.771,-7506410,7532347,7672958,2028774,2,2,2,2
2025-09-03 13:00:04.774,-7506333,7532361,7672977,2028792,2,2,2,2
2025-09-03 13:00:04.776,-7522614,7532442,3478531,2028652,2,2,2,2
2025-09-03 13:00:04.779,-7522571,7532571,3486844,2028776,2,2,2,2
2025-09-03 13:00:04.782,-3328390,7532771,3478799,2028850,2,2,2,2
2025-09-03 13:00:04.785,-3311883,7532571,3478679,2028788,2,2,2,2
2025-09-03 13:00:04.788,-3328267,7532585,3478756,2028804,2,2,2,2
2025-09-03 13:00:04.790,-7506287,7532559,7673221,2029026,2,2,2,2
2025-09-03 13:00:04.793,-7506126,7532783,7673188,2028940,2,2,2,2
2025-09-03 13:00:04.795,-7506212,7532644,7673278,2028805,2,2,2,2
2025-09-03 13:00:04.798,-3311877,7532738,7673089,2028905,2,2,2,2
2025-09-03 13:00:04.800,-7505981,7532826,7673239,2029046,2,2,2,2
2025-09-03 13:00:04.803,-7506034,7532849,7673333,2029070,2,2,2,2
2025-09-03 13:00:04.805,-3311637,7533002,7673351,2029174,2,2,2,2
2025-09-03 13:00:04.808,-7506078,7533052,7673467,2029214,2,2,2,2
2025-09-03 13:00:04.811,-7506068,7532827,7673487,2029301,2,2,2,2
2025-09-03 13:00:04.814,-3311860,7533050,7673473,2029203,2,2,2,2
2025-09-03 13:00:04.816,-3311720,7533007,7673360,2029135,2,2,2,2
2025-09-03 13:00:04.819,-7505933,3338741,7673390,4126359,2,2,2,2
2025-09-03 13:00:04.822,-7505927,3338751,7673540,4126437,2,2,2,2
2025-09-03 13:00:04.824,-7522189,7533190,3487510,2029364,2,2,2,2
2025-09-03 13:00:04.827,-7522164,7533294,3479421,2029522,2,2,2,2
2025-09-03 13:00:04.830,-7522291,7533162,3479539,2029340,2,2,2,2
2025-09-03 13:00:04.833,-7505697,7533066,7673743,2029551,2,2,2,2
2025-09-03 13:00:04.836,-7505795,7533300,7673726,2029541,2,2,2,2
2025-09-03 13:00:04.839,-7522171,7533312,3487629,2029550,2,2,2,2
2025-09-03 13:00:04.842,-7505892,7533211,7673705,2029451,2,2,2,2
2025-09-03 13:00:04.844,-7505857,7533323,7673783,2029549,2,2,2,2
2025-09-03 13:00:04.847,-3311504,7533314,7673752,2029551,2,2,2,2
2025-09-03 13:00:04.850,-3311516,7533315,7673746,2029517,2,2,2,2
2025-09-03 13:00:04.852,-7505648,3339247,7674050,4126946,2,2,2,2
2025-09-03 13:00:04.855,-7521930,7533336,3487978,2029588,2,2,2,2
2025-09-03 13:00:04.857,-7522148,7533456,3479649,2029761,2,2,2,2
2025-09-03 13:00:04.860,-7505658,7533322,7674078,2029570,2,2,2,2
2025-09-03 13:00:04.862,-7505700,7533542,7673979,2029723,2,2,2,2
2025-09-03 13:00:04.865,-3311247,7533367,7673879,2029626,2,2,2,2
2025-09-03 13:00:04.867,-7505523,7533511,7673991,2029724,2,2,2,2
2025-09-03 13:00:04.870,-7521907,7533547,3487887,2029808,2,2,2,2
2025-09-03 13:00:04.873,-7522028,7533694,7674133,2029940,2,2,2,2
2025-09-03 13:00:04.876,-7505430,7533593,7674116,2029920,2,2,2,2
2025-09-03 13:00:04.879,-7505427,3339292,7674120,2029924,2,2,2,2
2025-09-03 13:00:04.882,-7505449,7533586,7674364,2029845,2,2,2,2
2025-09-03 13:00:04.884,-7505556,7533813,7674270,2030063,2,2,2,2
2025-09-03 13:00:04.887,-7521764,7533794,3479950,2030053,2,2,2,2
2025-09-03 13:00:04.890,-7505156,3339657,7674431,4127367,2,2,2,2
2025-09-03 13:00:04.893,-7521531,7533983,3480212,2030308,2,2,2,2
2025-09-03 13:00:04.896,-7521645,7533949,3480175,2030280,2,2,2,2
2025-09-03 13:00:04.898,-7505408,7534031,7674598,2030331,2,2,2,2
2025-09-03 13:00:04.901,-7505209,7533943,7674481,2030204,2,2,2,2
2025-09-03 13:00:04.903,-7521548,7533981,3488481,2030324,2,2,2,2
2025-09-03 13:00:04.906,-7505192,7533948,7674506,2030227,2,2,2,2
2025-09-03 13:00:04.908,-7505178,7533980,7674600,2030328,2,2,2,2
2025-09-03 13:00:04.911,-3310819,7534105,7674722,2030455,2,2,2,2
2025-09-03 13:00:04.913,-3310825,7534116,7674733,2030457,2,2,2,2
2025-09-03 13:00:04.916,-7504906,3339798,7674643,4127597,2,2,2,2
2025-09-03 13:00:04.918,-7504921,3339798,7674637,4127589,2,2,2,2
2025-09-03 13:00:04.921,-7505162,7534201,7674747,2030486,2,2,2,2
2025-09-03 13:00:04.923,-7521547,7534111,3488618,2030529,2,2,2,2
2025-09-03 13:00:04.926,-7504996,3339802,7674660,4127614,2,2,2,2
2025-09-03 13:00:04.929,-7504955,7534095,7674640,2030449,2,2,2,2
2025-09-03 13:00:04.932,-7505042,3339776,7674638,4127517,2,2,2,2
2025-09-03 13:00:04.935,-7521423,7534350,3480599,2030690,2,2,2,2
2025-09-03 13:00:04.937,-7505041,3340058,7674911,2030700,2,2,2,2
2025-09-03 13:00:04.940,-7505133,7534387,7674900,2030615,2,2,2,2
2025-09-03 13:00:04.942,-7504927,7534219,7674849,2030564,2,2,2,2
2025-09-03 13:00:04.945,-7505053,7534396,7674982,2030714,2,2,2,2
2025-09-03 13:00:04.948,-7505034,7534413,7675016,2030745,2,2,2,2
2025-09-03 13:00:04.950,-7521280,7534342,3480683,2030706,2,2,2,2
2025-09-03 13:00:04.953,-7521213,7534453,3488910,2030810,2,2,2,2
2025-09-03 13:00:04.956,-7504876,7534668,7675263,2030996,2,2,2,2
2025-09-03 13:00:04.958,-7504651,7534610,7675170,2030966,2,2,2,2
2025-09-03 13:00:04.961,-7504800,7534711,7675280,2031073,2,2,2,2
2025-09-03 13:00:04.964,-7504658,3340316,7675185,4128129,2,2,2,2
2025-09-03 13:00:04.967,-7521022,7534714,3480982,2031075,2,2,2,2
2025-09-03 13:00:04.969,-3310337,7534785,7675286,2031045,2,2,2,2
2025-09-03 13:00:04.972,-7504511,3340549,7675421,4128365,2,2,2,2
2025-09-03 13:00:04.975,-7504485,7534915,7675538,2031253,2,2,2,2
2025-09-03 13:00:04.978,-7504437,7534952,7675527,2031249,2,2,2,2
2025-09-03 13:00:04.981,-7504625,7535085,7675450,2031134,2,2,2,2
2025-09-03 13:00:04.983,-3310100,7535059,7675637,2031361,2,2,2,2
2025-09-03 13:00:04.986,-7504491,7534978,7675626,2031330,2,2,2,2
2025-09-03 13:00:04.989,-7504617,7534863,7675528,2031237,2,2,2,2
2025-09-03 13:00:04.991,-7504539,7534917,7675549,2031260,2,2,2,2
2025-09-03 13:00:04.994,-3310092,7535103,3481197,2031150,2,2,2,2
2025-09-03 13:00:04.997,-3326694,7534967,3481312,2031336,2,2,2,2
2025-09-03 13:00:05.000,-7520818,7535128,3489668,2031553,2,2,2,2
2025-09-03 13:00:05.002,-7504404,3340825,7675854,4128645,2,2,2,2
2025-09-03 13:00:05.005,-7504488,7535109,7675763,2031472,2,2,2,2
2025-09-03 13:00:05.008,-7504383,7535221,7675888,2031595,2,2,2,2
2025-09-03 13:00:05.011,-7520695,7535338,3481454,2031391,2,2,2,2
2025-09-03 13:00:05.013,-3309828,7535163,7692288,2031604,2,2,2,2
2025-09-03 13:00:05.016,-7520705,7535343,3489896,2031650,2,2,2,2
2025-09-03 13:00:05.018,-7504256,3341075,7692487,4128906,2,2,2,2
2025-09-03 13:00:05.021,-7520640,7535458,3489945,2031836,2,2,2,2
2025-09-03 13:00:05.024,-7504263,3341086,7692513,4128912,2,2,2,2
2025-09-03 13:00:05.027,-7520586,7535492,3481844,2031863,2,2,2,2
2025-09-03 13:00:05.029,-7520649,7535472,3490019,2031851,2,2,2,2
2025-09-03 13:00:05.032,-7520572,7535587,3489818,2031645,2,2,2,2
2025-09-03 13:00:05.035,-7520502,7535383,3481731,2031756,2,2,2,2
2025-09-03 13:00:05.037,-7520383,7535503,3490048,2031881,2,2,2,2
2025-09-03 13:00:05.040,-7504015,7535494,7692546,2031874,2,2,2,2
2025-09-03 13:00:05.042,-7503987,7535562,7692573,2031900,2,2,2,2
2025-09-03 13:00:05.045,-7503992,7535603,7692572,2031976,2,2,2,2
2025-09-03 13:00:05.048,-7504029,3341193,7692541,2031875,2,2,2,2
2025-09-03 13:00:05.051,-7520325,7535636,3482006,2032011,2,2,2,2
2025-09-03 13:00:05.053,-3309450,7535852,7692917,2032245,2,2,2,2
2025-09-03 13:00:05.056,-7503889,3341418,7692779,2032108,2,2,2,2
2025-09-03 13:00:05.059,-7504019,7535624,7692669,2031993,2,2,2,2
2025-09-03 13:00:05.062,-7520300,7535723,3482091,2032106,2,2,2,2
2025-09-03 13:00:05.065,-3309698,7535631,7692699,2032097,2,2,2,2
2025-09-03 13:00:05.068,-3309537,7535879,7692947,2032272,2,2,2,2
2025-09-03 13:00:05.071,-3309557,7535875,3498631,2032186,2,2,2,2
2025-09-03 13:00:05.074,-7503823,3341670,7693038,2032368,2,2,2,2
2025-09-03 13:00:05.077,-7503824,3341666,7693043,2032362,2,2,2,2
2025-09-03 13:00:05.080,-3309427,7536064,7692826,2032140,2,2,2,2
2025-09-03 13:00:05.083,-7503858,7535899,7676661,2032356,2,2,2,2
2025-09-03 13:00:05.085,-7503850,7535989,7676678,2032388,2,2,2,2
2025-09-03 13:00:05.088,-3309411,7536121,7693202,2032521,2,2,2,2
2025-09-03 13:00:05.091,-7503753,7536026,7693176,2032483,2,2,2,2
2025-09-03 13:00:05.095,-7503644,7536148,7693297,2032610,2,2,2,2
2025-09-03 13:00:05.097,-7503628,7536203,7693063,2032634,2,2,2,2
2025-09-03 13:00:05.099,-7503579,7536284,7676788,2032492,2,2,2,2
2025-09-03 13:00:05.102,-7503587,7536284,7677044,2032748,2,2,2,2
2025-09-03 13:00:05.104,-3309196,7536380,7693463,2032792,2,2,2,2
2025-09-03 13:00:05.107,-3309082,7536321,7693342,2032706,2,2,2,2
2025-09-03 13:00:05.109,-3309168,7536434,7693333,2032657,2,2,2,2
2025-09-03 13:00:05.112,-7503615,3342055,7693527,2032774,2,2,2,2
2025-09-03 13:00:05.114,-7487079,7536266,3490928,2032673,2,2,2,2
2025-09-03 13:00:05.117,-3292912,7536396,3499240,2032865,2,2,2,2
2025-09-03 13:00:05.119,-7503363,7536635,7693456,2032785,2,2,2,2
2025-09-03 13:00:05.122,-7503152,7536528,7677298,2033014,2,2,2,2
2025-09-03 13:00:05.124,-7503124,7536624,7677341,2033039,2,2,2,2
2025-09-03 13:00:05.127,-3308929,7536583,7693675,2032958,2,2,2,2
2025-09-03 13:00:05.129,-7503338,3342176,7693573,4130036,2,2,2,2
2025-09-03 13:00:05.132,-7486985,7536405,3491063,2032881,2,2,2,2
2025-09-03 13:00:05.134,-7486967,7536488,3491092,2032904,2,2,2,2
2025-09-03 13:00:05.137,-7486852,7536616,3491205,2033091,2,2,2,2
2025-09-03 13:00:05.140,-7503241,3342576,7693775,4130184,2,2,2,2
2025-09-03 13:00:05.143,-7486731,7536753,7677468,2033171,2,2,2,2
2025-09-03 13:00:05.145,-7486518,7537002,3491345,2033169,2,2,2,2
2025-09-03 13:00:05.148,-7503006,3342569,7694037,4130441,2,2,2,2
2025-09-03 13:00:05.150,-7502992,7536894,7694069,2033384,2,2,2,2
2025-09-03 13:00:05.153,-7486748,7536773,3499629,2033171,2,2,2,2
2025-09-03 13:00:05.156,-7503108,3342562,7694041,4130432,2,2,2,2
2025-09-03 13:00:05.158,-7503121,7536831,7693961,2033282,2,2,2,2
2025-09-03 13:00:05.161,-7503079,7536946,7693827,2033391,2,2,2,2
2025-09-03 13:00:05.163,-7503058,7536995,7677506,2033167,2,2,2,2
2025-09-03 13:00:05.166,-7502901,7537035,7677569,2033253,2,2,2,2
2025-09-03 13:00:05.168,-3308651,7537118,7693975,2033271,2,2,2,2
2025-09-03 13:00:05.171,-7502989,7537039,7694217,2033520,2,2,2,2
2025-09-03 13:00:05.174,-7502844,7537254,7677769,2033426,2,2,2,2
2025-09-03 13:00:05.177,-7502707,7537402,7694334,2033637,2,2,2,2
2025-09-03 13:00:05.179,-7502619,7537176,7678000,2033669,2,2,2,2
2025-09-03 13:00:05.182,-7502830,7537296,7678088,2033780,2,2,2,2
2025-09-03 13:00:05.185,-7502612,7537264,7694450,2033768,2,2,2,2
2025-09-03 13:00:05.188,-7486449,7537298,3492070,2033869,2,2,2,2
2025-09-03 13:00:05.190,-7502624,7537449,7694455,2033761,2,2,2,2
2025-09-03 13:00:05.193,-7502381,3343209,7694642,2033945,2,2,2,2
2025-09-03 13:00:05.196,-7486137,7537414,3492113,2033909,2,2,2,2
2025-09-03 13:00:05.198,-7486058,7537542,3492225,2033970,2,2,2,2
2025-09-03 13:00:05.202,-7502584,7537662,7678208,2034163,2,2,2,2
2025-09-03 13:00:05.205,-7502609,7537648,7694566,2033818,2,2,2,2
2025-09-03 13:00:05.208,-7486199,7537425,3492119,2033923,2,2,2,2
2025-09-03 13:00:05.210,-7502374,7537645,7678460,2034151,2,2,2,2
2025-09-03 13:00:05.213,-7486012,7537664,3492101,2034152,2,2,2,2
2025-09-03 13:00:05.216,-7485969,7537668,7678237,2033928,2,2,2,2
2025-09-03 13:00:05.219,-3308162,7537630,7694845,2034113,2,2,2,2
2025-09-03 13:00:05.221,-7502443,3343365,7694623,4131078,2,2,2,2
2025-09-03 13:00:05.224,-3308148,7537671,7694618,2034171,2,2,2,2
2025-09-03 13:00:05.227,-7486070,7537678,3500651,2034178,2,2,2,2
2025-09-03 13:00:05.230,-7502373,3343469,7678524,2034197,2,2,2,2
2025-09-03 13:00:05.233,-3308035,7537876,7695085,2034325,2,2,2,2
2025-09-03 13:00:05.236,-3307905,7537943,7694968,2034201,2,2,2,2
2025-09-03 13:00:05.239,-7502320,7538174,7678737,2034420,2,2,2,2
2025-09-03 13:00:05.241,-3307805,7538121,7695330,2034567,2,2,2,2
2025-09-03 13:00:05.244,-3307925,7537951,7695235,2034530,2,2,2,2
2025-09-03 13:00:05.246,-7485925,7537944,3500915,2034453,2,2,2,2
2025-09-03 13:00:05.249,-7485810,7538058,3492838,2034635,2,2,2,2
2025-09-03 13:00:05.251,-7502209,7538052,7695330,2034577,2,2,2,2
2025-09-03 13:00:05.254,-7502310,7537973,7695222,2034531,2,2,2,2
2025-09-03 13:00:05.256,-3307764,7538208,7695250,2034509,2,2,2,2
2025-09-03 13:00:05.259,-7502078,7538199,7679110,2034786,2,2,2,2
2025-09-03 13:00:05.261,-7501835,3343890,7695555,4131866,2,2,2,2
2025-09-03 13:00:05.264,-7501827,3343978,7695576,4131962,2,2,2,2
2025-09-03 13:00:05.266,-7485455,7538276,3493009,2034742,2,2,2,2
2025-09-03 13:00:05.269,-7485592,7538328,3492880,2034938,2,2,2,2
2025-09-03 13:00:05.271,-7501967,7538375,7695382,2034692,2,2,2,2
2025-09-03 13:00:05.274,-7501829,7538301,7679208,2034831,2,2,2,2
2025-09-03 13:00:05.276,-7501880,7538438,7679104,2034791,2,2,2,2
2025-09-03 13:00:05.279,-3307645,7538439,7695489,2034729,2,2,2,2
2025-09-03 13:00:05.282,-7501830,7538575,7695614,2034923,2,2,2,2
2025-09-03 13:00:05.285,-7501712,7538439,7695737,2035052,2,2,2,2
2025-09-03 13:00:05.287,-7501609,7538558,7679437,2035174,2,2,2,2
2025-09-03 13:00:05.290,-7501797,7538696,7679280,2035044,2,2,2,2
2025-09-03 13:00:05.292,-3291000,7538728,3501543,2035162,2,2,2,2
2025-09-03 13:00:05.295,-7501769,3344494,7695850,2035096,2,2,2,2
2025-09-03 13:00:05.298,-3307422,7538732,7695845,2035085,2,2,2,2
2025-09-03 13:00:05.302,-7485433,7538704,3501458,2034996,2,2,2,2
2025-09-03 13:00:05.305,-7485248,7538697,3485042,2035051,2,2,2,2
2025-09-03 13:00:05.308,-7501572,7538707,7679664,2035329,2,2,2,2
2025-09-03 13:00:05.311,-7501627,7538841,7679545,2035203,2,2,2,2
2025-09-03 13:00:05.313,-7501709,3344534,7695888,2035194,2,2,2,2
2025-09-03 13:00:05.316,-3307393,7538926,7695977,2035271,2,2,2,2
2025-09-03 13:00:05.318,-7485143,7538840,7679587,2035218,2,2,2,2
2025-09-03 13:00:05.321,-7501464,3344621,7695916,2035228,2,2,2,2
2025-09-03 13:00:05.324,-3307236,7539175,7696226,2035512,2,2,2,2
2025-09-03 13:00:05.326,-7501470,3344891,7696331,4132714,2,2,2,2
2025-09-03 13:00:05.329,-3307030,7539141,7696152,2035696,2,2,2,2
2025-09-03 13:00:05.332,-7484951,7539092,3501854,2035464,2,2,2,2
2025-09-03 13:00:05.335,-7501337,3344795,7696167,2035460,2,2,2,2
2025-09-03 13:00:05.338,-3306868,7539261,7696394,2035653,2,2,2,2
2025-09-03 13:00:05.341,-7501183,3345019,7696391,4132841,2,2,2,2
2025-09-03 13:00:05.343,-7501288,3344925,7696365,4132752,2,2,2,2
2025-09-03 13:00:05.346,-7485025,7539179,3493760,2035488,2,2,2,2
2025-09-03 13:00:05.348,-7501109,3345134,7696584,2035736,2,2,2,2
2025-09-03 13:00:05.351,-7501292,7539323,7696395,2035941,2,2,2,2
2025-09-03 13:00:05.354,-7501190,3345122,7696435,4132889,2,2,2,2
2025-09-03 13:00:05.357,-3290596,7539411,3502192,2035718,2,2,2,2
2025-09-03 13:00:05.360,-7501251,3345153,7696611,2035832,2,2,2,2
2025-09-03 13:00:05.363,-7484783,7539482,3502330,2035920,2,2,2,2
2025-09-03 13:00:05.365,-7501109,7539470,7680246,2035834,2,2,2,2
2025-09-03 13:00:05.368,-7501067,7539595,7680370,2035965,2,2,2,2
2025-09-03 13:00:05.371,-7501078,3345032,7696429,2035723,2,2,2,2
2025-09-03 13:00:05.374,-3306764,7539415,7696507,2035769,2,2,2,2
2025-09-03 13:00:05.376,-7501102,3345290,7696685,2035971,2,2,2,2
2025-09-03 13:00:05.379,-7501052,3345407,7696863,2036091,2,2,2,2
2025-09-03 13:00:05.381,-7484690,7539703,3502562,2036017,2,2,2,2
2025-09-03 13:00:05.384,-7501082,7539704,7696794,2044277,2,2,2,2
2025-09-03 13:00:05.386,-7501007,7539590,7680334,2035969,2,2,2,2
2025-09-03 13:00:05.389,-3306522,7539705,7696878,2036027,2,2,2,2
2025-09-03 13:00:05.391,-3306629,7539675,7696776,2036022,2,2,2,2
2025-09-03 13:00:05.394,-7500812,3345430,7696909,4133278,2,2,2,2
2025-09-03 13:00:05.397,-7501045,7539825,7680572,2036211,2,2,2,2
2025-09-03 13:00:05.400,-7501043,7539836,7680567,2036223,2,2,2,2
2025-09-03 13:00:05.403,-7501026,7539933,7697036,2036327,2,2,2,2
2025-09-03 13:00:05.406,-7484619,7539959,7680748,2036354,2,2,2,2
2025-09-03 13:00:05.409,-3306400,7539945,7697045,2036279,2,2,2,2
2025-09-03 13:00:05.412,-7484403,7539938,3502736,2036271,2,2,2,2
2025-09-03 13:00:05.415,-7500798,3345562,7697107,4133402,2,2,2,2
2025-09-03 13:00:05.418,-7500575,7540097,7697287,2044703,2,2,2,2
2025-09-03 13:00:05.421,-7484162,7539971,3502851,2036682,2,2,2,2
2025-09-03 13:00:05.424,-7500777,7540022,7697167,2044900,2,2,2,2
2025-09-03 13:00:05.426,-7500555,7540220,7697401,2044824,2,2,2,2
2025-09-03 13:00:05.429,-7500590,7540121,7680909,2036595,2,2,2,2
2025-09-03 13:00:05.431,-7500749,7540096,7680894,2036499,2,2,2,2
2025-09-03 13:00:05.434,-3306474,7540008,3502952,2036486,2,2,2,2
2025-09-03 13:00:05.437,-7500747,7540120,7680947,2036589,2,2,2,2
2025-09-03 13:00:05.439,-3306248,7540001,7697251,2036727,2,2,2,2
2025-09-03 13:00:05.442,-3306385,7540197,7697395,2036601,2,2,2,2
2025-09-03 13:00:05.444,-7500445,3346072,7697636,2036856,2,2,2,2
2025-09-03 13:00:05.447,-7500519,3346073,7697632,4134012,2,2,2,2
2025-09-03 13:00:05.449,-7484048,7540468,3503353,2036951,2,2,2,2
2025-09-03 13:00:05.452,-7484150,7540448,3503338,2036798,2,2,2,2
2025-09-03 13:00:05.455,-7500306,3346063,7697628,4134013,2,2,2,2
2025-09-03 13:00:05.457,-7500307,7540406,7697567,2045052,2,2,2,2
2025-09-03 13:00:05.460,-7500319,7540614,7697803,2037104,2,2,2,2
2025-09-03 13:00:05.462,-7500484,7540582,7681325,2037010,2,2,2,2
2025-09-03 13:00:05.465,-7500323,7540630,7681463,2037115,2,2,2,2
2025-09-03 13:00:05.468,-7500168,7540602,7697802,2037090,2,2,2,2
2025-09-03 13:00:05.471,-7483906,7540488,3487004,2037237,2,2,2,2
2025-09-03 13:00:05.474,-3305879,7540533,7697798,2037061,2,2,2,2
2025-09-03 13:00:05.476,-3306007,7540733,7697671,2037226,2,2,2,2
2025-09-03 13:00:05.479,-7500394,3346420,7697916,2037145,2,2,2,2
2025-09-03 13:00:05.482,-3306013,7540734,3503382,2037232,2,2,2,2
2025-09-03 13:00:05.485,-3289588,7540533,3503514,2037033,2,2,2,2
2025-09-03 13:00:05.488,-7500297,3346296,7697887,2037099,2,2,2,2
2025-09-03 13:00:05.491,-3305831,7540778,7698045,2037270,2,2,2,2
2025-09-03 13:00:05.494,-3305863,7540747,3503715,2037249,2,2,2,2
2025-09-03 13:00:05.497,-7500039,3346656,7698171,2037388,2,2,2,2
2025-09-03 13:00:05.500,-7500162,3346462,7697979,2037257,2,2,2,2
2025-09-03 13:00:05.503,-3305966,7540989,7697949,2037451,2,2,2,2
2025-09-03 13:00:05.505,-7500146,7540933,7698146,2037351,2,2,2,2
2025-09-03 13:00:05.509,-3289347,7540977,3503896,2037487,2,2,2,2
2025-09-03 13:00:05.512,-3305698,7541020,7698306,2037515,2,2,2,2
2025-09-03 13:00:05.515,-7483610,7541098,7681940,2037600,2,2,2,2
2025-09-03 13:00:05.517,-7499807,3346924,7698197,2037730,2,2,2,2
2025-09-03 13:00:05.520,-7483624,7541110,7681948,2037600,2,2,2,2
2025-09-03 13:00:05.523,-7500013,7541105,7698334,2037603,2,2,2,2
2025-09-03 13:00:05.526,-7499990,7541123,7682046,2037630,2,2,2,2
2025-09-03 13:00:05.528,-7483594,7541143,7682060,2037646,2,2,2,2
2025-09-03 13:00:05.531,-3305502,7541268,7698568,2037774,2,2,2,2
2025-09-03 13:00:05.533,-7499540,3347042,7698638,4135014,2,2,2,2
2025-09-03 13:00:05.536,-7499745,3347093,7698450,2037918,2,2,2,2
2025-09-03 13:00:05.538,-7483287,7541483,3504231,2037998,2,2,2,2
2025-09-03 13:00:05.541,-7499642,7541298,7698560,2045972,2,2,2,2
2025-09-03 13:00:05.543,-7499751,7541483,7698550,2037994,2,2,2,2
2025-09-03 13:00:05.546,-7499754,7541497,7682422,2038001,2,2,2,2
2025-09-03 13:00:05.548,-3297249,7541524,7698825,2038016,2,2,2,2
2025-09-03 13:00:05.551,-7499642,3355512,7698931,2038137,2,2,2,2
2025-09-03 13:00:05.553,-7499530,3355637,7698732,4135410,2,2,2,2
2025-09-03 13:00:05.556,-7483193,7541728,3504480,2038245,2,2,2,2
2025-09-03 13:00:05.558,-7499399,7541633,7698939,2038129,2,2,2,2
2025-09-03 13:00:05.561,-7499549,7541745,7698817,2038252,2,2,2,2
2025-09-03 13:00:05.564,-3304966,7541779,7699086,2038290,2,2,2,2
2025-09-03 13:00:05.566,-7499510,7541830,7699172,2038377,2,2,2,2
2025-09-03 13:00:05.570,-7499378,3355892,7699144,4135676,2,2,2,2
2025-09-03 13:00:05.572,-7499287,3355675,7699175,4135454,2,2,2,2
2025-09-03 13:00:05.575,-3288578,7541901,3504648,2038473,2,2,2,2
2025-09-03 13:00:05.578,-7482884,7541883,3504650,2038471,2,2,2,2
2025-09-03 13:00:05.581,-7499280,3347572,7699210,4135557,2,2,2,2
2025-09-03 13:00:05.584,-3304835,7542022,7699355,2038553,2,2,2,2
2025-09-03 13:00:05.586,-7483011,7541785,3504874,2038308,2,2,2,2
2025-09-03 13:00:05.589,-7482898,7541894,3504995,2038483,2,2,2,2
2025-09-03 13:00:05.591,-7499135,7542082,7699452,2046834,2,2,2,2
2025-09-03 13:00:05.594,-7499043,7542140,7682880,2038671,2,2,2,2
2025-09-03 13:00:05.596,-7499011,7542246,7682954,2038762,2,2,2,2
2025-09-03 13:00:05.599,-3296625,7542218,7699560,2038706,2,2,2,2
2025-09-03 13:00:05.601,-7498899,3356264,7699458,2038892,2,2,2,2
2025-09-03 13:00:05.604,-7498851,3356387,7699648,4136175,2,2,2,2
2025-09-03 13:00:05.606,-7499029,3347962,7699667,2038785,2,2,2,2
2025-09-03 13:00:05.609,-7482721,7542268,3505378,2038799,2,2,2,2
2025-09-03 13:00:05.611,-7499071,3347944,7699659,2038771,2,2,2,2
2025-09-03 13:00:05.614,-7499026,7542078,7699461,2038638,2,2,2,2
2025-09-03 13:00:05.617,-7499162,7542238,7699596,2038758,2,2,2,2
2025-09-03 13:00:05.620,-7499028,3356260,7699479,4136074,2,2,2,2
2025-09-03 13:00:05.622,-7499034,7542385,7699479,2038922,2,2,2,2
2025-09-03 13:00:05.625,-7499015,3348097,7699493,4136093,2,2,2,2
2025-09-03 13:00:05.627,-7499000,7542455,7699592,2047206,2,2,2,2
2025-09-03 13:00:05.630,-7499037,7542390,7699563,2038939,2,2,2,2
2025-09-03 13:00:05.633,-7499137,7542292,7699475,2038903,2,2,2,2
2025-09-03 13:00:05.635,-7499258,7542174,7683255,2038792,2,2,2,2
2025-09-03 13:00:05.638,-7499017,7542427,7683283,2038789,2,2,2,2
2025-09-03 13:00:05.641,-7499032,7542480,7699607,2038789,2,2,2,2
2025-09-03 13:00:05.643,-7498994,7542287,7699713,2047080,2,2,2,2
2025-09-03 13:00:05.646,-7498798,7542422,7683528,2039023,2,2,2,2
2025-09-03 13:00:05.649,-7482488,7542417,3505558,2039027,2,2,2,2
2025-09-03 13:00:05.651,-7498736,3348326,7700004,2039178,2,2,2,2
2025-09-03 13:00:05.654,-7482170,7542788,3505671,2039348,2,2,2,2
2025-09-03 13:00:05.658,-7498500,7542881,7683606,2039437,2,2,2,2
2025-09-03 13:00:05.660,-3287940,7542763,3505895,2039314,2,2,2,2
2025-09-03 13:00:05.663,-3287912,7542788,3505673,2039352,2,2,2,2
2025-09-03 13:00:05.666,-7498526,7542850,7700072,2039448,2,2,2,2
2025-09-03 13:00:05.669,-7482310,7542763,3489529,2039325,2,2,2,2
2025-09-03 13:00:05.673,-7498638,7543036,7700236,2039404,2,2,2,2
2025-09-03 13:00:05.675,-7498516,3348607,7700425,2039543,2,2,2,2
2025-09-03 13:00:05.678,-7498725,3348733,7700222,2039402,2,2,2,2
2025-09-03 13:00:05.682,-7482120,7543018,3506154,2039568,2,2,2,2
2025-09-03 13:00:05.685,-7498499,3348733,7700230,4136803,2,2,2,2
2025-09-03 13:00:05.688,-7481899,7543191,7684082,2039564,2,2,2,2
2025-09-03 13:00:05.691,-7498261,7543289,7700490,2039656,2,2,2,2
2025-09-03 13:00:05.693,-7498469,7543159,7716998,2039784,2,2,2,2
2025-09-03 13:00:05.696,-3304176,7543076,7700605,2039737,2,2,2,2
2025-09-03 13:00:05.699,-7498396,7543166,7700712,2039807,2,2,2,2
2025-09-03 13:00:05.701,-7498261,7543312,7716978,2056327,2,2,2,2
2025-09-03 13:00:05.704,-7498253,7543394,7716993,2056351,2,2,2,2
2025-09-03 13:00:05.707,-7498241,7543419,7717050,2056441,2,2,2,2
2025-09-03 13:00:05.709,-3303953,7543341,7700630,2040009,2,2,2,2
2025-09-03 13:00:05.712,-3303702,7543333,7700877,2040011,2,2,2,2
2025-09-03 13:00:05.714,-7498234,3357322,7700972,4153609,2,2,2,2
2025-09-03 13:00:05.717,-7498235,3349138,7700736,4153614,2,2,2,2
2025-09-03 13:00:05.720,-3295494,7543507,3506434,2056475,2,2,2,2
2025-09-03 13:00:05.723,-7498207,7543568,7717235,2056595,2,2,2,2
2025-09-03 13:00:05.726,-3303805,7543593,7700972,2040306,2,2,2,2
2025-09-03 13:00:05.729,-7481788,7543574,3522967,2056604,2,2,2,2
2025-09-03 13:00:05.731,-7481657,7543711,3506710,2056490,2,2,2,2
2025-09-03 13:00:05.735,-7497754,3349480,7717416,2056824,2,2,2,2
2025-09-03 13:00:05.738,-7497739,7543811,7701116,2040464,2,2,2,2
2025-09-03 13:00:05.741,-7481540,7543917,3523304,2056949,2,2,2,2
2025-09-03 13:00:05.743,-3303565,7544011,7701263,2040347,2,2,2,2
2025-09-03 13:00:05.746,-3303574,7544017,7701276,2040428,2,2,2,2
2025-09-03 13:00:05.749,-3303441,7543832,7701389,2040527,2,2,2,2
2025-09-03 13:00:05.751,-7497756,3349521,7701458,4154084,2,2,2,2
2025-09-03 13:00:05.754,-7497769,7543832,7717777,2056940,2,2,2,2
2025-09-03 13:00:05.757,-3303564,7544054,7701364,2040497,2,2,2,2
2025-09-03 13:00:05.759,-7497743,3357828,7701493,4154129,2,2,2,2
2025-09-03 13:00:05.762,-7481164,7544172,3507177,2056960,2,2,2,2
2025-09-03 13:00:05.764,-7497490,7544244,7701522,2040684,2,2,2,2
2025-09-03 13:00:05.767,-7497485,7544311,7701611,2048901,2,2,2,2
2025-09-03 13:00:05.769,-7497468,7544316,7718006,2057370,2,2,2,2
2025-09-03 13:00:05.772,-3294956,7544330,3507348,2057460,2,2,2,2
2025-09-03 13:00:05.775,-7497483,3350001,7701558,2057359,2,2,2,2
2025-09-03 13:00:05.777,-3295108,7544269,7701518,2040864,2,2,2,2
2025-09-03 13:00:05.780,-7497452,7544428,7718128,2057221,2,2,2,2
2025-09-03 13:00:05.783,-7497421,3350174,7701785,2057332,2,2,2,2
2025-09-03 13:00:05.785,-7497451,7544449,7718153,2057315,2,2,2,2
2025-09-03 13:00:05.788,-3294981,7544352,3507442,2057223,2,2,2,2
2025-09-03 13:00:05.791,-7497447,7544543,7701790,2040950,2,2,2,2
2025-09-03 13:00:05.794,-7480873,7544346,7718373,2057450,2,2,2,2
2025-09-03 13:00:05.797,-7497477,7544435,7718158,2057246,2,2,2,2
2025-09-03 13:00:05.800,-3294978,7544383,3507469,2057248,2,2,2,2
2025-09-03 13:00:05.803,-7497666,3350042,7701739,2057454,2,2,2,2
2025-09-03 13:00:05.806,-7481094,7544544,7718255,2057348,2,2,2,2
2025-09-03 13:00:05.809,-7497327,7544452,7701773,2057571,2,2,2,2
2025-09-03 13:00:05.812,-7497373,7544595,7702000,2049280,2,2,2,2
2025-09-03 13:00:05.815,-7481063,7544585,3507682,2057701,2,2,2,2
2025-09-03 13:00:05.817,-7497465,7544588,7718323,2057708,2,2,2,2
2025-09-03 13:00:05.820,-7497220,7544578,7701905,2049438,2,2,2,2
2025-09-03 13:00:05.822,-3294726,7544584,7701988,2041285,2,2,2,2
2025-09-03 13:00:05.825,-7497445,7544685,7718410,2057482,2,2,2,2
2025-09-03 13:00:05.827,-7497226,3358474,7701994,4154852,2,2,2,2
2025-09-03 13:00:05.830,-7497218,3358492,7702008,4154626,2,2,2,2
2025-09-03 13:00:05.833,-7497364,3358598,7702063,2057591,2,2,2,2
2025-09-03 13:00:05.836,-3294694,7544778,3507830,2041400,2,2,2,2
2025-09-03 13:00:05.839,-7496988,3366943,7718667,2057747,2,2,2,2
2025-09-03 13:00:05.842,-3302885,7544809,7702151,2041485,2,2,2,2
2025-09-03 13:00:05.844,-3302755,7561252,7702285,2041364,2,2,2,2
2025-09-03 13:00:05.847,-3302772,7561230,7702276,2041595,2,2,2,2
2025-09-03 13:00:05.850,-7480790,7561471,7718886,2057960,2,2,2,2
2025-09-03 13:00:05.853,-3294612,7561231,7702275,2041605,2,2,2,2
2025-09-03 13:00:05.855,-3302791,7561258,7702296,2041613,2,2,2,2
2025-09-03 13:00:05.858,-3302764,7561279,7702397,2041720,2,2,2,2
2025-09-03 13:00:05.860,-3294566,7561434,7702411,2041804,2,2,2,2
2025-09-03 13:00:05.863,-3302643,7561481,7702532,2041608,2,2,2,2
2025-09-03 13:00:05.866,-7496858,3359099,7702573,4155241,2,2,2,2
2025-09-03 13:00:05.868,-7496852,3367296,7702579,4155506,2,2,2,2
2025-09-03 13:00:05.871,-7496714,7545139,7702536,2041854,2,2,2,2
2025-09-03 13:00:05.873,-7496930,3359108,7702583,4155511,2,2,2,2
2025-09-03 13:00:05.876,-7480379,7561741,3508485,2058488,2,2,2,2
2025-09-03 13:00:05.879,-7480126,7561748,3524877,2058492,2,2,2,2
2025-09-03 13:00:05.882,-3294056,7561749,3508483,2058506,2,2,2,2
2025-09-03 13:00:05.885,-7480261,7561982,7719404,2058475,2,2,2,2
2025-09-03 13:00:05.888,-3302267,7561754,7702794,2042110,2,2,2,2
2025-09-03 13:00:05.891,-7480192,7561759,3508495,2058504,2,2,2,2
2025-09-03 13:00:05.894,-7496591,3367701,7703057,4155654,2,2,2,2
2025-09-03 13:00:05.898,-7480308,7561988,7719402,2058740,2,2,2,2
2025-09-03 13:00:05.901,-3285986,7562003,3508738,2058745,2,2,2,2
2025-09-03 13:00:05.903,-7480183,7561859,3508587,2058545,2,2,2,2
2025-09-03 13:00:05.906,-7496669,7561826,7719228,2058594,2,2,2,2
2025-09-03 13:00:05.908,-7496494,7561880,7719308,2058630,2,2,2,2
2025-09-03 13:00:05.911,-3302301,7562027,7703140,2042173,2,2,2,2
2025-09-03 13:00:05.914,-7496511,7562132,7719613,2058622,2,2,2,2
2025-09-03 13:00:05.916,-7496507,7562140,7719624,2058641,2,2,2,2
2025-09-03 13:00:05.919,-3302131,7562020,7703146,2042428,2,2,2,2
2025-09-03 13:00:05.922,-3302119,7562038,7703178,2042488,2,2,2,2
2025-09-03 13:00:05.924,-7496337,3359646,7703266,4156053,2,2,2,2
2025-09-03 13:00:05.927,-3302247,7562005,7703069,2042372,2,2,2,2
2025-09-03 13:00:05.930,-3302127,7562201,7703268,2042548,2,2,2,2
2025-09-03 13:00:05.932,-3301894,7562297,7703433,2042482,2,2,2,2
2025-09-03 13:00:05.935,-7479874,7562354,3509123,2058798,2,2,2,2
2025-09-03 13:00:05.937,-7480060,7562394,3509223,2058970,2,2,2,2
2025-09-03 13:00:05.940,-7496317,7545919,7703407,2050920,2,2,2,2
2025-09-03 13:00:05.943,-7479883,7562366,3525529,2059070,2,2,2,2
2025-09-03 13:00:05.945,-7479813,7562476,3509241,2059238,2,2,2,2
2025-09-03 13:00:05.948,-7496056,3360122,7703776,4156292,2,2,2,2
2025-09-03 13:00:05.951,-7496035,3360231,7703553,2059239,2,2,2,2
2025-09-03 13:00:05.954,-3293594,7562542,3509395,2059320,2,2,2,2
2025-09-03 13:00:05.956,-3285375,7562649,3509496,2059493,2,2,2,2
2025-09-03 13:00:05.959,-3293575,7562702,7703797,2043104,2,2,2,2
2025-09-03 13:00:05.962,-3293339,7562946,3509740,2059473,2,2,2,2
2025-09-03 13:00:05.965,-3285146,7562887,3509749,2059730,2,2,2,2
2025-09-03 13:00:05.968,-7479372,7562762,3509615,2059545,2,2,2,2
2025-09-03 13:00:05.970,-7479439,7563001,3509786,2059524,2,2,2,2
2025-09-03 13:00:05.973,-7479404,7563019,3509876,2059554,2,2,2,2
2025-09-03 13:00:05.976,-7479287,7563150,3509764,2059746,2,2,2,2
2025-09-03 13:00:05.978,-7495686,7546803,7704073,2043293,2,2,2,2
2025-09-03 13:00:05.981,-7479274,7546864,7704160,2051583,2,2,2,2
2025-09-03 13:00:05.983,-7495884,7563039,7720589,2059620,2,2,2,2
2025-09-03 13:00:05.986,-3293180,7563244,7704087,2043393,2,2,2,2
2025-09-03 13:00:05.988,-7495726,3368841,7720452,2059668,2,2,2,2
2025-09-03 13:00:05.991,-3293173,7563257,7704190,2043413,2,2,2,2
2025-09-03 13:00:05.994,-3293334,7563057,3509993,2043199,2,2,2,2
2025-09-03 13:00:05.996,-7495716,7563237,7720513,2059770,2,2,2,2
2025-09-03 13:00:05.999,-3284888,7563124,3510009,2059978,2,2,2,2
2025-09-03 13:00:06.002,-7479294,7563023,7720673,2059896,2,2,2,2
2025-09-03 13:00:06.005,-7479154,3368857,7704367,2059779,2,2,2,2
2025-09-03 13:00:06.007,-7479253,3368852,7704344,2060018,2,2,2,2
2025-09-03 13:00:06.010,-7479184,3368852,7704350,2060021,2,2,2,2
2025-09-03 13:00:06.013,-3284854,7563256,7704455,2043449,2,2,2,2
2025-09-03 13:00:06.016,-7479244,7563239,7720824,2059785,2,2,2,2
2025-09-03 13:00:06.018,-7479292,7563392,7720725,2060000,2,2,2,2
2025-09-03 13:00:06.021,-7479051,7563400,3510041,2059997,2,2,2,2
2025-09-03 13:00:06.024,-7479224,7563254,3526554,2059804,2,2,2,2
2025-09-03 13:00:06.026,-7479075,7563385,7720711,2059925,2,2,2,2
2025-09-03 13:00:06.029,-3293080,7563272,7704549,2043432,2,2,2,2
2025-09-03 13:00:06.032,-7479262,7563271,7720937,2060147,2,2,2,2
2025-09-03 13:00:06.035,-7479096,3369079,7704594,2060263,2,2,2,2
2025-09-03 13:00:06.038,-3284741,7563513,3510417,2060068,2,2,2,2
2025-09-03 13:00:06.040,-7478919,7547265,7704587,2051996,2,2,2,2
2025-09-03 13:00:06.043,-3284594,7563679,3510385,2060289,2,2,2,2
2025-09-03 13:00:06.045,-7479031,7547157,7704823,2060431,2,2,2,2
2025-09-03 13:00:06.048,-7478794,7547160,7704824,2060426,2,2,2,2
2025-09-03 13:00:06.051,-7478791,7563549,7721215,2060425,2,2,2,2
2025-09-03 13:00:06.053,-3292786,7563761,7704980,2043963,2,2,2,2
2025-09-03 13:00:06.056,-3292534,7564031,7704989,2044197,2,2,2,2
2025-09-03 13:00:06.059,-3292655,7563974,3510884,2060786,2,2,2,2
2025-09-03 13:00:06.062,-7478548,7547464,7705100,2060691,2,2,2,2
2025-09-03 13:00:06.064,-3284356,7563790,7705072,2044283,2,2,2,2
2025-09-03 13:00:06.067,-7478812,7547590,7704929,2044135,2,2,2,2
2025-09-03 13:00:06.070,-3292525,7563831,3510805,2060761,2,2,2,2
2025-09-03 13:00:06.073,-7478535,7563934,7721599,2060798,2,2,2,2
2025-09-03 13:00:06.076,-7478585,7564147,7721491,2060701,2,2,2,2
2025-09-03 13:00:06.078,-3292661,7564025,7705243,2044195,2,2,2,2
2025-09-03 13:00:06.081,-3284213,7564045,7705325,2044495,2,2,2,2
2025-09-03 13:00:06.083,-7478544,3361543,7705315,2060906,2,2,2,2
2025-09-03 13:00:06.086,-7478303,7564275,7721942,2060814,2,2,2,2
2025-09-03 13:00:06.089,-3292161,7564311,7705591,2044543,2,2,2,2
2025-09-03 13:00:06.092,-3283990,7564313,3511279,2060849,2,2,2,2
2025-09-03 13:00:06.095,-7478283,7564384,3527433,2061004,2,2,2,2
2025-09-03 13:00:06.098,-7478323,7564389,3527682,2061197,2,2,2,2
2025-09-03 13:00:06.101,-7478167,7548128,7705747,2061067,2,2,2,2
2025-09-03 13:00:06.104,-3283718,7564669,3511398,2061288,2,2,2,2
2025-09-03 13:00:06.106,-7478176,7548396,7705745,2061320,2,2,2,2
2025-09-03 13:00:06.109,-7478251,7564787,7722168,2061335,2,2,2,2
2025-09-03 13:00:06.111,-3283842,7564570,3511558,2061364,2,2,2,2
2025-09-03 13:00:06.114,-3292048,7564556,7705861,2044972,2,2,2,2
2025-09-03 13:00:06.117,-3291929,7564744,3511672,2061558,2,2,2,2
2025-09-03 13:00:06.119,-7478040,7564698,7722373,2061559,2,2,2,2
2025-09-03 13:00:06.122,-7477792,7564956,3511690,2061562,2,2,2,2
2025-09-03 13:00:06.125,-7477817,7564932,7722292,2061541,2,2,2,2
2025-09-03 13:00:06.128,-7477876,7548607,7705996,2061564,2,2,2,2
2025-09-03 13:00:06.131,-7477994,7564917,7722268,2061455,2,2,2,2
2025-09-03 13:00:06.134,-7477955,7565025,7722375,2061559,2,2,2,2
2025-09-03 13:00:06.137,-3291792,7565023,3511688,2061565,2,2,2,2
2025-09-03 13:00:06.140,-3283483,7564898,3511816,2061630,2,2,2,2
2025-09-03 13:00:06.142,-7477808,7564818,7722499,2061684,2,2,2,2
2025-09-03 13:00:06.145,-7478013,7564926,7722575,2061722,2,2,2,2
2025-09-03 13:00:06.147,-3283590,7565058,7706358,2045256,2,2,2,2
2025-09-03 13:00:06.150,-7477742,3362708,7706581,4159227,2,2,2,2
2025-09-03 13:00:06.152,-7477760,3370896,7706565,4159222,2,2,2,2
2025-09-03 13:00:06.155,-7477562,7565194,3520389,2062067,2,2,2,2
2025-09-03 13:00:06.157,-3283443,7565296,7706610,2045469,2,2,2,2
2025-09-03 13:00:06.160,-7477637,7548730,7706470,2045664,2,2,2,2
2025-09-03 13:00:06.162,-7477749,7548936,7706618,2061933,2,2,2,2
2025-09-03 13:00:06.165,-7477726,7565420,7722785,2061968,2,2,2,2
2025-09-03 13:00:06.168,-7477732,3371127,7722786,2061979,2,2,2,2
2025-09-03 13:00:06.170,-3283319,7565531,7706512,2045697,2,2,2,2
2025-09-03 13:00:06.173,-7477533,3371009,7706623,2062188,2,2,2,2
2025-09-03 13:00:06.176,-3283351,7565510,7706501,2045680,2,2,2,2
2025-09-03 13:00:06.179,-7477729,7565441,7722903,2062075,2,2,2,2
2025-09-03 13:00:06.182,-7477652,7549126,7706600,2062092,2,2,2,2
2025-09-03 13:00:06.185,-7477626,7549183,7706644,2062192,2,2,2,2
2025-09-03 13:00:06.187,-7477605,7549044,7706742,2062237,2,2,2,2
2025-09-03 13:00:06.190,-7477382,7565572,3528719,2062201,2,2,2,2
2025-09-03 13:00:06.193,-3283195,7549143,7706855,2045707,2,2,2,2
2025-09-03 13:00:06.196,-3282956,7565769,7706778,2045955,2,2,2,2
2025-09-03 13:00:06.199,-3283195,7565800,7706869,2045964,2,2,2,2
2025-09-03 13:00:06.201,-7477273,3371399,7706837,4159477,2,2,2,2
2025-09-03 13:00:06.204,-7477485,3371519,7706894,2062456,2,2,2,2
2025-09-03 13:00:06.206,-7477312,7565723,3521010,2062355,2,2,2,2
2025-09-03 13:00:06.209,-7477428,7565684,3520911,2062564,2,2,2,2
2025-09-03 13:00:06.212,-7477327,7565727,3520774,2062366,2,2,2,2
2025-09-03 13:00:06.214,-7477266,7565848,7723369,2062481,2,2,2,2
2025-09-03 13:00:06.217,-7477218,7565959,3529114,2062584,2,2,2,2
2025-09-03 13:00:06.220,-7477235,7565946,7723405,2062567,2,2,2,2
2025-09-03 13:00:06.223,-7477247,7565932,7723403,2062570,2,2,2,2
2025-09-03 13:00:06.226,-7477257,7549548,7707021,2062577,2,2,2,2
2025-09-03 13:00:06.228,-7477106,7549453,7707249,2062744,2,2,2,2
2025-09-03 13:00:06.231,-7477015,7549574,7707373,2062846,2,2,2,2
2025-09-03 13:00:06.234,-7477055,7566105,7723638,2062738,2,2,2,2
2025-09-03 13:00:06.236,-7476975,3372015,7707407,4160113,2,2,2,2
2025-09-03 13:00:06.240,-7476999,7566307,3529476,2062872,2,2,2,2
2025-09-03 13:00:06.243,-7477003,7566321,7723786,2062956,2,2,2,2
2025-09-03 13:00:06.246,-3282657,7566104,3513220,2063063,2,2,2,2
2025-09-03 13:00:06.249,-3282541,7566304,7707395,2046512,2,2,2,2
2025-09-03 13:00:06.252,-3282458,7566330,7707488,2046578,2,2,2,2
2025-09-03 13:00:06.254,-7476800,7566232,7724029,2062864,2,2,2,2
2025-09-03 13:00:06.257,-7476942,7566236,7723782,2062878,2,2,2,2
2025-09-03 13:00:06.260,-7476741,7566364,7723954,2063077,2,2,2,2
2025-09-03 13:00:06.262,-3282447,7566376,3513502,2063346,2,2,2,2
2025-09-03 13:00:06.265,-7476745,3372143,7707877,2063344,2,2,2,2
2025-09-03 13:00:06.268,-7476681,7566489,3529742,2063140,2,2,2,2
2025-09-03 13:00:06.271,-7476584,7550266,7707800,2063336,2,2,2,2
2025-09-03 13:00:06.273,-7476502,7550327,7707876,2046970,2,2,2,2
2025-09-03 13:00:06.276,-7476683,7566611,7724236,2063258,2,2,2,2
2025-09-03 13:00:06.279,-3282316,7566597,3513480,2063327,2,2,2,2
2025-09-03 13:00:06.282,-7476698,3372289,7707846,2063247,2,2,2,2
2025-09-03 13:00:06.284,-7476669,7566603,3521672,2063319,2,2,2,2
2025-09-03 13:00:06.287,-7476735,7566581,3529852,2063242,2,2,2,2
2025-09-03 13:00:06.290,-7476757,7550151,7707768,2063232,2,2,2,2
2025-09-03 13:00:06.293,-7476778,7566495,7724149,2063235,2,2,2,2
2025-09-03 13:00:06.296,-3290751,7566541,3513363,2063135,2,2,2,2
2025-09-03 13:00:06.299,-7476757,7550208,7707789,2063245,2,2,2,2
2025-09-03 13:00:06.301,-7476505,7550212,7708053,2063514,2,2,2,2
2025-09-03 13:00:06.304,-7476536,7566823,7724412,2063482,2,2,2,2
2025-09-03 13:00:06.306,-7476493,7566946,7724525,2063610,2,2,2,2
2025-09-03 13:00:06.309,-3282068,7567057,7708184,2047300,2,2,2,2
2025-09-03 13:00:06.311,-7476327,3372552,7708377,4160918,2,2,2,2
2025-09-03 13:00:06.314,-7476349,3372787,7708371,4160911,2,2,2,2
2025-09-03 13:00:06.316,-7476286,7567214,3522310,2063882,2,2,2,2
2025-09-03 13:00:06.319,-7476210,7567254,3522402,2063912,2,2,2,2
2025-09-03 13:00:06.322,-7476274,7567227,3522322,2063891,2,2,2,2
2025-09-03 13:00:06.324,-7476108,7550725,7708642,2047712,2,2,2,2
2025-09-03 13:00:06.327,-7476108,7567124,3522558,2064122,2,2,2,2
2025-09-03 13:00:06.330,-7476162,7567358,3522456,2064097,2,2,2,2
2025-09-03 13:00:06.332,-7476349,7550796,7708423,2047495,2,2,2,2
2025-09-03 13:00:06.335,-7476240,7567332,3530629,2063996,2,2,2,2
2025-09-03 13:00:06.338,-3289977,7567163,7708532,2047533,2,2,2,2
2025-09-03 13:00:06.341,-3289995,7567166,7708512,2047506,2,2,2,2
2025-09-03 13:00:06.343,-7476212,7567391,7725064,2064130,2,2,2,2
2025-09-03 13:00:06.346,-3281766,7567336,3514258,2064079,2,2,2,2
2025-09-03 13:00:06.349,-3281677,7567363,7708661,2047728,2,2,2,2
2025-09-03 13:00:06.352,-7476105,7550941,7708561,2047626,2,2,2,2
2025-09-03 13:00:06.355,-7476091,3373050,7708642,2064031,2,2,2,2
2025-09-03 13:00:06.357,-3281786,7567615,7725280,2047903,2,2,2,2
2025-09-03 13:00:06.360,-7476112,3373298,7725274,4161433,2,2,2,2
2025-09-03 13:00:06.363,-7476171,7567360,7725301,2064372,2,2,2,2
2025-09-03 13:00:06.366,-7475984,7567499,7725181,2064256,2,2,2,2
2025-09-03 13:00:06.369,-7475730,7567757,7725436,2064506,2,2,2,2
2025-09-03 13:00:06.371,-3289847,7567849,3531242,2080980,2,2,2,2
2025-09-03 13:00:06.374,-7475836,7551351,7725428,2064415,2,2,2,2
2025-09-03 13:00:06.377,-7475841,7567731,3531128,2064415,2,2,2,2
2025-09-03 13:00:06.380,-7475860,7567647,3522913,2064404,2,2,2,2
2025-09-03 13:00:06.382,-7475768,7567843,3523047,2064597,2,2,2,2
2025-09-03 13:00:06.385,-7475966,7551243,7725318,2064638,2,2,2,2
2025-09-03 13:00:06.387,-7475709,7551538,7725579,2064644,2,2,2,2
2025-09-03 13:00:06.390,-3289727,7567844,7725453,2080911,2,2,2,2
2025-09-03 13:00:06.393,-7475739,7551493,7725583,2064634,2,2,2,2
2025-09-03 13:00:06.396,-7475458,7551552,7725665,2064659,2,2,2,2
2025-09-03 13:00:06.398,-7475509,7568120,7725576,2064877,2,2,2,2
2025-09-03 13:00:06.401,-3289361,7567902,7725685,2081059,2,2,2,2
2025-09-03 13:00:06.403,-3289577,7568095,7725799,2081218,2,2,2,2
2025-09-03 13:00:06.406,-7475592,3373833,7725839,4162045,2,2,2,2
2025-09-03 13:00:06.408,-7475587,7568150,3531620,2064920,2,2,2,2
2025-09-03 13:00:06.411,-7475598,7568134,3523349,2064894,2,2,2,2
2025-09-03 13:00:06.413,-7475667,7568149,7725923,2064908,2,2,2,2
2025-09-03 13:00:06.416,-7475516,7568267,3531748,2065041,2,2,2,2
2025-09-03 13:00:06.419,-7475235,7568282,7726071,2065120,2,2,2,2
2025-09-03 13:00:06.422,-7475452,7568383,7726108,2065170,2,2,2,2
2025-09-03 13:00:06.425,-3281124,7568229,3531638,2064930,2,2,2,2
2025-09-03 13:00:06.428,-7475461,7568140,3523355,2064907,2,2,2,2
2025-09-03 13:00:06.430,-7475452,7568413,3523707,2065191,2,2,2,2
2025-09-03 13:00:06.433,-7475454,3374108,7726130,2065255,2,2,2,2
2025-09-03 13:00:06.436,-7475441,3374203,7726292,4162435,2,2,2,2
2025-09-03 13:00:06.439,-3280925,7568406,7726194,2081567,2,2,2,2
2025-09-03 13:00:06.441,-7475143,7568520,3523823,2065366,2,2,2,2
2025-09-03 13:00:06.444,-7475205,7568502,3523731,2065345,2,2,2,2
2025-09-03 13:00:06.446,-7475194,7568505,3531929,2065352,2,2,2,2
2025-09-03 13:00:06.449,-7474996,7568661,7726407,2065507,2,2,2,2
2025-09-03 13:00:06.451,-7475155,3374335,7726365,2065425,2,2,2,2
2025-09-03 13:00:06.454,-3280755,7568741,3532161,2065461,2,2,2,2
2025-09-03 13:00:06.457,-3280793,7568650,7726437,2081888,2,2,2,2
2025-09-03 13:00:06.460,-7475001,7568758,7726482,2065553,2,2,2,2
2025-09-03 13:00:06.463,-7475048,7552389,7726565,2065563,2,2,2,2
2025-09-03 13:00:06.466,-7474959,7568798,7726596,2065664,2,2,2,2
2025-09-03 13:00:06.468,-3280752,7568843,7726573,2082027,2,2,2,2
2025-09-03 13:00:06.471,-3280653,7568884,7726615,2082084,2,2,2,2
2025-09-03 13:00:06.474,-7474897,7569018,7726782,2065813,2,2,2,2
2025-09-03 13:00:06.476,-3280405,7569147,7726688,2082067,2,2,2,2
2025-09-03 13:00:06.479,-3280621,7568937,7726744,2082184,2,2,2,2
2025-09-03 13:00:06.481,-7474926,7569020,7726746,2065798,2,2,2,2
2025-09-03 13:00:06.484,-3280509,7569143,7726946,2082321,2,2,2,2
2025-09-03 13:00:06.487,-7474895,7569139,7726867,2065938,2,2,2,2
2025-09-03 13:00:06.489,-7474929,7569034,7726851,2065900,2,2,2,2
2025-09-03 13:00:06.492,-3280616,7569119,7726865,2082306,2,2,2,2
2025-09-03 13:00:06.494,-7474785,3374696,7726808,4162964,2,2,2,2
2025-09-03 13:00:06.497,-7474694,3374738,7726853,4163063,2,2,2,2
2025-09-03 13:00:06.499,-7474677,7569308,3532561,2065939,2,2,2,2
2025-09-03 13:00:06.502,-7474578,3374864,7727041,4163196,2,2,2,2
2025-09-03 13:00:06.505,-7474754,7569303,3524360,2066162,2,2,2,2
2025-09-03 13:00:06.507,-7474791,7552944,7726859,2082553,2,2,2,2
2025-09-03 13:00:06.510,-7474580,7552834,7726997,2066078,2,2,2,2
2025-09-03 13:00:06.512,-7474677,7585805,7727226,2066298,2,2,2,2
2025-09-03 13:00:06.515,-7474636,7569540,7727352,2066404,2,2,2,2
2025-09-03 13:00:06.518,-7474473,7569632,7727118,2066203,2,2,2,2
2025-09-03 13:00:06.520,-3280276,7569539,3532806,2066422,2,2,2,2
2025-09-03 13:00:06.523,-7474440,7569421,3532946,2066239,2,2,2,2
2025-09-03 13:00:06.526,-7474422,3375209,7727331,4163486,2,2,2,2
2025-09-03 13:00:06.529,-7474422,3375212,7727338,4163573,2,2,2,2
2025-09-03 13:00:06.532,-7474462,7569426,7727244,2066301,2,2,2,2
2025-09-03 13:00:06.534,-3279994,7569647,7727476,2082863,2,2,2,2
2025-09-03 13:00:06.537,-7474404,7569552,7727373,2066445,2,2,2,2
2025-09-03 13:00:06.540,-3279990,7569688,7727497,2082996,2,2,2,2
2025-09-03 13:00:06.542,-3279975,7569696,7727516,2082998,2,2,2,2
2025-09-03 13:00:06.545,-3279879,7569877,7727368,2082870,2,2,2,2
2025-09-03 13:00:06.547,-3279971,7569727,7727602,2083055,2,2,2,2
2025-09-03 13:00:06.550,-7474247,7569793,3533310,2066682,2,2,2,2
2025-09-03 13:00:06.552,-7474431,3375595,7727405,4163682,2,2,2,2
2025-09-03 13:00:06.555,-7474313,7586125,7727591,2083043,2,2,2,2
2025-09-03 13:00:06.558,-7474053,7586355,7727860,2083307,2,2,2,2
2025-09-03 13:00:06.560,-7474114,7569946,3533546,2066912,2,2,2,2
2025-09-03 13:00:06.564,-3279715,7570146,3533426,2066728,2,2,2,2
2025-09-03 13:00:06.567,-7474050,7586441,7727896,2083342,2,2,2,2
2025-09-03 13:00:06.570,-7473920,7570205,3533809,2067170,2,2,2,2
2025-09-03 13:00:06.573,-7473712,7570431,7728004,2067067,2,2,2,2
2025-09-03 13:00:06.576,-3279516,7570319,3533590,2066969,2,2,2,2
2025-09-03 13:00:06.578,-7473789,7586812,7728003,2083445,2,2,2,2
2025-09-03 13:00:06.581,-3279589,7570387,3533680,2066967,2,2,2,2
2025-09-03 13:00:06.584,-3279634,7570283,3533573,2067187,2,2,2,2
2025-09-03 13:00:06.587,-7473915,7570312,3533672,2066974,2,2,2,2
2025-09-03 13:00:06.589,-7474020,7586631,7728126,2067188,2,2,2,2
2025-09-03 13:00:06.592,-7473905,7586755,7727998,2067052,2,2,2,2
2025-09-03 13:00:06.595,-7474127,7570150,3525513,2067006,2,2,2,2
2025-09-03 13:00:06.599,-7473785,7586624,7728131,2083565,2,2,2,2
2025-09-03 13:00:06.602,-7473919,7570413,3533712,2067070,2,2,2,2
2025-09-03 13:00:06.605,-7473873,7570272,7728143,2067179,2,2,2,2
2025-09-03 13:00:06.607,-7473881,7570275,7728136,2067190,2,2,2,2
2025-09-03 13:00:06.610,-3279501,7570234,7728155,2083582,2,2,2,2
2025-09-03 13:00:06.612,-7473909,3376156,7728367,4164577,2,2,2,2
2025-09-03 13:00:06.615,-3279462,7570424,7728282,2083720,2,2,2,2
2025-09-03 13:00:06.618,-3279490,7570655,7728258,2083699,2,2,2,2
2025-09-03 13:00:06.621,-3279346,7570491,7728407,2083853,2,2,2,2
2025-09-03 13:00:06.623,-7473525,3376374,7728602,4164740,2,2,2,2
2025-09-03 13:00:06.625,-7473674,3376256,7728418,2067455,2,2,2,2
2025-09-03 13:00:06.628,-7473657,7570576,3526005,2067475,2,2,2,2
2025-09-03 13:00:06.630,-7473676,7570560,3525987,2067477,2,2,2,2
2025-09-03 13:00:06.633,-7473659,7570838,7728436,2067561,2,2,2,2
2025-09-03 13:00:06.635,-7473539,7570709,3534335,2067686,2,2,2,2
2025-09-03 13:00:06.638,-3279204,7570823,3534199,2067494,2,2,2,2
2025-09-03 13:00:06.641,-7473436,3376534,7728439,2067567,2,2,2,2
2025-09-03 13:00:06.644,-7473535,7587265,7728499,2083871,2,2,2,2
2025-09-03 13:00:06.647,-3279117,7570932,7728616,2083989,2,2,2,2
2025-09-03 13:00:06.649,-3279240,7570744,7728753,2084149,2,2,2,2
2025-09-03 13:00:06.652,-3279230,7570887,7728765,2084167,2,2,2,2
2025-09-03 13:00:06.655,-7473459,7570845,7728781,2067834,2,2,2,2
2025-09-03 13:00:06.657,-7473395,7570974,7728662,2067964,2,2,2,2
2025-09-03 13:00:06.660,-7473311,3376754,7728937,4165144,2,2,2,2
2025-09-03 13:00:06.663,-7473267,3376884,7728875,4165017,2,2,2,2
2025-09-03 13:00:06.665,-7473357,7571075,3526515,2068010,2,2,2,2
2025-09-03 13:00:06.668,-7473354,7571087,3534721,2068099,2,2,2,2
2025-09-03 13:00:06.671,-7473169,7571306,3534692,2068071,2,2,2,2
2025-09-03 13:00:06.674,-7473140,7571337,7729026,2068095,2,2,2,2
2025-09-03 13:00:06.676,-7473093,7571206,7729151,2068227,2,2,2,2
2025-09-03 13:00:06.679,-7472927,7571322,7729270,2068327,2,2,2,2
2025-09-03 13:00:06.682,-7473152,7571424,7729332,2068356,2,2,2,2
2025-09-03 13:00:06.684,-3278613,7571414,7729296,2084670,2,2,2,2
2025-09-03 13:00:06.687,-3278833,7571450,3535097,2084852,2,2,2,2
2025-09-03 13:00:06.689,-3278704,7571262,3534967,2068283,2,2,2,2
2025-09-03 13:00:06.693,-7473023,3377262,7729200,2068326,2,2,2,2
2025-09-03 13:00:06.695,-7473028,7571570,3534980,2068345,2,2,2,2
2025-09-03 13:00:06.698,-7473123,7587952,7729267,2068326,2,2,2,2
2025-09-03 13:00:06.701,-3278744,7571518,7729282,2084729,2,2,2,2
2025-09-03 13:00:06.704,-3278596,7571472,7729430,2084882,2,2,2,2
2025-09-03 13:00:06.706,-7472878,7587885,7729526,2084978,2,2,2,2
2025-09-03 13:00:06.710,-3278592,7571559,3535228,2068533,2,2,2,2
2025-09-03 13:00:06.713,-7472912,3377255,7729469,2068509,2,2,2,2
2025-09-03 13:00:06.715,-7472868,7587989,7729643,2076823,2,2,2,2
2025-09-03 13:00:06.717,-7472795,7588034,7729659,2076903,2,2,2,2
2025-09-03 13:00:06.720,-7472875,7571683,7729660,2068718,2,2,2,2
2025-09-03 13:00:06.723,-7472898,7571599,7729611,2068624,2,2,2,2
2025-09-03 13:00:06.725,-3278604,7571675,7729646,2085040,2,2,2,2
2025-09-03 13:00:06.728,-3278598,7571683,7729657,2085097,2,2,2,2
2025-09-03 13:00:06.731,-3278443,7571917,7729633,2085064,2,2,2,2
2025-09-03 13:00:06.733,-7472785,3377520,7729857,4166000,2,2,2,2
2025-09-03 13:00:06.736,-3278199,7572173,7729888,2085255,2,2,2,2
2025-09-03 13:00:06.738,-7472525,7572101,3535588,2068870,2,2,2,2
2025-09-03 13:00:06.741,-7472501,7572192,3535611,2068966,2,2,2,2
2025-09-03 13:00:06.744,-7472434,7572192,7729918,2068965,2,2,2,2
2025-09-03 13:00:06.746,-7472413,7588354,7729945,2085382,2,2,2,2
2025-09-03 13:00:06.749,-7472636,7572070,3535754,2069043,2,2,2,2
2025-09-03 13:00:06.752,-7472595,7572113,7729901,2068968,2,2,2,2
2025-09-03 13:00:06.755,-7472390,7572085,7730133,2069122,2,2,2,2
2025-09-03 13:00:06.758,-7472534,7588576,7729933,2085618,2,2,2,2
2025-09-03 13:00:06.761,-3278097,7572016,7730049,2085489,2,2,2,2
2025-09-03 13:00:06.763,-7472615,3377822,7730172,4166376,2,2,2,2
2025-09-03 13:00:06.766,-7472385,7572125,7729922,2069228,2,2,2,2
2025-09-03 13:00:06.769,-3278210,7572011,7730052,2085494,2,2,2,2
2025-09-03 13:00:06.772,-7472416,7572368,7730127,2069149,2,2,2,2
2025-09-03 13:00:06.774,-3278082,7572461,7730197,2085637,2,2,2,2
2025-09-03 13:00:06.777,-3277979,7572256,7730302,2085756,2,2,2,2
2025-09-03 13:00:06.779,-7472242,7572352,3536112,2069479,2,2,2,2
2025-09-03 13:00:06.782,-7472391,7572469,3535968,2069259,2,2,2,2
2025-09-03 13:00:06.784,-7472494,7572370,3535869,2069245,2,2,2,2
2025-09-03 13:00:06.787,-7472394,7572237,3535994,2069306,2,2,2,2
2025-09-03 13:00:06.790,-7472509,7572379,3535879,2069238,2,2,2,2
2025-09-03 13:00:06.792,-7472622,7572338,7730145,2069133,2,2,2,2
2025-09-03 13:00:06.795,-7472483,7588856,7730288,2077464,2,2,2,2
2025-09-03 13:00:06.797,-3278181,7572224,7730287,2085660,2,2,2,2
2025-09-03 13:00:06.800,-7472375,7572338,7730376,2069397,2,2,2,2
2025-09-03 13:00:06.802,-7472245,3378173,7730217,4166427,2,2,2,2
2025-09-03 13:00:06.805,-7472238,3378186,7730489,2069617,2,2,2,2
2025-09-03 13:00:06.807,-7471942,7572765,3536269,2069556,2,2,2,2
2025-09-03 13:00:06.810,-7471990,7572759,3536271,2069559,2,2,2,2
2025-09-03 13:00:06.812,-7472016,7589125,7730561,2085989,2,2,2,2
2025-09-03 13:00:06.815,-7471921,7572844,3536287,2069647,2,2,2,2
2025-09-03 13:00:06.818,-7472087,7572751,7730827,2069884,2,2,2,2
2025-09-03 13:00:06.821,-7471919,7572862,7730933,2069986,2,2,2,2
2025-09-03 13:00:06.824,-3277586,7572960,3536415,2069760,2,2,2,2
2025-09-03 13:00:06.827,-7471876,3378684,7730748,2069787,2,2,2,2
2025-09-03 13:00:06.829,-7472012,7572873,3536397,2069994,2,2,2,2
2025-09-03 13:00:06.832,-7472126,3378452,7730881,2069888,2,2,2,2
2025-09-03 13:00:06.835,-7471900,3378683,7730747,2069860,2,2,2,2
2025-09-03 13:00:06.838,-7471747,7573227,3536736,2070027,2,2,2,2
2025-09-03 13:00:06.840,-7471750,3378926,7730973,4167183,2,2,2,2
2025-09-03 13:00:06.843,-7471633,7573023,7731171,2070158,2,2,2,2
2025-09-03 13:00:06.846,-3277422,7573007,7731086,2086514,2,2,2,2
2025-09-03 13:00:06.849,-7471838,7573225,7731015,2070035,2,2,2,2
2025-09-03 13:00:06.851,-7471852,3378928,7730988,4167188,2,2,2,2
2025-09-03 13:00:06.854,-3277551,7573215,7731049,2086453,2,2,2,2
2025-09-03 13:00:06.856,-7471756,3378705,7731163,4167291,2,2,2,2
2025-09-03 13:00:06.859,-7471810,7573237,3536767,2070060,2,2,2,2
2025-09-03 13:00:06.861,-7471714,7573116,3536655,2070251,2,2,2,2
2025-09-03 13:00:06.864,-7471848,7589641,7731094,2078326,2,2,2,2
2025-09-03 13:00:06.866,-7471630,7573474,7731319,2070284,2,2,2,2
2025-09-03 13:00:06.869,-3277083,7573472,3537002,2086667,2,2,2,2
2025-09-03 13:00:06.871,-3277170,7573450,7731306,2086909,2,2,2,2
2025-09-03 13:00:06.874,-7471520,3379049,7731208,2070428,2,2,2,2
2025-09-03 13:00:06.877,-7471412,7573407,7731325,2070284,2,2,2,2
2025-09-03 13:00:06.879,-7471592,7573368,7731212,2070499,2,2,2,2
2025-09-03 13:00:06.882,-7471604,3379059,7731214,2070502,2,2,2,2
2025-09-03 13:00:06.884,-7471561,7573402,3537023,2070288,2,2,2,2
2025-09-03 13:00:06.887,-7471589,7573642,7731567,2070544,2,2,2,2
2025-09-03 13:00:06.891,-3277083,7573519,7731697,2087056,2,2,2,2
2025-09-03 13:00:06.893,-7471458,3379230,7731708,2070752,2,2,2,2
2025-09-03 13:00:06.896,-3277299,7573732,7731579,2086965,2,2,2,2
2025-09-03 13:00:06.899,-7471590,3387626,7731654,4167778,2,2,2,2
2025-09-03 13:00:06.901,-7471480,7573601,3537162,2070750,2,2,2,2
2025-09-03 13:00:06.904,-7471491,7589920,7731457,2087137,2,2,2,2
2025-09-03 13:00:06.907,-7471368,7573730,7731591,2070559,2,2,2,2
2025-09-03 13:00:06.909,-7471369,3379426,7731649,2070624,2,2,2,2
2025-09-03 13:00:06.912,-7471133,3379610,7731908,4167967,2,2,2,2
2025-09-03 13:00:06.914,-7471133,7573984,3537543,2070819,2,2,2,2
2025-09-03 13:00:06.917,-7471181,7573912,3537541,2070814,2,2,2,2
2025-09-03 13:00:06.920,-7471214,3387873,7731923,4168042,2,2,2,2
2025-09-03 13:00:06.923,-7470981,7574164,3537796,2071067,2,2,2,2
2025-09-03 13:00:06.926,-7471101,7574112,3537691,2071031,2,2,2,2
2025-09-03 13:00:06.929,-7471104,7574127,3537686,2071029,2,2,2,2
2025-09-03 13:00:06.931,-7471130,7590460,7731976,2079211,2,2,2,2
2025-09-03 13:00:06.934,-7471074,7574172,7732160,2071143,2,2,2,2
2025-09-03 13:00:06.936,-3276681,7574268,3537898,2071244,2,2,2,2
2025-09-03 13:00:06.939,-3276562,7574399,3538023,2071300,2,2,2,2
2025-09-03 13:00:06.942,-7470983,7574299,3537938,2071266,2,2,2,2
2025-09-03 13:00:06.945,-7470969,3380082,7732264,4168449,2,2,2,2
2025-09-03 13:00:06.947,-7470872,7590839,7732366,2079516,2,2,2,2
2025-09-03 13:00:06.950,-7470854,7590897,7732450,2087804,2,2,2,2
2025-09-03 13:00:06.952,-7470850,7574282,7732472,2071429,2,2,2,2
2025-09-03 13:00:06.955,-7470851,7574276,7732473,2071427,2,2,2,2
2025-09-03 13:00:06.958,-7470839,3379986,7732225,2071450,2,2,2,2
2025-09-03 13:00:06.960,-7470844,7590681,7732231,2079641,2,2,2,2
2025-09-03 13:00:06.963,-7470946,7590906,7732475,2079625,2,2,2,2
2025-09-03 13:00:06.966,-7470666,7574510,3538167,2071494,2,2,2,2
2025-09-03 13:00:06.968,-7470804,7574671,7732657,2071575,2,2,2,2
2025-09-03 13:00:06.971,-7470615,7590971,7732509,2079902,2,2,2,2
2025-09-03 13:00:06.974,-7470399,7574802,3538462,2071769,2,2,2,2
2025-09-03 13:00:06.977,-7470391,7574791,7732746,2071691,2,2,2,2
2025-09-03 13:00:06.980,-7470569,7591139,7732716,2071658,2,2,2,2
2025-09-03 13:00:06.982,-7470347,7574930,7732921,2071824,2,2,2,2
2025-09-03 13:00:06.985,-7470564,7575035,7732989,2071931,2,2,2,2
2025-09-03 13:00:06.987,-7470329,3388908,7732984,4169059,2,2,2,2
2025-09-03 13:00:06.990,-3276030,7575033,3538691,2088234,2,2,2,2
2025-09-03 13:00:06.993,-7470356,3380639,7732968,2071905,2,2,2,2
2025-09-03 13:00:06.996,-7470219,7591499,7733110,2080233,2,2,2,2
2025-09-03 13:00:06.999,-7470319,7575071,7733094,2072038,2,2,2,2
2025-09-03 13:00:07.002,-7470276,7575185,7733148,2072090,2,2,2,2
2025-09-03 13:00:07.005,-7470350,7575063,7733062,2072033,2,2,2,2
2025-09-03 13:00:07.007,-3275918,7575268,7733227,2088555,2,2,2,2
2025-09-03 13:00:07.010,-3275877,7575054,7733013,2088591,2,2,2,2
2025-09-03 13:00:07.012,-7470324,7575169,3538827,2072070,2,2,2,2
2025-09-03 13:00:07.015,-7470319,3380877,7733207,4169229,2,2,2,2
2025-09-03 13:00:07.017,-7470105,7575400,7667761,2072293,2,2,2,2
2025-09-03 13:00:07.020,-7469831,7591885,7667856,2088711,2,2,2,2
2025-09-03 13:00:07.023,-7470057,7575537,7667950,2072436,2,2,2,2
2025-09-03 13:00:07.026,-7469871,7575394,7667840,2072566,2,2,2,2
2025-09-03 13:00:07.028,-3275644,7575324,7667828,2088911,2,2,2,2
2025-09-03 13:00:07.031,-3275675,7575308,7667736,2088889,2,2,2,2
2025-09-03 13:00:07.034,-3275658,7575336,7667828,2088946,2,2,2,2
2025-09-03 13:00:07.036,-3275664,7575332,7667833,2088950,2,2,2,2
2025-09-03 13:00:07.039,-7469953,3389312,7667932,4169493,2,2,2,2
2025-09-03 13:00:07.042,-3275658,7575604,7668118,2088974,2,2,2,2
2025-09-03 13:00:07.044,-7469960,7575683,3473893,2088973,2,2,2,2
2025-09-03 13:00:07.048,-7469817,7591969,7668091,2089200,2,2,2,2
2025-09-03 13:00:07.051,-7469763,7575707,7668218,2089075,2,2,2,2
2025-09-03 13:00:07.054,-3275285,7575832,3474032,2089202,2,2,2,2
2025-09-03 13:00:07.057,-7469703,7575799,3473936,2089168,2,2,2,2
2025-09-03 13:00:07.060,-7469702,3381494,7668242,4186249,2,2,2,2
2025-09-03 13:00:07.062,-7469681,7575830,3474033,2089192,2,2,2,2
2025-09-03 13:00:07.065,-7469807,7592119,7668211,2089076,2,2,2,2
2025-09-03 13:00:07.067,-7469843,7575670,7668181,2088981,2,2,2,2
2025-09-03 13:00:07.070,-7469830,7575688,7668160,2089058,2,2,2,2
2025-09-03 13:00:07.073,-7469724,7592181,7668248,2089119,2,2,2,2
2025-09-03 13:00:07.076,-7469688,7575921,3474065,2089231,2,2,2,2
2025-09-03 13:00:07.078,-3275490,7575828,7668347,2089464,2,2,2,2
2025-09-03 13:00:07.081,-3275499,7575827,7668343,2089467,2,2,2,2
2025-09-03 13:00:07.084,-3275390,7576011,7668454,2089292,2,2,2,2
2025-09-03 13:00:07.086,-7469596,3389921,7668496,4186501,2,2,2,2
2025-09-03 13:00:07.089,-7469512,7576162,3474328,2089490,2,2,2,2
2025-09-03 13:00:07.091,-7469571,7592508,7668624,2089474,2,2,2,2
2025-09-03 13:00:07.094,-7469444,7592669,7668498,2089617,2,2,2,2
2025-09-03 13:00:07.097,-7469534,7576200,7668736,2089598,2,2,2,2
2025-09-03 13:00:07.100,-7469562,7576186,7668707,2089572,2,2,2,2
2025-09-03 13:00:07.103,-3275137,7576309,3474285,2089698,2,2,2,2
2025-09-03 13:00:07.105,-3275263,7576258,7668733,2089597,2,2,2,2
2025-09-03 13:00:07.108,-3275035,7576106,7668709,2089511,2,2,2,2
2025-09-03 13:00:07.110,-7469451,7576067,3474298,2089719,2,2,2,2
2025-09-03 13:00:07.114,-7469409,7592502,7668709,2089580,2,2,2,2
2025-09-03 13:00:07.117,-7469542,7576312,7668855,2089702,2,2,2,2
2025-09-03 13:00:07.119,-7469513,7576314,3474550,2089714,2,2,2,2
2025-09-03 13:00:07.122,-7469332,3390366,7668763,2089877,2,2,2,2
2025-09-03 13:00:07.125,-3275134,7576368,3474683,2089768,2,2,2,2
2025-09-03 13:00:07.128,-3274893,7576365,3474668,2089749,2,2,2,2
2025-09-03 13:00:07.131,-7469305,3382272,7669198,2089974,2,2,2,2
2025-09-03 13:00:07.134,-3274772,7576563,7669118,2089972,2,2,2,2
2025-09-03 13:00:07.137,-7469283,7576690,7669243,2090088,2,2,2,2
2025-09-03 13:00:07.139,-7469179,3390688,7669025,4187277,2,2,2,2
2025-09-03 13:00:07.142,-7469049,3390579,7669237,4187243,2,2,2,2
2025-09-03 13:00:07.144,-3274761,7576605,7669224,2089999,2,2,2,2
2025-09-03 13:00:07.147,-7469066,7593004,7669237,2090012,2,2,2,2
2025-09-03 13:00:07.150,-7469049,3390594,7669258,4187249,2,2,2,2
2025-09-03 13:00:07.152,-3274750,7577031,7669263,2090366,2,2,2,2
2025-09-03 13:00:07.155,-7468944,3382533,7669458,4187641,2,2,2,2
2025-09-03 13:00:07.157,-7468940,7576853,3475171,2090256,2,2,2,2
2025-09-03 13:00:07.160,-7468861,7576958,3475222,2090445,2,2,2,2
2025-09-03 13:00:07.164,-7468906,7593350,7669524,2090374,2,2,2,2
2025-09-03 13:00:07.167,-3274494,7577072,7669632,2090447,2,2,2,2
2025-09-03 13:00:07.169,-7468778,7593481,7669728,2090495,2,2,2,2
2025-09-03 13:00:07.172,-7468776,7593496,7669745,2090518,2,2,2,2
2025-09-03 13:00:07.175,-7468747,7577203,7669510,2090610,2,2,2,2
2025-09-03 13:00:07.178,-7468573,7593707,7669646,2090727,2,2,2,2
2025-09-03 13:00:07.181,-7468687,7577234,3475301,2090702,2,2,2,2
2025-09-03 13:00:07.183,-3274399,7577283,3475223,2090695,2,2,2,2
2025-09-03 13:00:07.186,-7468780,7577213,7669566,2090629,2,2,2,2
2025-09-03 13:00:07.189,-7468814,3382881,7669754,2090600,2,2,2,2
2025-09-03 13:00:07.192,-3274371,7577088,7669661,2090504,2,2,2,2
2025-09-03 13:00:07.194,-7468793,3391115,7669795,4187798,2,2,2,2
2025-09-03 13:00:07.197,-7468722,7577338,3475349,2090507,2,2,2,2
2025-09-03 13:00:07.199,-7468690,7593474,7669729,2090523,2,2,2,2
2025-09-03 13:00:07.202,-7468550,7593676,7669870,2090723,2,2,2,2
2025-09-03 13:00:07.205,-7468550,7577236,7669892,2090733,2,2,2,2
2025-09-03 13:00:07.208,-7468760,7577345,7670011,2090852,2,2,2,2
2025-09-03 13:00:07.211,-7468667,7593849,7669861,2082702,2,2,2,2
2025-09-03 13:00:07.213,-3274359,7577400,3475561,2090962,2,2,2,2
2025-09-03 13:00:07.216,-3274132,7577373,7670036,2090873,2,2,2,2
2025-09-03 13:00:07.219,-3274209,7594001,3475730,2091061,2,2,2,2
2025-09-03 13:00:07.222,-7468469,7594100,3475819,2091167,2,2,2,2
2025-09-03 13:00:07.226,-7468442,3399795,7670077,4188316,2,2,2,2
2025-09-03 13:00:07.229,-3273991,7593998,7670030,2091125,2,2,2,2
2025-09-03 13:00:07.231,-7468300,3391519,7670035,4188282,2,2,2,2
2025-09-03 13:00:07.234,-3274133,7594204,7670172,2091258,2,2,2,2
2025-09-03 13:00:07.237,-7468342,7594233,7670266,2091038,2,2,2,2
2025-09-03 13:00:07.240,-3273962,7594196,3476109,2091252,2,2,2,2
2025-09-03 13:00:07.243,-7468341,3399706,7670295,2091130,2,2,2,2
2025-09-03 13:00:07.246,-7468349,7594087,3476090,2091218,2,2,2,2
2025-09-03 13:00:07.249,-7468088,7594337,7670349,2091387,2,2,2,2
2025-09-03 13:00:07.251,-7468085,7594342,7670639,2091391,2,2,2,2
2025-09-03 13:00:07.254,-3273872,7594263,7670548,2091336,2,2,2,2
2025-09-03 13:00:07.256,-7468272,3400189,7670541,4188515,2,2,2,2
2025-09-03 13:00:07.259,-7468054,3400168,7670518,2091275,2,2,2,2
2025-09-03 13:00:07.261,-7468182,7594338,3476329,2091465,2,2,2,2
2025-09-03 13:00:07.264,-7468035,7594495,7670530,2083358,2,2,2,2
2025-09-03 13:00:07.266,-7468018,7594523,7670626,2083448,2,2,2,2
2025-09-03 13:00:07.269,-7468022,7594520,7670594,2091643,2,2,2,2
2025-09-03 13:00:07.271,-3273614,7594555,7670664,2091710,2,2,2,2
2025-09-03 13:00:07.274,-7468017,3392109,7670842,2091670,2,2,2,2
2025-09-03 13:00:07.276,-7467905,3392235,7670785,4188685,2,2,2,2
2025-09-03 13:00:07.279,-7467789,3392100,7670840,4188814,2,2,2,2
2025-09-03 13:00:07.282,-7467788,3392116,7670996,2091744,2,2,2,2
2025-09-03 13:00:07.285,-3273604,7594749,3476504,2091563,2,2,2,2
2025-09-03 13:00:07.288,-7467903,3400440,7670811,4188773,2,2,2,2
2025-09-03 13:00:07.291,-7467911,3392255,7670811,4189039,2,2,2,2
2025-09-03 13:00:07.293,-7467881,7594824,7670911,2091927,2,2,2,2
2025-09-03 13:00:07.296,-7467930,7594749,3476578,2091831,2,2,2,2
2025-09-03 13:00:07.299,-7467915,3392277,7670844,4189066,2,2,2,2
2025-09-03 13:00:07.301,-7468021,7594746,3476581,2091836,2,2,2,2
2025-09-03 13:00:07.304,-7467788,7594723,3476498,2091881,2,2,2,2
2025-09-03 13:00:07.308,-7467916,7594800,7670941,2092016,2,2,2,2
2025-09-03 13:00:07.311,-7467836,7594885,7671022,2091781,2,2,2,2
2025-09-03 13:00:07.314,-3273473,7594772,3476856,2091989,2,2,2,2
2025-09-03 13:00:07.316,-7467549,7594991,7671095,2092141,2,2,2,2
2025-09-03 13:00:07.319,-3273347,7594976,7671040,2092094,2,2,2,2
2025-09-03 13:00:07.321,-3273459,7595062,7671267,2092277,2,2,2,2
2025-09-03 13:00:07.324,-7467623,3400715,7671091,4189329,2,2,2,2
2025-09-03 13:00:07.326,-7467635,7595016,3476855,2092230,2,2,2,2
2025-09-03 13:00:07.329,-7467524,7595143,3476974,2092041,2,2,2,2
2025-09-03 13:00:07.331,-7467762,7595193,7671298,2083866,2,2,2,2
2025-09-03 13:00:07.334,-7467742,7595249,7671371,2092156,2,2,2,2
2025-09-03 13:00:07.336,-7467540,7595132,7671536,2092289,2,2,2,2
2025-09-03 13:00:07.339,-3273317,7595052,7671521,2092276,2,2,2,2
2025-09-03 13:00:07.342,-7467643,7595113,7671455,2084085,2,2,2,2
2025-09-03 13:00:07.345,-7467389,7595391,7671535,2092292,2,2,2,2
2025-09-03 13:00:07.348,-3273105,7595311,3477144,2092531,2,2,2,2
2025-09-03 13:00:07.351,-7467268,3400976,7671602,2092426,2,2,2,2
2025-09-03 13:00:07.354,-7467268,3401241,7671748,2092692,2,2,2,2
2025-09-03 13:00:07.357,-7467131,3401446,7671827,4189802,2,2,2,2
2025-09-03 13:00:07.360,-7467202,7595753,7671838,2092650,2,2,2,2
2025-09-03 13:00:07.363,-7467167,7595661,3485698,2092823,2,2,2,2
2025-09-03 13:00:07.366,-7467121,3401469,7671858,2092681,2,2,2,2
2025-09-03 13:00:07.369,-3272935,7595750,7671834,2092872,2,2,2,2
2025-09-03 13:00:07.372,-3272706,7595723,7672063,2092854,2,2,2,2
2025-09-03 13:00:07.374,-7467032,3401330,7672049,2092798,2,2,2,2
2025-09-03 13:00:07.377,-7467362,3401320,7671798,4189951,2,2,2,2
2025-09-03 13:00:07.379,-7467061,7595650,3485703,2092814,2,2,2,2
2025-09-03 13:00:07.382,-7467118,7595633,7672052,2092804,2,2,2,2
2025-09-03 13:00:07.385,-3272727,7595727,7671831,2092865,2,2,2,2
2025-09-03 13:00:07.387,-7467072,7595921,3485970,2092828,2,2,2,2
2025-09-03 13:00:07.390,-7467025,7596007,7672174,2092930,2,2,2,2
2025-09-03 13:00:07.393,-7466892,7595894,3478014,2093059,2,2,2,2
2025-09-03 13:00:07.396,-7466966,3401839,7672308,2093058,2,2,2,2
2025-09-03 13:00:07.399,-3272459,7596030,3477906,2093268,2,2,2,2
2025-09-03 13:00:07.402,-7466857,3401710,7672122,2093186,2,2,2,2
2025-09-03 13:00:07.405,-3272451,7596070,7672299,2093059,2,2,2,2
2025-09-03 13:00:07.407,-7466865,7596033,3486350,2093274,2,2,2,2
2025-09-03 13:00:07.410,-7466637,7596259,3486321,2093373,2,2,2,2
2025-09-03 13:00:07.412,-7466726,7596179,3486305,2093354,2,2,2,2
2025-09-03 13:00:07.415,-7466644,7596232,7672446,2093445,2,2,2,2
2025-09-03 13:00:07.417,-7466718,7596512,7672773,2093447,2,2,2,2
2025-09-03 13:00:07.420,-7466555,7596307,7672777,2093558,2,2,2,2
2025-09-03 13:00:07.423,-7466513,7596424,7672675,2093667,2,2,2,2
2025-09-03 13:00:07.426,-7466556,7596424,3478296,2093349,2,2,2,2
2025-09-03 13:00:07.428,-7466613,7596406,7672592,2093338,2,2,2,2
2025-09-03 13:00:07.431,-7466551,7596404,7672590,2093594,2,2,2,2
2025-09-03 13:00:07.434,-3263989,7596548,7672801,2093812,2,2,2,2
2025-09-03 13:00:07.437,-7466280,7596692,7673035,2093702,2,2,2,2
2025-09-03 13:00:07.440,-7466269,3402465,7673038,2093709,2,2,2,2
2025-09-03 13:00:07.443,-7466481,7596648,7672849,2093589,2,2,2,2
2025-09-03 13:00:07.446,-7466459,7596673,7672941,2093682,2,2,2,2
2025-09-03 13:00:07.449,-3263873,7596766,3478656,2093771,2,2,2,2
2025-09-03 13:00:07.452,-3272184,7596661,3478556,2093848,2,2,2,2
2025-09-03 13:00:07.455,-7466305,7596564,3478780,2093833,2,2,2,2
2025-09-03 13:00:07.458,-7466456,7596768,7672973,2093708,2,2,2,2
2025-09-03 13:00:07.461,-7466494,7596669,7672909,2093675,2,2,2,2
2025-09-03 13:00:07.464,-3271949,7596662,3478629,2093875,2,2,2,2
2025-09-03 13:00:07.467,-7466245,7596947,3478921,2093958,2,2,2,2
2025-09-03 13:00:07.470,-7466477,7596786,7673027,2093982,2,2,2,2
2025-09-03 13:00:07.473,-7466229,7597047,7673281,2094053,2,2,2,2
2025-09-03 13:00:07.476,-7466013,7596952,3478924,2094279,2,2,2,2
2025-09-03 13:00:07.479,-3271912,7596810,7673092,2094086,2,2,2,2
2025-09-03 13:00:07.482,-7466047,7596928,7673206,2094202,2,2,2,2
2025-09-03 13:00:07.485,-7466227,7597071,7673346,2094094,2,2,2,2
2025-09-03 13:00:07.487,-3271681,7597073,7673351,2094087,2,2,2,2
2025-09-03 13:00:07.490,-3271798,7597271,7673500,2094267,2,2,2,2
2025-09-03 13:00:07.492,-7466162,7597178,3487368,2094275,2,2,2,2
2025-09-03 13:00:07.495,-3271782,7597049,7673330,2094334,2,2,2,2
2025-09-03 13:00:07.497,-7466197,3402646,7673302,2094224,2,2,2,2
2025-09-03 13:00:07.500,-3271657,7597268,7673487,2094491,2,2,2,2
2025-09-03 13:00:07.503,-3271673,7597118,7673471,2094476,2,2,2,2
2025-09-03 13:00:07.505,-7465791,3403012,7673611,2094341,2,2,2,2
2025-09-03 13:00:07.508,-7465966,3402910,7673575,2094567,2,2,2,2
2025-09-03 13:00:07.510,-7466041,7597084,7673388,2094192,2,2,2,2
2025-09-03 13:00:07.513,-7465996,7597240,7673497,2094495,2,2,2,2
2025-09-03 13:00:07.516,-3271544,7597366,7673725,2094452,2,2,2,2
2025-09-03 13:00:07.518,-7465751,7597501,7673828,2094492,2,2,2,2
2025-09-03 13:00:07.521,-3271452,7597522,7673834,2094533,2,2,2,2
2025-09-03 13:00:07.524,-7465980,7597322,7673628,2094612,2,2,2,2
2025-09-03 13:00:07.527,-7465932,7597436,7673732,2094716,2,2,2,2
2025-09-03 13:00:07.529,-7465933,7597342,3479406,2094639,2,2,2,2
2025-09-03 13:00:07.532,-7465964,7597419,7673725,2094710,2,2,2,2
2025-09-03 13:00:07.535,-3271522,7597553,3479561,2094614,2,2,2,2
2025-09-03 13:00:07.538,-7465870,7597506,7673849,2094839,2,2,2,2
2025-09-03 13:00:07.541,-7465716,7597691,7674009,2094745,2,2,2,2
2025-09-03 13:00:07.544,-3271427,7597615,3479690,2094799,2,2,2,2
2025-09-03 13:00:07.547,-7465690,3403419,7674106,2094833,2,2,2,2
2025-09-03 13:00:07.550,-7465604,7597810,3479567,2094862,2,2,2,2
2025-09-03 13:00:07.553,-7465603,3403510,7673888,4192021,2,2,2,2
2025-09-03 13:00:07.555,-7465496,7597693,7674002,2095003,2,2,2,2
2025-09-03 13:00:07.558,-7465487,7597712,3479789,2095084,2,2,2,2
2025-09-03 13:00:07.561,-7465476,7597796,3479806,2094849,2,2,2,2
2025-09-03 13:00:07.564,-3263000,7597777,3479794,2095078,2,2,2,2
2025-09-03 13:00:07.567,-7465677,3403629,7674315,2094971,2,2,2,2
2025-09-03 13:00:07.570,-3271270,7597804,7674116,2095093,2,2,2,2
2025-09-03 13:00:07.573,-7465717,7597850,7674234,2094958,2,2,2,2
2025-09-03 13:00:07.576,-7465481,7597832,7674190,2094876,2,2,2,2
2025-09-03 13:00:07.578,-7465711,3395352,7674321,4192130,2,2,2,2
2025-09-03 13:00:07.581,-7465585,3395557,7674130,2095111,2,2,2,2
2025-09-03 13:00:07.583,-7465691,7597949,3480044,2095074,2,2,2,2
2025-09-03 13:00:07.586,-7465345,3395560,7674389,4192268,2,2,2,2
2025-09-03 13:00:07.589,-3262874,7598032,3480060,2095350,2,2,2,2
2025-09-03 13:00:07.592,-3271147,7598024,3480058,2095347,2,2,2,2
2025-09-03 13:00:07.595,-3271176,7597865,7674266,2095260,2,2,2,2
2025-09-03 13:00:07.598,-7465545,7597847,3488132,2095165,2,2,2,2
2025-09-03 13:00:07.601,-7465267,7598176,7674505,2095239,2,2,2,2
2025-09-03 13:00:07.603,-7465464,7598309,7674375,2095372,2,2,2,2
2025-09-03 13:00:07.606,-3270912,7598297,7674629,2095613,2,2,2,2
2025-09-03 13:00:07.609,-7465213,7598324,7674648,2095388,2,2,2,2
2025-09-03 13:00:07.612,-7465204,7598337,3488621,2095406,2,2,2,2
2025-09-03 13:00:07.615,-7465225,7598306,3488612,2095395,2,2,2,2
2025-09-03 13:00:07.617,-7465337,7598215,3480323,2095615,2,2,2,2
2025-09-03 13:00:07.620,-7465340,7598217,7674625,2095368,2,2,2,2
2025-09-03 13:00:07.622,-7465219,7598350,7674749,2095492,2,2,2,2
2025-09-03 13:00:07.625,-7465351,7598232,7674637,2095376,2,2,2,2
2025-09-03 13:00:07.628,-7465214,7598358,7674764,2095500,2,2,2,2
2025-09-03 13:00:07.630,-7465232,7598345,7674763,2095509,2,2,2,2
2025-09-03 13:00:07.633,-7464991,7598345,7674757,2095754,2,2,2,2
2025-09-03 13:00:07.636,-7465181,7598482,7674680,2095637,2,2,2,2
2025-09-03 13:00:07.638,-3262607,7598573,7674734,2095663,2,2,2,2
2025-09-03 13:00:07.641,-3262697,7598544,3480329,2095632,2,2,2,2
2025-09-03 13:00:07.644,-7464999,7598436,7674814,2095842,2,2,2,2
2025-09-03 13:00:07.647,-7464975,7598461,7674881,2095857,2,2,2,2
2025-09-03 13:00:07.650,-7465097,7598609,3480720,2095750,2,2,2,2
2025-09-03 13:00:07.653,-3262436,7598836,7674997,2095951,2,2,2,2
2025-09-03 13:00:07.655,-7464926,7598844,7675022,2096016,2,2,2,2
2025-09-03 13:00:07.658,-3262357,7598596,3480722,2096076,2,2,2,2
2025-09-03 13:00:07.661,-7464922,7598604,3480811,2096028,2,2,2,2
2025-09-03 13:00:07.664,-3270525,7599044,7675160,2096139,2,2,2,2
2025-09-03 13:00:07.667,-7464757,7598994,7675239,2096226,2,2,2,2
2025-09-03 13:00:07.670,-3270558,7598904,7675151,2096136,2,2,2,2
2025-09-03 13:00:07.672,-7464946,3404641,7675390,4193277,2,2,2,2
2025-09-03 13:00:07.675,-7464736,7598838,7675365,2096013,2,2,2,2
2025-09-03 13:00:07.678,-7464746,7599103,7675334,2096261,2,2,2,2
2025-09-03 13:00:07.680,-7464674,7598996,7675471,2096158,2,2,2,2
2025-09-03 13:00:07.683,-3270267,7599101,7675546,2096263,2,2,2,2
2025-09-03 13:00:07.685,-3270377,7599061,7675503,2096191,2,2,2,2
2025-09-03 13:00:07.688,-7464589,3404802,7675612,4193431,2,2,2,2
2025-09-03 13:00:07.690,-7464732,3404656,7675417,4193282,2,2,2,2
2025-09-03 13:00:07.693,-7464704,7599003,3489409,2096185,2,2,2,2
2025-09-03 13:00:07.696,-7464562,7599211,3481112,2096395,2,2,2,2
2025-09-03 13:00:07.698,-7464700,7599310,7675547,2096521,2,2,2,2
2025-09-03 13:00:07.701,-7464455,7599340,7675794,2096517,2,2,2,2
2025-09-03 13:00:07.703,-7464478,7599331,7675787,2096512,2,2,2,2
2025-09-03 13:00:07.706,-3261944,7599368,7675894,2096583,2,2,2,2
2025-09-03 13:00:07.708,-3270261,7599318,7675769,2096496,2,2,2,2
2025-09-03 13:00:07.711,-3270287,7599162,7675754,2096453,2,2,2,2
2025-09-03 13:00:07.714,-7464232,7599596,7675802,2096782,2,2,2,2
2025-09-03 13:00:07.716,-7464404,7599494,7675963,2096755,2,2,2,2
2025-09-03 13:00:07.719,-3261849,7599566,7692420,2096756,2,2,2,2
2025-09-03 13:00:07.722,-7464222,7599647,7675959,2096911,2,2,2,2
2025-09-03 13:00:07.725,-7464306,7599611,3497998,2096882,2,2,2,2
2025-09-03 13:00:07.727,-7464305,7599630,7692295,2096887,2,2,2,2
2025-09-03 13:00:07.731,-7464255,7599611,7676152,2096868,2,2,2,2
2025-09-03 13:00:07.734,-3270038,7599607,3498235,2096878,2,2,2,2
2025-09-03 13:00:07.737,-7464336,7599635,3498011,2096910,2,2,2,2
2025-09-03 13:00:07.740,-7464440,3405302,7692541,4194022,2,2,2,2
2025-09-03 13:00:07.742,-7464438,7599625,3489805,2096879,2,2,2,2
2025-09-03 13:00:07.745,-7464205,7599598,3490039,2096871,2,2,2,2
2025-09-03 13:00:07.748,-7464272,7599766,3481751,2097040,2,2,2,2
2025-09-03 13:00:07.750,-3269782,7599668,7692665,2096966,2,2,2,2
2025-09-03 13:00:07.754,-3269781,7599753,3498392,2096948,2,2,2,2
2025-09-03 13:00:07.756,-7463953,7599886,3498268,2031622,2,2,2,2
2025-09-03 13:00:07.759,-7464055,7599817,7692792,2097127,2,2,2,2
2025-09-03 13:00:07.762,-7464196,7599691,7692661,2096997,2,2,2,2
2025-09-03 13:00:07.764,-7464130,7599773,3490275,2097107,2,2,2,2
2025-09-03 13:00:07.767,-7464064,7599876,7692551,2097146,2,2,2,2
2025-09-03 13:00:07.770,-7463959,7599991,7692663,2031721,2,2,2,2
2025-09-03 13:00:07.773,-7464134,7600112,3490296,2031852,2,2,2,2
2025-09-03 13:00:07.775,-3269786,7599873,7692801,2031869,2,2,2,2
2025-09-03 13:00:07.778,-3269733,7599925,7692923,2031728,2,2,2,2
2025-09-03 13:00:07.781,-7464129,7599970,7676522,2031633,2,2,2,2
2025-09-03 13:00:07.784,-3261328,7600161,3498599,2031900,2,2,2,2
2025-09-03 13:00:07.787,-3269729,7600105,3498723,2031833,2,2,2,2
2025-09-03 13:00:07.790,-7463883,7600232,3490407,2031892,2,2,2,2
2025-09-03 13:00:07.792,-7463828,7600255,3498646,2032065,2,2,2,2
2025-09-03 13:00:07.795,-7463803,7600285,3482353,2032024,2,2,2,2
2025-09-03 13:00:07.797,-7463835,7600325,7693198,2031997,2,2,2,2
2025-09-03 13:00:07.800,-7463707,7600401,7676696,2032135,2,2,2,2
2025-09-03 13:00:07.802,-7463790,7600395,7693075,2032127,2,2,2,2
2025-09-03 13:00:07.805,-3269263,7600540,3499010,2032348,2,2,2,2
2025-09-03 13:00:07.808,-7463552,7600635,7693324,2032382,2,2,2,2
2025-09-03 13:00:07.811,-7463463,7600407,3482730,2032135,2,2,2,2
2025-09-03 13:00:07.814,-7463478,3406094,7693358,2032144,2,2,2,2
2025-09-03 13:00:07.817,-7463448,7600508,7693450,2032242,2,2,2,2
2025-09-03 13:00:07.820,-7463680,7600535,7693563,2032352,2,2,2,2
2025-09-03 13:00:07.822,-7463537,7600756,3499152,2032438,2,2,2,2
2025-09-03 13:00:07.825,-7463533,7600764,3499161,2032447,2,2,2,2
2025-09-03 13:00:07.828,-7463440,7600832,7693571,2032623,2,2,2,2
2025-09-03 13:00:07.830,-7463422,7600887,7693595,2032638,2,2,2,2
2025-09-03 13:00:07.833,-7463410,7600909,7693681,2032659,2,2,2,2
2025-09-03 13:00:07.836,-7463192,7600889,3491168,2032642,2,2,2,2
2025-09-03 13:00:07.839,-7463282,7600870,3491085,2032631,2,2,2,2
2025-09-03 13:00:07.841,-7463423,7600927,7677315,2032751,2,2,2,2
2025-09-03 13:00:07.844,-7463192,7600922,7693947,2032667,2,2,2,2
2025-09-03 13:00:07.847,-7463296,7601140,7693841,2032879,2,2,2,2
2025-09-03 13:00:07.850,-7463323,7601079,7693821,2032872,2,2,2,2
2025-09-03 13:00:07.853,-7463309,7601139,7693855,2032890,2,2,2,2
2025-09-03 13:00:07.855,-3260696,7600941,3499420,2032703,2,2,2,2
2025-09-03 13:00:07.858,-3268979,7600920,3499637,2032671,2,2,2,2
2025-09-03 13:00:07.861,-7463190,3406731,7693814,2032790,2,2,2,2
2025-09-03 13:00:07.864,-3268865,7601125,7693839,2032883,2,2,2,2
2025-09-03 13:00:07.866,-7463207,7601034,7677678,2032778,2,2,2,2
2025-09-03 13:00:07.869,-7463094,7601179,3491461,2032932,2,2,2,2
2025-09-03 13:00:07.872,-7462925,7601386,3491603,2033140,2,2,2,2
2025-09-03 13:00:07.874,-3268753,7601183,7694226,2033013,2,2,2,2
2025-09-03 13:00:07.878,-7463015,7601309,7694082,2033133,2,2,2,2
2025-09-03 13:00:07.880,-7462923,7601401,7677771,2033164,2,2,2,2
2025-09-03 13:00:07.883,-7462946,7601391,7677772,2033163,2,2,2,2
2025-09-03 13:00:07.886,-7446336,7601632,7677977,2033393,2,2,2,2
2025-09-03 13:00:07.889,-7446422,3407240,7694345,4130544,2,2,2,2
2025-09-03 13:00:07.891,-7462804,7601545,3491858,2033402,2,2,2,2
2025-09-03 13:00:07.894,-7462795,7601567,3491871,2033171,2,2,2,2
2025-09-03 13:00:07.897,-7446504,3407243,7694361,2033397,2,2,2,2
2025-09-03 13:00:07.900,-3260270,7601418,3500177,2033201,2,2,2,2
2025-09-03 13:00:07.903,-3268602,7601465,3500044,2033389,2,2,2,2
2025-09-03 13:00:07.905,-7446491,7601641,7678022,2033168,2,2,2,2
2025-09-03 13:00:07.908,-3260167,7601617,7694362,2033404,2,2,2,2
2025-09-03 13:00:07.910,-3252089,7601436,7694579,2033332,2,2,2,2
2025-09-03 13:00:07.913,-7462684,7601546,7677975,2033404,2,2,2,2
2025-09-03 13:00:07.916,-7462803,7601435,3500269,2033353,2,2,2,2
2025-09-03 13:00:07.919,-7462760,7601807,3500314,2033651,2,2,2,2
2025-09-03 13:00:07.921,-7446246,7601714,7694818,2033532,2,2,2,2
2025-09-03 13:00:07.924,-7446304,7601853,7694711,2033426,2,2,2,2
2025-09-03 13:00:07.927,-7462856,7601769,3492087,2033633,2,2,2,2
2025-09-03 13:00:07.930,-7462649,7601769,3484149,2033564,2,2,2,2
2025-09-03 13:00:07.932,-7446271,7602018,7678461,2033819,2,2,2,2
2025-09-03 13:00:07.935,-7446260,7602040,7694864,2033894,2,2,2,2
2025-09-03 13:00:07.938,-7446252,7602050,7694875,2033674,2,2,2,2
2025-09-03 13:00:07.941,-7446244,7602101,7694953,2033679,2,2,2,2
2025-09-03 13:00:07.943,-7446232,3407840,7694901,2033694,2,2,2,2
2025-09-03 13:00:07.946,-7445809,7536659,7678708,2034072,2,2,2,2
2025-09-03 13:00:07.949,-7445776,7536769,7678751,2033926,2,2,2,2
2025-09-03 13:00:07.952,-3251558,7536696,7695120,2034170,2,2,2,2
2025-09-03 13:00:07.955,-7445994,3342336,7695066,4131199,2,2,2,2
2025-09-03 13:00:07.957,-7445888,3342446,7695102,4131309,2,2,2,2
2025-09-03 13:00:07.960,-7462390,7536642,3484306,2034041,2,2,2,2
2025-09-03 13:00:07.963,-7462390,7536651,7678954,2034052,2,2,2,2
2025-09-03 13:00:07.966,-3267957,7536788,3500923,2033935,2,2,2,2
2025-09-03 13:00:07.969,-7462158,7536646,3501028,2033970,2,2,2,2
2025-09-03 13:00:07.971,-7445774,7536908,7695337,2034313,2,2,2,2
2025-09-03 13:00:07.974,-7445748,7536992,7678981,2034405,2,2,2,2
2025-09-03 13:00:07.977,-7445758,7536971,7695362,2034406,2,2,2,2
2025-09-03 13:00:07.979,-7445773,3342691,7695366,2034413,2,2,2,2
2025-09-03 13:00:07.982,-7461923,7536922,3484924,2034327,2,2,2,2
2025-09-03 13:00:07.985,-3251435,7537110,7695482,2034496,2,2,2,2
2025-09-03 13:00:07.988,-7445509,3342720,7695394,4131602,2,2,2,2
2025-09-03 13:00:07.990,-7462073,7537128,3484807,2034544,2,2,2,2
2025-09-03 13:00:07.993,-3251440,7537125,7695506,2034543,2,2,2,2
2025-09-03 13:00:07.996,-7445756,7537144,7695590,2034559,2,2,2,2
2025-09-03 13:00:07.999,-7461988,7537041,3501176,2034449,2,2,2,2
2025-09-03 13:00:08.002,-7462014,7537274,3493219,2034683,2,2,2,2
2025-09-03 13:00:08.004,-7445497,7537407,7695862,2034575,2,2,2,2
2025-09-03 13:00:08.007,-7445485,7537473,7695894,2034916,2,2,2,2
2025-09-03 13:00:08.010,-7445484,7537509,7679517,2034932,2,2,2,2
2025-09-03 13:00:08.013,-7445502,7537434,7695891,2034924,2,2,2,2
2025-09-03 13:00:08.016,-3267583,7537183,3501343,2034661,2,2,2,2
2025-09-03 13:00:08.018,-7445473,7537284,7695743,2034710,2,2,2,2
2025-09-03 13:00:08.021,-3259233,7537427,3501588,2034916,2,2,2,2
2025-09-03 13:00:08.024,-3259124,7537606,3501696,2034956,2,2,2,2
2025-09-03 13:00:08.026,-3267315,7537809,3501963,2034971,2,2,2,2
2025-09-03 13:00:08.029,-7445122,7537660,7696129,2035095,2,2,2,2
2025-09-03 13:00:08.031,-7445113,7537672,7696144,2035100,2,2,2,2
2025-09-03 13:00:08.034,-3259025,7537677,7696132,2035127,2,2,2,2
2025-09-03 13:00:08.036,-7445203,7537665,7679750,2035089,2,2,2,2
2025-09-03 13:00:08.039,-7445227,3343594,7696379,4132234,2,2,2,2
2025-09-03 13:00:08.041,-7445103,3343476,7696321,4132116,2,2,2,2
2025-09-03 13:00:08.044,-7461380,7537901,3485692,2035096,2,2,2,2
2025-09-03 13:00:08.047,-7461590,7537689,3485562,2035200,2,2,2,2
2025-09-03 13:00:08.049,-3250719,7537883,7696368,2035320,2,2,2,2
2025-09-03 13:00:08.052,-7444969,3343638,7696437,4132597,2,2,2,2
2025-09-03 13:00:08.055,-3250668,7537956,7696506,2035448,2,2,2,2
2025-09-03 13:00:08.057,-7461323,7538017,3502195,2035437,2,2,2,2
2025-09-03 13:00:08.060,-7461299,7538056,3485927,2035483,2,2,2,2
2025-09-03 13:00:08.063,-7461328,7538032,3485830,2035473,2,2,2,2
2025-09-03 13:00:08.066,-7444746,7537986,7696498,2035454,2,2,2,2
2025-09-03 13:00:08.068,-7444768,7538016,7680115,2035443,2,2,2,2
2025-09-03 13:00:08.071,-7444746,7538043,7680185,2035474,2,2,2,2
2025-09-03 13:00:08.073,-3258733,7537954,3502204,2035440,2,2,2,2
2025-09-03 13:00:08.076,-3258730,7537949,7696514,2035452,2,2,2,2
2025-09-03 13:00:08.079,-3258641,7538115,3502312,2035488,2,2,2,2
2025-09-03 13:00:08.081,-7444983,7538154,7680305,2035583,2,2,2,2
2025-09-03 13:00:08.084,-3258739,7538219,7696792,2035466,2,2,2,2
2025-09-03 13:00:08.087,-3258522,7538185,3502453,2035689,2,2,2,2
2025-09-03 13:00:08.090,-7444754,3344098,7696668,2035602,2,2,2,2
2025-09-03 13:00:08.093,-7444767,3344026,7696655,2035589,2,2,2,2
2025-09-03 13:00:08.095,-7461244,7538323,3502337,2035508,2,2,2,2
2025-09-03 13:00:08.098,-7444534,3344010,7696907,2035840,2,2,2,2
2025-09-03 13:00:08.101,-7460920,7538432,3502707,2035960,2,2,2,2
2025-09-03 13:00:08.103,-7444620,7538307,7696898,2044027,2,2,2,2
2025-09-03 13:00:08.105,-7444837,7538423,7696758,2035691,2,2,2,2
2025-09-03 13:00:08.108,-7444716,7538304,7696884,2044011,2,2,2,2
2025-09-03 13:00:08.111,-7444689,7538332,7680574,2035856,2,2,2,2
2025-09-03 13:00:08.113,-7444677,7538420,7680560,2035937,2,2,2,2
2025-09-03 13:00:08.116,-7444497,7538476,7697133,2035739,2,2,2,2
2025-09-03 13:00:08.119,-7444591,3344151,7697106,4132868,2,2,2,2
2025-09-03 13:00:08.122,-3250180,7538627,7696907,2035832,2,2,2,2
2025-09-03 13:00:08.125,-7444510,7538547,7680744,2036079,2,2,2,2
2025-09-03 13:00:08.128,-7444418,7538719,7680924,2035981,2,2,2,2
2025-09-03 13:00:08.131,-7444267,7538812,7681021,2036080,2,2,2,2
2025-09-03 13:00:08.133,-3258351,7538700,7697290,2036272,2,2,2,2
2025-09-03 13:00:08.136,-3258356,7538702,7697295,2036224,2,2,2,2
2025-09-03 13:00:08.139,-7444475,7538701,7680971,2036213,2,2,2,2
2025-09-03 13:00:08.141,-7460766,7538802,3503086,2036255,2,2,2,2
2025-09-03 13:00:08.144,-7444356,3344538,7697180,2036108,2,2,2,2
2025-09-03 13:00:08.147,-7444453,3344507,7697397,4133225,2,2,2,2
2025-09-03 13:00:08.150,-3250050,7538914,7697253,2036152,2,2,2,2
2025-09-03 13:00:08.153,-3258121,7538726,7697390,2036289,2,2,2,2
2025-09-03 13:00:08.155,-7444252,3344481,7697385,4133401,2,2,2,2
2025-09-03 13:00:08.157,-7444370,3344628,7697467,4133619,2,2,2,2
2025-09-03 13:00:08.160,-7460732,7538942,3503257,2036241,2,2,2,2
2025-09-03 13:00:08.163,-7444239,3344503,7697423,2036352,2,2,2,2
2025-09-03 13:00:08.165,-7444380,7538939,7697539,2044659,2,2,2,2
2025-09-03 13:00:08.168,-7460787,7538960,3503262,2036235,2,2,2,2
2025-09-03 13:00:08.171,-7444164,7539046,7681287,2036595,2,2,2,2
2025-09-03 13:00:08.174,-7444211,7539198,7697811,2044925,2,2,2,2
2025-09-03 13:00:08.177,-3266177,7539311,3503385,2036537,2,2,2,2
2025-09-03 13:00:08.180,-7444210,7539208,7697821,2036482,2,2,2,2
2025-09-03 13:00:08.182,-7443976,7539198,7697820,2044674,2,2,2,2
2025-09-03 13:00:08.185,-7444018,7539348,7681327,2036632,2,2,2,2
2025-09-03 13:00:08.187,-3257743,7539411,7698028,2036937,2,2,2,2
2025-09-03 13:00:08.190,-3257981,7539433,7697792,2036726,2,2,2,2
2025-09-03 13:00:08.193,-7444015,7539443,7681421,2036733,2,2,2,2
2025-09-03 13:00:08.196,-7460220,7539430,3503755,2036737,2,2,2,2
2025-09-03 13:00:08.199,-7443951,7539401,7698020,2036881,2,2,2,2
2025-09-03 13:00:08.202,-7460110,7539573,7681553,2036869,2,2,2,2
2025-09-03 13:00:08.204,-7443924,7539708,7681693,2037001,2,2,2,2
2025-09-03 13:00:08.207,-3249522,7539481,7698172,2036809,2,2,2,2
2025-09-03 13:00:08.209,-3249652,7539680,7698052,2036962,2,2,2,2
2025-09-03 13:00:08.212,-7443849,3345172,7698162,4134171,2,2,2,2
2025-09-03 13:00:08.215,-7460059,7539731,7682033,2037010,2,2,2,2
2025-09-03 13:00:08.217,-7460161,7539604,3503989,2037206,2,2,2,2
2025-09-03 13:00:08.220,-7459976,7539825,3503902,2037045,2,2,2,2
2025-09-03 13:00:08.223,-3249285,7539769,7698462,2037382,2,2,2,2
2025-09-03 13:00:08.225,-7443585,3345540,7698476,4134546,2,2,2,2
2025-09-03 13:00:08.228,-7443357,3345774,7698476,4134535,2,2,2,2
2025-09-03 13:00:08.230,-7459847,7539976,3504130,2037277,2,2,2,2
2025-09-03 13:00:08.233,-7443316,3345892,7698649,2037486,2,2,2,2
2025-09-03 13:00:08.236,-3257248,7540016,3504239,2037455,2,2,2,2
2025-09-03 13:00:08.239,-7443489,3345664,7698438,2037272,2,2,2,2
2025-09-03 13:00:08.242,-7443587,3345643,7698669,2037498,2,2,2,2
2025-09-03 13:00:08.245,-3249055,7540174,7698579,2037449,2,2,2,2
2025-09-03 13:00:08.248,-3249256,7539982,7698448,2037326,2,2,2,2
2025-09-03 13:00:08.250,-3249274,7539988,7698439,2037279,2,2,2,2
2025-09-03 13:00:08.253,-3249264,7540004,7698461,2037324,2,2,2,2
2025-09-03 13:00:08.256,-7443353,3345918,7698685,4134670,2,2,2,2
2025-09-03 13:00:08.258,-7459772,7539971,3504392,2037524,2,2,2,2
2025-09-03 13:00:08.261,-7459829,7540207,3488250,2037509,2,2,2,2
2025-09-03 13:00:08.263,-7443223,7540152,7698845,2045931,2,2,2,2
2025-09-03 13:00:08.266,-7443328,7540082,7698803,2037646,2,2,2,2
2025-09-03 13:00:08.268,-7443215,7540217,7682548,2037530,2,2,2,2
2025-09-03 13:00:08.271,-7443426,3345950,7698729,2037632,2,2,2,2
2025-09-03 13:00:08.274,-7459654,7540462,3488241,2037776,2,2,2,2
2025-09-03 13:00:08.277,-3256854,7540484,3504661,2037791,2,2,2,2
2025-09-03 13:00:08.280,-7459353,7540488,3504661,2037800,2,2,2,2
2025-09-03 13:00:08.283,-7443195,3346291,7698993,2037896,2,2,2,2
2025-09-03 13:00:08.286,-7459471,7540637,3504871,2038018,2,2,2,2
2025-09-03 13:00:08.288,-7459228,7540639,3505124,2038024,2,2,2,2
2025-09-03 13:00:08.291,-7443051,3346200,7699234,4135286,2,2,2,2
2025-09-03 13:00:08.294,-7442840,3346426,7699201,4135199,2,2,2,2
2025-09-03 13:00:08.297,-7442920,7540718,7699200,2038028,2,2,2,2
2025-09-03 13:00:08.300,-3265144,7540522,3505020,2038222,2,2,2,2
2025-09-03 13:00:08.303,-7443044,7540600,7699357,2046439,2,2,2,2
2025-09-03 13:00:08.305,-7442820,7540766,7699318,2046358,2,2,2,2
2025-09-03 13:00:08.308,-7442822,7540806,7699335,2046367,2,2,2,2
2025-09-03 13:00:08.310,-7442728,7540875,7683056,2038276,2,2,2,2
2025-09-03 13:00:08.313,-7442733,7540879,7683269,2038275,2,2,2,2
2025-09-03 13:00:08.315,-3248359,7541017,7699579,2038415,2,2,2,2
2025-09-03 13:00:08.318,-7442715,3354873,7699483,4135542,2,2,2,2
2025-09-03 13:00:08.320,-7442711,3354891,7699502,4135567,2,2,2,2
2025-09-03 13:00:08.323,-7458959,7541122,3505393,2038530,2,2,2,2
2025-09-03 13:00:08.326,-7442684,3354991,7699650,4135573,2,2,2,2
2025-09-03 13:00:08.328,-7458888,7541007,3489124,2038648,2,2,2,2
2025-09-03 13:00:08.331,-7458820,7541364,7683464,2038679,2,2,2,2
2025-09-03 13:00:08.334,-3256339,7541282,3505534,2038743,2,2,2,2
2025-09-03 13:00:08.337,-3256434,7541268,3505521,2038723,2,2,2,2
2025-09-03 13:00:08.340,-7442442,3347074,7699945,2038777,2,2,2,2
2025-09-03 13:00:08.342,-7458720,7541494,3505693,2038827,2,2,2,2
2025-09-03 13:00:08.345,-7458831,7541388,3505642,2038776,2,2,2,2
2025-09-03 13:00:08.348,-7458801,7541494,3505686,2038821,2,2,2,2
2025-09-03 13:00:08.350,-7442275,7541381,7700203,2039032,2,2,2,2
2025-09-03 13:00:08.353,-7442414,7541553,7700081,2047103,2,2,2,2
2025-09-03 13:00:08.355,-7442392,7541607,7683720,2038926,2,2,2,2
2025-09-03 13:00:08.358,-7442383,7541627,7683812,2039011,2,2,2,2
2025-09-03 13:00:08.361,-7442236,3347098,7683588,2038800,2,2,2,2
2025-09-03 13:00:08.364,-3248027,7541446,7700194,2039034,2,2,2,2
2025-09-03 13:00:08.366,-7442323,3347088,7700205,2039038,2,2,2,2
2025-09-03 13:00:08.369,-7458689,7541738,3489550,2039068,2,2,2,2
2025-09-03 13:00:08.372,-7458572,7541535,7683730,2038933,2,2,2,2
2025-09-03 13:00:08.375,-7442071,7541700,7700245,2047329,2,2,2,2
2025-09-03 13:00:08.378,-7442071,7541984,7700510,2047589,2,2,2,2
2025-09-03 13:00:08.380,-7442140,7541991,7716926,2039395,2,2,2,2
2025-09-03 13:00:08.383,-3247852,7541997,7700577,2039327,2,2,2,2
2025-09-03 13:00:08.386,-3247713,7541805,3506414,2039534,2,2,2,2
2025-09-03 13:00:08.389,-7442035,3347568,7700709,4136677,2,2,2,2
2025-09-03 13:00:08.392,-7458503,7541777,7717009,2039438,2,2,2,2
2025-09-03 13:00:08.395,-3264013,7541996,3506273,2039332,2,2,2,2
2025-09-03 13:00:08.398,-7442050,7541837,7700718,2039534,2,2,2,2
2025-09-03 13:00:08.400,-7441894,7542064,7700629,2047630,2,2,2,2
2025-09-03 13:00:08.403,-7441701,7542175,7717176,2039575,2,2,2,2
2025-09-03 13:00:08.406,-7441821,7542137,7700973,2039793,2,2,2,2
2025-09-03 13:00:08.408,-7441884,3347835,7717364,2039807,2,2,2,2
2025-09-03 13:00:08.411,-7441691,3347969,7700930,2039681,2,2,2,2
2025-09-03 13:00:08.414,-7441765,3347978,7700794,2039686,2,2,2,2
2025-09-03 13:00:08.416,-7441721,3347963,7700785,2039674,2,2,2,2
2025-09-03 13:00:08.419,-3263605,7542279,3506812,2056252,2,2,2,2
2025-09-03 13:00:08.421,-7441629,7542500,7717441,2056296,2,2,2,2
2025-09-03 13:00:08.424,-7441626,7542502,7717450,2056296,2,2,2,2
2025-09-03 13:00:08.427,-7441505,7542344,7701230,2048244,2,2,2,2
2025-09-03 13:00:08.430,-3247257,7542275,7701120,2039951,2,2,2,2
2025-09-03 13:00:08.432,-7441674,3348108,7717401,2056219,2,2,2,2
2025-09-03 13:00:08.435,-3247351,7542507,7701115,2039932,2,2,2,2
2025-09-03 13:00:08.438,-7441467,7542381,7717629,2056445,2,2,2,2
2025-09-03 13:00:08.441,-7441472,7542405,7717393,2056205,2,2,2,2
2025-09-03 13:00:08.443,-3247261,7542550,7701220,2040007,2,2,2,2
2025-09-03 13:00:08.446,-7441433,3356393,7701184,4153466,2,2,2,2
2025-09-03 13:00:08.448,-7457805,7542771,3523474,2056583,2,2,2,2
2025-09-03 13:00:08.451,-7441300,7542728,7701267,2040085,2,2,2,2
2025-09-03 13:00:08.454,-7457745,7542919,7717919,2056718,2,2,2,2
2025-09-03 13:00:08.456,-3247084,7542840,7701526,2040333,2,2,2,2
2025-09-03 13:00:08.459,-3246993,7543000,7701620,2040434,2,2,2,2
2025-09-03 13:00:08.462,-3246953,7542792,7701476,2040252,2,2,2,2
2025-09-03 13:00:08.464,-7441290,3348472,7701471,4153742,2,2,2,2
2025-09-03 13:00:08.467,-7441156,3356801,7701521,4153876,2,2,2,2
2025-09-03 13:00:08.469,-7441282,7542796,7701479,2040292,2,2,2,2
2025-09-03 13:00:08.472,-3246998,7542794,7701482,2040265,2,2,2,2
2025-09-03 13:00:08.475,-3246963,7542844,3507225,2056734,2,2,2,2
2025-09-03 13:00:08.479,-3246969,7542829,7701527,2040330,2,2,2,2
2025-09-03 13:00:08.481,-7441155,3356914,7701713,4153993,2,2,2,2
2025-09-03 13:00:08.484,-3246615,7543260,7701879,2040635,2,2,2,2
2025-09-03 13:00:08.487,-7440918,7543195,7718340,2057095,2,2,2,2
2025-09-03 13:00:08.490,-3263110,7543098,3507484,2056989,2,2,2,2
2025-09-03 13:00:08.493,-7440897,3348748,7701992,2057207,2,2,2,2
2025-09-03 13:00:08.496,-3246830,7543073,7701764,2040580,2,2,2,2
2025-09-03 13:00:08.499,-7440935,7543293,7718321,2057117,2,2,2,2
2025-09-03 13:00:08.501,-7441011,3357179,7701977,4154261,2,2,2,2
2025-09-03 13:00:08.504,-7441018,3357172,7701973,2057184,2,2,2,2
2025-09-03 13:00:08.506,-7441024,7543284,7701912,2040806,2,2,2,2
2025-09-03 13:00:08.509,-3246713,7543311,7702002,2040816,2,2,2,2
2025-09-03 13:00:08.511,-7457413,7543316,3507706,2057204,2,2,2,2
2025-09-03 13:00:08.514,-7441045,3348984,7701981,4154268,2,2,2,2
2025-09-03 13:00:08.517,-7441033,3357193,7702006,4154356,2,2,2,2
2025-09-03 13:00:08.519,-7457278,7543452,3507852,2057427,2,2,2,2
2025-09-03 13:00:08.523,-7457280,7543530,3507867,2057429,2,2,2,2
2025-09-03 13:00:08.526,-3246575,7543306,7702266,2041039,2,2,2,2
2025-09-03 13:00:08.529,-7440767,7543409,7702121,2049045,2,2,2,2
2025-09-03 13:00:08.532,-7440781,7543370,7702126,2049048,2,2,2,2
2025-09-03 13:00:08.535,-7440771,7543432,7702155,2040947,2,2,2,2
2025-09-03 13:00:08.537,-7440672,7543541,7718641,2057369,2,2,2,2
2025-09-03 13:00:08.540,-7440657,7543545,7718657,2057447,2,2,2,2
2025-09-03 13:00:08.542,-3246464,7543511,7702164,2040959,2,2,2,2
2025-09-03 13:00:08.545,-3246357,7543574,7702283,2041096,2,2,2,2
2025-09-03 13:00:08.548,-7440841,7543696,7718837,2057615,2,2,2,2
2025-09-03 13:00:08.551,-7440744,7543555,7702281,2041341,2,2,2,2
2025-09-03 13:00:08.553,-7440651,3349368,7702332,2057587,2,2,2,2
2025-09-03 13:00:08.556,-3246479,7543803,7702525,2041327,2,2,2,2
2025-09-03 13:00:08.559,-7456883,7543830,3524706,2057751,2,2,2,2
2025-09-03 13:00:08.563,-7440617,7543779,7702526,2041245,2,2,2,2
2025-09-03 13:00:08.566,-7457029,7543708,7718900,2057699,2,2,2,2
2025-09-03 13:00:08.569,-3262718,7544043,3508467,2057950,2,2,2,2
2025-09-03 13:00:08.572,-7456918,7543827,3508333,2057755,2,2,2,2
2025-09-03 13:00:08.575,-7440261,3349867,7702843,4155251,2,2,2,2
2025-09-03 13:00:08.578,-7456756,7544075,7719198,2058004,2,2,2,2
2025-09-03 13:00:08.580,-3245981,7544112,7702915,2041715,2,2,2,2
2025-09-03 13:00:08.583,-7440141,3357956,7702806,4155145,2,2,2,2
2025-09-03 13:00:08.585,-7440133,3350043,7703093,2058263,2,2,2,2
2025-09-03 13:00:08.588,-7456522,7544342,3508850,2058260,2,2,2,2
2025-09-03 13:00:08.590,-7439980,7544568,7703063,2050303,2,2,2,2
2025-09-03 13:00:08.593,-7440023,7544451,7703276,2050189,2,2,2,2
2025-09-03 13:00:08.596,-7456409,7544473,3508984,2058470,2,2,2,2
2025-09-03 13:00:08.599,-7456469,7544551,7719679,2058486,2,2,2,2
2025-09-03 13:00:08.602,-3262211,7544444,3508893,2058439,2,2,2,2
2025-09-03 13:00:08.605,-7439980,3350039,7703236,2058345,2,2,2,2
2025-09-03 13:00:08.608,-7439923,7544420,7719569,2058357,2,2,2,2
2025-09-03 13:00:08.611,-7439934,7544349,7719600,2058355,2,2,2,2
2025-09-03 13:00:08.614,-7440116,7544561,7719738,2058504,2,2,2,2
2025-09-03 13:00:08.616,-3245808,7544574,7703402,2042121,2,2,2,2
2025-09-03 13:00:08.619,-3245804,7544586,7703416,2042168,2,2,2,2
2025-09-03 13:00:08.621,-7439885,3358709,7703341,4155650,2,2,2,2
2025-09-03 13:00:08.624,-3245550,7544602,3509113,2042159,2,2,2,2
2025-09-03 13:00:08.627,-7439974,7544762,7703311,2050547,2,2,2,2
2025-09-03 13:00:08.630,-7439875,7544588,7703431,2042223,2,2,2,2
2025-09-03 13:00:08.633,-7439740,7544762,7703580,2042366,2,2,2,2
2025-09-03 13:00:08.635,-7439626,3366931,7703769,2058863,2,2,2,2
2025-09-03 13:00:08.638,-7456186,7544732,3509277,2058739,2,2,2,2
2025-09-03 13:00:08.642,-7456124,7544827,3509373,2058791,2,2,2,2
2025-09-03 13:00:08.645,-7456245,7561356,3525649,2058990,2,2,2,2
2025-09-03 13:00:08.648,-7456041,7561315,7720165,2058883,2,2,2,2
2025-09-03 13:00:08.651,-7439718,7544936,7703781,2058892,2,2,2,2
2025-09-03 13:00:08.654,-7455870,7561576,3509735,2059206,2,2,2,2
2025-09-03 13:00:08.657,-3245189,7561490,7703960,2042749,2,2,2,2
2025-09-03 13:00:08.659,-7455900,7561481,3509641,2059051,2,2,2,2
2025-09-03 13:00:08.662,-7455899,7561488,3509654,2059063,2,2,2,2
2025-09-03 13:00:08.664,-3261677,7561477,3509647,2059050,2,2,2,2
2025-09-03 13:00:08.667,-7455895,7561501,3509742,2059071,2,2,2,2
2025-09-03 13:00:08.670,-7439560,3367292,7704063,2059155,2,2,2,2
2025-09-03 13:00:08.672,-7455754,7561479,3509647,2059045,2,2,2,2
2025-09-03 13:00:08.675,-7439606,7545117,7704051,2050946,2,2,2,2
2025-09-03 13:00:08.678,-7455820,7561631,3509628,2059023,2,2,2,2
2025-09-03 13:00:08.680,-7439644,7545095,7703966,2050923,2,2,2,2
2025-09-03 13:00:08.683,-7439512,7545231,7703906,2051070,2,2,2,2
2025-09-03 13:00:08.685,-3245296,7561526,7704083,2042826,2,2,2,2
2025-09-03 13:00:08.688,-3245069,7561764,7704316,2043103,2,2,2,2
2025-09-03 13:00:08.690,-7439459,3359251,7704301,4156561,2,2,2,2
2025-09-03 13:00:08.693,-7439264,3359457,7704122,2059290,2,2,2,2
2025-09-03 13:00:08.695,-7455631,7561971,3509910,2059306,2,2,2,2
2025-09-03 13:00:08.698,-7455606,7561741,3510005,2059461,2,2,2,2
2025-09-03 13:00:08.700,-7439327,7561968,7720922,2059617,2,2,2,2
2025-09-03 13:00:08.703,-7439355,3367567,7704512,2059523,2,2,2,2
2025-09-03 13:00:08.706,-7455602,7561838,3510044,2059489,2,2,2,2
2025-09-03 13:00:08.709,-3244816,7562199,3510147,2043148,2,2,2,2
2025-09-03 13:00:08.712,-7438886,7562122,7721039,2059778,2,2,2,2
2025-09-03 13:00:08.715,-7439085,7545649,7704564,2043254,2,2,2,2
2025-09-03 13:00:08.718,-7455417,7562094,3526687,2059753,2,2,2,2
2025-09-03 13:00:08.720,-7439095,7545877,7704577,2043525,2,2,2,2
2025-09-03 13:00:08.723,-3244789,7562261,7704585,2043538,2,2,2,2
2025-09-03 13:00:08.726,-3244798,7562287,3510299,2043603,2,2,2,2
2025-09-03 13:00:08.729,-7439075,3368084,7704629,2060026,2,2,2,2
2025-09-03 13:00:08.732,-7439077,3368075,7704625,2060027,2,2,2,2
2025-09-03 13:00:08.735,-3244669,7562488,7704807,2043467,2,2,2,2
2025-09-03 13:00:08.738,-3244689,7562481,7704804,2043460,2,2,2,2
2025-09-03 13:00:08.740,-3244560,7562433,7704941,2043633,2,2,2,2
2025-09-03 13:00:08.743,-7438841,3368161,7705035,4157200,2,2,2,2
2025-09-03 13:00:08.745,-7438698,7546165,7704937,2043805,2,2,2,2
2025-09-03 13:00:08.748,-7455213,7562735,3510754,2060064,2,2,2,2
2025-09-03 13:00:08.751,-7455175,7562751,3527155,2060147,2,2,2,2
2025-09-03 13:00:08.753,-7438723,7546180,7705112,2051998,2,2,2,2
2025-09-03 13:00:08.756,-7438691,3360154,7705037,4157190,2,2,2,2
2025-09-03 13:00:08.759,-3244433,7562542,3510652,2043885,2,2,2,2
2025-09-03 13:00:08.762,-3260901,7562529,3510638,2060263,2,2,2,2
2025-09-03 13:00:08.765,-3260914,7562599,3510629,2060260,2,2,2,2
2025-09-03 13:00:08.768,-3244409,7562726,7705058,2043714,2,2,2,2
2025-09-03 13:00:08.771,-7438846,7546231,7705201,2052075,2,2,2,2
2025-09-03 13:00:08.774,-7455120,7562648,3519202,2060313,2,2,2,2
2025-09-03 13:00:08.777,-7438475,7546574,7705337,2060388,2,2,2,2
2025-09-03 13:00:08.779,-7438468,7546617,7705341,2060401,2,2,2,2
2025-09-03 13:00:08.782,-7438563,7562897,7721661,2060309,2,2,2,2
2025-09-03 13:00:08.784,-3244184,7562981,7705336,2043953,2,2,2,2
2025-09-03 13:00:08.787,-3244148,7562758,7705369,2044085,2,2,2,2
2025-09-03 13:00:08.790,-7438556,7562757,7721794,2060423,2,2,2,2
2025-09-03 13:00:08.793,-7438469,7546432,7705455,2044131,2,2,2,2
2025-09-03 13:00:08.795,-7438546,7562775,7721802,2060515,2,2,2,2
2025-09-03 13:00:08.798,-7438539,7562780,7721853,2060515,2,2,2,2
2025-09-03 13:00:08.801,-7438567,7546643,7705451,2044316,2,2,2,2
2025-09-03 13:00:08.804,-7454756,7563234,3527662,2060573,2,2,2,2
2025-09-03 13:00:08.806,-3244043,7563261,7705624,2044288,2,2,2,2
2025-09-03 13:00:08.810,-7421831,7563156,3511454,2060823,2,2,2,2
2025-09-03 13:00:08.813,-7438310,3368829,7705804,4157948,2,2,2,2
2025-09-03 13:00:08.816,-3243908,7563230,7705841,2044477,2,2,2,2
2025-09-03 13:00:08.818,-7421766,7563269,3519518,2060997,2,2,2,2
2025-09-03 13:00:08.821,-7438335,3368824,7705811,4157957,2,2,2,2
2025-09-03 13:00:08.823,-7438315,7546763,7705839,2060831,2,2,2,2
2025-09-03 13:00:08.826,-7438202,7546882,7705957,2044560,2,2,2,2
2025-09-03 13:00:08.828,-3243789,7563326,3511711,2061067,2,2,2,2
2025-09-03 13:00:08.831,-3227397,7563396,3511784,2061075,2,2,2,2
2025-09-03 13:00:08.834,-7421455,7563664,3519984,2061091,2,2,2,2
2025-09-03 13:00:08.837,-3243750,7563526,3511922,2044891,2,2,2,2
2025-09-03 13:00:08.840,-7437833,3369375,7706127,2061182,2,2,2,2
2025-09-03 13:00:08.843,-3227143,7563758,3511821,2061117,2,2,2,2
2025-09-03 13:00:08.846,-3243660,7563565,7706253,2044927,2,2,2,2
2025-09-03 13:00:08.849,-7437984,7547236,7706251,2061312,2,2,2,2
2025-09-03 13:00:08.852,-7421552,7563675,3520002,2061360,2,2,2,2
2025-09-03 13:00:08.855,-7421440,7563800,3511944,2061559,2,2,2,2
2025-09-03 13:00:08.857,-7437710,7547513,7706356,2061420,2,2,2,2
2025-09-03 13:00:08.860,-7437809,7563876,7722681,2061334,2,2,2,2
2025-09-03 13:00:08.862,-3243504,7563825,7706341,2044955,2,2,2,2
2025-09-03 13:00:08.865,-3243624,7563786,7706231,2045127,2,2,2,2
2025-09-03 13:00:08.867,-7437925,3361288,7706308,4158689,2,2,2,2
2025-09-03 13:00:08.870,-7437821,7563905,7722700,2061343,2,2,2,2
2025-09-03 13:00:08.873,-3243387,7564027,7706493,2045126,2,2,2,2
2025-09-03 13:00:08.875,-7437843,3361391,7706348,2061334,2,2,2,2
2025-09-03 13:00:08.878,-7421506,7563879,3528422,2061324,2,2,2,2
2025-09-03 13:00:08.881,-3243420,7564010,7706473,2045140,2,2,2,2
2025-09-03 13:00:08.884,-7437580,7563914,7722756,2061689,2,2,2,2
2025-09-03 13:00:08.887,-7421244,7564159,3528698,2061675,2,2,2,2
2025-09-03 13:00:08.891,-7437453,7547673,7706777,2045441,2,2,2,2
2025-09-03 13:00:08.894,-7421184,7564266,7723130,2061726,2,2,2,2
2025-09-03 13:00:08.896,-7437692,3369833,7706622,2061593,2,2,2,2
2025-09-03 13:00:08.899,-7437806,3369746,7706592,4158970,2,2,2,2
2025-09-03 13:00:08.901,-7437551,7547709,7706862,2061834,2,2,2,2
2025-09-03 13:00:08.904,-7421062,7564165,3520610,2061887,2,2,2,2
2025-09-03 13:00:08.906,-3243121,7564265,3512435,2062038,2,2,2,2
2025-09-03 13:00:08.909,-3226764,7564446,3512681,2062028,2,2,2,2
2025-09-03 13:00:08.912,-7421005,7564525,3520907,2062063,2,2,2,2
2025-09-03 13:00:08.915,-7437324,7547922,7707112,2062083,2,2,2,2
2025-09-03 13:00:08.918,-7420825,7564514,3520888,2062308,2,2,2,2
2025-09-03 13:00:08.921,-7420771,7564643,3512827,2062113,2,2,2,2
2025-09-03 13:00:08.924,-7437303,3370392,7707189,4159383,2,2,2,2
2025-09-03 13:00:08.926,-7437177,7548214,7707127,2062100,2,2,2,2
2025-09-03 13:00:08.929,-7420822,7564543,3512729,2062091,2,2,2,2
2025-09-03 13:00:08.931,-7437304,7564703,7723643,2062319,2,2,2,2
2025-09-03 13:00:08.934,-7437259,7564556,7723722,2062362,2,2,2,2
2025-09-03 13:00:08.937,-3242988,7564794,7707286,2045954,2,2,2,2
2025-09-03 13:00:08.939,-7437288,7548171,7707374,2062358,2,2,2,2
2025-09-03 13:00:08.942,-7437175,7548281,7707237,2062477,2,2,2,2
2025-09-03 13:00:08.945,-7420640,7564824,7723781,2062437,2,2,2,2
2025-09-03 13:00:08.948,-7437310,7564557,7723774,2062433,2,2,2,2
2025-09-03 13:00:08.951,-3226378,7564800,3513060,2062351,2,2,2,2
2025-09-03 13:00:08.954,-7420641,7564918,3513113,2062538,2,2,2,2
2025-09-03 13:00:08.957,-7437171,3370470,7707342,4159491,2,2,2,2
2025-09-03 13:00:08.960,-7420693,7564820,7723779,2062447,2,2,2,2
2025-09-03 13:00:08.962,-3242875,7564777,7707287,2045958,2,2,2,2
2025-09-03 13:00:08.965,-7420616,7564943,3529591,2062576,2,2,2,2
2025-09-03 13:00:08.967,-7420599,7565035,3521419,2062605,2,2,2,2
2025-09-03 13:00:08.970,-7436958,7548622,7707536,2046229,2,2,2,2
2025-09-03 13:00:08.972,-7436802,7564945,7723829,2062838,2,2,2,2
2025-09-03 13:00:08.975,-7436948,7548665,7707626,2062623,2,2,2,2
2025-09-03 13:00:08.978,-7436946,3362567,7707636,2062699,2,2,2,2
2025-09-03 13:00:08.982,-7436912,7548474,7707500,2046366,2,2,2,2
2025-09-03 13:00:08.984,-7436841,7564936,7723908,2062830,2,2,2,2
2025-09-03 13:00:08.987,-7436808,3370735,7707629,2062621,2,2,2,2
2025-09-03 13:00:08.990,-7420465,7565036,3529705,2062620,2,2,2,2
2025-09-03 13:00:08.994,-7437033,7548689,7707665,2046344,2,2,2,2
2025-09-03 13:00:08.997,-7420427,7565309,7724042,2062968,2,2,2,2
2025-09-03 13:00:08.999,-3242612,7565281,7707873,2046522,2,2,2,2
2025-09-03 13:00:09.002,-3242476,7565110,7707763,2046661,2,2,2,2
2025-09-03 13:00:09.005,-3242268,7565330,7707927,2046594,2,2,2,2
2025-09-03 13:00:09.007,-3242480,7565513,7708050,2046707,2,2,2,2
2025-09-03 13:00:09.010,-7436546,3371119,7707958,4160159,2,2,2,2
2025-09-03 13:00:09.012,-7420407,7565439,3521933,2063103,2,2,2,2
2025-09-03 13:00:09.015,-7420276,7565325,3530009,2063051,2,2,2,2
2025-09-03 13:00:09.019,-7436568,7549123,7708046,2046963,2,2,2,2
2025-09-03 13:00:09.022,-7420365,7565327,7724389,2063245,2,2,2,2
2025-09-03 13:00:09.025,-3225878,7565466,3513836,2063119,2,2,2,2
2025-09-03 13:00:09.028,-7436523,7565576,7724578,2063221,2,2,2,2
2025-09-03 13:00:09.030,-7436340,7565694,7724725,2063345,2,2,2,2
2025-09-03 13:00:09.033,-7436336,7565709,7724746,2063369,2,2,2,2
2025-09-03 13:00:09.035,-3242215,7565586,7708271,2047156,2,2,2,2
2025-09-03 13:00:09.038,-3242137,7565619,7708303,2046964,2,2,2,2
2025-09-03 13:00:09.041,-7436348,7565724,7724749,2063377,2,2,2,2
2025-09-03 13:00:09.044,-7436514,3371400,7708382,2063606,2,2,2,2
2025-09-03 13:00:09.046,-7436311,7549449,7708531,2063497,2,2,2,2
2025-09-03 13:00:09.049,-3225452,7566055,3514133,2063670,2,2,2,2
2025-09-03 13:00:09.051,-7436241,7565978,7725051,2063712,2,2,2,2
2025-09-03 13:00:09.054,-7436053,7565928,7724939,2063852,2,2,2,2
2025-09-03 13:00:09.056,-7436136,3371542,7708476,4160926,2,2,2,2
2025-09-03 13:00:09.059,-7436057,7565921,7724978,2063858,2,2,2,2
2025-09-03 13:00:09.062,-7436059,7565951,7724990,2063865,2,2,2,2
2025-09-03 13:00:09.065,-7436184,7549699,7725162,2047378,2,2,2,2
2025-09-03 13:00:09.068,-7419706,7566226,3530993,2063883,2,2,2,2
2025-09-03 13:00:09.070,-7436044,7549926,7725077,2047601,2,2,2,2
2025-09-03 13:00:09.073,-7419654,7566316,7725083,2063996,2,2,2,2
2025-09-03 13:00:09.076,-3241597,7566137,7725283,2047493,2,2,2,2
2025-09-03 13:00:09.079,-3241700,7566357,3531143,2064093,2,2,2,2
2025-09-03 13:00:09.082,-3225119,7566318,3531038,2063910,2,2,2,2
2025-09-03 13:00:09.085,-3241708,7566372,7725541,2047733,2,2,2,2
2025-09-03 13:00:09.087,-7435903,7550107,7725334,2064232,2,2,2,2
2025-09-03 13:00:09.090,-7435804,7549964,7725431,2064277,2,2,2,2
2025-09-03 13:00:09.092,-7435750,7566469,7725561,2064146,2,2,2,2
2025-09-03 13:00:09.095,-7435769,7566449,7725508,2064380,2,2,2,2
2025-09-03 13:00:09.097,-7435759,3372153,7725554,4161293,2,2,2,2
2025-09-03 13:00:09.100,-3241366,7566559,3531290,2047796,2,2,2,2
2025-09-03 13:00:09.103,-7435773,7566724,7725819,2064406,2,2,2,2
2025-09-03 13:00:09.106,-7435661,7550223,7725701,2047900,2,2,2,2
2025-09-03 13:00:09.109,-7419191,7566720,3531268,2064404,2,2,2,2
2025-09-03 13:00:09.111,-7435548,7550261,7725568,2080779,2,2,2,2
2025-09-03 13:00:09.114,-7435629,3372401,7725821,2064390,2,2,2,2
2025-09-03 13:00:09.118,-7435672,3372313,7725783,2064617,2,2,2,2
2025-09-03 13:00:09.121,-7419189,7566717,3531533,2064483,2,2,2,2
2025-09-03 13:00:09.123,-7419121,7566859,3523475,2064624,2,2,2,2
2025-09-03 13:00:09.126,-7435523,3372546,7726023,4161691,2,2,2,2
2025-09-03 13:00:09.128,-7435420,7550543,7725833,2064649,2,2,2,2
2025-09-03 13:00:09.131,-7419010,7566992,3531548,2064678,2,2,2,2
2025-09-03 13:00:09.133,-7435500,7550591,7725831,2064652,2,2,2,2
2025-09-03 13:00:09.136,-7435303,7567096,7725963,2064788,2,2,2,2
2025-09-03 13:00:09.139,-7435491,7550588,7726100,2081124,2,2,2,2
2025-09-03 13:00:09.141,-7435271,7566954,7726080,2064888,2,2,2,2
2025-09-03 13:00:09.144,-7435263,7567226,7726128,2064906,2,2,2,2
2025-09-03 13:00:09.146,-3240827,7567110,7726239,2081506,2,2,2,2
2025-09-03 13:00:09.149,-3240954,7567321,3532154,2064952,2,2,2,2
2025-09-03 13:00:09.152,-3224442,7567462,3532278,2065146,2,2,2,2
2025-09-03 13:00:09.155,-7418689,7567502,3532128,2065174,2,2,2,2
2025-09-03 13:00:09.158,-7435135,7551089,7726343,2065152,2,2,2,2
2025-09-03 13:00:09.161,-3224576,7567351,3532172,2065111,2,2,2,2
2025-09-03 13:00:09.164,-7418764,7567473,3532056,2065173,2,2,2,2
2025-09-03 13:00:09.167,-7435036,3373285,7726536,4162449,2,2,2,2
2025-09-03 13:00:09.170,-3240722,7567365,7726563,2081732,2,2,2,2
2025-09-03 13:00:09.173,-7434994,7551006,7726591,2065155,2,2,2,2
2025-09-03 13:00:09.175,-7434812,7567588,7726717,2065277,2,2,2,2
2025-09-03 13:00:09.178,-3240557,7567611,7726816,2081732,2,2,2,2
2025-09-03 13:00:09.180,-3240560,7567612,7726820,2081741,2,2,2,2
2025-09-03 13:00:09.183,-7434784,3373335,7726847,4162567,2,2,2,2
2025-09-03 13:00:09.185,-7418448,7567614,3524331,2065398,2,2,2,2
2025-09-03 13:00:09.188,-7418552,7567511,3532420,2065353,2,2,2,2
2025-09-03 13:00:09.191,-7418580,7567518,7726738,2065292,2,2,2,2
2025-09-03 13:00:09.193,-7418629,7567494,3524224,2065211,2,2,2,2
2025-09-03 13:00:09.196,-7434880,7551248,7726596,2081801,2,2,2,2
2025-09-03 13:00:09.199,-7434773,3373437,7726632,4162662,2,2,2,2
2025-09-03 13:00:09.202,-3224087,7567760,3532418,2065603,2,2,2,2
2025-09-03 13:00:09.205,-7434983,7551483,7726842,2082043,2,2,2,2
2025-09-03 13:00:09.208,-7418406,7567751,3532677,2065539,2,2,2,2
2025-09-03 13:00:09.211,-7434739,3373574,7726849,2065663,2,2,2,2
2025-09-03 13:00:09.214,-7434504,7551734,7727096,2065904,2,2,2,2
2025-09-03 13:00:09.217,-7418353,7567893,3524629,2065682,2,2,2,2
2025-09-03 13:00:09.220,-3240188,7568137,7727126,2082320,2,2,2,2
2025-09-03 13:00:09.222,-7418100,7568241,3532914,2065958,2,2,2,2
2025-09-03 13:00:09.225,-7418001,7568281,3524766,2066134,2,2,2,2
2025-09-03 13:00:09.227,-7434453,7568269,7727288,2066059,2,2,2,2
2025-09-03 13:00:09.230,-7434485,7551877,7727246,2082431,2,2,2,2
2025-09-03 13:00:09.234,-7418084,7568284,3533034,2066128,2,2,2,2
2025-09-03 13:00:09.236,-7434256,7551868,7727482,2066043,2,2,2,2
2025-09-03 13:00:09.239,-7434375,7552003,7727383,2066195,2,2,2,2
2025-09-03 13:00:09.242,-7434355,7551859,7727493,2082410,2,2,2,2
2025-09-03 13:00:09.244,-7434245,7551933,7727610,2066072,2,2,2,2
2025-09-03 13:00:09.247,-7434434,7568486,7727480,2066276,2,2,2,2
2025-09-03 13:00:09.250,-7434243,7552234,7727616,2082811,2,2,2,2
2025-09-03 13:00:09.252,-7434260,7568614,7727604,2066419,2,2,2,2
2025-09-03 13:00:09.255,-7434264,3374311,7727608,2066423,2,2,2,2
2025-09-03 13:00:09.258,-3239928,7568402,7727645,2082624,2,2,2,2
2025-09-03 13:00:09.262,-7434135,3374198,7727821,4163462,2,2,2,2
2025-09-03 13:00:09.265,-7434470,7568499,7727495,2066299,2,2,2,2
2025-09-03 13:00:09.267,-3239931,7568423,7727746,2082672,2,2,2,2
2025-09-03 13:00:09.270,-3239949,7568412,7727736,2082625,2,2,2,2
2025-09-03 13:00:09.273,-3231726,7568577,7727774,2082702,2,2,2,2
2025-09-03 13:00:09.275,-7434139,3374234,7727617,2066410,2,2,2,2
2025-09-03 13:00:09.278,-7417849,7568525,3533538,2066334,2,2,2,2
2025-09-03 13:00:09.280,-3240039,7568419,7727743,2082673,2,2,2,2
2025-09-03 13:00:09.283,-3240056,7568420,7727753,2082674,2,2,2,2
2025-09-03 13:00:09.287,-7434259,7552197,7727842,2082706,2,2,2,2
2025-09-03 13:00:09.290,-7417836,7568628,7727647,2066436,2,2,2,2
2025-09-03 13:00:09.293,-3231718,7568651,7727735,2082849,2,2,2,2
2025-09-03 13:00:09.295,-3239926,7568649,7727734,2082876,2,2,2,2
2025-09-03 13:00:09.298,-3239811,7568686,7727842,2082946,2,2,2,2
2025-09-03 13:00:09.300,-3239822,7568689,7728097,2082946,2,2,2,2
2025-09-03 13:00:09.303,-7434209,7568742,7728061,2066562,2,2,2,2
2025-09-03 13:00:09.306,-7434040,7568781,7727890,2066678,2,2,2,2
2025-09-03 13:00:09.308,-3239916,7568677,7728103,2082952,2,2,2,2
2025-09-03 13:00:09.311,-7434084,3374583,7727913,4163857,2,2,2,2
2025-09-03 13:00:09.313,-7433966,3374717,7728117,2066913,2,2,2,2
2025-09-03 13:00:09.316,-7433846,7552518,7728241,2083103,2,2,2,2
2025-09-03 13:00:09.318,-7433968,3374727,7728377,2066913,2,2,2,2
2025-09-03 13:00:09.321,-7417590,7569050,3525635,2066930,2,2,2,2
2025-09-03 13:00:09.325,-7433829,7552591,7728279,2066822,2,2,2,2
2025-09-03 13:00:09.328,-7433980,7552737,7728146,2083335,2,2,2,2
2025-09-03 13:00:09.331,-7417403,7569000,7728362,2066831,2,2,2,2
2025-09-03 13:00:09.333,-3239554,7569192,7728285,2083463,2,2,2,2
2025-09-03 13:00:09.337,-7417481,7569259,3525857,2067160,2,2,2,2
2025-09-03 13:00:09.339,-3223027,7569176,3534215,2067006,2,2,2,2
2025-09-03 13:00:09.342,-7417337,7569169,3534214,2067000,2,2,2,2
2025-09-03 13:00:09.345,-7417227,7569535,3526146,2067425,2,2,2,2
2025-09-03 13:00:09.348,-7433478,3375357,7728834,4164460,2,2,2,2
2025-09-03 13:00:09.350,-7417113,7569648,3534471,2067250,2,2,2,2
2025-09-03 13:00:09.353,-7433718,3375201,7728623,2067354,2,2,2,2
2025-09-03 13:00:09.355,-7417207,7569644,3534455,2067239,2,2,2,2
2025-09-03 13:00:09.358,-7433369,7585934,7728667,2067466,2,2,2,2
2025-09-03 13:00:09.360,-7433468,7569519,7728650,2067441,2,2,2,2
2025-09-03 13:00:09.363,-3231008,7569429,7728886,2083797,2,2,2,2
2025-09-03 13:00:09.365,-3239165,7569605,7728668,2083837,2,2,2,2
2025-09-03 13:00:09.368,-7433458,3375253,7728686,2067476,2,2,2,2
2025-09-03 13:00:09.371,-7433526,7569430,7728885,2067424,2,2,2,2
2025-09-03 13:00:09.373,-7433446,3375345,7728847,4164717,2,2,2,2
2025-09-03 13:00:09.376,-7433446,3375347,7728852,2067573,2,2,2,2
2025-09-03 13:00:09.378,-7433320,3375491,7728928,4164863,2,2,2,2
2025-09-03 13:00:09.382,-7433341,7586120,7728904,2084080,2,2,2,2
2025-09-03 13:00:09.385,-7433322,3375490,7728933,4164609,2,2,2,2
2025-09-03 13:00:09.387,-7433434,3375389,7728900,2067612,2,2,2,2
2025-09-03 13:00:09.390,-7416967,7569780,3526497,2067709,2,2,2,2
2025-09-03 13:00:09.393,-7416784,7569932,3534838,2067868,2,2,2,2
2025-09-03 13:00:09.396,-3230861,7569715,3534614,2067713,2,2,2,2
2025-09-03 13:00:09.399,-3230880,7569727,7728992,2084105,2,2,2,2
2025-09-03 13:00:09.401,-3230842,7569904,3534737,2067905,2,2,2,2
2025-09-03 13:00:09.404,-7416598,7569950,3535097,2067953,2,2,2,2
2025-09-03 13:00:09.407,-7433094,3375859,7729366,4165001,2,2,2,2
2025-09-03 13:00:09.410,-3238665,7569979,7729255,2084359,2,2,2,2
2025-09-03 13:00:09.413,-7433079,3375888,7729412,4165349,2,2,2,2
2025-09-03 13:00:09.415,-7416576,7570313,3535223,2067994,2,2,2,2
2025-09-03 13:00:09.418,-7432967,7586702,7729544,2084460,2,2,2,2
2025-09-03 13:00:09.420,-7432817,7586626,7729432,2068207,2,2,2,2
2025-09-03 13:00:09.423,-7432922,7570182,7729660,2068100,2,2,2,2
2025-09-03 13:00:09.425,-7416548,7570428,3535343,2068429,2,2,2,2
2025-09-03 13:00:09.429,-7416343,7570401,7729547,2068336,2,2,2,2
2025-09-03 13:00:09.432,-7432722,7586753,7729635,2068337,2,2,2,2
2025-09-03 13:00:09.435,-3238632,7570459,7729676,2084809,2,2,2,2
2025-09-03 13:00:09.438,-7432707,3376148,7729670,2068454,2,2,2,2
2025-09-03 13:00:09.441,-7432822,3376103,7729638,4165503,2,2,2,2
2025-09-03 13:00:09.444,-7432732,7586819,7729673,2084837,2,2,2,2
2025-09-03 13:00:09.447,-7432801,7586828,7729673,2084761,2,2,2,2
2025-09-03 13:00:09.450,-3238531,7570658,7729896,2084737,2,2,2,2
2025-09-03 13:00:09.452,-7432601,3376353,7729881,4165747,2,2,2,2
2025-09-03 13:00:09.455,-7432460,3376498,7729957,2068485,2,2,2,2
2025-09-03 13:00:09.457,-7416208,7570681,3535610,2068689,2,2,2,2
2025-09-03 13:00:09.460,-7416253,7570683,3535617,2068690,2,2,2,2
2025-09-03 13:00:09.463,-7416252,7570686,3535624,2068696,2,2,2,2
2025-09-03 13:00:09.465,-7432582,3376397,7729955,4165868,2,2,2,2
2025-09-03 13:00:09.468,-7432550,7587177,7730050,2068488,2,2,2,2
2025-09-03 13:00:09.471,-7416080,7570831,7730151,2068596,2,2,2,2
2025-09-03 13:00:09.474,-7432703,3376615,7729922,2068621,2,2,2,2
2025-09-03 13:00:09.476,-3230071,7570881,3535773,2068778,2,2,2,2
2025-09-03 13:00:09.479,-7432416,7570974,7730289,2068737,2,2,2,2
2025-09-03 13:00:09.482,-3229951,7570943,7730198,2085325,2,2,2,2
2025-09-03 13:00:09.484,-3238125,7570969,7730286,2085129,2,2,2,2
2025-09-03 13:00:09.487,-7432449,3376669,7730218,4165898,2,2,2,2
2025-09-03 13:00:09.489,-3229793,7571188,7730184,2085356,2,2,2,2
2025-09-03 13:00:09.492,-7432400,7571090,7730398,2069134,2,2,2,2
2025-09-03 13:00:09.495,-3221736,7571083,3536113,2069187,2,2,2,2
2025-09-03 13:00:09.498,-7432208,3376752,7730379,2069088,2,2,2,2
2025-09-03 13:00:09.501,-3238118,7571168,7730422,2085559,2,2,2,2
2025-09-03 13:00:09.504,-7416054,7571102,7730440,2069148,2,2,2,2
2025-09-03 13:00:09.506,-7431998,7571297,7730561,2069258,2,2,2,2
2025-09-03 13:00:09.509,-7431950,3377046,7730678,4166528,2,2,2,2
2025-09-03 13:00:09.511,-7432044,3377005,7730653,4166516,2,2,2,2
2025-09-03 13:00:09.514,-7432163,3377169,7730739,4166419,2,2,2,2
2025-09-03 13:00:09.517,-7432096,3377259,7730746,4166421,2,2,2,2
2025-09-03 13:00:09.519,-3237638,7571463,7730714,2085874,2,2,2,2
2025-09-03 13:00:09.522,-7432057,7588019,7730922,2085761,2,2,2,2
2025-09-03 13:00:09.524,-7432181,7587891,7730806,2085650,2,2,2,2
2025-09-03 13:00:09.527,-7432140,7571584,7730930,2069374,2,2,2,2
2025-09-03 13:00:09.530,-7431838,7587962,7730845,2077816,2,2,2,2
2025-09-03 13:00:09.532,-7431721,7571689,7731004,2069737,2,2,2,2
2025-09-03 13:00:09.535,-7431723,7571710,7730976,2069754,2,2,2,2
2025-09-03 13:00:09.538,-7431821,7588313,7730962,2086117,2,2,2,2
2025-09-03 13:00:09.540,-3237407,7571723,7731061,2086149,2,2,2,2
2025-09-03 13:00:09.543,-7431931,3377541,7731182,4166774,2,2,2,2
2025-09-03 13:00:09.546,-7431916,3377559,7730959,4166802,2,2,2,2
2025-09-03 13:00:09.548,-3237611,7571923,7730960,2086038,2,2,2,2
2025-09-03 13:00:09.551,-7431820,7588341,7731071,2086156,2,2,2,2
2025-09-03 13:00:09.554,-3237356,7571947,7731306,2086390,2,2,2,2
2025-09-03 13:00:09.556,-7431782,3377507,7731172,4167023,2,2,2,2
2025-09-03 13:00:09.559,-7415442,7571736,3536781,2069781,2,2,2,2
2025-09-03 13:00:09.562,-7415358,7571864,3536906,2069982,2,2,2,2
2025-09-03 13:00:09.564,-7415312,7571868,3536999,2069997,2,2,2,2
2025-09-03 13:00:09.567,-7431580,7588416,7731426,2077982,2,2,2,2
2025-09-03 13:00:09.569,-7415049,7572212,3537276,2070019,2,2,2,2
2025-09-03 13:00:09.572,-7431408,7572240,7731684,2070046,2,2,2,2
2025-09-03 13:00:09.575,-7431418,7588606,7731605,2086426,2,2,2,2
2025-09-03 13:00:09.578,-7415072,7572208,7731588,2070019,2,2,2,2
2025-09-03 13:00:09.581,-3228955,7572213,3537293,2070025,2,2,2,2
2025-09-03 13:00:09.583,-7431269,7588855,7731597,2070290,2,2,2,2
2025-09-03 13:00:09.586,-3228785,7572472,7731596,2086659,2,2,2,2
2025-09-03 13:00:09.588,-3237099,7572433,7731477,2086586,2,2,2,2
2025-09-03 13:00:09.591,-7414843,7572227,3537287,2070285,2,2,2,2
2025-09-03 13:00:09.593,-7431224,7572231,7731598,2070281,2,2,2,2
2025-09-03 13:00:09.596,-7414978,7572464,3537278,2070272,2,2,2,2
2025-09-03 13:00:09.599,-7414992,7572378,3537264,2070251,2,2,2,2
2025-09-03 13:00:09.602,-7431429,7572368,7731557,2070248,2,2,2,2
2025-09-03 13:00:09.605,-7431294,3377939,7731686,4167537,2,2,2,2
2025-09-03 13:00:09.608,-3237006,7588887,7731953,2086764,2,2,2,2
2025-09-03 13:00:09.611,-3237113,7572445,7731831,2086909,2,2,2,2
2025-09-03 13:00:09.613,-7431409,3378168,7731926,4167449,2,2,2,2
2025-09-03 13:00:09.616,-7414861,7572618,3537517,2070510,2,2,2,2
2025-09-03 13:00:09.618,-7414784,7572727,3537554,2070554,2,2,2,2
2025-09-03 13:00:09.621,-7431016,7589062,7732077,2078967,2,2,2,2
2025-09-03 13:00:09.623,-3220324,7572709,3537781,2070543,2,2,2,2
2025-09-03 13:00:09.626,-7414653,7572630,3537780,2070778,2,2,2,2
2025-09-03 13:00:09.629,-7431151,7589168,7731987,2087057,2,2,2,2
2025-09-03 13:00:09.632,-7414580,7572969,7732108,2070792,2,2,2,2
2025-09-03 13:00:09.635,-3228542,7572985,7732196,2087210,2,2,2,2
2025-09-03 13:00:09.638,-7414534,7572860,3538024,2071014,2,2,2,2
2025-09-03 13:00:09.641,-7414638,7572755,3537912,2070842,2,2,2,2
2025-09-03 13:00:09.643,-7414673,7572971,3537889,2070817,2,2,2,2
2025-09-03 13:00:09.646,-7414768,7572966,3537802,2070806,2,2,2,2
2025-09-03 13:00:09.648,-7414645,7572833,3537686,2070728,2,2,2,2
2025-09-03 13:00:09.651,-7414688,7572739,3537909,2070837,2,2,2,2
2025-09-03 13:00:09.654,-7430940,7589262,7732350,2079229,2,2,2,2
2025-09-03 13:00:09.656,-7430891,7589375,7732463,2079087,2,2,2,2
2025-09-03 13:00:09.659,-3220125,7573016,3537941,2070989,2,2,2,2
2025-09-03 13:00:09.661,-7430706,7573135,7732416,2071042,2,2,2,2
2025-09-03 13:00:09.664,-7430813,7589476,7732509,2079457,2,2,2,2
2025-09-03 13:00:09.667,-7430689,7573146,7732413,2071068,2,2,2,2
2025-09-03 13:00:09.669,-7430684,7572992,7732463,2071151,2,2,2,2
2025-09-03 13:00:09.672,-7430872,7573121,7732613,2071042,2,2,2,2
2025-09-03 13:00:09.674,-3228157,7573292,7732586,2087628,2,2,2,2
2025-09-03 13:00:09.677,-3236224,7573472,7732706,2087742,2,2,2,2
2025-09-03 13:00:09.679,-3236201,7573503,7732738,2087815,2,2,2,2
2025-09-03 13:00:09.682,-7430640,3379082,7732680,4168449,2,2,2,2
2025-09-03 13:00:09.685,-3236337,7573455,7732873,2087695,2,2,2,2
2025-09-03 13:00:09.687,-7430411,3379315,7732774,2071538,2,2,2,2
2025-09-03 13:00:09.690,-7430518,3379219,7732758,4168598,2,2,2,2
2025-09-03 13:00:09.692,-7430542,3387399,7732753,4168581,2,2,2,2
2025-09-03 13:00:09.695,-7430554,3379181,7732986,4168579,2,2,2,2
2025-09-03 13:00:09.698,-3236224,7573532,7732833,2087880,2,2,2,2
2025-09-03 13:00:09.701,-7430655,7573478,7732981,2071416,2,2,2,2
2025-09-03 13:00:09.703,-3228035,7573550,7732857,2087925,2,2,2,2
2025-09-03 13:00:09.706,-3236078,7573515,7733015,2088083,2,2,2,2
2025-09-03 13:00:09.709,-3236083,7573519,7733012,2088128,2,2,2,2
2025-09-03 13:00:09.711,-3235991,7573554,7733097,2087941,2,2,2,2
2025-09-03 13:00:09.714,-7430628,3379315,7732792,4168707,2,2,2,2
2025-09-03 13:00:09.716,-7414037,7573507,3538451,2071514,2,2,2,2
2025-09-03 13:00:09.719,-7414119,7573504,3538691,2071766,2,2,2,2
2025-09-03 13:00:09.722,-7430403,3379307,7733045,4168712,2,2,2,2
2025-09-03 13:00:09.724,-7430152,3379572,7733050,2071817,2,2,2,2
2025-09-03 13:00:09.727,-7430166,3379560,7733047,4168952,2,2,2,2
2025-09-03 13:00:09.730,-7430248,3387745,7733292,4169204,2,2,2,2
2025-09-03 13:00:09.732,-7413829,7573785,3539064,2072057,2,2,2,2
2025-09-03 13:00:09.735,-7413786,7573875,3539091,2071826,2,2,2,2
2025-09-03 13:00:09.737,-7413707,7573993,3538947,2072001,2,2,2,2
2025-09-03 13:00:09.740,-7413565,7574046,7733367,2072057,2,2,2,2
2025-09-03 13:00:09.743,-7413751,3388137,7733510,4169350,2,2,2,2
2025-09-03 13:00:09.745,-3219209,7574239,7733495,2088554,2,2,2,2
2025-09-03 13:00:09.748,-7413744,7574031,3539230,2072274,2,2,2,2
2025-09-03 13:00:09.750,-7413736,7590456,7733609,2080482,2,2,2,2
2025-09-03 13:00:09.753,-7413549,7574170,7733737,2072174,2,2,2,2
2025-09-03 13:00:09.756,-7413534,7590643,7733509,2080397,2,2,2,2
2025-09-03 13:00:09.759,-3219232,7574257,7733512,2088583,2,2,2,2
2025-09-03 13:00:09.761,-7413535,7590649,7733517,2088591,2,2,2,2
2025-09-03 13:00:09.764,-3219455,7590426,7733641,2088693,2,2,2,2
2025-09-03 13:00:09.766,-7413606,3379720,7733545,4169445,2,2,2,2
2025-09-03 13:00:09.769,-7413742,7574145,7733735,2072089,2,2,2,2
2025-09-03 13:00:09.773,-7413492,7574405,7733700,2072347,2,2,2,2
2025-09-03 13:00:09.775,-7413303,7574277,7733871,2072555,2,2,2,2
2025-09-03 13:00:09.778,-7413390,7590900,7733779,2080668,2,2,2,2
2025-09-03 13:00:09.781,-7413443,7574282,7733876,2072573,2,2,2,2
2025-09-03 13:00:09.783,-7413265,7574398,7733991,2072422,2,2,2,2
2025-09-03 13:00:09.786,-7413451,7574545,7733881,2072571,2,2,2,2
2025-09-03 13:00:09.788,-7413128,3388443,7734213,4186115,2,2,2,2
2025-09-03 13:00:09.791,-3218823,7574565,7734159,2089008,2,2,2,2
2025-09-03 13:00:09.793,-7413193,7574541,3539838,2089213,2,2,2,2
2025-09-03 13:00:09.796,-7413135,3380255,7734232,4186123,2,2,2,2
2025-09-03 13:00:09.798,-7413275,3380380,7734046,2089109,2,2,2,2
2025-09-03 13:00:09.801,-7413218,3380329,7734226,2088986,2,2,2,2
2025-09-03 13:00:09.804,-7413119,7574683,3539966,2089158,2,2,2,2
2025-09-03 13:00:09.807,-3227000,7574742,3539731,2089175,2,2,2,2
2025-09-03 13:00:09.810,-7413050,3380378,7734046,2089101,2,2,2,2
2025-09-03 13:00:09.813,-3218698,7574801,7734173,2089239,2,2,2,2
2025-09-03 13:00:09.816,-3218702,7574831,7734260,2089285,2,2,2,2
2025-09-03 13:00:09.818,-3218699,7574827,7734255,2089318,2,2,2,2
2025-09-03 13:00:09.822,-7413016,7574892,7734251,2089320,2,2,2,2
2025-09-03 13:00:09.825,-7413242,7574932,3539990,2089432,2,2,2,2
2025-09-03 13:00:09.827,-7413018,3380601,7734279,2089346,2,2,2,2
2025-09-03 13:00:09.830,-7413004,7574918,3539978,2089417,2,2,2,2
2025-09-03 13:00:09.833,-7413116,7591239,7734514,2089242,2,2,2,2
2025-09-03 13:00:09.835,-7412975,7591428,7734405,2081278,2,2,2,2
2025-09-03 13:00:09.838,-7413009,7591393,7734378,2081182,2,2,2,2
2025-09-03 13:00:09.840,-7412995,7575038,7734403,2089464,2,2,2,2
2025-09-03 13:00:09.843,-7412791,7575194,7734577,2089614,2,2,2,2
2025-09-03 13:00:09.845,-3218538,7575271,7734632,2089672,2,2,2,2
2025-09-03 13:00:09.848,-3226773,7575095,7734783,2089669,2,2,2,2
2025-09-03 13:00:09.851,-7412848,7591655,7734641,2081523,2,2,2,2
2025-09-03 13:00:09.853,-3226746,7575272,7734645,2089678,2,2,2,2
2025-09-03 13:00:09.856,-3226758,7575263,7734636,2089698,2,2,2,2
2025-09-03 13:00:09.859,-3218589,7575190,3540324,2089700,2,2,2,2
2025-09-03 13:00:09.862,-7412759,7591705,7734761,2089828,2,2,2,2
2025-09-03 13:00:09.865,-3218586,7575188,3540341,2089713,2,2,2,2
2025-09-03 13:00:09.868,-7412851,7575304,3540452,2089752,2,2,2,2
2025-09-03 13:00:09.871,-7412713,3381150,7734838,2089966,2,2,2,2
2025-09-03 13:00:09.874,-7412762,3389316,7734808,4187025,2,2,2,2
2025-09-03 13:00:09.876,-7412715,7575541,3540625,2089739,2,2,2,2
2025-09-03 13:00:09.879,-7412713,3381241,7735005,2089750,2,2,2,2
2025-09-03 13:00:09.881,-7412507,7591824,7734908,2081776,2,2,2,2
2025-09-03 13:00:09.884,-7412583,7592087,7735149,2082030,2,2,2,2
2025-09-03 13:00:09.886,-7412539,7575685,7735117,2090229,2,2,2,2
2025-09-03 13:00:09.889,-7412514,7575776,7735217,2089996,2,2,2,2
2025-09-03 13:00:09.892,-7412474,7591966,7735047,2090117,2,2,2,2
2025-09-03 13:00:09.895,-7412377,3381383,7735081,4187365,2,2,2,2
2025-09-03 13:00:09.898,-7412463,3389562,7735080,2090219,2,2,2,2
2025-09-03 13:00:09.901,-7412472,7592062,7735141,2082018,2,2,2,2
2025-09-03 13:00:09.904,-7412347,7575807,3540891,2090265,2,2,2,2
2025-09-03 13:00:09.906,-7412460,7592334,7735406,2090486,2,2,2,2
2025-09-03 13:00:09.909,-3226119,7575869,3541101,2090464,2,2,2,2
2025-09-03 13:00:09.912,-7412347,3389714,7735551,4187518,2,2,2,2
2025-09-03 13:00:09.915,-7412344,3389721,7735303,4187526,2,2,2,2
2025-09-03 13:00:09.917,-7412334,3381624,7735327,4187551,2,2,2,2
2025-09-03 13:00:09.920,-7412428,7575812,3541220,2090285,2,2,2,2
2025-09-03 13:00:09.923,-7412235,3381736,7735491,4187661,2,2,2,2
2025-09-03 13:00:09.925,-7412107,7592482,7735567,2090642,2,2,2,2
2025-09-03 13:00:09.928,-7412284,7575958,3541131,2090502,2,2,2,2
2025-09-03 13:00:09.930,-7412234,7592439,7735454,2090599,2,2,2,2
2025-09-03 13:00:09.933,-7412269,7576041,7735441,2090523,2,2,2,2
2025-09-03 13:00:09.936,-7412233,3389967,7735534,2090624,2,2,2,2
2025-09-03 13:00:09.939,-3226083,7576121,3541279,2090738,2,2,2,2
2025-09-03 13:00:09.942,-7412122,7592580,7735676,2082313,2,2,2,2
2025-09-03 13:00:09.945,-7412097,7592648,7735704,2082409,2,2,2,2
2025-09-03 13:00:09.947,-7411970,7576167,3541344,2090724,2,2,2,2
2025-09-03 13:00:09.950,-7411990,7592506,7735575,2082529,2,2,2,2
2025-09-03 13:00:09.952,-7412001,7576089,7735601,2090651,2,2,2,2
2025-09-03 13:00:09.955,-7412172,7576305,7735793,2090872,2,2,2,2
2025-09-03 13:00:09.958,-7412024,3382034,7735822,2090902,2,2,2,2
2025-09-03 13:00:09.961,-7411970,7576450,3541632,2090755,2,2,2,2
2025-09-03 13:00:09.963,-7411730,3382140,7735861,4188157,2,2,2,2
2025-09-03 13:00:09.966,-3217552,7576574,7736081,2091188,2,2,2,2
2025-09-03 13:00:09.969,-7411868,3390472,7736079,4188309,2,2,2,2
2025-09-03 13:00:09.972,-7411713,3390691,7736294,2091114,2,2,2,2
2025-09-03 13:00:09.974,-7411715,3390690,7736294,4188274,2,2,2,2
2025-09-03 13:00:09.977,-7411937,3390480,7736084,4188318,2,2,2,2
2025-09-03 13:00:09.980,-3225697,7576789,3541990,2091039,2,2,2,2
2025-09-03 13:00:09.982,-7411669,7576691,7736193,2091266,2,2,2,2
2025-09-03 13:00:09.985,-3217410,7576600,3541861,2091243,2,2,2,2
2025-09-03 13:00:09.988,-7411720,7576592,3541863,2091232,2,2,2,2
2025-09-03 13:00:09.991,-7411591,7576809,3542017,2091325,2,2,2,2
2025-09-03 13:00:09.994,-7411485,3382549,7736364,4188653,2,2,2,2
2025-09-03 13:00:09.996,-7411588,7576811,3542020,2091464,2,2,2,2
2025-09-03 13:00:09.999,-7411498,3382541,7736358,2091497,2,2,2,2
2025-09-03 13:00:10.001,-7411563,7576850,3542120,2091497,2,2,2,2
2025-09-03 13:00:10.004,-7411470,3382644,7736532,2091541,2,2,2,2
2025-09-03 13:00:10.006,-3217050,7577069,3542300,2091746,2,2,2,2
2025-09-03 13:00:10.009,-7411401,7577110,7736626,2091763,2,2,2,2
2025-09-03 13:00:10.012,-7411398,7577185,3542400,2091775,2,2,2,2
2025-09-03 13:00:10.015,-7411238,7577224,7736809,2091624,2,2,2,2
2025-09-03 13:00:10.018,-7411329,7577200,3542404,2091553,2,2,2,2
2025-09-03 13:00:10.021,-7411216,3383013,7736584,4188821,2,2,2,2
2025-09-03 13:00:10.024,-7411308,3391118,7736809,4188800,2,2,2,2
2025-09-03 13:00:10.027,-7411396,7577184,3542413,2091789,2,2,2,2
2025-09-03 13:00:10.029,-7411219,3383037,7736873,4189168,2,2,2,2
2025-09-03 13:00:10.032,-7411426,3382904,7736797,2091887,2,2,2,2
2025-09-03 13:00:10.034,-7411309,7577339,3542551,2092005,2,2,2,2
2025-09-03 13:00:10.037,-7411228,7593784,7736945,2083835,2,2,2,2
2025-09-03 13:00:10.040,-7411075,7577584,3542548,2091995,2,2,2,2
2025-09-03 13:00:10.042,-7411076,7593980,7736932,2083818,2,2,2,2
2025-09-03 13:00:10.045,-7411097,7577581,3542551,2091993,2,2,2,2
2025-09-03 13:00:10.047,-7411147,7577355,7736946,2092026,2,2,2,2
2025-09-03 13:00:10.050,-7411142,7577372,7736962,2092033,2,2,2,2
2025-09-03 13:00:10.052,-3225081,7577574,7737101,2092246,2,2,2,2
2025-09-03 13:00:10.055,-7411149,7594001,7737145,2092286,2,2,2,2
2025-09-03 13:00:10.059,-7411153,7594087,3542928,2092128,2,2,2,2
2025-09-03 13:00:10.062,-3216629,7594239,3542887,2092266,2,2,2,2
2025-09-03 13:00:10.064,-7410908,7594084,7737234,2092315,2,2,2,2
2025-09-03 13:00:10.067,-7410740,7594122,7737343,2092421,2,2,2,2
2025-09-03 13:00:10.070,-7410692,7594253,7737467,2084108,2,2,2,2
2025-09-03 13:00:10.073,-7410922,7594290,7737503,2092398,2,2,2,2
2025-09-03 13:00:10.075,-7410709,7594254,7737465,2084116,2,2,2,2
2025-09-03 13:00:10.078,-7410702,7594302,7737494,2084197,2,2,2,2
2025-09-03 13:00:10.080,-7410726,7594248,7737476,2092296,2,2,2,2
2025-09-03 13:00:10.083,-7410896,7594465,7737406,2092532,2,2,2,2
2025-09-03 13:00:10.085,-3224587,7594302,7737587,2092748,2,2,2,2
2025-09-03 13:00:10.088,-3224563,7594454,3543310,2092780,2,2,2,2
2025-09-03 13:00:10.091,-3216131,7594628,3543299,2092760,2,2,2,2
2025-09-03 13:00:10.094,-7410576,3400204,7737662,2092566,2,2,2,2
2025-09-03 13:00:10.097,-7410707,7594377,7737598,2092697,2,2,2,2
2025-09-03 13:00:10.099,-7410701,3391894,7737362,4189677,2,2,2,2
2025-09-03 13:00:10.102,-7410739,7594367,7737610,2092687,2,2,2,2
2025-09-03 13:00:10.105,-7410728,7594393,7737613,2092773,2,2,2,2
2025-09-03 13:00:10.108,-7410694,7594483,7737721,2092552,2,2,2,2
2025-09-03 13:00:10.110,-3224563,7594517,7737754,2092576,2,2,2,2
2025-09-03 13:00:10.113,-3216500,7594459,7737707,2092789,2,2,2,2
2025-09-03 13:00:10.116,-3216490,7594480,3543423,2092796,2,2,2,2
2025-09-03 13:00:10.118,-3224432,7594731,3543409,2092794,2,2,2,2
2025-09-03 13:00:10.121,-7410655,7594646,7737909,2092953,2,2,2,2
2025-09-03 13:00:10.123,-7410636,7594724,7737963,2093051,2,2,2,2
2025-09-03 13:00:10.126,-7410642,7594728,7737985,2092812,2,2,2,2
2025-09-03 13:00:10.129,-3224572,7594692,7737870,2093013,2,2,2,2
2025-09-03 13:00:10.131,-3224448,7594757,7737999,2092823,2,2,2,2
2025-09-03 13:00:10.134,-7410378,7594755,7738059,2093075,2,2,2,2
2025-09-03 13:00:10.137,-7410430,3400604,7737905,2093043,2,2,2,2
2025-09-03 13:00:10.140,-7410198,3400582,7738137,2093286,2,2,2,2
2025-09-03 13:00:10.143,-7410334,7595012,3543956,2093094,2,2,2,2
2025-09-03 13:00:10.145,-3215985,7594875,3543824,2093268,2,2,2,2
2025-09-03 13:00:10.147,-7410281,7594891,7738140,2093283,2,2,2,2
2025-09-03 13:00:10.150,-7410331,7594766,7738096,2093183,2,2,2,2
2025-09-03 13:00:10.153,-7410403,7594781,7738098,2093192,2,2,2,2
2025-09-03 13:00:10.155,-7410226,7594903,7738225,2093307,2,2,2,2
2025-09-03 13:00:10.158,-3224087,7595247,3543944,2093338,2,2,2,2
2025-09-03 13:00:10.161,-7410206,7595258,7738249,2093409,2,2,2,2
2025-09-03 13:00:10.163,-7410225,7595250,7738318,2093343,2,2,2,2
2025-09-03 13:00:10.166,-7410369,3400940,7738174,2093321,2,2,2,2
2025-09-03 13:00:10.169,-7410153,7595152,7738467,2093560,2,2,2,2
2025-09-03 13:00:10.172,-7410273,7595031,7738351,2093435,2,2,2,2
2025-09-03 13:00:10.175,-7410025,7595289,7738610,2093445,2,2,2,2
2025-09-03 13:00:10.178,-7409935,7595394,7738465,2093559,2,2,2,2
2025-09-03 13:00:10.180,-7410144,7595501,7738511,2093667,2,2,2,2
2025-09-03 13:00:10.183,-7409944,7595393,7738690,2093800,2,2,2,2
2025-09-03 13:00:10.185,-7410040,3392876,7738636,2093722,2,2,2,2
2025-09-03 13:00:10.188,-3223907,7595464,3544426,2093820,2,2,2,2
2025-09-03 13:00:10.191,-3215713,7595469,3544433,2093817,2,2,2,2
2025-09-03 13:00:10.194,-7410060,3401069,7738639,2093792,2,2,2,2
2025-09-03 13:00:10.197,-3215513,7595550,7738879,2093707,2,2,2,2
2025-09-03 13:00:10.199,-7409818,3393131,7738637,4190873,2,2,2,2
2025-09-03 13:00:10.202,-7409680,3393274,7738858,4191086,2,2,2,2
2025-09-03 13:00:10.205,-7409870,7595662,3544694,2093825,2,2,2,2
2025-09-03 13:00:10.207,-7409679,7595807,3544829,2093957,2,2,2,2
2025-09-03 13:00:10.210,-7409690,3393377,7738882,4191119,2,2,2,2
2025-09-03 13:00:10.213,-7409772,7595787,3544814,2093884,2,2,2,2
2025-09-03 13:00:10.216,-7409547,7596025,3552917,2094126,2,2,2,2
2025-09-03 13:00:10.219,-7409533,7596050,3553256,2094274,2,2,2,2
2025-09-03 13:00:10.221,-7409550,7596044,3545069,2094134,2,2,2,2
2025-09-03 13:00:10.224,-7409567,7596052,3553255,2094130,2,2,2,2
2025-09-03 13:00:10.227,-7409527,3401840,7739159,2094239,2,2,2,2
2025-09-03 13:00:10.230,-7409420,7596257,3544966,2094364,2,2,2,2
2025-09-03 13:00:10.233,-3215096,7596286,7739370,2094386,2,2,2,2
2025-09-03 13:00:10.235,-3215102,7596287,7739364,2094458,2,2,2,2
2025-09-03 13:00:10.238,-3214953,7596263,7739532,2094357,2,2,2,2
2025-09-03 13:00:10.240,-7409278,3393679,7739446,4191734,2,2,2,2
2025-09-03 13:00:10.243,-7409251,3393773,7739624,4191585,2,2,2,2
2025-09-03 13:00:10.246,-3214968,7596275,3545239,2094358,2,2,2,2
2025-09-03 13:00:10.249,-7409407,3402098,7739420,2094571,2,2,2,2
2025-09-03 13:00:10.252,-3214961,7596304,7739639,2094717,2,2,2,2
2025-09-03 13:00:10.255,-3214993,7596527,7739616,2094655,2,2,2,2
2025-09-03 13:00:10.258,-7409180,7596401,7739419,2094563,2,2,2,2
2025-09-03 13:00:10.260,-3214856,7596505,3545215,2094598,2,2,2,2
2025-09-03 13:00:10.263,-7409387,3402228,7739624,2094699,2,2,2,2
2025-09-03 13:00:10.266,-7409222,7596421,3553645,2094838,2,2,2,2
2025-09-03 13:00:10.270,-7409136,7596539,3545584,2094648,2,2,2,2
2025-09-03 13:00:10.273,-7409160,3402214,7739872,4191774,2,2,2,2
2025-09-03 13:00:10.275,-7409271,7596426,3553675,2094847,2,2,2,2
2025-09-03 13:00:10.278,-7409013,7596692,3553668,2094853,2,2,2,2
2025-09-03 13:00:10.281,-7409156,7596553,3545352,2094726,2,2,2,2
2025-09-03 13:00:10.284,-7409177,7596538,7739895,2094721,2,2,2,2
2025-09-03 13:00:10.287,-7409265,7596537,7739892,2094720,2,2,2,2
2025-09-03 13:00:10.289,-7409027,7596791,7739888,2094968,2,2,2,2
2025-09-03 13:00:10.292,-7408898,7596663,7740016,2094851,2,2,2,2
2025-09-03 13:00:10.295,-7409115,3402389,7740106,2094944,2,2,2,2
2025-09-03 13:00:10.298,-3214603,7596601,7740020,2094858,2,2,2,2
2025-09-03 13:00:10.300,-7409011,7596807,7739916,2095005,2,2,2,2
2025-09-03 13:00:10.304,-7408655,7596924,7740290,2095119,2,2,2,2
2025-09-03 13:00:10.307,-7408799,7597058,7740169,2095242,2,2,2,2
2025-09-03 13:00:10.309,-7408755,7597170,7740271,2095356,2,2,2,2
2025-09-03 13:00:10.312,-7408630,7597263,7740406,2095490,2,2,2,2
2025-09-03 13:00:10.314,-7408621,7597066,7740464,2095513,2,2,2,2
2025-09-03 13:00:10.317,-7408789,7597168,7740285,2095364,2,2,2,2
2025-09-03 13:00:10.320,-7408588,3402885,7740626,2095375,2,2,2,2
2025-09-03 13:00:10.323,-7408633,3394580,7740464,4192752,2,2,2,2
2025-09-03 13:00:10.325,-7408625,3402856,7740467,4192759,2,2,2,2
2025-09-03 13:00:10.328,-7408501,7597297,3554556,2095557,2,2,2,2
2025-09-03 13:00:10.330,-7408603,3402892,7740632,2095461,2,2,2,2
2025-09-03 13:00:10.333,-7408526,7597252,7740659,2095469,2,2,2,2
2025-09-03 13:00:10.336,-7408537,3403167,7740651,4192876,2,2,2,2
2025-09-03 13:00:10.339,-3213982,7597532,7740914,2095729,2,2,2,2
2025-09-03 13:00:10.341,-3214106,7597363,7740794,2095868,2,2,2,2
2025-09-03 13:00:10.344,-3214079,7597524,7740899,2095690,2,2,2,2
2025-09-03 13:00:10.347,-3214193,7597345,7740788,2095864,2,2,2,2
2025-09-03 13:00:10.349,-7408526,3403016,7740705,4192922,2,2,2,2
2025-09-03 13:00:10.352,-7408373,7597557,3546369,2095745,2,2,2,2
2025-09-03 13:00:10.355,-7408360,3403265,7740691,2095771,2,2,2,2
2025-09-03 13:00:10.358,-3213953,7597621,7740825,2095883,2,2,2,2
2025-09-03 13:00:10.361,-3213853,7597785,7740923,2095995,2,2,2,2
2025-09-03 13:00:10.364,-3214071,7597582,7741044,2096074,2,2,2,2
2025-09-03 13:00:10.366,-3213929,7597790,7740924,2096004,2,2,2,2
2025-09-03 13:00:10.369,-3214054,7597611,7741070,2095876,2,2,2,2
2025-09-03 13:00:10.372,-7408346,7597703,7741117,2095969,2,2,2,2
2025-09-03 13:00:10.374,-7408236,3395321,7740955,4193248,2,2,2,2
2025-09-03 13:00:10.377,-7408360,3395205,7741158,2095981,2,2,2,2
2025-09-03 13:00:10.379,-7408194,7597842,3546741,2096116,2,2,2,2
2025-09-03 13:00:10.382,-7408141,3395445,7741141,4193307,2,2,2,2
2025-09-03 13:00:10.385,-7407903,7597920,7741322,2096130,2,2,2,2
2025-09-03 13:00:10.388,-7407877,7597965,7741428,2096238,2,2,2,2
2025-09-03 13:00:10.391,-7408009,7597838,3555175,2096370,2,2,2,2
2025-09-03 13:00:10.393,-7408125,7598060,7741199,2096268,2,2,2,2
2025-09-03 13:00:10.396,-7408112,7598082,7741207,2096281,2,2,2,2
2025-09-03 13:00:10.399,-7407881,7598320,7757840,2096520,2,2,2,2
2025-09-03 13:00:10.402,-7407894,7598306,7741445,2096515,2,2,2,2
2025-09-03 13:00:10.404,-7408106,3403806,7741241,4193521,2,2,2,2
2025-09-03 13:00:10.407,-7407844,3403803,7758022,4193541,2,2,2,2
2025-09-03 13:00:10.409,-7407746,7598258,7758069,2096501,2,2,2,2
2025-09-03 13:00:10.412,-7407894,7598081,7757923,2096542,2,2,2,2
2025-09-03 13:00:10.415,-7408107,7598208,7741340,2096481,2,2,2,2
2025-09-03 13:00:10.417,-7408069,7598221,3555322,2096435,2,2,2,2
2025-09-03 13:00:10.420,-7408010,7598318,3555355,2096610,2,2,2,2
2025-09-03 13:00:10.422,-7408002,7598320,7757923,2096542,2,2,2,2
2025-09-03 13:00:10.425,-7408003,7598080,3555439,2096616,2,2,2,2
2025-09-03 13:00:10.428,-7407771,3404006,7757843,2096530,2,2,2,2
2025-09-03 13:00:10.431,-7407748,7598347,7757946,2096637,2,2,2,2
2025-09-03 13:00:10.434,-7407645,7598466,7758072,2096755,2,2,2,2
2025-09-03 13:00:10.436,-3213426,7598376,7758052,2096672,2,2,2,2
2025-09-03 13:00:10.439,-3213344,7598534,3563768,2096690,2,2,2,2
2025-09-03 13:00:10.442,-7407818,3404063,7758295,2096661,2,2,2,2
2025-09-03 13:00:10.444,-7407638,7598531,7758100,2096794,2,2,2,2
2025-09-03 13:00:10.447,-7407756,7598445,7758320,2096750,2,2,2,2
2025-09-03 13:00:10.450,-7407633,7598589,7758194,2096879,2,2,2,2
2025-09-03 13:00:10.453,-7407562,7598723,7741937,2097023,2,2,2,2
2025-09-03 13:00:10.456,-7407484,3404443,7758356,2097046,2,2,2,2
2025-09-03 13:00:10.459,-7407601,3404409,7758567,2097002,2,2,2,2
2025-09-03 13:00:10.462,-7407460,3404300,7758394,4194055,2,2,2,2
2025-09-03 13:00:10.464,-7407519,7598782,7758354,2097044,2,2,2,2
2025-09-03 13:00:10.467,-7407427,7598697,3555997,2096917,2,2,2,2
2025-09-03 13:00:10.470,-3213212,7598847,3564150,2097138,2,2,2,2
2025-09-03 13:00:10.474,-7407553,7598612,7742105,2096916,2,2,2,2
2025-09-03 13:00:10.476,-7407461,3404410,7758578,4194166,2,2,2,2
2025-09-03 13:00:10.479,-3213190,7598886,7758564,6291478,2,2,2,2
2025-09-03 13:00:10.482,-7407568,7598945,7742168,6291478,2,2,2,2
2025-09-03 13:00:10.485,-3213081,7599086,3564389,6291691,2,2,2,2
2025-09-03 13:00:10.488,-3213157,7599074,7758614,6291614,2,2,2,2
2025-09-03 13:00:10.491,-3213063,7598860,7758723,6291468,2,2,2,2
2025-09-03 13:00:10.493,-7407234,3404687,7758605,4194457,2,2,2,2
2025-09-03 13:00:10.496,-3212924,7599059,7758618,6291684,2,2,2,2
2025-09-03 13:00:10.498,-7407352,7599126,7758823,2097504,2,2,2,2
2025-09-03 13:00:10.501,-7407107,7599201,7742449,6291823,2,2,2,2
2025-09-03 13:00:10.504,-3212952,7599314,7758878,6291941,2,2,2,2
2025-09-03 13:00:10.506,-7407226,7599356,3556489,6291731,2,2,2,2
2025-09-03 13:00:10.509,-7407235,7599355,3556484,6291718,2,2,2,2
2025-09-03 13:00:10.511,-7407111,7599174,7759103,2097539,2,2,2,2
2025-09-03 13:00:10.514,-7407121,7599234,7742464,6291860,2,2,2,2
2025-09-03 13:00:10.516,-7407083,7599254,7742535,6291952,2,2,2,2
2025-09-03 13:00:10.519,-3212790,7599567,3564906,6292200,2,2,2,2
2025-09-03 13:00:10.522,-7407050,3405077,7759336,6292073,2,2,2,2
2025-09-03 13:00:10.525,-3212656,7599406,7759356,6292090,2,2,2,2
2025-09-03 13:00:10.527,-7407087,7599608,7759238,2097665,2,2,2,2
2025-09-03 13:00:10.530,-7406838,7599599,3548545,6292236,2,2,2,2
2025-09-03 13:00:10.533,-3212412,7599677,7759376,6292375,2,2,2,2
2025-09-03 13:00:10.535,-7406608,3405545,7759417,4195083,2,2,2,2
2025-09-03 13:00:10.538,-7406734,3405430,7759376,4195221,2,2,2,2
2025-09-03 13:00:10.541,-7406735,3405434,7759382,4195229,2,2,2,2
2025-09-03 13:00:10.543,-7406594,3405320,7759588,4195183,2,2,2,2
2025-09-03 13:00:10.546,-7406656,7599853,3557011,6292243,2,2,2,2
2025-09-03 13:00:10.548,-7406619,7599859,7759586,2098017,2,2,2,2
2025-09-03 13:00:10.551,-7406626,3405556,7759573,6292583,2,2,2,2
2025-09-03 13:00:10.554,-7406519,7600008,3557150,6292717,2,2,2,2
2025-09-03 13:00:10.556,-7406543,7600019,7743282,6292480,2,2,2,2
2025-09-03 13:00:10.559,-7406581,7600002,3557148,6292727,2,2,2,2
2025-09-03 13:00:10.562,-7406492,3405793,7759678,2098199,2,2,2,2
2025-09-03 13:00:10.565,-7406541,7600112,7743444,6292582,2,2,2,2
2025-09-03 13:00:10.568,-7406566,3405792,7759821,6292581,2,2,2,2
2025-09-03 13:00:10.571,-7406556,7600122,7743461,6292603,2,2,2,2
2025-09-03 13:00:10.575,-7406444,7599901,7759633,2098400,2,2,2,2
2025-09-03 13:00:10.577,-7406373,3405685,7759661,6292728,2,2,2,2
2025-09-03 13:00:10.580,-7406589,7600098,3565466,6292778,2,2,2,2
2025-09-03 13:00:10.583,-7406542,7600120,3549156,6292856,2,2,2,2
2025-09-03 13:00:10.586,-7406486,7600158,7759884,2098588,2,2,2,2
2025-09-03 13:00:10.589,-7406557,7600230,7743550,6292978,2,2,2,2
2025-09-03 13:00:10.592,-7406329,7600176,7759876,2098580,2,2,2,2
2025-09-03 13:00:10.595,-7406324,7600152,3549191,6292877,2,2,2,2
2025-09-03 13:00:10.598,-3211875,7600619,3566061,6293031,2,2,2,2
2025-09-03 13:00:10.601,-3211779,7600411,3565920,6293224,2,2,2,2
2025-09-03 13:00:10.604,-7406212,3406325,7760360,6293111,2,2,2,2
2025-09-03 13:00:10.606,-7406326,7600510,3557746,6293247,2,2,2,2
2025-09-03 13:00:10.609,-7406184,7600434,7760383,2098835,2,2,2,2
2025-09-03 13:00:10.611,-7406185,7600400,7760131,2098837,2,2,2,2
2025-09-03 13:00:10.614,-7406144,7600397,7743746,6293122,2,2,2,2
2025-09-03 13:00:10.617,-3211760,7600623,7760362,6293353,2,2,2,2
2025-09-03 13:00:10.620,-3211669,7600654,7760400,6293429,2,2,2,2
2025-09-03 13:00:10.623,-7405876,7600761,7744118,6293503,2,2,2,2
2025-09-03 13:00:10.625,-3211677,7600660,7760404,6293389,2,2,2,2
2025-09-03 13:00:10.628,-3211542,7600856,7760543,6293304,2,2,2,2
2025-09-03 13:00:10.630,-7405826,7600866,3558118,6293548,2,2,2,2
2025-09-03 13:00:10.633,-7405894,7600792,3558047,6293536,2,2,2,2
2025-09-03 13:00:10.635,-7405866,3406493,7744231,6293611,2,2,2,2
2025-09-03 13:00:10.638,-7405644,7601129,3558385,6293557,2,2,2,2
2025-09-03 13:00:10.641,-7405831,3406608,7760669,2099343,2,2,2,2
2025-09-03 13:00:10.644,-7405823,7600924,3566445,6293734,2,2,2,2
2025-09-03 13:00:10.647,-7405834,7600949,7760745,2099431,2,2,2,2
2025-09-03 13:00:10.649,-7405847,7600926,7760749,2099432,2,2,2,2
2025-09-03 13:00:10.652,-3211369,7600900,3566357,6293720,2,2,2,2
2025-09-03 13:00:10.655,-7405672,7600922,3566435,6293742,2,2,2,2
2025-09-03 13:00:10.657,-7405583,7601009,7744394,6293770,2,2,2,2
2025-09-03 13:00:10.660,-7405616,7601183,7744589,6293999,2,2,2,2
2025-09-03 13:00:10.663,-7405800,7601089,7760888,2099587,2,2,2,2
2025-09-03 13:00:10.666,-7405582,7601284,3550434,6293866,2,2,2,2
2025-09-03 13:00:10.668,-7405686,7601225,7761033,2099464,2,2,2,2
2025-09-03 13:00:10.671,-3211296,7601093,7760796,6293876,2,2,2,2
2025-09-03 13:00:10.674,-3211413,7601166,3566715,6293763,2,2,2,2
2025-09-03 13:00:10.677,-7405801,3406852,7760941,6294008,2,2,2,2
2025-09-03 13:00:10.680,-7405716,3406958,7761103,6293786,2,2,2,2
2025-09-03 13:00:10.683,-3276783,7601194,7761031,6294028,2,2,2,2
2025-09-03 13:00:10.686,-7470957,7601400,7761180,2099867,2,2,2,2
2025-09-03 13:00:10.689,-3276779,7601204,3566742,6294039,2,2,2,2
2025-09-03 13:00:10.692,-7471075,3406976,7761136,6294130,2,2,2,2
2025-09-03 13:00:10.695,-3276770,7601609,7761396,6294130,2,2,2,2
2025-09-03 13:00:10.698,-3276564,7601439,3566986,6294280,2,2,2,2
2025-09-03 13:00:10.701,-7470745,7601567,3567113,6294335,2,2,2,2
2025-09-03 13:00:10.703,-7470832,7601548,7745023,6294401,2,2,2,2
2025-09-03 13:00:10.706,-7470882,7601525,7744953,6294293,2,2,2,2
2025-09-03 13:00:10.708,-3276434,7601683,7761512,6294474,2,2,2,2
2025-09-03 13:00:10.711,-3276400,7601716,7761550,6294329,2,2,2,2
2025-09-03 13:00:10.713,-7470784,7601671,3559022,6294511,2,2,2,2
2025-09-03 13:00:10.716,-3276407,7601721,7761562,6294302,2,2,2,2
2025-09-03 13:00:10.719,-7470786,3407491,7745252,6294375,2,2,2,2
2025-09-03 13:00:10.722,-7470627,3407514,7761422,6294414,2,2,2,2
2025-09-03 13:00:10.725,-7470637,7601808,7745028,6294411,2,2,2,2
2025-09-03 13:00:10.728,-3276418,7601869,7761659,6294414,2,2,2,2
2025-09-03 13:00:10.730,-7470611,3407366,7761453,4197370,2,2,2,2
2025-09-03 13:00:10.733,-7470844,7601761,7745158,6294555,2,2,2,2
2025-09-03 13:00:10.736,-7470824,7601804,7745260,6294652,2,2,2,2
2025-09-03 13:00:10.739,-3276160,7602167,3567382,6294752,2,2,2,2
2025-09-03 13:00:10.741,-7470553,7602144,7745287,6294676,2,2,2,2
2025-09-03 13:00:10.744,-7470606,7602031,7745463,6294632,2,2,2,2
2025-09-03 13:00:10.746,-7470493,3407842,7761683,4197530,2,2,2,2
2025-09-03 13:00:10.749,-7470362,3407718,7761877,2100585,2,2,2,2
2025-09-03 13:00:10.751,-7470385,7602034,3559395,6294837,2,2,2,2
2025-09-03 13:00:10.754,-7470603,7602067,3559421,6294740,2,2,2,2
2025-09-03 13:00:10.757,-7470361,7602053,7745518,6294907,2,2,2,2
2025-09-03 13:00:10.760,-3276270,7602175,3567723,6295037,2,2,2,2
2025-09-03 13:00:10.762,-7470539,7602206,7745673,6294881,2,2,2,2
2025-09-03 13:00:10.765,-7470302,7602191,7745668,6295050,2,2,2,2
2025-09-03 13:00:10.767,-3275888,7602369,7762162,6295178,2,2,2,2
2025-09-03 13:00:10.770,-3275902,7602236,7762175,6295243,2,2,2,2
2025-09-03 13:00:10.773,-7470312,7602533,7745971,6295147,2,2,2,2
2025-09-03 13:00:10.775,-7470204,3408262,7762183,4198037,2,2,2,2
2025-09-03 13:00:10.778,-7470231,3408247,7762424,2100871,2,2,2,2
2025-09-03 13:00:10.780,-7470296,7602562,3551741,6295182,2,2,2,2
2025-09-03 13:00:10.783,-7470285,7602581,7745812,6295270,2,2,2,2
2025-09-03 13:00:10.786,-7470318,7602573,7745798,6295194,2,2,2,2
2025-09-03 13:00:10.789,-3275936,7602588,3567899,6295273,2,2,2,2
2025-09-03 13:00:10.792,-7470101,7602559,7746038,6295184,2,2,2,2
2025-09-03 13:00:10.795,-7470314,7602662,7762275,2100983,2,2,2,2
2025-09-03 13:00:10.798,-7470208,7602463,7762320,2101101,2,2,2,2
2025-09-03 13:00:10.801,-7470109,7602572,7762437,2101142,2,2,2,2
2025-09-03 13:00:10.803,-7470074,7602676,7746161,6295301,2,2,2,2
2025-09-03 13:00:10.806,-7470088,7602679,7746165,6295300,2,2,2,2
2025-09-03 13:00:10.808,-3275882,7602654,7762458,6295534,2,2,2,2
2025-09-03 13:00:10.811,-3275669,7602738,3568374,6295350,2,2,2,2
2025-09-03 13:00:10.814,-3275774,7602705,3568277,6295581,2,2,2,2
2025-09-03 13:00:10.816,-7469883,7602913,7746149,6295523,2,2,2,2
2025-09-03 13:00:10.819,-7470021,7602915,7746161,6295536,2,2,2,2
2025-09-03 13:00:10.821,-3275617,7602712,7762589,6295613,2,2,2,2
2025-09-03 13:00:10.824,-7469930,3408397,7762655,2101277,2,2,2,2
2025-09-03 13:00:10.827,-3275627,7602956,3568534,6295571,2,2,2,2
2025-09-03 13:00:10.830,-7469724,7603099,3568485,6295796,2,2,2,2
2025-09-03 13:00:10.833,-7469793,3408864,7762738,4198642,2,2,2,2
2025-09-03 13:00:10.835,-7469832,7603077,7762708,2101400,2,2,2,2
2025-09-03 13:00:10.838,-7469637,7603050,3568640,6296003,2,2,2,2
2025-09-03 13:00:10.840,-7469765,3408660,7762919,6295916,2,2,2,2
2025-09-03 13:00:10.843,-7469627,7603040,7746548,6295922,2,2,2,2
2025-09-03 13:00:10.846,-3275411,7602967,7762918,6295916,2,2,2,2
2025-09-03 13:00:10.848,-7469725,7603207,7763102,2109810,2,2,2,2
2025-09-03 13:00:10.851,-7469799,3408914,7763161,2101614,2,2,2,2
2025-09-03 13:00:10.855,-3275379,7603144,7762964,6296038,2,2,2,2
2025-09-03 13:00:10.858,-7469768,7603335,3552353,6296039,2,2,2,2
2025-09-03 13:00:10.860,-7469470,3409009,7763212,4199062,2,2,2,2
2025-09-03 13:00:10.863,-7469462,3409022,7763226,4199143,2,2,2,2
2025-09-03 13:00:10.866,-3275129,7603427,7763324,6296071,2,2,2,2
2025-09-03 13:00:10.868,-7469450,3409127,7763252,4199167,2,2,2,2
2025-09-03 13:00:10.871,-7469462,3409052,7763250,2101764,2,2,2,2
2025-09-03 13:00:10.874,-3275011,7603506,7763215,6296248,2,2,2,2
2025-09-03 13:00:10.876,-7469517,7603696,7746957,6296348,2,2,2,2
2025-09-03 13:00:10.879,-3275007,7603655,7763487,6296567,2,2,2,2
2025-09-03 13:00:10.881,-3275161,7603707,7763349,6296427,2,2,2,2
2025-09-03 13:00:10.884,-7469541,3409394,7763413,6296417,2,2,2,2
2025-09-03 13:00:10.886,-7469433,7603512,7763455,2101905,2,2,2,2
2025-09-03 13:00:10.889,-7469469,7603510,7763434,2110331,2,2,2,2
2025-09-03 13:00:10.892,-3275146,7603505,7763466,6296468,2,2,2,2
2025-09-03 13:00:10.894,-7469453,7603510,7763466,6296475,2,2,2,2
2025-09-03 13:00:10.897,-7469544,3409175,7763441,6296462,2,2,2,2
2025-09-03 13:00:10.900,-3275152,7603506,7763484,6296510,2,2,2,2
2025-09-03 13:00:10.902,-7469336,7603698,3569300,6296351,2,2,2,2
2025-09-03 13:00:10.905,-7469082,3409658,7763679,4199529,2,2,2,2
2025-09-03 13:00:10.907,-7469254,7603855,7747128,6296568,2,2,2,2
2025-09-03 13:00:10.910,-7469306,3409434,7763716,6296713,2,2,2,2
2025-09-03 13:00:10.913,-3274980,7603910,7763816,6296817,2,2,2,2
2025-09-03 13:00:10.915,-7469182,3409660,7763946,4199529,2,2,2,2
2025-09-03 13:00:10.919,-3274852,7603992,3569656,6296771,2,2,2,2
2025-09-03 13:00:10.921,-3274744,7604178,7763832,6296834,2,2,2,2
2025-09-03 13:00:10.924,-3274628,7603973,3569649,6296885,2,2,2,2
2025-09-03 13:00:10.926,-3274648,7604222,7763945,6296949,2,2,2,2
2025-09-03 13:00:10.929,-3274865,7604006,7763727,6296798,2,2,2,2
2025-09-03 13:00:10.932,-3274749,7604190,3569542,6296857,2,2,2,2
2025-09-03 13:00:10.935,-3274741,7604211,7763939,6296911,2,2,2,2
2025-09-03 13:00:10.938,-3274740,7604222,7764209,6296948,2,2,2,2
2025-09-03 13:00:10.941,-3274732,7604237,7764219,6297035,2,2,2,2
2025-09-03 13:00:10.944,-7468935,7604083,7763997,2110967,2,2,2,2
2025-09-03 13:00:10.946,-3274730,7604067,3569673,6297053,2,2,2,2
2025-09-03 13:00:10.949,-7468805,7604227,3569667,6297035,2,2,2,2
2025-09-03 13:00:10.952,-7468824,3409909,7764218,4199819,2,2,2,2
2025-09-03 13:00:10.955,-7469028,3410031,7764012,4199936,2,2,2,2
2025-09-03 13:00:10.958,-7468852,7604468,7747833,6297218,2,2,2,2
2025-09-03 13:00:10.960,-7468814,3410018,7763992,4199911,2,2,2,2
2025-09-03 13:00:10.963,-7469026,3410065,7764173,4199957,2,2,2,2
2025-09-03 13:00:10.966,-7469006,3410167,7764216,6297224,2,2,2,2
2025-09-03 13:00:10.969,-3274465,7604451,7764454,6297214,2,2,2,2
2025-09-03 13:00:10.972,-7468782,7604704,7748045,6297460,2,2,2,2
2025-09-03 13:00:10.975,-7468761,7604479,7747842,6297227,2,2,2,2
2025-09-03 13:00:10.978,-7468664,7604505,7764322,2111219,2,2,2,2
2025-09-03 13:00:10.980,-3274370,7604515,3570204,6297579,2,2,2,2
2025-09-03 13:00:10.984,-7468552,7604715,7748333,6297466,2,2,2,2
2025-09-03 13:00:10.987,-3274264,7604709,3570405,6297403,2,2,2,2
2025-09-03 13:00:10.990,-7468433,7604853,3570291,6297608,2,2,2,2
2025-09-03 13:00:10.993,-7468393,7604951,7764704,6297710,2,2,2,2
2025-09-03 13:00:10.995,-7468489,7604835,3570538,6297846,2,2,2,2
2025-09-03 13:00:10.998,-7468535,7604835,3570537,6297854,2,2,2,2
2025-09-03 13:00:11.001,-7468341,7604747,3554073,6297826,2,2,2,2
2025-09-03 13:00:11.003,-3274088,7604746,7764753,6297759,2,2,2,2
2025-09-03 13:00:11.006,-7468520,7604871,7748244,6297710,2,2,2,2
2025-09-03 13:00:11.009,-7468438,7604976,7764735,2111629,2,2,2,2
2025-09-03 13:00:11.012,-7468328,7605013,7748428,6297848,2,2,2,2
2025-09-03 13:00:11.014,-7468316,7605096,7748481,6297876,2,2,2,2
2025-09-03 13:00:11.017,-3274108,7605009,7764843,6297847,2,2,2,2
2025-09-03 13:00:11.019,-7468509,7604986,7748360,6297757,2,2,2,2
2025-09-03 13:00:11.023,-7468396,7605122,7764887,2103665,2,2,2,2
2025-09-03 13:00:11.025,-7468264,7605244,7765089,2111983,2,2,2,2
2025-09-03 13:00:11.028,-7468177,7605063,7765111,2111762,2,2,2,2
2025-09-03 13:00:11.030,-7468094,7605107,7748750,6297955,2,2,2,2
2025-09-03 13:00:11.033,-7468094,7605114,7748793,6297960,2,2,2,2
2025-09-03 13:00:11.035,-3273849,7605203,7765223,6297982,2,2,2,2
2025-09-03 13:00:11.038,-3273962,7605285,7765114,6298170,2,2,2,2
2025-09-03 13:00:11.040,-7468013,7605354,7748999,6298140,2,2,2,2
2025-09-03 13:00:11.043,-3273842,7605491,7765271,6298337,2,2,2,2
2025-09-03 13:00:11.046,-7468080,7605500,7748925,6298340,2,2,2,2
2025-09-03 13:00:11.049,-3273857,7605477,3570973,6298330,2,2,2,2
2025-09-03 13:00:11.051,-3273833,7605270,7765381,6298119,2,2,2,2
2025-09-03 13:00:11.054,-7468057,7605356,7749047,6298220,2,2,2,2
2025-09-03 13:00:11.056,-7468027,3411093,7765494,4201084,2,2,2,2
2025-09-03 13:00:11.059,-3273595,7605532,7765390,6298382,2,2,2,2
2025-09-03 13:00:11.062,-3273711,7605495,3570974,6298336,2,2,2,2
2025-09-03 13:00:11.064,-7467819,7605632,7749107,6298493,2,2,2,2
2025-09-03 13:00:11.067,-7467782,7605739,7749174,6298593,2,2,2,2
2025-09-03 13:00:11.069,-7467980,7605504,3554920,6298619,2,2,2,2
2025-09-03 13:00:11.072,-7467874,3411346,7765506,4201361,2,2,2,2
2025-09-03 13:00:11.074,-7467978,7605521,3554959,6298467,2,2,2,2
2025-09-03 13:00:11.078,-7467807,3411354,7765517,6298520,2,2,2,2
2025-09-03 13:00:11.080,-7467674,7605839,7765731,2112624,2,2,2,2
2025-09-03 13:00:11.083,-7467547,7606010,7765868,2112750,2,2,2,2
2025-09-03 13:00:11.085,-7467739,7605894,7749373,6298757,2,2,2,2
2025-09-03 13:00:11.088,-3273480,7605782,7765654,6298663,2,2,2,2
2025-09-03 13:00:11.090,-3273370,7605973,7765780,6298816,2,2,2,2
2025-09-03 13:00:11.093,-7467743,7605907,7749393,6298778,2,2,2,2
2025-09-03 13:00:11.096,-3273227,7605811,7765993,6298682,2,2,2,2
2025-09-03 13:00:11.099,-7467567,3411474,7749596,6298655,2,2,2,2
2025-09-03 13:00:11.101,-7467540,7605887,7749627,6298750,2,2,2,2
2025-09-03 13:00:11.104,-7467529,7605905,7749390,6298770,2,2,2,2
2025-09-03 13:00:11.106,-3273448,7605989,7765878,6298867,2,2,2,2
2025-09-03 13:00:11.109,-3273222,7606232,7766034,6299104,2,2,2,2
2025-09-03 13:00:11.112,-7467523,7606173,7782437,6299115,2,2,2,2
2025-09-03 13:00:11.115,-7467531,7606237,7766120,6299111,2,2,2,2
2025-09-03 13:00:11.118,-7467512,7606022,7782540,6298907,2,2,2,2
2025-09-03 13:00:11.121,-7467504,7606020,3571867,6298915,2,2,2,2
2025-09-03 13:00:11.124,-7467504,7606041,3571942,6298927,2,2,2,2
2025-09-03 13:00:11.126,-7467528,7606027,7766152,2112864,2,2,2,2
2025-09-03 13:00:11.129,-7467487,7606141,7782410,6299024,2,2,2,2
2025-09-03 13:00:11.131,-7467288,7606276,7782578,6299162,2,2,2,2
2025-09-03 13:00:11.134,-3273211,7606318,7766276,6299333,2,2,2,2
2025-09-03 13:00:11.137,-3273111,7606486,3571993,6299372,2,2,2,2
2025-09-03 13:00:11.139,-3272962,7606466,3571975,6299340,2,2,2,2
2025-09-03 13:00:11.142,-7467499,3412106,7766309,6299380,2,2,2,2
2025-09-03 13:00:11.145,-3273087,7606276,7766497,6299206,2,2,2,2
2025-09-03 13:00:11.148,-3273210,7606485,7766369,6299342,2,2,2,2
2025-09-03 13:00:11.151,-7467515,3420392,7766327,4202239,2,2,2,2
2025-09-03 13:00:11.153,-7467278,3420310,7766312,2105079,2,2,2,2
2025-09-03 13:00:11.156,-7467261,3420391,7766470,4202248,2,2,2,2
2025-09-03 13:00:11.158,-7467254,3420399,7766488,2105119,2,2,2,2
2025-09-03 13:00:11.161,-7467250,7606516,3588509,6299420,2,2,2,2
2025-09-03 13:00:11.164,-3272736,7606725,7766628,6299621,2,2,2,2
2025-09-03 13:00:11.166,-7467243,7606547,7783163,6299511,2,2,2,2
2025-09-03 13:00:11.169,-3272725,7606777,7766677,6299705,2,2,2,2
2025-09-03 13:00:11.172,-3272717,7606775,7766762,6299747,2,2,2,2
2025-09-03 13:00:11.174,-7466996,3412501,7766778,4218996,2,2,2,2
2025-09-03 13:00:11.177,-7467071,7606687,7783052,6316046,2,2,2,2
2025-09-03 13:00:11.180,-3272730,7606789,7766759,6299767,2,2,2,2
2025-09-03 13:00:11.182,-7467106,3420671,7766762,4218994,2,2,2,2
2025-09-03 13:00:11.185,-7466935,7606929,3572605,6316284,2,2,2,2
2025-09-03 13:00:11.187,-7466878,7607024,7767015,2105374,2,2,2,2
2025-09-03 13:00:11.190,-7466881,3420924,7767011,4218907,2,2,2,2
2025-09-03 13:00:11.194,-7466875,3412500,7767034,6316156,2,2,2,2
2025-09-03 13:00:11.196,-7466890,7606797,3589117,6316161,2,2,2,2
2025-09-03 13:00:11.199,-3272698,7607012,7766940,6299673,2,2,2,2
2025-09-03 13:00:11.202,-7466990,3412729,7767018,6316395,2,2,2,2
2025-09-03 13:00:11.204,-7466765,3412710,7766991,6316305,2,2,2,2
2025-09-03 13:00:11.207,-3272572,7606900,3572587,6316267,2,2,2,2
2025-09-03 13:00:11.209,-7466879,7607160,7767141,2114035,2,2,2,2
2025-09-03 13:00:11.212,-7466995,7607042,7783424,6316423,2,2,2,2
2025-09-03 13:00:11.215,-7466973,3412836,7767076,6316523,2,2,2,2
2025-09-03 13:00:11.218,-7466877,7607182,3589252,6316301,2,2,2,2
2025-09-03 13:00:11.220,-7466598,7607266,7767269,6300270,2,2,2,2
2025-09-03 13:00:11.223,-3272333,7607187,3572875,6316563,2,2,2,2
2025-09-03 13:00:11.226,-7466766,3412764,7767065,6316443,2,2,2,2
2025-09-03 13:00:11.229,-7466648,7607231,7767193,2114068,2,2,2,2
2025-09-03 13:00:11.232,-7466516,7607371,7767395,2114289,2,2,2,2
2025-09-03 13:00:11.235,-7466700,7607264,3572964,6316587,2,2,2,2
2025-09-03 13:00:11.238,-3264100,7607328,3573099,6300391,2,2,2,2
2025-09-03 13:00:11.241,-3272219,7607425,3573117,6316811,2,2,2,2
2025-09-03 13:00:11.243,-7466520,3413128,7767499,6316817,2,2,2,2
2025-09-03 13:00:11.246,-3264018,7607510,3573150,6316824,2,2,2,2
2025-09-03 13:00:11.249,-7466727,7607300,7767314,2114186,2,2,2,2
2025-09-03 13:00:11.251,-7466507,7607535,7767535,2114423,2,2,2,2
2025-09-03 13:00:11.254,-7466491,7607566,7783950,6316952,2,2,2,2
2025-09-03 13:00:11.256,-7466262,7607786,7784190,6316937,2,2,2,2
2025-09-03 13:00:11.259,-7466474,7607649,7784049,6317045,2,2,2,2
2025-09-03 13:00:11.262,-3263886,7607746,7767705,6300440,2,2,2,2
2025-09-03 13:00:11.264,-7466594,3421424,7767560,2122635,2,2,2,2
2025-09-03 13:00:11.266,-7466596,3421438,7767574,2122640,2,2,2,2
2025-09-03 13:00:11.270,-3272173,7607684,3573473,6316820,2,2,2,2
2025-09-03 13:00:11.273,-7466349,3413266,7767593,6316952,2,2,2,2
2025-09-03 13:00:11.276,-3272060,7607817,7767834,6300851,2,2,2,2
2025-09-03 13:00:11.278,-7466244,3413651,7768026,6317076,2,2,2,2
2025-09-03 13:00:11.281,-7466101,3413603,7767862,4220150,2,2,2,2
2025-09-03 13:00:11.283,-7466268,7607935,3573660,6317073,2,2,2,2
2025-09-03 13:00:11.286,-7466064,7607942,3573646,6317329,2,2,2,2
2025-09-03 13:00:11.289,-7466105,7607936,3590021,6317333,2,2,2,2
2025-09-03 13:00:11.291,-7466121,3413632,7768018,4220182,2,2,2,2
2025-09-03 13:00:11.294,-7466243,7607819,7784214,6317281,2,2,2,2
2025-09-03 13:00:11.297,-7466004,7608066,7784459,6317539,2,2,2,2
2025-09-03 13:00:11.300,-7466031,7608223,7784655,6317429,2,2,2,2
2025-09-03 13:00:11.302,-7466188,7608201,7784674,6317414,2,2,2,2
2025-09-03 13:00:11.305,-7465958,7608199,7784584,6317587,2,2,2,2
2025-09-03 13:00:11.308,-7466022,7608073,7784507,6317464,2,2,2,2
2025-09-03 13:00:11.310,-7466115,3422202,7768075,2123149,2,2,2,2
2025-09-03 13:00:11.313,-7466008,7608166,7784575,6317566,2,2,2,2
2025-09-03 13:00:11.316,-7465770,7608427,7784837,6317574,2,2,2,2
2025-09-03 13:00:11.319,-7465956,3413993,7768330,6317700,2,2,2,2
2025-09-03 13:00:11.322,-7465739,7608517,7768545,6301280,2,2,2,2
2025-09-03 13:00:11.325,-7465966,7608566,7784761,6317713,2,2,2,2
2025-09-03 13:00:11.327,-7465737,3422435,7768326,4220543,2,2,2,2
2025-09-03 13:00:11.330,-3263376,7608369,3574152,6301187,2,2,2,2
2025-09-03 13:00:11.333,-3271675,7608334,3574128,6317797,2,2,2,2
2025-09-03 13:00:11.336,-7465841,7608503,7768566,2107239,2,2,2,2
2025-09-03 13:00:11.338,-7465747,7608577,7784988,6317976,2,2,2,2
2025-09-03 13:00:11.341,-7465844,7608564,7768580,2115457,2,2,2,2
2025-09-03 13:00:11.344,-7465756,7608582,7768679,2115480,2,2,2,2
2025-09-03 13:00:11.346,-7465745,7608591,7768688,2115566,2,2,2,2
2025-09-03 13:00:11.349,-7465483,7608604,7785100,6318072,2,2,2,2
2025-09-03 13:00:11.351,-7465686,7608733,7785234,6318212,2,2,2,2
2025-09-03 13:00:11.354,-3263225,7608775,3574511,6318117,2,2,2,2
2025-09-03 13:00:11.356,-3263101,7608589,7768702,6301677,2,2,2,2
2025-09-03 13:00:11.359,-7465480,7608708,7785200,6318196,2,2,2,2
2025-09-03 13:00:11.362,-7465725,3414497,7768831,6318219,2,2,2,2
2025-09-03 13:00:11.365,-7465500,3414401,7768824,6318178,2,2,2,2
2025-09-03 13:00:11.367,-7465488,7608980,7768832,2115708,2,2,2,2
2025-09-03 13:00:11.370,-3270942,7608892,3574773,6318385,2,2,2,2
2025-09-03 13:00:11.372,-7465329,7608964,7769082,2115956,2,2,2,2
2025-09-03 13:00:11.375,-7465274,7608967,7785470,6318454,2,2,2,2
2025-09-03 13:00:11.378,-7465293,7608983,3574803,6318390,2,2,2,2
2025-09-03 13:00:11.381,-7465423,7608943,7785449,6318437,2,2,2,2
2025-09-03 13:00:11.384,-3262846,7609049,3574807,6318538,2,2,2,2
2025-09-03 13:00:11.387,-7465317,7609325,7769204,2116072,2,2,2,2
2025-09-03 13:00:11.389,-7465000,7609332,7785841,6318822,2,2,2,2
2025-09-03 13:00:11.392,-7465193,7609208,7785734,6318709,2,2,2,2
2025-09-03 13:00:11.394,-7465329,3423225,7769149,4221422,2,2,2,2
2025-09-03 13:00:11.397,-3262752,7609106,3574935,6302217,2,2,2,2
2025-09-03 13:00:11.400,-3262734,7609144,7769345,6302322,2,2,2,2
2025-09-03 13:00:11.403,-7465114,3415017,7769396,6318825,2,2,2,2
2025-09-03 13:00:11.405,-7465239,7609200,7785737,6318713,2,2,2,2
2025-09-03 13:00:11.408,-7465184,3415037,7769554,6318839,2,2,2,2
2025-09-03 13:00:11.411,-7464978,3423373,7769385,2124433,2,2,2,2
2025-09-03 13:00:11.414,-7465090,7609370,7769591,2116193,2,2,2,2
2025-09-03 13:00:11.417,-3270688,7609486,3575139,6318800,2,2,2,2
2025-09-03 13:00:11.420,-7464966,7609590,3575178,6318837,2,2,2,2
2025-09-03 13:00:11.422,-7465195,7609449,7769589,2116450,2,2,2,2
2025-09-03 13:00:11.425,-7464958,7609617,7769830,2116366,2,2,2,2
2025-09-03 13:00:11.427,-7464909,7609745,7786059,6318999,2,2,2,2
2025-09-03 13:00:11.430,-7464999,7609577,7786164,6319095,2,2,2,2
2025-09-03 13:00:11.433,-7465010,7609596,7786165,6319102,2,2,2,2
2025-09-03 13:00:11.436,-7464847,3415525,7769658,6319003,2,2,2,2
2025-09-03 13:00:11.439,-7464708,3423611,7769878,4222070,2,2,2,2
2025-09-03 13:00:11.441,-7464826,7609860,3575776,6319107,2,2,2,2
2025-09-03 13:00:11.444,-7464768,7609704,3575562,6319147,2,2,2,2
2025-09-03 13:00:11.446,-7464826,7609613,7769843,6302732,2,2,2,2
2025-09-03 13:00:11.450,-3270498,7609707,3575568,6319160,2,2,2,2
2025-09-03 13:00:11.453,-7464735,3415425,7769885,6319248,2,2,2,2
2025-09-03 13:00:11.455,-7464849,7609918,7770102,2116632,2,2,2,2
2025-09-03 13:00:11.458,-7464941,7609865,7770088,2116629,2,2,2,2
2025-09-03 13:00:11.460,-7464744,7609745,7786289,6319259,2,2,2,2
2025-09-03 13:00:11.463,-7464956,7609904,7770093,2116627,2,2,2,2
2025-09-03 13:00:11.466,-7464919,3415686,7769891,6319246,2,2,2,2
2025-09-03 13:00:11.469,-7464594,3415673,7770140,6319499,2,2,2,2
2025-09-03 13:00:11.472,-7464698,7609973,7786514,6319489,2,2,2,2
2025-09-03 13:00:11.475,-7464603,7610005,3575934,6319585,2,2,2,2
2025-09-03 13:00:11.478,-7464479,3415837,7770364,4222318,2,2,2,2
2025-09-03 13:00:11.480,-7464677,7610292,7770242,2117097,2,2,2,2
2025-09-03 13:00:11.483,-7464674,7610307,7770262,2117097,2,2,2,2
2025-09-03 13:00:11.486,-7464692,3416037,7770312,4222447,2,2,2,2
2025-09-03 13:00:11.488,-7464449,7610297,7770490,2117358,2,2,2,2
2025-09-03 13:00:11.491,-7464456,7610258,3584378,6319843,2,2,2,2
2025-09-03 13:00:11.493,-7464453,3416033,7786956,6319853,2,2,2,2
2025-09-03 13:00:11.496,-3270304,7610141,7770366,6303333,2,2,2,2
2025-09-03 13:00:11.499,-7464462,3424239,7770330,2125308,2,2,2,2
2025-09-03 13:00:11.503,-7464578,7610238,3576167,6319829,2,2,2,2
2025-09-03 13:00:11.505,-7464491,3416038,7770581,6319864,2,2,2,2
2025-09-03 13:00:11.508,-7464587,7610291,7770499,2117354,2,2,2,2
2025-09-03 13:00:11.511,-7464689,7610214,3592466,6319749,2,2,2,2
2025-09-03 13:00:11.513,-7464596,7610255,7770237,2117098,2,2,2,2
2025-09-03 13:00:11.516,-7464466,3415832,7770381,6319729,2,2,2,2
2025-09-03 13:00:11.518,-3262095,7610327,3576198,6319867,2,2,2,2
2025-09-03 13:00:11.521,-3270158,7626852,3576081,6319825,2,2,2,2
2025-09-03 13:00:11.524,-7464443,7610570,7770488,2109156,2,2,2,2
2025-09-03 13:00:11.528,-7464450,7610487,7770479,2117264,2,2,2,2
2025-09-03 13:00:11.530,-7464428,3432676,7770584,6319876,2,2,2,2
2025-09-03 13:00:11.533,-7464314,3432803,7770641,6319996,2,2,2,2
2025-09-03 13:00:11.536,-3269863,7627262,7770874,6303746,2,2,2,2
2025-09-03 13:00:11.539,-3261464,7627224,7771026,6303987,2,2,2,2
2025-09-03 13:00:11.541,-7463968,3432929,7771102,4223227,2,2,2,2
2025-09-03 13:00:11.544,-3269888,7627261,7770883,6303805,2,2,2,2
2025-09-03 13:00:11.547,-3269755,7627070,7771015,6303941,2,2,2,2
2025-09-03 13:00:11.549,-7464009,7627239,3593205,6320136,2,2,2,2
2025-09-03 13:00:11.552,-3269636,7610902,7770902,6303868,2,2,2,2
2025-09-03 13:00:11.554,-7463950,7627279,3592987,6320186,2,2,2,2
2025-09-03 13:00:11.557,-7464191,3424875,7770923,4223115,2,2,2,2
2025-09-03 13:00:11.560,-7463992,7627516,7787508,6320398,2,2,2,2
2025-09-03 13:00:11.573,-7463958,7627368,7787555,6320525,2,2,2,2
2025-09-03 13:00:11.573,-3269649,7610925,7771241,6304144,2,2,2,2
2025-09-03 13:00:11.573,-3269645,7627327,7771255,6304147,2,2,2,2
2025-09-03 13:00:11.573,-7463949,3433079,7771334,4223390,2,2,2,2
2025-09-03 13:00:11.574,-7463810,3425041,7771162,4223353,2,2,2,2
2025-09-03 13:00:11.577,-7463965,3424881,7771332,4223390,2,2,2,2
2025-09-03 13:00:11.579,-7463827,7627514,3585032,6320429,2,2,2,2
2025-09-03 13:00:11.582,-7463945,3433108,7771367,6320387,2,2,2,2
2025-09-03 13:00:11.585,-7463895,7627539,7787540,6320521,2,2,2,2
2025-09-03 13:00:11.588,-7463836,7611234,7771247,2126220,2,2,2,2
2025-09-03 13:00:11.592,-7463685,7627767,3585298,6320686,2,2,2,2
2025-09-03 13:00:11.593,-7463906,7611250,7771520,2126564,2,2,2,2
2025-09-03 13:00:11.596,-7463712,7611390,7771397,2126446,2,2,2,2
2025-09-03 13:00:11.598,-7463470,7628021,7788026,6321006,2,2,2,2
2025-09-03 13:00:11.601,-3261155,7627975,7771539,6304506,2,2,2,2
2025-09-03 13:00:11.603,-3261052,7628026,7771647,6304580,2,2,2,2
2025-09-03 13:00:11.606,-3261034,7627781,7771652,6304568,2,2,2,2
2025-09-03 13:00:11.609,-7463473,7627780,7788052,6321028,2,2,2,2
2025-09-03 13:00:11.612,-3269242,7611655,7771675,6304645,2,2,2,2
2025-09-03 13:00:11.615,-7463572,3425515,7771903,4223856,2,2,2,2
2025-09-03 13:00:11.617,-7463539,3433748,7771696,4223892,2,2,2,2
2025-09-03 13:00:11.620,-3269219,7628083,7771787,6304766,2,2,2,2
2025-09-03 13:00:11.623,-3269231,7628087,7771789,6304754,2,2,2,2
2025-09-03 13:00:11.625,-7463437,3425768,7771896,4224097,2,2,2,2
2025-09-03 13:00:11.628,-7463326,3425565,7771964,4224159,2,2,2,2
2025-09-03 13:00:11.631,-7463414,7628046,3594082,6321303,2,2,2,2
2025-09-03 13:00:11.633,-7463530,3425764,7771900,4224031,2,2,2,2
2025-09-03 13:00:11.636,-7463413,3425632,7771967,2127090,2,2,2,2
2025-09-03 13:00:11.640,-3268866,7628309,7772027,6305013,2,2,2,2
2025-09-03 13:00:11.642,-3268967,7611906,7772003,6304918,2,2,2,2
2025-09-03 13:00:11.645,-7463195,3425812,7771955,2127091,2,2,2,2
2025-09-03 13:00:11.649,-7463306,7611879,7771922,6304903,2,2,2,2
2025-09-03 13:00:11.651,-7463362,3434225,7772189,6321560,2,2,2,2
2025-09-03 13:00:11.654,-7463177,7628395,3578011,6321426,2,2,2,2
2025-09-03 13:00:11.657,-7463112,7628430,3586296,6321457,2,2,2,2
2025-09-03 13:00:11.659,-7463012,3434262,7772365,6321668,2,2,2,2
2025-09-03 13:00:11.662,-7462935,7612205,7772313,6305307,2,2,2,2
2025-09-03 13:00:11.665,-7463028,7628649,3594385,6321670,2,2,2,2
2025-09-03 13:00:11.668,-7463143,7628795,7788908,6321891,2,2,2,2
2025-09-03 13:00:11.671,-7463117,7628645,7788938,6321919,2,2,2,2
2025-09-03 13:00:11.673,-7463106,7628646,7788945,6321919,2,2,2,2
2025-09-03 13:00:11.676,-7462976,7628666,7789001,6321682,2,2,2,2
2025-09-03 13:00:11.678,-7462928,3426289,7772439,4224654,2,2,2,2
2025-09-03 13:00:11.681,-7446304,3426446,7772675,2127739,2,2,2,2
2025-09-03 13:00:11.683,-7462912,7628801,3586695,6322164,2,2,2,2
2025-09-03 13:00:11.686,-7446522,3434525,7772875,4224775,2,2,2,2
2025-09-03 13:00:11.689,-7462895,7628826,7789214,6321951,2,2,2,2
2025-09-03 13:00:11.691,-7446373,3426546,7772722,4225001,2,2,2,2
2025-09-03 13:00:11.694,-7446382,3426551,7772713,2127853,2,2,2,2
2025-09-03 13:00:11.697,-7446498,7628944,7789071,6322053,2,2,2,2
2025-09-03 13:00:11.700,-7446408,7612660,7772787,2111458,2,2,2,2
2025-09-03 13:00:11.703,-7446505,3434651,7772690,6322065,2,2,2,2
2025-09-03 13:00:11.706,-3252083,7629088,7772822,6305842,2,2,2,2
2025-09-03 13:00:11.708,-7446286,3434880,7772931,6322296,2,2,2,2
2025-09-03 13:00:11.711,-7446273,3434903,7772947,4225175,2,2,2,2
2025-09-03 13:00:11.714,-7462623,7629301,7789426,6322412,2,2,2,2
2025-09-03 13:00:11.716,-7462660,7629282,3586913,6322394,2,2,2,2
2025-09-03 13:00:11.719,-7446288,3434908,7772959,6322401,2,2,2,2
2025-09-03 13:00:11.721,-7462401,7629309,3586940,6322426,2,2,2,2
2025-09-03 13:00:11.724,-7446012,7612937,7773321,2111999,2,2,2,2
2025-09-03 13:00:11.727,-7462350,7629338,3587300,6322458,2,2,2,2
2025-09-03 13:00:11.730,-7446044,3427060,7773241,2128369,2,2,2,2
2025-09-03 13:00:11.733,-7446008,7629339,7789785,6322455,2,2,2,2
2025-09-03 13:00:11.736,-7462167,7629566,3595392,6322683,2,2,2,2
2025-09-03 13:00:11.739,-7462170,7629589,7789718,6322700,2,2,2,2
2025-09-03 13:00:11.742,-3259774,7629556,3579002,6322678,2,2,2,2
2025-09-03 13:00:11.744,-7446006,7629697,7789872,6322818,2,2,2,2
2025-09-03 13:00:11.747,-7445766,7629688,7789825,6322803,2,2,2,2
2025-09-03 13:00:11.750,-7445754,7613316,7773464,2112148,2,2,2,2
2025-09-03 13:00:11.753,-7445956,3435518,7790036,6322699,2,2,2,2
2025-09-03 13:00:11.755,-7445805,3435293,7773685,6322789,2,2,2,2
2025-09-03 13:00:11.758,-3251299,7629873,7773717,6306688,2,2,2,2
2025-09-03 13:00:11.762,-7461906,7629972,3587683,6323153,2,2,2,2
2025-09-03 13:00:11.764,-7445522,7613625,7773812,2128868,2,2,2,2
2025-09-03 13:00:11.767,-7445742,7613446,7773852,2128657,2,2,2,2
2025-09-03 13:00:11.770,-7445612,7613571,7773798,2128787,2,2,2,2
2025-09-03 13:00:11.772,-7461991,7629975,3579514,6323174,2,2,2,2
2025-09-03 13:00:11.775,-7462031,7629947,3587613,6323140,2,2,2,2
2025-09-03 13:00:11.778,-7445716,3435645,7773720,6323081,2,2,2,2
2025-09-03 13:00:11.780,-7445551,7630054,7790274,6323191,2,2,2,2
2025-09-03 13:00:11.783,-7445471,7630183,7790389,6323332,2,2,2,2
2025-09-03 13:00:11.785,-7445492,7630187,7790390,6323325,2,2,2,2
2025-09-03 13:00:11.788,-3259384,7630143,3579746,6323399,2,2,2,2
2025-09-03 13:00:11.791,-7445451,3436014,7774158,6323202,2,2,2,2
2025-09-03 13:00:11.793,-7461640,7630201,3579669,6323399,2,2,2,2
2025-09-03 13:00:11.796,-7445394,7613942,7774176,6307098,2,2,2,2
2025-09-03 13:00:11.799,-7461862,7630315,7790495,6323464,2,2,2,2
2025-09-03 13:00:11.802,-3250951,7630284,7774084,6307012,2,2,2,2
2025-09-03 13:00:11.804,-7445259,3427737,7774154,4226295,2,2,2,2
2025-09-03 13:00:11.807,-7445405,3436129,7790602,6323565,2,2,2,2
2025-09-03 13:00:11.809,-7445474,3436058,7790602,6323564,2,2,2,2
2025-09-03 13:00:11.812,-7461773,7630463,3596402,6323669,2,2,2,2
2025-09-03 13:00:11.815,-7461653,7630332,3588076,6323481,2,2,2,2
2025-09-03 13:00:11.817,-7461840,7630439,3588113,6323510,2,2,2,2
2025-09-03 13:00:11.820,-7445492,7614017,7790611,2112888,2,2,2,2
2025-09-03 13:00:11.823,-7461702,7630588,3596532,6323475,2,2,2,2
2025-09-03 13:00:11.825,-7445267,7613963,7790600,2129259,2,2,2,2
2025-09-03 13:00:11.828,-7445209,3436166,7790788,6323694,2,2,2,2
2025-09-03 13:00:11.830,-7445193,7630479,7790782,6323718,2,2,2,2
2025-09-03 13:00:11.833,-7445236,7630458,7790646,6323683,2,2,2,2
2025-09-03 13:00:11.835,-7445039,7630600,7790848,6323833,2,2,2,2
2025-09-03 13:00:11.838,-3258894,7630785,7790978,6307568,2,2,2,2
2025-09-03 13:00:11.841,-3259000,7630615,3596572,6323905,2,2,2,2
2025-09-03 13:00:11.844,-7445100,7614284,7790953,2129551,2,2,2,2
2025-09-03 13:00:11.847,-7445241,7630816,7791075,6323718,2,2,2,2
2025-09-03 13:00:11.849,-7445224,7614456,7790854,6307359,2,2,2,2
2025-09-03 13:00:11.852,-3250716,7630799,7790997,6307593,2,2,2,2
2025-09-03 13:00:11.855,-7444782,7630978,7791246,6324215,2,2,2,2
2025-09-03 13:00:11.858,-3266928,7630987,3596946,6324208,2,2,2,2
2025-09-03 13:00:11.860,-7444861,7614598,7791258,2129910,2,2,2,2
2025-09-03 13:00:11.863,-7444969,7630950,7791178,6324116,2,2,2,2
2025-09-03 13:00:11.865,-3258721,7631083,7791357,6307651,2,2,2,2
2025-09-03 13:00:11.868,-7444967,7630972,7791245,6324198,2,2,2,2
2025-09-03 13:00:11.871,-3258868,7630898,7791234,6307782,2,2,2,2
2025-09-03 13:00:11.873,-3250676,7630909,7791239,6307836,2,2,2,2
2025-09-03 13:00:11.876,-7444839,3436557,7791146,4226953,2,2,2,2
2025-09-03 13:00:11.878,-7444887,3436777,7791356,4227099,2,2,2,2
2025-09-03 13:00:11.881,-7444846,3436822,7791399,4227199,2,2,2,2
2025-09-03 13:00:11.883,-7444739,7614844,7791510,2146550,2,2,2,2
2025-09-03 13:00:11.886,-7444766,7614846,7791502,2146553,2,2,2,2
2025-09-03 13:00:11.889,-7444990,3436783,7791360,4227175,2,2,2,2
2025-09-03 13:00:11.891,-3250576,7631126,7791482,6340759,2,2,2,2
2025-09-03 13:00:11.894,-7444845,7614915,7791513,6340614,2,2,2,2
2025-09-03 13:00:11.897,-3266811,7631354,3597079,6324283,2,2,2,2
2025-09-03 13:00:11.900,-7460866,7631363,3597414,6324682,2,2,2,2
2025-09-03 13:00:11.903,-7444272,3437207,7791859,6324832,2,2,2,2
2025-09-03 13:00:11.905,-7460893,7631607,3597324,6324541,2,2,2,2
2025-09-03 13:00:11.908,-7444510,7615217,7791642,2130316,2,2,2,2
2025-09-03 13:00:11.911,-7444486,7615002,7791749,6341103,2,2,2,2
2025-09-03 13:00:11.913,-7444453,7615104,7791847,2130449,2,2,2,2
2025-09-03 13:00:11.916,-7444629,7615170,7791629,2130206,2,2,2,2
2025-09-03 13:00:11.918,-7444543,7631365,7791687,6324620,2,2,2,2
2025-09-03 13:00:11.921,-7444422,7631612,7791909,6324874,2,2,2,2
2025-09-03 13:00:11.924,-7444282,7631637,7791927,6324965,2,2,2,2
2025-09-03 13:00:11.926,-3258252,7631634,7791990,6341355,2,2,2,2
2025-09-03 13:00:11.929,-3266534,7631609,3597669,6324941,2,2,2,2
2025-09-03 13:00:11.932,-7444261,3437443,7792095,6324999,2,2,2,2
2025-09-03 13:00:11.935,-3249916,7631843,7792150,6341493,2,2,2,2
2025-09-03 13:00:11.937,-7444210,3437556,7792178,6325119,2,2,2,2
2025-09-03 13:00:11.940,-7460495,7631969,3589856,6325242,2,2,2,2
2025-09-03 13:00:11.942,-7444098,7615607,7792369,2130699,2,2,2,2
2025-09-03 13:00:11.945,-7460377,7632030,3597855,6325189,2,2,2,2
2025-09-03 13:00:11.948,-7444083,7615689,7792144,6341483,2,2,2,2
2025-09-03 13:00:11.950,-7444224,7615540,7792272,2130931,2,2,2,2
2025-09-03 13:00:11.953,-7444205,7615563,7792281,2147082,2,2,2,2
2025-09-03 13:00:11.956,-7443983,3437580,7792332,4228090,2,2,2,2
2025-09-03 13:00:11.959,-7460581,7631987,7792373,6325273,2,2,2,2
2025-09-03 13:00:11.962,-3257957,7631872,7792254,6341601,2,2,2,2
2025-09-03 13:00:11.965,-7444094,3437825,7792441,4228254,2,2,2,2
2025-09-03 13:00:11.968,-7460371,7632237,7792620,6325260,2,2,2,2
2025-09-03 13:00:11.971,-7443996,7615849,7792617,2130958,2,2,2,2
2025-09-03 13:00:11.973,-7444007,7632157,7792581,6325256,2,2,2,2
2025-09-03 13:00:11.976,-3257980,7632147,7792542,6341883,2,2,2,2
2025-09-03 13:00:11.979,-7444066,7615863,7792389,2131054,2,2,2,2
2025-09-03 13:00:11.982,-7460330,7632377,3590017,6325482,2,2,2,2
2025-09-03 13:00:11.985,-3249641,7615758,7792520,6341875,2,2,2,2
2025-09-03 13:00:11.987,-7443844,7615819,7792627,2147615,2,2,2,2
2025-09-03 13:00:11.990,-7443737,7615934,7792744,2131343,2,2,2,2
2025-09-03 13:00:11.992,-7443824,7615886,7792663,2147715,2,2,2,2
2025-09-03 13:00:11.995,-7460273,7632249,3590136,6325542,2,2,2,2
2025-09-03 13:00:11.998,-3249540,7632329,7792669,6342013,2,2,2,2
2025-09-03 13:00:12.000,-7443844,7615965,7792738,2147728,2,2,2,2
2025-09-03 13:00:12.003,-7460100,7632481,3590373,6325538,2,2,2,2
2025-09-03 13:00:12.006,-7443859,3438238,7792684,2131359,2,2,2,2
2025-09-03 13:00:12.009,-7443715,7632483,7792893,6325791,2,2,2,2
2025-09-03 13:00:12.012,-3265691,7632540,3598701,6325979,2,2,2,2
2025-09-03 13:00:12.015,-7443595,3438321,7793089,6325994,2,2,2,2
2025-09-03 13:00:12.018,-3249404,7632833,7792919,6342277,2,2,2,2
2025-09-03 13:00:12.020,-3249272,7632654,7793127,6342422,2,2,2,2
2025-09-03 13:00:12.023,-3249295,7632659,7793127,6342201,2,2,2,2
2025-09-03 13:00:12.026,-3249510,7632446,7792992,6342279,2,2,2,2
2025-09-03 13:00:12.028,-7443709,3438305,7793092,6326008,2,2,2,2
2025-09-03 13:00:12.031,-3249295,7632682,7793147,6342257,2,2,2,2
2025-09-03 13:00:12.034,-3257594,7632642,7793045,6342149,2,2,2,2
2025-09-03 13:00:12.036,-7443580,3438469,7792937,2131600,2,2,2,2
2025-09-03 13:00:12.039,-3249160,7632641,7793129,6342415,2,2,2,2
2025-09-03 13:00:12.042,-3257373,7632877,7793034,6342399,2,2,2,2
2025-09-03 13:00:12.045,-7443683,7632753,7793170,6326140,2,2,2,2
2025-09-03 13:00:12.047,-3265674,7632794,3598967,6326241,2,2,2,2
2025-09-03 13:00:12.050,-7443611,7616396,7793266,2148326,2,2,2,2
2025-09-03 13:00:12.053,-7443485,3438601,7793378,6326043,2,2,2,2
2025-09-03 13:00:12.056,-7443203,7616560,7793429,6342801,2,2,2,2
2025-09-03 13:00:12.059,-7443332,3438848,7793640,4229151,2,2,2,2
2025-09-03 13:00:12.062,-7443230,7633269,7793471,6326402,2,2,2,2
2025-09-03 13:00:12.064,-7443229,7633266,7793431,6326410,2,2,2,2
2025-09-03 13:00:12.067,-7443149,7633172,7793649,6326627,2,2,2,2
2025-09-03 13:00:12.069,-3248656,7633357,7793779,6343114,2,2,2,2
2025-09-03 13:00:12.072,-3248766,7633198,7793682,6343054,2,2,2,2
2025-09-03 13:00:12.074,-7443051,3438986,7793710,4229534,2,2,2,2
2025-09-03 13:00:12.077,-7443073,3438973,7793690,4229533,2,2,2,2
2025-09-03 13:00:12.079,-7459584,7633401,3591394,6326554,2,2,2,2
2025-09-03 13:00:12.082,-7459580,7633417,3599595,6326567,2,2,2,2
2025-09-03 13:00:12.085,-7443176,3439205,7793679,4229508,2,2,2,2
2025-09-03 13:00:12.087,-7442923,7617136,7793927,2132621,2,2,2,2
2025-09-03 13:00:12.090,-7442793,7617264,7794071,2148893,2,2,2,2
2025-09-03 13:00:12.092,-7442883,7633567,7794048,6326790,2,2,2,2
2025-09-03 13:00:12.095,-7442925,7633530,7793949,6327009,2,2,2,2
2025-09-03 13:00:12.098,-7459332,7633523,3591450,6326999,2,2,2,2
2025-09-03 13:00:12.100,-7442791,7617333,7794175,2132605,2,2,2,2
2025-09-03 13:00:12.103,-7459135,7633771,3599644,6326933,2,2,2,2
2025-09-03 13:00:12.106,-3248491,7617318,7793946,6343308,2,2,2,2
2025-09-03 13:00:12.109,-7442714,3439489,7793977,2132717,2,2,2,2
2025-09-03 13:00:12.112,-3256802,7633671,3599845,6327070,2,2,2,2
2025-09-03 13:00:12.115,-7442896,3439388,7794194,6327175,2,2,2,2
2025-09-03 13:00:12.118,-3248508,7633861,7794284,6343649,2,2,2,2
2025-09-03 13:00:12.121,-7442818,7617419,7794292,2132980,2,2,2,2
2025-09-03 13:00:12.124,-7442692,7617588,7794180,2132863,2,2,2,2
2025-09-03 13:00:12.126,-7442571,7617675,7794292,2132980,2,2,2,2
2025-09-03 13:00:12.129,-7442470,7634165,7794371,6327398,2,2,2,2
2025-09-03 13:00:12.132,-7442534,7617537,7794425,2133096,2,2,2,2
2025-09-03 13:00:12.135,-7458877,7633929,3591955,6327352,2,2,2,2
2025-09-03 13:00:12.138,-3256333,7633956,3600229,6327510,2,2,2,2
2025-09-03 13:00:12.141,-3264631,7633925,3600139,6327358,2,2,2,2
2025-09-03 13:00:12.144,-7459050,7634148,7794401,6327310,2,2,2,2
2025-09-03 13:00:12.147,-7458948,7633923,3600133,6327417,2,2,2,2
2025-09-03 13:00:12.150,-3264627,7634206,3600154,6327507,2,2,2,2
2025-09-03 13:00:12.153,-7442276,7617870,7794801,2149874,2,2,2,2
2025-09-03 13:00:12.156,-7442393,7634445,7794739,6327687,2,2,2,2
2025-09-03 13:00:12.159,-7458805,7634430,7794692,6327669,2,2,2,2
2025-09-03 13:00:12.162,-7442280,7617930,7794838,2133250,2,2,2,2
2025-09-03 13:00:12.165,-7458718,7634447,3600410,6327754,2,2,2,2
2025-09-03 13:00:12.168,-3248005,7634624,7794816,6344185,2,2,2,2
2025-09-03 13:00:12.170,-7442032,3440277,7795173,4230680,2,2,2,2
2025-09-03 13:00:12.173,-7458502,7634572,7795100,6327817,2,2,2,2
2025-09-03 13:00:12.176,-3247752,7634636,7795101,6344201,2,2,2,2
2025-09-03 13:00:12.179,-3264122,7634661,3600881,6327844,2,2,2,2
2025-09-03 13:00:12.182,-3264118,7634672,3600647,6327853,2,2,2,2
2025-09-03 13:00:12.185,-7442036,3440398,7794969,4230796,2,2,2,2
2025-09-03 13:00:12.188,-7458313,7634805,7795091,6328073,2,2,2,2
2025-09-03 13:00:12.190,-3247753,7634697,7795041,6344373,2,2,2,2
2025-09-03 13:00:12.193,-7442151,7634922,7795208,6328178,2,2,2,2
2025-09-03 13:00:12.196,-3247773,7634924,7795214,6344567,2,2,2,2
2025-09-03 13:00:12.199,-7441923,7618453,7795193,2133786,2,2,2,2
2025-09-03 13:00:12.202,-7458414,7634805,3601045,6328313,2,2,2,2
2025-09-03 13:00:12.204,-7442032,7618422,7795351,2133765,2,2,2,2
2025-09-03 13:00:12.207,-7441937,7618502,7795206,2133875,2,2,2,2
2025-09-03 13:00:12.209,-3247625,7634937,7795224,6344584,2,2,2,2
2025-09-03 13:00:12.212,-7441886,7634973,7795342,6328311,2,2,2,2
2025-09-03 13:00:12.214,-3247592,7634962,7795327,6344655,2,2,2,2
2025-09-03 13:00:12.217,-3247595,7634961,7795331,6344689,2,2,2,2
2025-09-03 13:00:12.219,-7441802,3440766,7795432,4231194,2,2,2,2
2025-09-03 13:00:12.222,-7441936,7634942,7795317,6328293,2,2,2,2
2025-09-03 13:00:12.225,-7441900,7635059,7795399,6328350,2,2,2,2
2025-09-03 13:00:12.228,-7441860,7635103,7795510,6328456,2,2,2,2
2025-09-03 13:00:12.231,-7441779,7651587,7795571,2150558,2,2,2,2
2025-09-03 13:00:12.234,-3247379,7635247,7795680,6345012,2,2,2,2
2025-09-03 13:00:12.236,-7441685,3441000,7795685,6328597,2,2,2,2
2025-09-03 13:00:12.239,-7441722,7635222,7795599,6328578,2,2,2,2
2025-09-03 13:00:12.243,-7441801,7651596,7795591,6344946,2,2,2,2
2025-09-03 13:00:12.245,-7441683,3441023,7795704,6328673,2,2,2,2
2025-09-03 13:00:12.248,-7458172,7635302,3601391,6328584,2,2,2,2
2025-09-03 13:00:12.251,-3247343,7635452,7795828,6345113,2,2,2,2
2025-09-03 13:00:12.253,-7457820,7635357,3601438,6328636,2,2,2,2
2025-09-03 13:00:12.256,-7457920,7635323,3601653,6328610,2,2,2,2
2025-09-03 13:00:12.258,-7458020,7635296,3601566,6328577,2,2,2,2
2025-09-03 13:00:12.261,-7458075,7635437,3601520,6328782,2,2,2,2
2025-09-03 13:00:12.264,-7457983,7635319,3601653,6328603,2,2,2,2
2025-09-03 13:00:12.266,-7441451,7635452,7795771,6328803,2,2,2,2
2025-09-03 13:00:12.269,-7441557,7652024,7795989,2142853,2,2,2,2
2025-09-03 13:00:12.271,-7441610,7635689,7796073,6328978,2,2,2,2
2025-09-03 13:00:12.274,-7441650,7635582,7796018,6328941,2,2,2,2
2025-09-03 13:00:12.276,-3247212,7635459,7795860,6345207,2,2,2,2
2025-09-03 13:00:12.279,-3247129,7635498,7795957,6345271,2,2,2,2
2025-09-03 13:00:12.281,-7441435,3441267,7795979,4231795,2,2,2,2
2025-09-03 13:00:12.285,-7441417,7651972,7795995,2151044,2,2,2,2
2025-09-03 13:00:12.288,-7457779,7635948,3602050,6329246,2,2,2,2
2025-09-03 13:00:12.290,-3246868,7635923,7796325,6345607,2,2,2,2
2025-09-03 13:00:12.294,-7441181,7635866,7796276,6329235,2,2,2,2
2025-09-03 13:00:12.297,-7441159,3441650,7796431,4232170,2,2,2,2
2025-09-03 13:00:12.300,-7441399,7652116,7796464,2142989,2,2,2,2
2025-09-03 13:00:12.303,-3263130,7636075,3602192,6329388,2,2,2,2
2025-09-03 13:00:12.306,-7457634,7635955,3602077,6329332,2,2,2,2
2025-09-03 13:00:12.309,-3246968,7635946,7796349,6345630,2,2,2,2
2025-09-03 13:00:12.311,-7441398,7652139,7796224,2151196,2,2,2,2
2025-09-03 13:00:12.314,-7441282,7652323,7796351,6345698,2,2,2,2
2025-09-03 13:00:12.317,-3246838,7636167,7796586,6345858,2,2,2,2
2025-09-03 13:00:12.319,-7440999,3441684,7796718,4232216,2,2,2,2
2025-09-03 13:00:12.322,-7457478,7636121,3602299,6329563,2,2,2,2
2025-09-03 13:00:12.324,-7457438,7636221,3602324,6329586,2,2,2,2
2025-09-03 13:00:12.327,-7441140,7652551,7796603,2143388,2,2,2,2
2025-09-03 13:00:12.329,-7440923,7636353,7796765,6329727,2,2,2,2
2025-09-03 13:00:12.332,-7440949,7636348,7796797,6329719,2,2,2,2
2025-09-03 13:00:12.335,-7440907,7652810,7796875,2143727,2,2,2,2
2025-09-03 13:00:12.337,-7440906,7636459,7796938,6329835,2,2,2,2
2025-09-03 13:00:12.340,-7440691,7636369,7796859,6329734,2,2,2,2
2025-09-03 13:00:12.343,-7440882,7652670,7796742,2151703,2,2,2,2
2025-09-03 13:00:12.346,-7457058,7636452,3602578,6329840,2,2,2,2
2025-09-03 13:00:12.349,-3262846,7636622,3602809,6330069,2,2,2,2
2025-09-03 13:00:12.352,-7457029,7636499,3602938,6329881,2,2,2,2
2025-09-03 13:00:12.355,-3246451,7636727,7797145,6346491,2,2,2,2
2025-09-03 13:00:12.358,-3246368,7636493,7796998,6346303,2,2,2,2
2025-09-03 13:00:12.360,-3246448,7636732,7797231,6346296,2,2,2,2
2025-09-03 13:00:12.363,-7457029,7636600,7797095,6329999,2,2,2,2
2025-09-03 13:00:12.366,-7440610,7636629,7797130,6330091,2,2,2,2
2025-09-03 13:00:12.368,-7440407,3442559,7797289,4233099,2,2,2,2
2025-09-03 13:00:12.371,-7440411,3442541,7797286,4233087,2,2,2,2
2025-09-03 13:00:12.373,-7456778,7636874,3603071,6330343,2,2,2,2
2025-09-03 13:00:12.376,-7456842,7636845,3602972,6330313,2,2,2,2
2025-09-03 13:00:12.378,-7440539,7653134,7797247,2144106,2,2,2,2
2025-09-03 13:00:12.381,-7440497,7653245,7797370,2144155,2,2,2,2
2025-09-03 13:00:12.383,-7440392,7636974,7797454,6330135,2,2,2,2
2025-09-03 13:00:12.386,-7440434,7636887,7797427,6330351,2,2,2,2
2025-09-03 13:00:12.388,-3246108,7636962,7797407,6346753,2,2,2,2
2025-09-03 13:00:12.391,-3246090,7636988,7797488,6346813,2,2,2,2
2025-09-03 13:00:12.393,-7440262,3442823,7797698,4233451,2,2,2,2
2025-09-03 13:00:12.396,-7456647,7637135,3603346,6330621,2,2,2,2
2025-09-03 13:00:12.398,-7456694,7637129,3603325,6330610,2,2,2,2
2025-09-03 13:00:12.401,-7440273,7653591,7797644,2152448,2,2,2,2
2025-09-03 13:00:12.404,-7456525,7637019,7797617,6330520,2,2,2,2
2025-09-03 13:00:12.407,-7440261,7653577,7797747,2152809,2,2,2,2
2025-09-03 13:00:12.410,-7440273,7653599,7797735,2152735,2,2,2,2
2025-09-03 13:00:12.413,-3245970,7637212,7797752,6347108,2,2,2,2
2025-09-03 13:00:12.416,-7440368,7637117,7797653,6330627,2,2,2,2
2025-09-03 13:00:12.419,-3246069,7637200,3603431,6330658,2,2,2,2
2025-09-03 13:00:12.422,-7440245,3442960,7797802,6330864,2,2,2,2
2025-09-03 13:00:12.425,-7456562,7637367,3603680,6330643,2,2,2,2
2025-09-03 13:00:12.428,-7440153,7637367,7797957,6330638,2,2,2,2
2025-09-03 13:00:12.430,-7440071,7637275,7797891,6330864,2,2,2,2
2025-09-03 13:00:12.433,-3245723,7637266,7797877,6347203,2,2,2,2
2025-09-03 13:00:12.435,-3245588,7637470,7798017,6347382,2,2,2,2
2025-09-03 13:00:12.438,-3245714,7637550,7798157,6347266,2,2,2,2
2025-09-03 13:00:12.441,-3245672,7637724,7798270,6347381,2,2,2,2
2025-09-03 13:00:12.443,-7456323,7637651,3603962,6330927,2,2,2,2
2025-09-03 13:00:12.446,-7439841,3443302,7798223,4233979,2,2,2,2
2025-09-03 13:00:12.448,-7439848,7654006,7798166,2153215,2,2,2,2
2025-09-03 13:00:12.451,-7456148,7637650,3603954,6331169,2,2,2,2
2025-09-03 13:00:12.453,-7439648,7654156,7798388,2145179,2,2,2,2
2025-09-03 13:00:12.456,-7456009,7637863,3604118,6331137,2,2,2,2
2025-09-03 13:00:12.460,-7439625,3443570,7798495,6331389,2,2,2,2
2025-09-03 13:00:12.462,-3245328,7637811,7798430,6347782,2,2,2,2
2025-09-03 13:00:12.465,-3245307,7637979,3604223,6331428,2,2,2,2
2025-09-03 13:00:12.468,-7456238,7638000,3603993,6331338,2,2,2,2
2025-09-03 13:00:12.471,-3245417,7637808,7798429,6347780,2,2,2,2
2025-09-03 13:00:12.473,-7456012,7637913,3604223,6331431,2,2,2,2
2025-09-03 13:00:12.476,-7439624,3443681,7798538,6331504,2,2,2,2
2025-09-03 13:00:12.478,-7439464,7654548,7798771,2145310,2,2,2,2
2025-09-03 13:00:12.481,-7439504,7654478,7798681,2145531,2,2,2,2
2025-09-03 13:00:12.483,-3245214,7638043,7798680,6348017,2,2,2,2
2025-09-03 13:00:12.486,-7439573,7638147,7798770,6331422,2,2,2,2
2025-09-03 13:00:12.488,-3245319,7638031,7798679,6348018,2,2,2,2
2025-09-03 13:00:12.491,-3245411,7638000,7798642,6347965,2,2,2,2
2025-09-03 13:00:12.493,-7439592,3443833,7798768,4234266,2,2,2,2
2025-09-03 13:00:12.497,-7439627,3443737,7798750,6331392,2,2,2,2
2025-09-03 13:00:12.500,-7456008,7638044,3604463,6331415,2,2,2,2
2025-09-03 13:00:12.502,-3245066,7638058,7798778,6348061,2,2,2,2
2025-09-03 13:00:12.505,-7439596,7638168,7733268,6331778,2,2,2,2
2025-09-03 13:00:12.508,-3245309,7638222,7733273,6348167,2,2,2,2
2025-09-03 13:00:12.510,-3245181,7638295,7733394,6348037,2,2,2,2
2025-09-03 13:00:12.513,-3245047,7638492,7733275,6348210,2,2,2,2
2025-09-03 13:00:12.516,-3245059,7638482,7733275,6348172,2,2,2,2
2025-09-03 13:00:12.518,-7439352,3444193,7733300,2137490,2,2,2,2
2025-09-03 13:00:12.522,-7439467,7654852,7733266,2153850,2,2,2,2
2025-09-03 13:00:12.524,-7439370,7654897,7733362,2145766,2,2,2,2
2025-09-03 13:00:12.527,-7439474,7654798,7733260,2153860,2,2,2,2
2025-09-03 13:00:12.530,-7439353,3443991,7733458,4234754,2,2,2,2
2025-09-03 13:00:12.533,-3261306,7638429,3539296,6332121,2,2,2,2
2025-09-03 13:00:12.536,-7455716,7638676,3539219,6332103,2,2,2,2
2025-09-03 13:00:12.539,-7455586,7638546,3539352,6332171,2,2,2,2
2025-09-03 13:00:12.542,-3244700,7638740,7733867,6348689,2,2,2,2
2025-09-03 13:00:12.544,-7439111,7655035,7733767,2154353,2,2,2,2
2025-09-03 13:00:12.547,-7455547,7638636,3539450,6332193,2,2,2,2
2025-09-03 13:00:12.549,-7439159,7638543,7733707,6332167,2,2,2,2
2025-09-03 13:00:12.552,-7438956,7655236,7734006,2146078,2,2,2,2
2025-09-03 13:00:12.554,-3244570,7638837,7733768,6348602,2,2,2,2
2025-09-03 13:00:12.557,-3244570,7638986,3539553,6348753,2,2,2,2
2025-09-03 13:00:12.560,-7439087,7655172,7733909,6348815,2,2,2,2
2025-09-03 13:00:12.563,-3244562,7639021,7733895,6348779,2,2,2,2
2025-09-03 13:00:12.566,-7439084,7638810,7734005,6348818,2,2,2,2
2025-09-03 13:00:12.568,-3244660,7638997,7734131,6348987,2,2,2,2
2025-09-03 13:00:12.571,-7438874,7639026,7734163,6349055,2,2,2,2
2025-09-03 13:00:12.574,-7438850,7639067,7734258,6348825,2,2,2,2
2025-09-03 13:00:12.576,-7438823,3453045,7734036,4251778,2,2,2,2
2025-09-03 13:00:12.579,-3244566,7639056,7734264,6348852,2,2,2,2
2025-09-03 13:00:12.581,-7455038,7639139,3539963,6349085,2,2,2,2
2025-09-03 13:00:12.584,-3244540,7639242,7734122,6348950,2,2,2,2
2025-09-03 13:00:12.586,-7438744,7655665,7734418,6349309,2,2,2,2
2025-09-03 13:00:12.590,-3260777,7639397,3539975,6349104,2,2,2,2
2025-09-03 13:00:12.593,-7438624,3445102,7734285,6349185,2,2,2,2
2025-09-03 13:00:12.596,-7454974,7639524,3540115,6349303,2,2,2,2
2025-09-03 13:00:12.599,-7438617,3453321,7734333,4252133,2,2,2,2
2025-09-03 13:00:12.601,-7454798,7639420,3540326,6349520,2,2,2,2
2025-09-03 13:00:12.604,-7454819,7639445,3540348,6349550,2,2,2,2
2025-09-03 13:00:12.606,-7438450,7655817,7734633,2155162,2,2,2,2
2025-09-03 13:00:12.609,-7438547,7639413,7734550,6349450,2,2,2,2
2025-09-03 13:00:12.611,-7438352,3445247,7734752,6349322,2,2,2,2
2025-09-03 13:00:12.614,-3244178,7639604,7734549,6349451,2,2,2,2
2025-09-03 13:00:12.617,-3244011,7639600,7734797,6349694,2,2,2,2
2025-09-03 13:00:12.619,-7438331,3445352,7734790,6349705,2,2,2,2
2025-09-03 13:00:12.622,-7438109,3445523,7735030,4252526,2,2,2,2
2025-09-03 13:00:12.624,-7438228,7656119,7734909,2147320,2,2,2,2
2025-09-03 13:00:12.627,-7421877,7639776,3540618,6349822,2,2,2,2
2025-09-03 13:00:12.630,-3244031,7639612,3540580,6349790,2,2,2,2
2025-09-03 13:00:12.633,-7438291,7639788,7734971,6349574,2,2,2,2
2025-09-03 13:00:12.636,-7438135,7639836,7734793,6349683,2,2,2,2
2025-09-03 13:00:12.644,-7438110,7656232,7734806,6349711,2,2,2,2
2025-09-03 13:00:12.644,-7421918,7639803,7735024,6349598,2,2,2,2
2025-09-03 13:00:12.645,-7438202,7656297,7734807,2155411,2,2,2,2
2025-09-03 13:00:12.648,-7438098,3445662,7734999,6349835,2,2,2,2
2025-09-03 13:00:12.650,-7438284,7639905,7735099,6349961,2,2,2,2
2025-09-03 13:00:12.653,-7438305,7656216,7735059,2147459,2,2,2,2
2025-09-03 13:00:12.655,-3243796,7640046,7735198,6349836,2,2,2,2
2025-09-03 13:00:12.658,-7437883,7640206,7735170,6350070,2,2,2,2
2025-09-03 13:00:12.660,-7437924,3454190,7735264,4252955,2,2,2,2
2025-09-03 13:00:12.663,-7437945,3454180,7735242,2155790,2,2,2,2
2025-09-03 13:00:12.665,-7421642,7640168,3540843,6349979,2,2,2,2
2025-09-03 13:00:12.668,-7438074,3454063,7735082,4252824,2,2,2,2
2025-09-03 13:00:12.671,-3243638,7640304,3540975,6350115,2,2,2,2
2025-09-03 13:00:12.674,-3227163,7640100,3541008,6350282,2,2,2,2
2025-09-03 13:00:12.677,-3243661,7640310,7735522,6350111,2,2,2,2
2025-09-03 13:00:12.680,-3243663,7640325,7735537,6350198,2,2,2,2
2025-09-03 13:00:12.682,-7421547,7640433,3541089,6350293,2,2,2,2
2025-09-03 13:00:12.685,-7421428,7640563,3541150,6350361,2,2,2,2
2025-09-03 13:00:12.687,-7437665,7656835,7735664,2148085,2,2,2,2
2025-09-03 13:00:12.690,-3243504,7640587,7735799,6350448,2,2,2,2
2025-09-03 13:00:12.693,-3243401,7640771,7735655,6350536,2,2,2,2
2025-09-03 13:00:12.696,-7437622,7640723,7735680,6350593,2,2,2,2
2025-09-03 13:00:12.698,-7421386,7640715,7735670,6350587,2,2,2,2
2025-09-03 13:00:12.701,-3243264,7640611,7735807,6350778,2,2,2,2
2025-09-03 13:00:12.703,-7437599,3454474,7735789,4253564,2,2,2,2
2025-09-03 13:00:12.706,-7421317,7640732,3541388,6350608,2,2,2,2
2025-09-03 13:00:12.708,-7421409,7640715,3541380,6350592,2,2,2,2
2025-09-03 13:00:12.711,-7437682,3454717,7735806,4253568,2,2,2,2
2025-09-03 13:00:12.715,-7437547,7657146,7735953,2156303,2,2,2,2
2025-09-03 13:00:12.718,-7420983,7640959,3541621,6350830,2,2,2,2
2025-09-03 13:00:12.720,-7437411,3454856,7735862,4253682,2,2,2,2
2025-09-03 13:00:12.723,-7421119,7641084,3541739,6350887,2,2,2,2
2025-09-03 13:00:12.725,-7421047,7640939,3541534,6350817,2,2,2,2
2025-09-03 13:00:12.728,-7437342,7657392,7735933,2148362,2,2,2,2
2025-09-03 13:00:12.730,-7437322,7641060,7736037,6350867,2,2,2,2
2025-09-03 13:00:12.733,-3226651,7641058,3541646,6350875,2,2,2,2
2025-09-03 13:00:12.736,-7437469,3446625,7736098,6351003,2,2,2,2
2025-09-03 13:00:12.739,-3243116,7641051,7735962,6350905,2,2,2,2
2025-09-03 13:00:12.741,-7437429,3446685,7736024,6350877,2,2,2,2
2025-09-03 13:00:12.744,-7437320,7640855,7736084,6350995,2,2,2,2
2025-09-03 13:00:12.747,-7437521,7640985,7735948,6350878,2,2,2,2
2025-09-03 13:00:12.750,-7437317,7640944,7736141,6351087,2,2,2,2
2025-09-03 13:00:12.752,-3243015,7640885,7736188,6350848,2,2,2,2
2025-09-03 13:00:12.755,-3243010,7641142,7736191,6351097,2,2,2,2
2025-09-03 13:00:12.757,-7420849,7641323,3542003,6351146,2,2,2,2
2025-09-03 13:00:12.760,-7437297,3455128,7736279,4253981,2,2,2,2
2025-09-03 13:00:12.763,-3226520,7641345,3542016,6351164,2,2,2,2
2025-09-03 13:00:12.766,-7437198,3447046,7736336,6351255,2,2,2,2
2025-09-03 13:00:12.769,-7437252,7641375,7736391,6351341,2,2,2,2
2025-09-03 13:00:12.772,-7437097,7641485,7736503,6351379,2,2,2,2
2025-09-03 13:00:12.775,-3226338,7641368,3542375,6351591,2,2,2,2
2025-09-03 13:00:12.777,-3242738,7641354,7736603,6351556,2,2,2,2
2025-09-03 13:00:12.780,-7437102,7641568,7736555,6351463,2,2,2,2
2025-09-03 13:00:12.782,-7437074,3447291,7736584,4254349,2,2,2,2
2025-09-03 13:00:12.785,-7437027,3455338,7736636,4254219,2,2,2,2
2025-09-03 13:00:12.788,-3242763,7641346,7736674,6351592,2,2,2,2
2025-09-03 13:00:12.791,-7437081,3447046,7736608,6351602,2,2,2,2
2025-09-03 13:00:12.793,-3242610,7641588,7736599,6351582,2,2,2,2
2025-09-03 13:00:12.796,-3242499,7641634,3542396,6351624,2,2,2,2
2025-09-03 13:00:12.799,-7437000,3447281,7736592,6351497,2,2,2,2
2025-09-03 13:00:12.801,-7420560,7641576,3542283,6351568,2,2,2,2
2025-09-03 13:00:12.804,-7420550,7641593,3542295,6351581,2,2,2,2
2025-09-03 13:00:12.807,-7436960,3447526,7736837,6351756,2,2,2,2
2025-09-03 13:00:12.809,-7436908,7658056,7736977,2157331,2,2,2,2
2025-09-03 13:00:12.812,-7437056,7658173,7736833,2149247,2,2,2,2
2025-09-03 13:00:12.815,-7436911,3455615,7736798,4254564,2,2,2,2
2025-09-03 13:00:12.817,-7437001,7641704,7737034,6351637,2,2,2,2
2025-09-03 13:00:12.820,-7420346,7641884,3542659,6351878,2,2,2,2
2025-09-03 13:00:12.824,-7436771,7658304,7736971,2157574,2,2,2,2
2025-09-03 13:00:12.827,-7420224,7642082,3542810,6352023,2,2,2,2
2025-09-03 13:00:12.829,-7436565,3447801,7737134,6352029,2,2,2,2
2025-09-03 13:00:12.832,-7436665,3447695,7737096,6352004,2,2,2,2
2025-09-03 13:00:12.834,-7436743,3447692,7737096,6352000,2,2,2,2
2025-09-03 13:00:12.837,-7420424,7641875,3542668,6351881,2,2,2,2
2025-09-03 13:00:12.840,-7436678,3447792,7737130,4254875,2,2,2,2
2025-09-03 13:00:12.842,-7436655,7658502,7737210,2149621,2,2,2,2
2025-09-03 13:00:12.845,-7436305,3456111,7737579,2157921,2,2,2,2
2025-09-03 13:00:12.849,-7436541,7658698,7737353,2157971,2,2,2,2
2025-09-03 13:00:12.852,-7419922,7642241,7737592,6352241,2,2,2,2
2025-09-03 13:00:12.854,-7420034,7642135,3551382,6352146,2,2,2,2
2025-09-03 13:00:12.857,-7420084,7642361,3543161,6352373,2,2,2,2
2025-09-03 13:00:12.859,-7436426,7658506,7737483,2149646,2,2,2,2
2025-09-03 13:00:12.862,-7436428,7658554,7737502,2157928,2,2,2,2
2025-09-03 13:00:12.864,-7436312,7642247,7737398,6352271,2,2,2,2
2025-09-03 13:00:12.867,-7436519,7642380,7737528,6352396,2,2,2,2
2025-09-03 13:00:12.870,-7436529,3448082,7737571,4255263,2,2,2,2
2025-09-03 13:00:12.873,-7419919,7642363,7737486,6352389,2,2,2,2
2025-09-03 13:00:12.876,-7436311,7659007,7737740,2158089,2,2,2,2
2025-09-03 13:00:12.879,-7436324,3448315,7737796,6352386,2,2,2,2
2025-09-03 13:00:12.882,-3225491,7642511,3543395,6352603,2,2,2,2
2025-09-03 13:00:12.884,-7419758,7642624,3543520,6352653,2,2,2,2
2025-09-03 13:00:12.887,-7436166,3448560,7738053,4255490,2,2,2,2
2025-09-03 13:00:12.890,-3241852,7642641,7737843,6352704,2,2,2,2
2025-09-03 13:00:12.892,-7436259,7658996,7737742,2158328,2,2,2,2
2025-09-03 13:00:12.895,-7436146,7659079,7737839,2158450,2,2,2,2
2025-09-03 13:00:12.897,-7436299,7642517,7737630,6352616,2,2,2,2
2025-09-03 13:00:12.900,-7436175,7659021,7737833,2150256,2,2,2,2
2025-09-03 13:00:12.902,-7436253,7642646,7737824,6352739,2,2,2,2
2025-09-03 13:00:12.905,-7436049,7642848,7737981,6352890,2,2,2,2
2025-09-03 13:00:12.908,-3241980,7642626,7738090,6352670,2,2,2,2
2025-09-03 13:00:12.911,-7436232,7642743,7737884,6352786,2,2,2,2
2025-09-03 13:00:12.914,-3225361,7642642,3543780,6352675,2,2,2,2
2025-09-03 13:00:12.917,-3225351,7642640,3543793,6352684,2,2,2,2
2025-09-03 13:00:12.920,-7419782,7642781,3551880,6352902,2,2,2,2
2025-09-03 13:00:12.922,-7419523,7643111,3552134,6352906,2,2,2,2
2025-09-03 13:00:12.925,-7435807,7659266,7738360,2158707,2,2,2,2
2025-09-03 13:00:12.928,-7435996,7643030,7738173,6353147,2,2,2,2
2025-09-03 13:00:12.930,-7435989,7643115,7738298,6352922,2,2,2,2
2025-09-03 13:00:12.933,-7435929,7659452,7738250,2158607,2,2,2,2
2025-09-03 13:00:12.935,-7435836,7642893,7738365,6353015,2,2,2,2
2025-09-03 13:00:12.938,-7435879,7659379,7738209,2158816,2,2,2,2
2025-09-03 13:00:12.941,-7436010,7659495,7738261,6353175,2,2,2,2
2025-09-03 13:00:12.943,-7435793,3448732,7738309,6353156,2,2,2,2
2025-09-03 13:00:12.947,-3241589,7642935,7738215,6353103,2,2,2,2
2025-09-03 13:00:12.950,-7419647,7643121,3552230,6353190,2,2,2,2
2025-09-03 13:00:12.953,-3225099,7643128,3544043,6353187,2,2,2,2
2025-09-03 13:00:12.955,-7435901,7659662,7738504,2158850,2,2,2,2
2025-09-03 13:00:12.958,-7419374,7659620,3552352,6353372,2,2,2,2
2025-09-03 13:00:12.961,-7435999,3465334,7738421,6353405,2,2,2,2
2025-09-03 13:00:12.964,-7419389,7659884,3544343,6353632,2,2,2,2
2025-09-03 13:00:12.967,-7419234,7659795,3544336,6353600,2,2,2,2
2025-09-03 13:00:12.970,-7435672,3457431,7738834,4256279,2,2,2,2
2025-09-03 13:00:12.972,-7435634,7659789,7738638,2159239,2,2,2,2
2025-09-03 13:00:12.975,-7435629,7659824,7738638,2159252,2,2,2,2
2025-09-03 13:00:12.979,-3241095,7660039,3544568,6353862,2,2,2,2
2025-09-03 13:00:12.982,-7418936,7660052,7738904,6353814,2,2,2,2
2025-09-03 13:00:12.985,-3241063,7660082,7738991,6353908,2,2,2,2
2025-09-03 13:00:12.987,-3241091,7660070,7738987,6353862,2,2,2,2
2025-09-03 13:00:12.990,-3241064,7660234,7739007,6353935,2,2,2,2
2025-09-03 13:00:12.993,-7435364,7660172,7739030,2159640,2,2,2,2
2025-09-03 13:00:12.996,-7435467,7660136,7738948,6353912,2,2,2,2
2025-09-03 13:00:12.998,-7435395,7660165,7739013,2159638,2,2,2,2
2025-09-03 13:00:13.001,-7435420,7660150,7738989,2159624,2,2,2,2
2025-09-03 13:00:13.003,-3240984,7660298,7739141,6354121,2,2,2,2
2025-09-03 13:00:13.006,-3240857,7660484,3544968,6353934,2,2,2,2
2025-09-03 13:00:13.008,-7435158,3457936,7739336,4256780,2,2,2,2
2025-09-03 13:00:13.012,-3224584,7660400,3544932,6354169,2,2,2,2
2025-09-03 13:00:13.014,-7419001,7660290,3544836,6354113,2,2,2,2
2025-09-03 13:00:13.017,-7418887,7660407,3553139,6354166,2,2,2,2
2025-09-03 13:00:13.020,-7418739,7660303,3544853,6354134,2,2,2,2
2025-09-03 13:00:13.022,-7418988,7660406,3553125,6354162,2,2,2,2
2025-09-03 13:00:13.025,-7435153,3457808,7739149,4256918,2,2,2,2
2025-09-03 13:00:13.027,-7435035,7660687,7739590,6354176,2,2,2,2
2025-09-03 13:00:13.030,-7435042,3466382,7739588,6354190,2,2,2,2
2025-09-03 13:00:13.033,-7418679,7660518,3553249,6354203,2,2,2,2
2025-09-03 13:00:13.036,-7435143,3466353,7739451,4257272,2,2,2,2
2025-09-03 13:00:13.039,-3224296,7660570,3545193,6354399,2,2,2,2
2025-09-03 13:00:13.042,-7434999,7660572,7739492,2160101,2,2,2,2
2025-09-03 13:00:13.044,-7434991,7660616,7739506,2160106,2,2,2,2
2025-09-03 13:00:13.047,-7418510,7660690,3545240,6354455,2,2,2,2
2025-09-03 13:00:13.049,-7434961,7660692,7739587,6354463,2,2,2,2
2025-09-03 13:00:13.052,-7434768,7660831,7739727,6354676,2,2,2,2
2025-09-03 13:00:13.055,-3240568,7660807,7739662,6354633,2,2,2,2
2025-09-03 13:00:13.058,-7434981,7660995,7739900,2160238,2,2,2,2
2025-09-03 13:00:13.061,-7418447,7660896,3553654,6354670,2,2,2,2
2025-09-03 13:00:13.064,-7434768,7660936,7739874,6354708,2,2,2,2
2025-09-03 13:00:13.067,-7434779,7660938,7739879,2160408,2,2,2,2
2025-09-03 13:00:13.069,-7434747,7661040,7739955,6354820,2,2,2,2
2025-09-03 13:00:13.072,-7434550,7661169,7740093,6354695,2,2,2,2
2025-09-03 13:00:13.074,-3240421,7661088,7740030,6354884,2,2,2,2
2025-09-03 13:00:13.077,-7434519,3458799,7739922,2160510,2,2,2,2
2025-09-03 13:00:13.079,-7434746,3458577,7739947,4257769,2,2,2,2
2025-09-03 13:00:13.082,-7434724,3458586,7740099,2160638,2,2,2,2
2025-09-03 13:00:13.084,-7418237,7661209,3545852,6355048,2,2,2,2
2025-09-03 13:00:13.088,-7434733,3466874,7740117,6354955,2,2,2,2
2025-09-03 13:00:13.090,-3240294,7661071,7740012,6354905,2,2,2,2
2025-09-03 13:00:13.093,-7434740,7661185,7740062,2160659,2,2,2,2
2025-09-03 13:00:13.095,-3240202,7661107,7740051,6354950,2,2,2,2
2025-09-03 13:00:13.098,-7434726,7661283,7739908,2160501,2,2,2,2
2025-09-03 13:00:13.101,-7434512,7661438,7740384,2160647,2,2,2,2
2025-09-03 13:00:13.103,-3240092,7661564,7740183,6355141,2,2,2,2
2025-09-03 13:00:13.106,-3240437,7661303,3545869,6355148,2,2,2,2
2025-09-03 13:00:13.109,-7434656,7661321,7740264,2160795,2,2,2,2
2025-09-03 13:00:13.112,-7418171,7661438,3546092,6354963,2,2,2,2
2025-09-03 13:00:13.115,-7434267,7661539,7740426,2161009,2,2,2,2
2025-09-03 13:00:13.118,-3223660,7661714,3546115,6355241,2,2,2,2
2025-09-03 13:00:13.120,-7434225,7661587,7740547,2161134,2,2,2,2
2025-09-03 13:00:13.123,-7434234,7661580,7740531,6355440,2,2,2,2
2025-09-03 13:00:13.125,-3231727,7661598,7740554,6355454,2,2,2,2
2025-09-03 13:00:13.128,-7434082,7661813,7740771,2161303,2,2,2,2
2025-09-03 13:00:13.131,-3223421,7661801,3546385,6355664,2,2,2,2
2025-09-03 13:00:13.134,-7434257,3459097,7740618,4258295,2,2,2,2
2025-09-03 13:00:13.138,-7434222,7661779,7740683,2161266,2,2,2,2
2025-09-03 13:00:13.141,-3239806,7661813,7740789,6355654,2,2,2,2
2025-09-03 13:00:13.143,-7434099,3467540,7740883,6355710,2,2,2,2
2025-09-03 13:00:13.146,-7434141,3467755,7740709,4258455,2,2,2,2
2025-09-03 13:00:13.148,-7417724,7661852,3554704,6355717,2,2,2,2
2025-09-03 13:00:13.151,-7417582,7662051,3546655,6355918,2,2,2,2
2025-09-03 13:00:13.153,-7433935,3467789,7741135,6355714,2,2,2,2
2025-09-03 13:00:13.156,-7434039,3467634,7740919,6355741,2,2,2,2
2025-09-03 13:00:13.159,-3239918,7661849,7740817,6355717,2,2,2,2
2025-09-03 13:00:13.162,-3239580,7662113,7741159,6355726,2,2,2,2
2025-09-03 13:00:13.164,-7434088,3459486,7740956,4258699,2,2,2,2
2025-09-03 13:00:13.167,-7434081,3467761,7740978,4258717,2,2,2,2
2025-09-03 13:00:13.170,-3231508,7662075,3546756,6355956,2,2,2,2
2025-09-03 13:00:13.173,-3223157,7662325,3546741,6355941,2,2,2,2
2025-09-03 13:00:13.176,-7433962,3467898,7741203,4258930,2,2,2,2
2025-09-03 13:00:13.179,-3239437,7662339,7741342,6355971,2,2,2,2
2025-09-03 13:00:13.181,-7433760,3459836,7741142,4258808,2,2,2,2
2025-09-03 13:00:13.184,-7433955,3467927,7741223,4258956,2,2,2,2
2025-09-03 13:00:13.187,-7417573,7662238,3546992,6356119,2,2,2,2
2025-09-03 13:00:13.190,-3223267,7662310,3547005,6356188,2,2,2,2
2025-09-03 13:00:13.193,-7433752,7662462,7741280,2161775,2,2,2,2
2025-09-03 13:00:13.196,-3239398,7662584,7741328,6356208,2,2,2,2
2025-09-03 13:00:13.198,-7433477,3468188,7757872,6356371,2,2,2,2
2025-09-03 13:00:13.201,-7433732,3468272,7741383,4259042,2,2,2,2
2025-09-03 13:00:13.203,-7433615,3468136,7757830,6356322,2,2,2,2
2025-09-03 13:00:13.206,-7417326,7662349,3547105,6356217,2,2,2,2
2025-09-03 13:00:13.208,-7433726,7662602,7757974,2162171,2,2,2,2
2025-09-03 13:00:13.211,-7433484,7662592,7741624,6356471,2,2,2,2
2025-09-03 13:00:13.214,-7433578,7662824,7757960,2162071,2,2,2,2
2025-09-03 13:00:13.217,-3222890,7662843,3563672,6356464,2,2,2,2
2025-09-03 13:00:13.220,-7433346,3468446,7758279,6356638,2,2,2,2
2025-09-03 13:00:13.223,-7433219,3468658,7758101,4259439,2,2,2,2
2025-09-03 13:00:13.226,-7433371,3460490,7758123,4259460,2,2,2,2
2025-09-03 13:00:13.228,-7433217,7662972,7758179,2162294,2,2,2,2
2025-09-03 13:00:13.231,-7416989,7663002,3555718,6356701,2,2,2,2
2025-09-03 13:00:13.234,-7417034,7663004,3547528,6356706,2,2,2,2
2025-09-03 13:00:13.236,-7416898,7662970,3555680,6356672,2,2,2,2
2025-09-03 13:00:13.239,-7416868,7662973,3547494,6356601,2,2,2,2
2025-09-03 13:00:13.242,-7416887,7662966,7741974,6356851,2,2,2,2
2025-09-03 13:00:13.245,-7433232,7663075,7742128,6356970,2,2,2,2
2025-09-03 13:00:13.248,-7433209,3468807,7758568,6356745,2,2,2,2
2025-09-03 13:00:13.250,-7416595,7663343,3564191,6356970,2,2,2,2
2025-09-03 13:00:13.253,-7416593,7663356,3556070,6356990,2,2,2,2
2025-09-03 13:00:13.256,-7433186,3460724,7758369,4259700,2,2,2,2
2025-09-03 13:00:13.259,-3238776,7663331,7758482,6356927,2,2,2,2
2025-09-03 13:00:13.261,-7433057,3460612,7758570,4194307,2,2,2,2
2025-09-03 13:00:13.264,-7416832,7663217,3556199,6291513,2,2,2,2
2025-09-03 13:00:13.266,-7416812,7663254,3556227,6291659,2,2,2,2
2025-09-03 13:00:13.269,-7416761,7663332,3556243,6291688,2,2,2,2
2025-09-03 13:00:13.272,-3230700,7663317,7758747,6291686,2,2,2,2
2025-09-03 13:00:13.275,-3230577,7663139,7758607,6291493,2,2,2,2
2025-09-03 13:00:13.277,-7432966,7663253,7742351,6291686,2,2,2,2
2025-09-03 13:00:13.280,-3230691,7663366,3564529,6291462,2,2,2,2
2025-09-03 13:00:13.283,-3222400,7663469,3564390,6291512,2,2,2,2
2025-09-03 13:00:13.286,-7416462,7663461,3564645,6291773,2,2,2,2
2025-09-03 13:00:13.289,-3238521,7663563,7758982,6291896,2,2,2,2
2025-09-03 13:00:13.292,-3238430,7663593,7759007,6291959,2,2,2,2
2025-09-03 13:00:13.294,-7432722,3461113,7759090,2097411,2,2,2,2
2025-09-03 13:00:13.298,-7432955,7663647,7742487,6291810,2,2,2,2
2025-09-03 13:00:13.301,-3238377,7663668,7759226,6292118,2,2,2,2
2025-09-03 13:00:13.303,-3238260,7663856,7759348,6291970,2,2,2,2
2025-09-03 13:00:13.307,-7416167,7663875,3556621,6291994,2,2,2,2
2025-09-03 13:00:13.309,-7432603,7664057,7759263,2097908,2,2,2,2
2025-09-03 13:00:13.312,-7432692,7664023,7759251,2097901,2,2,2,2
2025-09-03 13:00:13.314,-7432451,7664011,7742855,6292123,2,2,2,2
2025-09-03 13:00:13.317,-7432704,7664059,7759257,2097905,2,2,2,2
2025-09-03 13:00:13.320,-7432689,7664109,7742958,6292231,2,2,2,2
2025-09-03 13:00:13.323,-7432462,3469708,7759575,6292460,2,2,2,2
2025-09-03 13:00:13.325,-7432314,7664196,7759480,2098065,2,2,2,2
2025-09-03 13:00:13.328,-7432413,3469831,7759378,6292341,2,2,2,2
2025-09-03 13:00:13.331,-7432316,3469940,7759422,4195223,2,2,2,2
2025-09-03 13:00:13.333,-7415930,7664253,3565196,6292452,2,2,2,2
2025-09-03 13:00:13.336,-7432320,7664188,7759505,6292463,2,2,2,2
2025-09-03 13:00:13.338,-7432448,7664129,7759643,2098294,2,2,2,2
2025-09-03 13:00:13.341,-7432211,7664130,7759645,2098307,2,2,2,2
2025-09-03 13:00:13.344,-7432331,7664330,7759844,2098183,2,2,2,2
2025-09-03 13:00:13.346,-7432329,7664264,7759853,2098190,2,2,2,2
2025-09-03 13:00:13.349,-7415764,7664520,3549156,6292739,2,2,2,2
2025-09-03 13:00:13.352,-3237745,7664628,7759903,6292850,2,2,2,2
2025-09-03 13:00:13.355,-3229462,7664401,3565702,6292949,2,2,2,2
2025-09-03 13:00:13.358,-7432087,7664574,7759889,2098463,2,2,2,2
2025-09-03 13:00:13.361,-7415693,7664616,3557398,6292784,2,2,2,2
2025-09-03 13:00:13.363,-7432180,7664565,7759878,2098461,2,2,2,2
2025-09-03 13:00:13.366,-7415686,7664399,3565687,6292942,2,2,2,2
2025-09-03 13:00:13.368,-7431985,7664492,7743708,6292989,2,2,2,2
2025-09-03 13:00:13.371,-7431988,7664495,7743675,6292983,2,2,2,2
2025-09-03 13:00:13.374,-7431966,3470220,7760127,6292752,2,2,2,2
2025-09-03 13:00:13.377,-7431940,3470310,7759910,4195713,2,2,2,2
2025-09-03 13:00:13.380,-7415776,7664736,7743640,6292968,2,2,2,2
2025-09-03 13:00:13.383,-7432190,7664655,7760008,2098579,2,2,2,2
2025-09-03 13:00:13.385,-7431943,7664647,7760259,2098840,2,2,2,2
2025-09-03 13:00:13.388,-7431958,7664889,7743823,6293142,2,2,2,2
2025-09-03 13:00:13.391,-7431958,7664643,7760248,2098835,2,2,2,2
2025-09-03 13:00:13.393,-7431962,7664649,7743873,6293217,2,2,2,2
2025-09-03 13:00:13.396,-7431943,7664698,7760362,2098936,2,2,2,2
2025-09-03 13:00:13.399,-7431925,7665011,7760378,2098960,2,2,2,2
2025-09-03 13:00:13.402,-7415288,7665024,7744007,6293267,2,2,2,2
2025-09-03 13:00:13.405,-3221095,7664901,3566229,6293464,2,2,2,2
2025-09-03 13:00:13.408,-7431815,7665148,7760518,2099092,2,2,2,2
2025-09-03 13:00:13.410,-7431819,7665137,7760507,2099092,2,2,2,2
2025-09-03 13:00:13.413,-7431684,7665039,7760482,2099055,2,2,2,2
2025-09-03 13:00:13.415,-7431894,7664901,7744182,6293483,2,2,2,2
2025-09-03 13:00:13.418,-3229320,7664920,7760617,6293498,2,2,2,2
2025-09-03 13:00:13.420,-3237517,7664925,7760624,6293251,2,2,2,2
2025-09-03 13:00:13.423,-7431708,3470732,7760407,4196208,2,2,2,2
2025-09-03 13:00:13.426,-3229205,7665112,7760492,6293448,2,2,2,2
2025-09-03 13:00:13.429,-7431692,7665131,7744195,6293402,2,2,2,2
2025-09-03 13:00:13.431,-7431487,7665285,7744265,6293615,2,2,2,2
2025-09-03 13:00:13.434,-7431444,3470850,7760860,6293740,2,2,2,2
2025-09-03 13:00:13.437,-3237367,7665182,7760881,6293510,2,2,2,2
2025-09-03 13:00:13.440,-7431673,3470960,7760645,4196377,2,2,2,2
2025-09-03 13:00:13.442,-7431445,3470861,7760884,4196360,2,2,2,2
2025-09-03 13:00:13.445,-7415108,7665395,3558282,6293734,2,2,2,2
2025-09-03 13:00:13.448,-3237370,7665191,7760642,6293581,2,2,2,2
2025-09-03 13:00:13.450,-7415167,7665397,3558289,6293748,2,2,2,2
2025-09-03 13:00:13.453,-7415173,7665411,3550176,6293763,2,2,2,2
2025-09-03 13:00:13.455,-7431453,7665451,7760909,6293859,2,2,2,2
2025-09-03 13:00:13.458,-7431403,3471333,7761090,2099680,2,2,2,2
2025-09-03 13:00:13.462,-7414906,7665439,3566599,6293783,2,2,2,2
2025-09-03 13:00:13.465,-3236895,7665605,7761001,6293890,2,2,2,2
2025-09-03 13:00:13.467,-7414968,7665422,3558649,6293771,2,2,2,2
2025-09-03 13:00:13.470,-7431400,3471364,7761132,4196866,2,2,2,2
2025-09-03 13:00:13.472,-7414977,7665676,3558650,6294039,2,2,2,2
2025-09-03 13:00:13.475,-7431296,3471482,7761198,4196994,2,2,2,2
2025-09-03 13:00:13.478,-3236985,7665727,7761257,6294156,2,2,2,2
2025-09-03 13:00:13.480,-7431155,7665714,7761405,2099731,2,2,2,2
2025-09-03 13:00:13.483,-7414901,7665895,3550609,6294252,2,2,2,2
2025-09-03 13:00:13.486,-3220479,7665698,3566868,6294069,2,2,2,2
2025-09-03 13:00:13.489,-7430970,7665899,7744992,6294261,2,2,2,2
2025-09-03 13:00:13.492,-7430960,3471622,7745015,6294289,2,2,2,2
2025-09-03 13:00:13.494,-7431019,7665921,7761398,2099985,2,2,2,2
2025-09-03 13:00:13.497,-7414801,7665766,3566944,6294071,2,2,2,2
2025-09-03 13:00:13.500,-7431069,7665891,7761299,6294248,2,2,2,2
2025-09-03 13:00:13.502,-7431155,7665853,7761297,2099945,2,2,2,2
2025-09-03 13:00:13.505,-7431155,7665857,7761293,2099960,2,2,2,2
2025-09-03 13:00:13.508,-7414728,7665937,7745026,6294369,2,2,2,2
2025-09-03 13:00:13.511,-7431118,7665932,7745047,6294375,2,2,2,2
2025-09-03 13:00:13.513,-7414724,7665950,3550818,6294398,2,2,2,2
2025-09-03 13:00:13.516,-7414838,7665777,7744881,6294163,2,2,2,2
2025-09-03 13:00:13.519,-7431209,7665818,7744921,6294255,2,2,2,2
2025-09-03 13:00:13.522,-7430938,7666144,7745245,6294512,2,2,2,2
2025-09-03 13:00:13.524,-7431115,7666043,7745151,6294425,2,2,2,2
2025-09-03 13:00:13.527,-3228409,7666191,3567383,6294567,2,2,2,2
2025-09-03 13:00:13.529,-7430881,3471978,7761713,4197507,2,2,2,2
2025-09-03 13:00:13.532,-3228161,7666198,7761760,6294582,2,2,2,2
2025-09-03 13:00:13.535,-3228388,7666369,3567498,6294755,2,2,2,2
2025-09-03 13:00:13.538,-7430779,7666380,7761914,2100498,2,2,2,2
2025-09-03 13:00:13.540,-7430655,7666546,7745733,6294930,2,2,2,2
2025-09-03 13:00:13.543,-7430691,3472151,7761959,6294927,2,2,2,2
2025-09-03 13:00:13.546,-7430675,7666553,7762055,2100704,2,2,2,2
2025-09-03 13:00:13.549,-3236372,7666489,7762054,6294981,2,2,2,2
2025-09-03 13:00:13.551,-3236254,7666681,7762171,6294881,2,2,2,2
2025-09-03 13:00:13.554,-7430559,3472132,7761930,4197744,2,2,2,2
2025-09-03 13:00:13.556,-7414130,7666539,3567738,6295004,2,2,2,2
2025-09-03 13:00:13.559,-7414026,7666585,3567850,6295045,2,2,2,2
2025-09-03 13:00:13.562,-3227930,7666900,3568031,6295043,2,2,2,2
2025-09-03 13:00:13.565,-7430502,7666865,7762405,2100742,2,2,2,2
2025-09-03 13:00:13.568,-7430607,7666794,7745994,6295267,2,2,2,2
2025-09-03 13:00:13.571,-7414140,7666819,3568105,6295285,2,2,2,2
2025-09-03 13:00:13.574,-3236206,7666907,7762416,6295043,2,2,2,2
2025-09-03 13:00:13.577,-7430383,7666787,7745921,6295189,2,2,2,2
2025-09-03 13:00:13.580,-7414017,7666711,3568002,6295256,2,2,2,2
2025-09-03 13:00:13.582,-7430626,7666822,7762403,2100739,2,2,2,2
2025-09-03 13:00:13.585,-7430446,7666690,7745823,6295162,2,2,2,2
2025-09-03 13:00:13.587,-3227909,7666722,7762305,6295269,2,2,2,2
2025-09-03 13:00:13.590,-3227901,7666891,7762407,6295303,2,2,2,2
2025-09-03 13:00:13.592,-7430396,3472777,7762669,4198156,2,2,2,2
2025-09-03 13:00:13.595,-7430154,3472751,7762652,4198390,2,2,2,2
2025-09-03 13:00:13.597,-3235950,7666972,7762573,6295531,2,2,2,2
2025-09-03 13:00:13.600,-7430170,3472757,7762664,2101243,2,2,2,2
2025-09-03 13:00:13.603,-3227762,7666995,3568277,6295542,2,2,2,2
2025-09-03 13:00:13.606,-3219591,7667040,3568266,6295526,2,2,2,2
2025-09-03 13:00:13.609,-7430257,3472777,7762661,6295550,2,2,2,2
2025-09-03 13:00:13.611,-7430181,3472797,7762684,6295573,2,2,2,2
2025-09-03 13:00:13.614,-7413762,7667201,3568415,6295611,2,2,2,2
2025-09-03 13:00:13.617,-3219425,7667236,7762819,6295779,2,2,2,2
2025-09-03 13:00:13.619,-7413758,7667212,3568507,6295771,2,2,2,2
2025-09-03 13:00:13.622,-7413743,7667298,3568526,6295786,2,2,2,2
2025-09-03 13:00:13.624,-7430165,7667206,7762811,2109586,2,2,2,2
2025-09-03 13:00:13.627,-7430153,7667262,7762833,2101480,2,2,2,2
2025-09-03 13:00:13.630,-7413697,7667343,3552244,6295837,2,2,2,2
2025-09-03 13:00:13.633,-7413754,7667330,7746535,6295814,2,2,2,2
2025-09-03 13:00:13.636,-3227518,7667454,3568751,6296012,2,2,2,2
2025-09-03 13:00:13.639,-7413620,7667230,3568519,6295784,2,2,2,2
2025-09-03 13:00:13.642,-7413502,3473296,7762946,4198760,2,2,2,2
2025-09-03 13:00:13.644,-7413498,3473305,7762951,4198768,2,2,2,2
2025-09-03 13:00:13.647,-7413455,7667694,3568667,6296006,2,2,2,2
2025-09-03 13:00:13.650,-7413279,3473286,7763182,4199008,2,2,2,2
2025-09-03 13:00:13.652,-7413319,7602321,3552513,6296164,2,2,2,2
2025-09-03 13:00:13.655,-7413428,7602274,3552662,6296314,2,2,2,2
2025-09-03 13:00:13.658,-7413263,7667703,3552540,6296195,2,2,2,2
2025-09-03 13:00:13.661,-7413402,7602291,7763431,2109955,2,2,2,2
2025-09-03 13:00:13.664,-7413261,3407876,7763259,6296290,2,2,2,2
2025-09-03 13:00:13.666,-7413362,7602413,7763298,2110074,2,2,2,2
2025-09-03 13:00:13.669,-7413241,7602291,7763429,2110204,2,2,2,2
2025-09-03 13:00:13.671,-7413267,7602207,7763349,2110200,2,2,2,2
2025-09-03 13:00:13.674,-7413185,7602415,7747146,6296461,2,2,2,2
2025-09-03 13:00:13.676,-3227109,7602650,7763467,6296370,2,2,2,2
2025-09-03 13:00:13.679,-3227105,7602660,3569177,6296383,2,2,2,2
2025-09-03 13:00:13.682,-3218805,7602445,3569289,6296545,2,2,2,2
2025-09-03 13:00:13.685,-3218702,7602633,7763457,6296346,2,2,2,2
2025-09-03 13:00:13.688,-7413018,7602569,3552772,6296428,2,2,2,2
2025-09-03 13:00:13.691,-7413239,7602677,7747145,6296468,2,2,2,2
2025-09-03 13:00:13.693,-3218841,7602457,7763603,6296569,2,2,2,2
2025-09-03 13:00:13.696,-3218920,7602454,7763600,6296566,2,2,2,2
2025-09-03 13:00:13.698,-7413101,3408355,7763481,4199292,2,2,2,2
2025-09-03 13:00:13.701,-7413178,7602548,3569396,6296601,2,2,2,2
2025-09-03 13:00:13.703,-7412914,7602818,3569408,6296604,2,2,2,2
2025-09-03 13:00:13.707,-7412790,7602914,7747397,6296706,2,2,2,2
2025-09-03 13:00:13.709,-3226776,7602749,7763720,6296641,2,2,2,2
2025-09-03 13:00:13.712,-3226759,7602891,7763810,6296638,2,2,2,2
2025-09-03 13:00:13.715,-3226746,7602917,3569531,6296784,2,2,2,2
2025-09-03 13:00:13.717,-3218559,7602927,3569531,6296804,2,2,2,2
2025-09-03 13:00:13.720,-7412846,7602943,3569556,6296835,2,2,2,2
2025-09-03 13:00:13.723,-7412837,3408666,7764197,4199699,2,2,2,2
2025-09-03 13:00:13.726,-3218540,7602973,7764205,6296851,2,2,2,2
2025-09-03 13:00:13.728,-7412726,7603102,3553388,6297042,2,2,2,2
2025-09-03 13:00:13.731,-7412854,3408737,7764199,4199694,2,2,2,2
2025-09-03 13:00:13.734,-7412635,3408640,7764167,4199922,2,2,2,2
2025-09-03 13:00:13.736,-7412560,7603057,3553534,6297194,2,2,2,2
2025-09-03 13:00:13.739,-7412614,3408756,7764213,4200034,2,2,2,2
2025-09-03 13:00:13.742,-7412729,7603198,3570053,6297327,2,2,2,2
2025-09-03 13:00:13.745,-7412708,7603221,3570149,6297112,2,2,2,2
2025-09-03 13:00:13.748,-7412421,7603302,3570170,6297379,2,2,2,2
2025-09-03 13:00:13.750,-7412332,7603437,7764610,2111475,2,2,2,2
2025-09-03 13:00:13.753,-7412256,7603459,7764625,2111486,2,2,2,2
2025-09-03 13:00:13.756,-7412246,3409170,7764716,4200222,2,2,2,2
2025-09-03 13:00:13.758,-7412228,7603534,7764731,2111341,2,2,2,2
2025-09-03 13:00:13.761,-3218071,7603611,3570281,6297566,2,2,2,2
2025-09-03 13:00:13.763,-7412240,7603568,7748349,6297711,2,2,2,2
2025-09-03 13:00:13.766,-7412220,7603589,7748407,6297747,2,2,2,2
2025-09-03 13:00:13.769,-7412237,7603596,7764759,2111621,2,2,2,2
2025-09-03 13:00:13.772,-3218036,7603500,7764728,6297709,2,2,2,2
2025-09-03 13:00:13.775,-3217925,7603601,3570550,6297819,2,2,2,2
2025-09-03 13:00:13.778,-7412218,7603694,3570562,6297845,2,2,2,2
2025-09-03 13:00:13.781,-7412228,3409385,7764931,4200692,2,2,2,2
2025-09-03 13:00:13.783,-7412100,7603825,3570442,6297659,2,2,2,2
2025-09-03 13:00:13.786,-7412220,7603717,7764886,2103309,2,2,2,2
2025-09-03 13:00:13.788,-7412225,7603719,7764969,2111511,2,2,2,2
2025-09-03 13:00:13.791,-7412201,7603815,3570440,6297654,2,2,2,2
2025-09-03 13:00:13.794,-7412225,3409428,7764975,6297631,2,2,2,2
2025-09-03 13:00:13.796,-7411987,7603712,7764967,2103582,2,2,2,2
2025-09-03 13:00:13.799,-7412193,3409529,7764761,6297748,2,2,2,2
2025-09-03 13:00:13.802,-7412222,7603824,3570708,6297915,2,2,2,2
2025-09-03 13:00:13.805,-7412187,7603866,7748737,6298105,2,2,2,2
2025-09-03 13:00:13.808,-3217666,7603828,3570708,6298069,2,2,2,2
2025-09-03 13:00:13.810,-7411996,7604070,7748613,6297986,2,2,2,2
2025-09-03 13:00:13.813,-7411930,7604210,7748799,6298133,2,2,2,2
2025-09-03 13:00:13.815,-3225626,7604160,7765272,6298306,2,2,2,2
2025-09-03 13:00:13.818,-7411946,7603968,7748800,6298137,2,2,2,2
2025-09-03 13:00:13.821,-7411961,7604195,7748788,6298122,2,2,2,2
2025-09-03 13:00:13.824,-7411925,7603995,7748856,6298236,2,2,2,2
2025-09-03 13:00:13.826,-7411726,7604208,7749045,6298132,2,2,2,2
2025-09-03 13:00:13.829,-3225757,7604262,7765258,6298305,2,2,2,2
2025-09-03 13:00:13.831,-3217647,7604255,7765251,6298241,2,2,2,2
2025-09-03 13:00:13.834,-3217550,7604366,3571063,6298350,2,2,2,2
2025-09-03 13:00:13.837,-7411947,7604303,7765274,2103957,2,2,2,2
2025-09-03 13:00:13.841,-7411772,3410148,7749072,6298380,2,2,2,2
2025-09-03 13:00:13.843,-3217377,7604357,3571307,6298609,2,2,2,2
2025-09-03 13:00:13.846,-7411816,7604240,7765514,2112388,2,2,2,2
2025-09-03 13:00:13.849,-7411653,7604485,7749357,6298475,2,2,2,2
2025-09-03 13:00:13.851,-7411710,7604626,7765633,2112500,2,2,2,2
2025-09-03 13:00:13.854,-7411472,7604612,7765614,2112494,2,2,2,2
2025-09-03 13:00:13.857,-7411569,7604594,3571554,6298840,2,2,2,2
2025-09-03 13:00:13.859,-7411554,7604600,3571560,6298849,2,2,2,2
2025-09-03 13:00:13.862,-7411554,7604605,7765870,2112744,2,2,2,2
2025-09-03 13:00:13.865,-7411588,7604580,3571478,6298837,2,2,2,2
2025-09-03 13:00:13.867,-7411445,7604735,7765998,6298733,2,2,2,2
2025-09-03 13:00:13.871,-7411516,7604619,7749500,6298874,2,2,2,2
2025-09-03 13:00:13.874,-7411486,3410414,7765985,6298650,2,2,2,2
2025-09-03 13:00:13.876,-7411471,3410426,7765999,6298733,2,2,2,2
2025-09-03 13:00:13.879,-7411349,7604859,3571566,6298867,2,2,2,2
2025-09-03 13:00:13.882,-3217140,7604792,7766122,6299083,2,2,2,2
2025-09-03 13:00:13.885,-3217027,7604982,7766248,6298957,2,2,2,2
2025-09-03 13:00:13.888,-7411261,7604991,7782648,6298991,2,2,2,2
2025-09-03 13:00:13.890,-7411230,7605091,7782461,6299106,2,2,2,2
2025-09-03 13:00:13.893,-7410993,7605018,7782710,6299294,2,2,2,2
2025-09-03 13:00:13.896,-7410990,7605090,7782687,6299277,2,2,2,2
2025-09-03 13:00:13.899,-7411188,7605147,3571862,6299157,2,2,2,2
2025-09-03 13:00:13.901,-7411046,7605117,7766382,2105084,2,2,2,2
2025-09-03 13:00:13.904,-3216744,7605195,7766396,6299141,2,2,2,2
2025-09-03 13:00:13.907,-7411181,7605246,7782898,6299266,2,2,2,2
2025-09-03 13:00:13.910,-7411191,7605251,7766515,2113143,2,2,2,2
2025-09-03 13:00:13.913,-7411047,7605436,7766423,2113376,2,2,2,2
2025-09-03 13:00:13.915,-7410931,7605267,7766547,2105235,2,2,2,2
2025-09-03 13:00:13.918,-7410934,7605273,7782972,6299546,2,2,2,2
2025-09-03 13:00:13.920,-3224719,7605452,7766669,6299403,2,2,2,2
2025-09-03 13:00:13.923,-3224603,7605528,7766538,6299599,2,2,2,2
2025-09-03 13:00:13.926,-3216648,7605286,3572254,6299617,2,2,2,2
2025-09-03 13:00:13.929,-7410795,3411215,7766539,6299534,2,2,2,2
2025-09-03 13:00:13.932,-7410828,7605493,3588861,6299515,2,2,2,2
2025-09-03 13:00:13.934,-3216526,7605507,7766531,6299510,2,2,2,2
2025-09-03 13:00:13.937,-7410890,7605511,7782929,6299534,2,2,2,2
2025-09-03 13:00:13.940,-7410751,7605528,7783238,6316181,2,2,2,2
2025-09-03 13:00:13.943,-7410703,7605649,7783359,6316051,2,2,2,2
2025-09-03 13:00:13.946,-7410807,7605616,7766653,2105336,2,2,2,2
2025-09-03 13:00:13.948,-7410804,7605633,7766668,2113540,2,2,2,2
2025-09-03 13:00:13.951,-7410741,7605638,7783103,6316050,2,2,2,2
2025-09-03 13:00:13.953,-7410703,7605754,7783219,6316163,2,2,2,2
2025-09-03 13:00:13.956,-7410711,7605741,7783169,6316139,2,2,2,2
2025-09-03 13:00:13.959,-7410749,7605658,7783404,6316128,2,2,2,2
2025-09-03 13:00:13.962,-7410560,7605984,3572714,6316329,2,2,2,2
2025-09-03 13:00:13.965,-7410476,7605763,7783433,6316407,2,2,2,2
2025-09-03 13:00:13.968,-7410460,7605767,7767067,2113931,2,2,2,2
2025-09-03 13:00:13.971,-7410688,3411555,7767237,6316532,2,2,2,2
2025-09-03 13:00:13.973,-7410449,7605873,3572871,6316289,2,2,2,2
2025-09-03 13:00:13.976,-3216244,7605777,3572841,6316511,2,2,2,2
2025-09-03 13:00:13.978,-7410458,7605884,7767180,2121993,2,2,2,2
2025-09-03 13:00:13.981,-7410671,7605918,7767282,2113894,2,2,2,2
2025-09-03 13:00:13.984,-7410548,7606131,7767168,2114037,2,2,2,2
2025-09-03 13:00:13.986,-3224328,7606243,7767298,6300198,2,2,2,2
2025-09-03 13:00:13.989,-3224198,7606054,3573121,6316775,2,2,2,2
2025-09-03 13:00:13.992,-7410454,3411869,7767295,6316656,2,2,2,2
2025-09-03 13:00:13.994,-3224436,7606219,3572987,6316579,2,2,2,2
2025-09-03 13:00:13.997,-3216150,7606251,3572999,6316606,2,2,2,2
2025-09-03 13:00:14.000,-7410573,3411847,7767270,6316551,2,2,2,2
2025-09-03 13:00:14.003,-3216239,7606253,7767306,6300232,2,2,2,2
2025-09-03 13:00:14.005,-7410374,7606144,3573217,6316545,2,2,2,2
2025-09-03 13:00:14.008,-7410294,7606256,3589401,6316599,2,2,2,2
2025-09-03 13:00:14.010,-7410431,7606379,3573146,6316787,2,2,2,2
2025-09-03 13:00:14.013,-7410300,7606516,7767651,2106248,2,2,2,2
2025-09-03 13:00:14.016,-7410224,7606282,3589751,6316958,2,2,2,2
2025-09-03 13:00:14.019,-3215859,7606420,3573502,6316819,2,2,2,2
2025-09-03 13:00:14.022,-7410275,3412072,7767758,6317044,2,2,2,2
2025-09-03 13:00:14.025,-7410163,7606496,7783948,6316914,2,2,2,2
2025-09-03 13:00:14.028,-7410126,7606547,7784063,6317033,2,2,2,2
2025-09-03 13:00:14.030,-3215860,7606778,7767904,6300809,2,2,2,2
2025-09-03 13:00:14.033,-7410149,7606542,3590007,6317283,2,2,2,2
2025-09-03 13:00:14.036,-3224036,7606543,7767932,6300903,2,2,2,2
2025-09-03 13:00:14.039,-7409920,7606797,7784236,6317281,2,2,2,2
2025-09-03 13:00:14.041,-7409801,7606925,7768051,2114912,2,2,2,2
2025-09-03 13:00:14.044,-7409869,7606913,7784395,6317336,2,2,2,2
2025-09-03 13:00:14.046,-7409898,7606815,7784378,6317315,2,2,2,2
2025-09-03 13:00:14.049,-3223650,7607036,7768184,6301111,2,2,2,2
2025-09-03 13:00:14.051,-3215519,7607006,7768071,6301004,2,2,2,2
2025-09-03 13:00:14.054,-7409770,3420946,7768256,4220393,2,2,2,2
2025-09-03 13:00:14.057,-3223655,7607062,3573892,6301177,2,2,2,2
2025-09-03 13:00:14.060,-7409633,3412963,7768345,6317705,2,2,2,2
2025-09-03 13:00:14.062,-3215385,7607166,3574008,6317600,2,2,2,2
2025-09-03 13:00:14.065,-7409685,7607174,3574011,6317611,2,2,2,2
2025-09-03 13:00:14.068,-7409779,7607143,3573913,6317581,2,2,2,2
2025-09-03 13:00:14.070,-7409901,7607028,7768179,2106781,2,2,2,2
2025-09-03 13:00:14.073,-7409866,7607048,3590271,6317545,2,2,2,2
2025-09-03 13:00:14.077,-7409719,3412858,7768302,6317581,2,2,2,2
2025-09-03 13:00:14.079,-3215243,7607149,3574253,6317581,2,2,2,2
2025-09-03 13:00:14.082,-7409642,7607324,7768474,2115331,2,2,2,2
2025-09-03 13:00:14.084,-7409640,7607313,7784889,6317831,2,2,2,2
2025-09-03 13:00:14.087,-7409612,7607417,7784963,6317934,2,2,2,2
2025-09-03 13:00:14.089,-3215112,7607325,7768479,6301446,2,2,2,2
2025-09-03 13:00:14.092,-7409462,7607529,7785080,6317979,2,2,2,2
2025-09-03 13:00:14.095,-3215243,7607506,3574374,6318018,2,2,2,2
2025-09-03 13:00:14.097,-7409468,7607539,7785088,6318056,2,2,2,2
2025-09-03 13:00:14.100,-7409411,7607400,7785215,6317925,2,2,2,2
2025-09-03 13:00:14.102,-3215074,7607521,7768681,6301631,2,2,2,2
2025-09-03 13:00:14.105,-7409379,3421415,7768627,4220897,2,2,2,2
2025-09-03 13:00:14.107,-7409392,3421342,7768620,4220810,2,2,2,2
2025-09-03 13:00:14.110,-7409512,3421301,7768819,4220769,2,2,2,2
2025-09-03 13:00:14.113,-3215134,7607489,7768590,6301483,2,2,2,2
2025-09-03 13:00:14.116,-3214985,7607601,3574522,6318097,2,2,2,2
2025-09-03 13:00:14.119,-7409176,3413407,7768882,6318225,2,2,2,2
2025-09-03 13:00:14.121,-7409310,7607573,3574518,6318100,2,2,2,2
2025-09-03 13:00:14.124,-7409252,7607740,7768954,2115728,2,2,2,2
2025-09-03 13:00:14.126,-7409347,7607694,7785295,6318213,2,2,2,2
2025-09-03 13:00:14.129,-3214968,7607765,3574654,6318307,2,2,2,2
2025-09-03 13:00:14.132,-7409380,3413276,7768846,6318179,2,2,2,2
2025-09-03 13:00:14.135,-3214873,7607809,7769056,6301948,2,2,2,2
2025-09-03 13:00:14.137,-7409118,3413639,7769124,6318472,2,2,2,2
2025-09-03 13:00:14.140,-7409020,3413759,7769297,6318586,2,2,2,2
2025-09-03 13:00:14.142,-7409023,7608054,3574931,6318581,2,2,2,2
2025-09-03 13:00:14.145,-7409143,7607935,7769194,2115979,2,2,2,2
2025-09-03 13:00:14.148,-7409092,7607966,3591304,6318564,2,2,2,2
2025-09-03 13:00:14.150,-7409137,7608036,7769228,6302188,2,2,2,2
2025-09-03 13:00:14.154,-3214707,7608095,3575041,6318636,2,2,2,2
2025-09-03 13:00:14.157,-7408919,3413899,7769388,4221583,2,2,2,2
2025-09-03 13:00:14.159,-7408789,7608089,3575295,6318628,2,2,2,2
2025-09-03 13:00:14.162,-7408767,7608186,3575065,6318647,2,2,2,2
2025-09-03 13:00:14.165,-3214460,7608259,7769447,6302420,2,2,2,2
2025-09-03 13:00:14.168,-7408647,7608318,3575274,6318855,2,2,2,2
2025-09-03 13:00:14.171,-7408835,3414147,7769645,6318983,2,2,2,2
2025-09-03 13:00:14.174,-7408745,3422462,7769824,4221696,2,2,2,2
2025-09-03 13:00:14.177,-3214309,7608373,3575397,6302658,2,2,2,2
2025-09-03 13:00:14.180,-3214214,7608546,3575437,6319094,2,2,2,2
2025-09-03 13:00:14.183,-7408482,3414292,7769855,6319203,2,2,2,2
2025-09-03 13:00:14.186,-3214089,7608628,7769887,6302843,2,2,2,2
2025-09-03 13:00:14.188,-7408577,7608552,3575451,6319093,2,2,2,2
2025-09-03 13:00:14.191,-7408526,7608562,3575531,6319120,2,2,2,2
2025-09-03 13:00:14.193,-7408638,3414164,7786194,6319087,2,2,2,2
2025-09-03 13:00:14.196,-7408450,7608703,3575675,6319319,2,2,2,2
2025-09-03 13:00:14.200,-7408521,3414300,7769879,6319211,2,2,2,2
2025-09-03 13:00:14.203,-7408422,7608701,3592062,6319251,2,2,2,2
2025-09-03 13:00:14.205,-7408520,7608691,3575660,6319306,2,2,2,2
2025-09-03 13:00:14.208,-7408398,7608827,3575797,6319124,2,2,2,2
2025-09-03 13:00:14.210,-7408408,7608781,7770093,2116861,2,2,2,2
2025-09-03 13:00:14.213,-7408539,7608688,7769971,2116747,2,2,2,2
2025-09-03 13:00:14.216,-7408433,7608589,3591941,6319209,2,2,2,2
2025-09-03 13:00:14.219,-7408416,7608824,7770114,2116885,2,2,2,2
2025-09-03 13:00:14.222,-7408378,7608947,3575929,6319556,2,2,2,2
2025-09-03 13:00:14.224,-7408591,7608734,7786436,6319358,2,2,2,2
2025-09-03 13:00:14.227,-7408415,7608849,7786555,6319467,2,2,2,2
2025-09-03 13:00:14.229,-3213972,7609058,7770351,6303230,2,2,2,2
2025-09-03 13:00:14.232,-3214078,7609040,7770261,6303175,2,2,2,2
2025-09-03 13:00:14.234,-7408367,7609071,7786735,6319619,2,2,2,2
2025-09-03 13:00:14.237,-3213942,7609130,3576172,6319811,2,2,2,2
