Timestamp,Ch1,Ch2,Ch3,Ch4,Ch5,Ch6,Ch7,Ch8
2025-09-03 13:26:21.555,-515854,-560114,-559994,-530711,2,2,2,2
2025-09-03 13:26:21.583,-499358,-559758,-559634,-530672,2,2,2,2
2025-09-03 13:26:21.609,-499323,-559663,-559858,-530612,2,2,2,2
2025-09-03 13:26:21.637,-499425,-559756,-559635,-530675,2,2,2,2
2025-09-03 13:26:21.663,-515723,-559738,-576015,-530663,2,2,2,2
2025-09-03 13:26:21.691,-516043,-559989,-576273,-530915,2,2,2,2
2025-09-03 13:26:21.718,-499567,-576313,-560126,-530818,2,2,2,2
2025-09-03 13:26:21.746,-499614,-576386,-559998,-530700,2,2,2,2
2025-09-03 13:26:21.774,-499670,-559984,-576296,-530934,2,2,2,2
2025-09-03 13:26:21.800,-515974,-559982,-559903,-530933,2,2,2,2
2025-09-03 13:26:21.827,-499673,-560018,-576392,-530786,2,2,2,2
2025-09-03 13:26:21.855,-507904,-560115,-560025,-530742,2,2,2,2
2025-09-03 13:26:21.882,-499557,-576262,-559861,-530841,2,2,2,2
2025-09-03 13:26:21.909,-507677,-559884,-559858,-530910,2,2,2,2
2025-09-03 13:26:21.937,-499496,-559882,-576252,-530928,2,2,2,2
2025-09-03 13:26:21.964,-516025,-559994,-576376,-530785,2,2,2,2
2025-09-03 13:26:21.991,-499467,-559856,-576246,-530840,2,2,2,2
2025-09-03 13:26:22.019,-499221,-559775,-559864,-530586,2,2,2,2
2025-09-03 13:26:22.046,-499319,-559620,-559632,-530672,2,2,2,2
2025-09-03 13:26:22.072,-515963,-559892,-559898,-530936,2,2,2,2
2025-09-03 13:26:22.100,-507624,-559678,-559750,-530465,2,2,2,2
2025-09-03 13:26:22.126,-499685,-559974,-576450,-530787,2,2,2,2
2025-09-03 13:26:22.154,-507544,-559629,-559747,-530717,2,2,2,2
2025-09-03 13:26:22.180,-515649,-559770,-576012,-530676,2,2,2,2
2025-09-03 13:26:22.208,-499323,-576202,-559647,-530690,2,2,2,2
2025-09-03 13:26:22.235,-499685,-559891,-576403,-530788,2,2,2,2
2025-09-03 13:26:22.262,-515842,-559647,-559769,-530749,2,2,2,2
2025-09-03 13:26:22.291,-499254,-559771,-576051,-530686,2,2,2,2
2025-09-03 13:26:22.316,-499686,-576265,-560011,-539008,2,2,2,2
2025-09-03 13:26:22.343,-499706,-559892,-576463,-530827,2,2,2,2
2025-09-03 13:26:22.370,-507889,-559902,-560102,-530897,2,2,2,2
2025-09-03 13:26:22.396,-499474,-559921,-559878,-530956,2,2,2,2
2025-09-03 13:26:22.423,-499425,-576051,-559846,-539040,2,2,2,2
2025-09-03 13:26:22.449,-499446,-559657,-559872,-530689,2,2,2,2
2025-09-03 13:26:22.476,-499424,-559648,-576203,-530926,2,2,2,2
2025-09-03 13:26:22.502,-507786,-559904,-560105,-531189,2,2,2,2
2025-09-03 13:26:22.529,-515718,-559721,-559855,-530936,2,2,2,2
2025-09-03 13:26:22.557,-499599,-559971,-560123,-530948,2,2,2,2
2025-09-03 13:26:22.584,-499479,-559860,-560080,-530840,2,2,2,2
2025-09-03 13:26:22.611,-499484,-559867,-576482,-530934,2,2,2,2
2025-09-03 13:26:22.638,-499594,-559917,-559898,-531059,2,2,2,2
2025-09-03 13:26:22.665,-516075,-560099,-560010,-531162,2,2,2,2
2025-09-03 13:26:22.692,-507750,-559907,-559883,-530997,2,2,2,2
2025-09-03 13:26:22.719,-499308,-576116,-559896,-530802,2,2,2,2
2025-09-03 13:26:22.747,-499568,-559996,-559920,-531064,2,2,2,2
2025-09-03 13:26:22.775,-507776,-559936,-559993,-531147,2,2,2,2
2025-09-03 13:26:22.803,-499616,-560020,-560098,-531184,2,2,2,2
2025-09-03 13:26:22.829,-499707,-560118,-560143,-530959,2,2,2,2
2025-09-03 13:26:22.856,-499705,-560107,-576526,-530971,2,2,2,2
2025-09-03 13:26:22.884,-499468,-559883,-576375,-531063,2,2,2,2
2025-09-03 13:26:22.912,-499477,-559898,-576653,-531074,2,2,2,2
2025-09-03 13:26:22.939,-499561,-559918,-560105,-531142,2,2,2,2
2025-09-03 13:26:22.966,-499695,-576521,-560237,-539512,2,2,2,2
2025-09-03 13:26:22.994,-499353,-559872,-559982,-531059,2,2,2,2
2025-09-03 13:26:23.021,-515861,-559979,-560272,-531158,2,2,2,2
2025-09-03 13:26:23.048,-499479,-576372,-560021,-539374,2,2,2,2
2025-09-03 13:26:23.075,-515810,-559875,-559969,-531005,2,2,2,2
2025-09-03 13:26:23.103,-499344,-576248,-559883,-531072,2,2,2,2
2025-09-03 13:26:23.131,-499447,-559636,-559983,-530921,2,2,2,2
2025-09-03 13:26:23.158,-499214,-559724,-560083,-530945,2,2,2,2
2025-09-03 13:26:23.185,-499219,-559673,-560029,-530994,2,2,2,2
2025-09-03 13:26:23.212,-499304,-559851,-559896,-530809,2,2,2,2
2025-09-03 13:26:23.240,-499350,-559716,-559934,-530848,2,2,2,2
2025-09-03 13:26:23.267,-507751,-560122,-560145,-531137,2,2,2,2
2025-09-03 13:26:23.294,-499341,-559976,-560087,-531197,2,2,2,2
2025-09-03 13:26:23.322,-499444,-559835,-560126,-531060,2,2,2,2
2025-09-03 13:26:23.351,-499347,-559983,-560103,-530960,2,2,2,2
2025-09-03 13:26:23.378,-499419,-559742,-576510,-531047,2,2,2,2
2025-09-03 13:26:23.406,-499434,-560026,-576572,-531057,2,2,2,2
2025-09-03 13:26:23.432,-515740,-560026,-560226,-531006,2,2,2,2
2025-09-03 13:26:23.460,-499338,-576138,-559894,-531049,2,2,2,2
2025-09-03 13:26:23.487,-499450,-559882,-576700,-531176,2,2,2,2
2025-09-03 13:26:23.514,-499221,-559895,-560111,-531192,2,2,2,2
2025-09-03 13:26:23.542,-515647,-559740,-559970,-530972,2,2,2,2
2025-09-03 13:26:23.571,-507514,-560073,-560249,-530991,2,2,2,2
2025-09-03 13:26:23.597,-499330,-576140,-560004,-539252,2,2,2,2
2025-09-03 13:26:23.624,-498968,-559636,-559904,-530714,2,2,2,2
2025-09-03 13:26:23.652,-499094,-559828,-560023,-530840,2,2,2,2
2025-09-03 13:26:23.679,-498976,-559663,-559986,-530706,2,2,2,2
2025-09-03 13:26:23.706,-498953,-559642,-576320,-530696,2,2,2,2
2025-09-03 13:26:23.734,-515728,-559775,-560029,-531138,2,2,2,2
2025-09-03 13:26:23.762,-499298,-576126,-560015,-530959,2,2,2,2
2025-09-03 13:26:23.789,-515480,-559872,-559876,-530895,2,2,2,2
2025-09-03 13:26:23.815,-499103,-576023,-559889,-530845,2,2,2,2
2025-09-03 13:26:23.843,-515586,-559741,-576376,-530949,2,2,2,2
2025-09-03 13:26:23.872,-499437,-559991,-576526,-531104,2,2,2,2
2025-09-03 13:26:23.898,-515466,-559720,-560123,-530896,2,2,2,2
2025-09-03 13:26:23.925,-499083,-559724,-560111,-530823,2,2,2,2
2025-09-03 13:26:23.953,-515482,-559754,-560124,-530923,2,2,2,2
2025-09-03 13:26:23.981,-499336,-576398,-560105,-539286,2,2,2,2
2025-09-03 13:26:24.009,-507510,-560076,-560285,-531154,2,2,2,2
2025-09-03 13:26:24.037,-515616,-559989,-560006,-531006,2,2,2,2
2025-09-03 13:26:24.064,-499446,-559892,-560183,-531051,2,2,2,2
2025-09-03 13:26:24.092,-515718,-560103,-560145,-531195,2,2,2,2
2025-09-03 13:26:24.118,-515809,-560121,-560230,-531220,2,2,2,2
2025-09-03 13:26:24.147,-499360,-576269,-560250,-539164,2,2,2,2
2025-09-03 13:26:24.175,-515595,-559990,-560110,-531160,2,2,2,2
2025-09-03 13:26:24.201,-499212,-560008,-576757,-531096,2,2,2,2
2025-09-03 13:26:24.227,-499206,-559996,-576747,-531099,2,2,2,2
2025-09-03 13:26:24.255,-507494,-560078,-560123,-531178,2,2,2,2
2025-09-03 13:26:24.283,-515613,-559999,-560127,-531170,2,2,2,2
2025-09-03 13:26:24.311,-515820,-559903,-560273,-531007,2,2,2,2
2025-09-03 13:26:24.338,-507510,-560104,-560138,-531200,2,2,2,2
2025-09-03 13:26:24.365,-515762,-560133,-576622,-531226,2,2,2,2
2025-09-03 13:26:24.392,-515694,-560114,-560160,-531201,2,2,2,2
2025-09-03 13:26:24.419,-515600,-560105,-560131,-531193,2,2,2,2
2025-09-03 13:26:24.446,-499457,-576737,-560364,-539622,2,2,2,2
2025-09-03 13:26:24.473,-515762,-560252,-576646,-531401,2,2,2,2
2025-09-03 13:26:24.500,-499245,-560146,-576575,-531314,2,2,2,2
2025-09-03 13:26:24.528,-515836,-560031,-560371,-531205,2,2,2,2
2025-09-03 13:26:24.555,-515633,-560135,-576530,-531309,2,2,2,2
2025-09-03 13:26:24.582,-515689,-560141,-560155,-531248,2,2,2,2
2025-09-03 13:26:24.610,-499202,-576457,-560124,-530963,2,2,2,2
2025-09-03 13:26:24.638,-507524,-560164,-560247,-531421,2,2,2,2
2025-09-03 13:26:24.666,-499428,-560268,-560342,-531442,2,2,2,2
2025-09-03 13:26:24.693,-499403,-559983,-576631,-531181,2,2,2,2
2025-09-03 13:26:24.721,-499445,-576395,-560272,-539394,2,2,2,2
2025-09-03 13:26:24.749,-499307,-576496,-560136,-531334,2,2,2,2
2025-09-03 13:26:24.775,-515646,-560112,-560380,-531263,2,2,2,2
2025-09-03 13:26:24.802,-499330,-576511,-560144,-531333,2,2,2,2
2025-09-03 13:26:24.830,-499348,-576258,-560225,-531092,2,2,2,2
2025-09-03 13:26:24.857,-499311,-576435,-560374,-539495,2,2,2,2
2025-09-03 13:26:24.882,-515648,-560117,-576522,-531066,2,2,2,2
2025-09-03 13:26:24.910,-499339,-559885,-560160,-531095,2,2,2,2
2025-09-03 13:26:24.937,-499219,-559999,-560340,-531206,2,2,2,2
2025-09-03 13:26:24.965,-499226,-560070,-560264,-531201,2,2,2,2
2025-09-03 13:26:24.993,-499206,-559992,-559929,-531101,2,2,2,2
2025-09-03 13:26:25.019,-499339,-560118,-560110,-530967,2,2,2,2
2025-09-03 13:26:25.047,-507522,-560104,-560026,-531194,2,2,2,2
2025-09-03 13:26:25.075,-499567,-576656,-560249,-539619,2,2,2,2
2025-09-03 13:26:25.103,-499179,-576267,-560121,-530950,2,2,2,2
2025-09-03 13:26:25.130,-515823,-559881,-560118,-530965,2,2,2,2
2025-09-03 13:26:25.157,-507537,-560120,-560101,-531146,2,2,2,2
2025-09-03 13:26:25.184,-499205,-576329,-559897,-531049,2,2,2,2
2025-09-03 13:26:25.211,-499182,-559627,-559878,-530719,2,2,2,2
2025-09-03 13:26:25.238,-499338,-560024,-560090,-531188,2,2,2,2
2025-09-03 13:26:25.264,-499197,-559861,-576266,-530974,2,2,2,2
2025-09-03 13:26:25.291,-499213,-559884,-559885,-531009,2,2,2,2
2025-09-03 13:26:25.318,-515461,-559738,-559998,-530906,2,2,2,2
2025-09-03 13:26:25.346,-499182,-559756,-576434,-530930,2,2,2,2
2025-09-03 13:26:25.372,-515687,-559869,-559893,-530979,2,2,2,2
2025-09-03 13:26:25.399,-499218,-559854,-560127,-530953,2,2,2,2
2025-09-03 13:26:25.426,-499153,-559723,-576379,-530817,2,2,2,2
2025-09-03 13:26:25.453,-499219,-576214,-560102,-530935,2,2,2,2
2025-09-03 13:26:25.482,-499058,-576006,-559872,-530716,2,2,2,2
2025-09-03 13:26:25.509,-515349,-559851,-559758,-530937,2,2,2,2
2025-09-03 13:26:25.537,-499432,-559979,-559906,-531067,2,2,2,2
2025-09-03 13:26:25.564,-499316,-560121,-560099,-531188,2,2,2,2
2025-09-03 13:26:25.590,-499216,-559774,-560083,-530848,2,2,2,2
2025-09-03 13:26:25.617,-499394,-559970,-576500,-530950,2,2,2,2
2025-09-03 13:26:25.644,-499321,-559890,-559881,-530960,2,2,2,2
2025-09-03 13:26:25.672,-499595,-576537,-560133,-539416,2,2,2,2
2025-09-03 13:26:25.698,-499185,-559745,-576322,-530810,2,2,2,2
2025-09-03 13:26:25.725,-499213,-560100,-576379,-531088,2,2,2,2
2025-09-03 13:26:25.753,-499202,-560028,-559919,-531065,2,2,2,2
2025-09-03 13:26:25.780,-515552,-559740,-576274,-530719,2,2,2,2
2025-09-03 13:26:25.809,-515724,-559988,-560117,-530954,2,2,2,2
2025-09-03 13:26:25.836,-499440,-560010,-576515,-531044,2,2,2,2
2025-09-03 13:26:25.862,-499229,-576503,-559984,-531102,2,2,2,2
2025-09-03 13:26:25.890,-499428,-560084,-560116,-531057,2,2,2,2
2025-09-03 13:26:25.916,-499396,-559895,-576394,-531184,2,2,2,2
2025-09-03 13:26:25.943,-499437,-560081,-560119,-531007,2,2,2,2
2025-09-03 13:26:25.970,-507667,-560130,-560240,-531085,2,2,2,2
2025-09-03 13:26:25.998,-499443,-576410,-560126,-530965,2,2,2,2
2025-09-03 13:26:26.026,-499499,-560155,-576570,-531087,2,2,2,2
2025-09-03 13:26:26.054,-499699,-576717,-560371,-531302,2,2,2,2
2025-09-03 13:26:26.081,-507654,-560372,-560366,-531315,2,2,2,2
2025-09-03 13:26:26.108,-515982,-560242,-560242,-531182,2,2,2,2
2025-09-03 13:26:26.135,-499615,-576707,-560240,-531183,2,2,2,2
2025-09-03 13:26:26.162,-499359,-560107,-559930,-530949,2,2,2,2
2025-09-03 13:26:26.188,-515938,-560158,-560362,-531259,2,2,2,2
2025-09-03 13:26:26.216,-499416,-560029,-576293,-531193,2,2,2,2
2025-09-03 13:26:26.242,-507652,-560157,-560016,-530991,2,2,2,2
2025-09-03 13:26:26.269,-499480,-576555,-560027,-531048,2,2,2,2
2025-09-03 13:26:26.297,-499712,-576526,-560268,-531219,2,2,2,2
2025-09-03 13:26:26.324,-499563,-560246,-560105,-531064,2,2,2,2
2025-09-03 13:26:26.351,-499478,-560242,-576406,-531052,2,2,2,2
2025-09-03 13:26:26.379,-499675,-560374,-576563,-531182,2,2,2,2
2025-09-03 13:26:26.406,-499697,-560147,-560239,-531210,2,2,2,2
2025-09-03 13:26:26.434,-499436,-560141,-559894,-530953,2,2,2,2
2025-09-03 13:26:26.461,-499359,-560132,-559882,-530955,2,2,2,2
2025-09-03 13:26:26.488,-507653,-560165,-559985,-530967,2,2,2,2
2025-09-03 13:26:26.514,-499358,-559873,-559892,-530921,2,2,2,2
2025-09-03 13:26:26.542,-507540,-560111,-559876,-531133,2,2,2,2
2025-09-03 13:26:26.570,-499301,-576392,-560103,-539243,2,2,2,2
2025-09-03 13:26:26.598,-499682,-560370,-560156,-531099,2,2,2,2
2025-09-03 13:26:26.626,-499253,-560024,-560114,-531070,2,2,2,2
2025-09-03 13:26:26.654,-515839,-560233,-559994,-530957,2,2,2,2
2025-09-03 13:26:26.681,-499556,-576648,-560022,-539253,2,2,2,2
2025-09-03 13:26:26.708,-515841,-560139,-560160,-531200,2,2,2,2
2025-09-03 13:26:26.735,-499707,-576519,-560154,-539393,2,2,2,2
2025-09-03 13:26:26.762,-499681,-576515,-560142,-539384,2,2,2,2
2025-09-03 13:26:26.790,-499608,-560384,-560138,-531443,2,2,2,2
2025-09-03 13:26:26.818,-499429,-576518,-559902,-539139,2,2,2,2
2025-09-03 13:26:26.844,-499236,-560010,-576463,-531084,2,2,2,2
2025-09-03 13:26:26.871,-499434,-560147,-559923,-530965,2,2,2,2
2025-09-03 13:26:26.897,-515825,-560238,-576397,-531052,2,2,2,2
2025-09-03 13:26:26.923,-499335,-576524,-559977,-530957,2,2,2,2
2025-09-03 13:26:26.950,-499356,-559992,-560073,-531060,2,2,2,2
2025-09-03 13:26:26.976,-499333,-560156,-559987,-531000,2,2,2,2
2025-09-03 13:26:27.002,-499359,-560003,-560089,-531068,2,2,2,2
2025-09-03 13:26:27.031,-499228,-576307,-560001,-539163,2,2,2,2
2025-09-03 13:26:27.059,-507499,-560178,-560018,-530993,2,2,2,2
2025-09-03 13:26:27.087,-499432,-576716,-560146,-539378,2,2,2,2
2025-09-03 13:26:27.114,-515856,-560493,-560258,-531233,2,2,2,2
2025-09-03 13:26:27.143,-499242,-560249,-576440,-531066,2,2,2,2
2025-09-03 13:26:27.171,-499455,-560143,-560071,-530963,2,2,2,2
2025-09-03 13:26:27.198,-507489,-560180,-560104,-531074,2,2,2,2
2025-09-03 13:26:27.225,-515639,-560243,-560100,-530998,2,2,2,2
2025-09-03 13:26:27.252,-515595,-559924,-560100,-530993,2,2,2,2
2025-09-03 13:26:27.280,-515814,-560159,-559996,-530960,2,2,2,2
2025-09-03 13:26:27.308,-499210,-576652,-560124,-539271,2,2,2,2
2025-09-03 13:26:27.335,-499448,-560237,-560113,-531075,2,2,2,2
2025-09-03 13:26:27.362,-499325,-560123,-559991,-530962,2,2,2,2
2025-09-03 13:26:27.390,-507523,-560378,-560250,-531252,2,2,2,2
2025-09-03 13:26:27.418,-515588,-560248,-560116,-531153,2,2,2,2
2025-09-03 13:26:27.446,-499212,-559985,-559875,-531104,2,2,2,2
2025-09-03 13:26:27.474,-507617,-560138,-560031,-531061,2,2,2,2
2025-09-03 13:26:27.502,-499331,-560106,-559929,-530961,2,2,2,2
2025-09-03 13:26:27.529,-499309,-560071,-559978,-531197,2,2,2,2
2025-09-03 13:26:27.555,-499251,-560002,-576322,-531184,2,2,2,2
2025-09-03 13:26:27.581,-499223,-559969,-576259,-531081,2,2,2,2
2025-09-03 13:26:27.608,-498948,-559970,-576255,-530809,2,2,2,2
2025-09-03 13:26:27.638,-499144,-560103,-560079,-530942,2,2,2,2
2025-09-03 13:26:27.665,-499214,-576373,-559970,-531170,2,2,2,2
2025-09-03 13:26:27.692,-507362,-560126,-560110,-531059,2,2,2,2
2025-09-03 13:26:27.721,-515720,-560106,-560020,-530962,2,2,2,2
2025-09-03 13:26:27.748,-515643,-560002,-559990,-531183,2,2,2,2
2025-09-03 13:26:27.775,-499219,-576316,-559895,-531100,2,2,2,2
2025-09-03 13:26:27.803,-499208,-559997,-559910,-531174,2,2,2,2
2025-09-03 13:26:27.830,-515575,-559897,-576271,-530843,2,2,2,2
2025-09-03 13:26:27.857,-499186,-559978,-559910,-530848,2,2,2,2
2025-09-03 13:26:27.885,-498976,-576135,-559767,-538899,2,2,2,2
2025-09-03 13:26:27.912,-498949,-559977,-576377,-530941,2,2,2,2
2025-09-03 13:26:27.940,-515599,-559977,-576386,-531198,2,2,2,2
2025-09-03 13:26:27.966,-515386,-560028,-576493,-531051,2,2,2,2
2025-09-03 13:26:27.994,-499153,-559877,-576356,-530843,2,2,2,2
2025-09-03 13:26:28.022,-499045,-560100,-559873,-531065,2,2,2,2
2025-09-03 13:26:28.050,-515460,-560120,-559887,-531145,2,2,2,2
2025-09-03 13:26:28.076,-515558,-559982,-560022,-530928,2,2,2,2
2025-09-03 13:26:28.102,-515708,-560128,-560157,-531142,2,2,2,2
2025-09-03 13:26:28.129,-499177,-559990,-560099,-530950,2,2,2,2
2025-09-03 13:26:28.156,-499227,-576719,-560141,-531323,2,2,2,2
2025-09-03 13:26:28.184,-515528,-559999,-576492,-531196,2,2,2,2
2025-09-03 13:26:28.211,-515578,-560012,-560132,-530972,2,2,2,2
2025-09-03 13:26:28.238,-499303,-560121,-560187,-531092,2,2,2,2
2025-09-03 13:26:28.265,-498966,-559864,-576370,-530834,2,2,2,2
2025-09-03 13:26:28.292,-498953,-560086,-559974,-531059,2,2,2,2
2025-09-03 13:26:28.320,-515364,-559861,-576380,-530835,2,2,2,2
2025-09-03 13:26:28.346,-507263,-559898,-560100,-530935,2,2,2,2
2025-09-03 13:26:28.374,-498945,-559765,-559909,-530792,2,2,2,2
2025-09-03 13:26:28.402,-499193,-560014,-559893,-531042,2,2,2,2
2025-09-03 13:26:28.430,-515569,-560012,-559892,-530973,2,2,2,2
2025-09-03 13:26:28.457,-515334,-559753,-559894,-530734,2,2,2,2
2025-09-03 13:26:28.485,-498966,-560028,-576334,-531068,2,2,2,2
2025-09-03 13:26:28.512,-498964,-560095,-559984,-531062,2,2,2,2
2025-09-03 13:26:28.539,-499008,-559873,-576450,-530847,2,2,2,2
2025-09-03 13:26:28.565,-499071,-576248,-560029,-530843,2,2,2,2
2025-09-03 13:26:28.593,-499187,-576374,-559974,-539164,2,2,2,2
2025-09-03 13:26:28.619,-498968,-559755,-559927,-530789,2,2,2,2
2025-09-03 13:26:28.646,-498921,-559726,-576311,-530714,2,2,2,2
2025-09-03 13:26:28.674,-515576,-559982,-559979,-530962,2,2,2,2
2025-09-03 13:26:28.701,-498972,-559746,-576319,-530804,2,2,2,2
2025-09-03 13:26:28.728,-499099,-576264,-559881,-530935,2,2,2,2
2025-09-03 13:26:28.756,-499194,-559902,-576314,-530952,2,2,2,2
2025-09-03 13:26:28.782,-515471,-560100,-560116,-531170,2,2,2,2
2025-09-03 13:26:28.810,-499047,-576371,-559996,-539240,2,2,2,2
2025-09-03 13:26:28.837,-515383,-559994,-576401,-531060,2,2,2,2
2025-09-03 13:26:28.864,-515348,-559975,-559995,-530962,2,2,2,2
2025-09-03 13:26:28.891,-499256,-560002,-576734,-531055,2,2,2,2
2025-09-03 13:26:28.919,-515567,-559878,-559973,-530921,2,2,2,2
2025-09-03 13:26:28.946,-515508,-559859,-559893,-530894,2,2,2,2
2025-09-03 13:26:28.974,-515612,-559994,-576643,-530950,2,2,2,2
2025-09-03 13:26:29.001,-515442,-560010,-560097,-530974,2,2,2,2
2025-09-03 13:26:29.027,-515379,-559765,-576416,-530712,2,2,2,2
2025-09-03 13:26:29.055,-499172,-559895,-560156,-531092,2,2,2,2
2025-09-03 13:26:29.081,-498953,-559753,-576469,-530696,2,2,2,2
2025-09-03 13:26:29.107,-515272,-559717,-576365,-530900,2,2,2,2
2025-09-03 13:26:29.136,-498882,-559851,-576237,-530716,2,2,2,2
2025-09-03 13:26:29.163,-498983,-559776,-576493,-530717,2,2,2,2
2025-09-03 13:26:29.191,-515560,-559999,-559978,-530906,2,2,2,2
2025-09-03 13:26:29.219,-515391,-559870,-576487,-530707,2,2,2,2
2025-09-03 13:26:29.247,-498933,-576197,-560005,-539114,2,2,2,2
2025-09-03 13:26:29.274,-507368,-560090,-559988,-530900,2,2,2,2
2025-09-03 13:26:29.301,-498908,-559776,-576293,-530831,2,2,2,2
2025-09-03 13:26:29.327,-498995,-559998,-559888,-530791,2,2,2,2
2025-09-03 13:26:29.354,-498969,-559903,-576502,-530707,2,2,2,2
2025-09-03 13:26:29.383,-498960,-576311,-560101,-539153,2,2,2,2
2025-09-03 13:26:29.412,-507385,-559874,-560012,-530933,2,2,2,2
2025-09-03 13:26:29.439,-507120,-559869,-559999,-530920,2,2,2,2
2025-09-03 13:26:29.468,-499077,-560103,-559895,-530842,2,2,2,2
2025-09-03 13:26:29.495,-515408,-560020,-559889,-530750,2,2,2,2
2025-09-03 13:26:29.522,-499082,-576508,-559900,-530832,2,2,2,2
2025-09-03 13:26:29.549,-499057,-576495,-560122,-530816,2,2,2,2
2025-09-03 13:26:29.576,-499187,-559983,-559926,-530949,2,2,2,2
2025-09-03 13:26:29.604,-498918,-559975,-559914,-530936,2,2,2,2
2025-09-03 13:26:29.631,-498926,-559670,-559753,-530686,2,2,2,2
2025-09-03 13:26:29.659,-515169,-559772,-559857,-530728,2,2,2,2
2025-09-03 13:26:29.686,-515323,-559735,-559765,-530712,2,2,2,2
2025-09-03 13:26:29.713,-498916,-559895,-576370,-530934,2,2,2,2
2025-09-03 13:26:29.742,-498712,-559831,-559855,-530811,2,2,2,2
2025-09-03 13:26:29.770,-515280,-559876,-576279,-530914,2,2,2,2
2025-09-03 13:26:29.797,-498694,-576126,-559765,-530801,2,2,2,2
2025-09-03 13:26:29.825,-515221,-559629,-559717,-530693,2,2,2,2
2025-09-03 13:26:29.852,-498703,-559736,-576244,-530813,2,2,2,2
2025-09-03 13:26:29.878,-498720,-559743,-576205,-530823,2,2,2,2
2025-09-03 13:26:29.906,-499054,-576450,-560111,-530829,2,2,2,2
2025-09-03 13:26:29.935,-515082,-559644,-559760,-530732,2,2,2,2
2025-09-03 13:26:29.963,-498689,-559717,-559820,-530795,2,2,2,2
2025-09-03 13:26:29.991,-498705,-559646,-576131,-530802,2,2,2,2
2025-09-03 13:26:30.019,-498751,-559769,-576254,-530927,2,2,2,2
2025-09-03 13:26:30.046,-499168,-560115,-576277,-530954,2,2,2,2
2025-09-03 13:26:30.074,-498834,-576192,-559884,-539129,2,2,2,2
2025-09-03 13:26:30.103,-507037,-559856,-559895,-530699,2,2,2,2
2025-09-03 13:26:30.130,-498811,-559763,-559853,-530921,2,2,2,2
2025-09-03 13:26:30.158,-498703,-559644,-576118,-530794,2,2,2,2
2025-09-03 13:26:30.186,-498714,-576059,-559743,-530821,2,2,2,2
2025-09-03 13:26:30.214,-498832,-576198,-559841,-530848,2,2,2,2
2025-09-03 13:26:30.242,-515079,-559869,-559722,-530727,2,2,2,2
2025-09-03 13:26:30.270,-498925,-559841,-559639,-530713,2,2,2,2
2025-09-03 13:26:30.298,-515055,-559517,-559640,-530463,2,2,2,2
2025-09-03 13:26:30.325,-498648,-559475,-575996,-530676,2,2,2,2
2025-09-03 13:26:30.351,-515090,-559773,-576112,-530786,2,2,2,2
2025-09-03 13:26:30.377,-515251,-559727,-559870,-530668,2,2,2,2
2025-09-03 13:26:30.404,-498794,-559643,-559843,-530574,2,2,2,2
2025-09-03 13:26:30.431,-515079,-559630,-559762,-530628,2,2,2,2
2025-09-03 13:26:30.460,-498700,-559632,-559813,-530572,2,2,2,2
2025-09-03 13:26:30.489,-515077,-559624,-559723,-530888,2,2,2,2
2025-09-03 13:26:30.517,-498712,-559724,-576128,-530583,2,2,2,2
2025-09-03 13:26:30.546,-498801,-559677,-559759,-530679,2,2,2,2
2025-09-03 13:26:30.574,-498705,-559633,-559659,-530797,2,2,2,2
2025-09-03 13:26:30.602,-498958,-559882,-576322,-530804,2,2,2,2
2025-09-03 13:26:30.630,-498812,-576062,-559759,-530842,2,2,2,2
2025-09-03 13:26:30.659,-498994,-559981,-576449,-530815,2,2,2,2
2025-09-03 13:26:30.687,-498682,-559585,-559607,-530685,2,2,2,2
2025-09-03 13:26:30.714,-498701,-576254,-559633,-538895,2,2,2,2
2025-09-03 13:26:30.742,-498575,-559422,-559519,-530576,2,2,2,2
2025-09-03 13:26:30.769,-498808,-559631,-559673,-530712,2,2,2,2
2025-09-03 13:26:30.796,-515232,-559669,-559765,-530634,2,2,2,2
2025-09-03 13:26:30.823,-498936,-576135,-559856,-538771,2,2,2,2
2025-09-03 13:26:30.851,-498918,-559716,-559827,-530810,2,2,2,2
2025-09-03 13:26:30.878,-498821,-559868,-559651,-530786,2,2,2,2
2025-09-03 13:26:30.905,-498837,-576248,-559724,-530712,2,2,2,2
2025-09-03 13:26:30.932,-515134,-559774,-576016,-530699,2,2,2,2
2025-09-03 13:26:30.960,-499162,-559854,-576305,-530720,2,2,2,2
2025-09-03 13:26:30.988,-498710,-559623,-559757,-530554,2,2,2,2
2025-09-03 13:26:31.015,-507116,-559838,-559637,-530694,2,2,2,2
2025-09-03 13:26:31.042,-515339,-559856,-559734,-530705,2,2,2,2
2025-09-03 13:26:31.069,-498916,-576075,-559619,-538778,2,2,2,2
2025-09-03 13:26:31.096,-498928,-559476,-575998,-530664,2,2,2,2
2025-09-03 13:26:31.123,-498917,-576030,-559842,-530560,2,2,2,2
2025-09-03 13:26:31.149,-515192,-559515,-559746,-530464,2,2,2,2
2025-09-03 13:26:31.178,-507026,-559601,-559761,-530630,2,2,2,2
2025-09-03 13:26:31.205,-498943,-559371,-559587,-530584,2,2,2,2
2025-09-03 13:26:31.231,-498716,-559462,-559370,-530427,2,2,2,2
2025-09-03 13:26:31.258,-515178,-559387,-559605,-530419,2,2,2,2
2025-09-03 13:26:31.287,-515152,-559378,-559599,-530684,2,2,2,2
2025-09-03 13:26:31.314,-498745,-559386,-575995,-530433,2,2,2,2
2025-09-03 13:26:31.341,-498935,-575805,-559725,-530532,2,2,2,2
2025-09-03 13:26:31.367,-515202,-559345,-559603,-530416,2,2,2,2
2025-09-03 13:26:31.395,-498705,-559485,-575803,-530553,2,2,2,2
2025-09-03 13:26:31.423,-499137,-559591,-576183,-530659,2,2,2,2
2025-09-03 13:26:31.451,-515298,-559363,-559611,-530441,2,2,2,2
2025-09-03 13:26:31.479,-498795,-575873,-559474,-538755,2,2,2,2
2025-09-03 13:26:31.505,-515329,-559376,-559615,-530671,2,2,2,2
2025-09-03 13:26:31.532,-498898,-559497,-575926,-530568,2,2,2,2
2025-09-03 13:26:31.559,-499047,-575772,-559717,-530453,2,2,2,2
2025-09-03 13:26:31.586,-498959,-559364,-559625,-530671,2,2,2,2
2025-09-03 13:26:31.612,-498817,-575861,-559482,-538653,2,2,2,2
2025-09-03 13:26:31.638,-515325,-559333,-559610,-530374,2,2,2,2
2025-09-03 13:26:31.665,-498825,-575857,-559496,-538651,2,2,2,2
2025-09-03 13:26:31.693,-515121,-559352,-559379,-530406,2,2,2,2
2025-09-03 13:26:31.720,-515173,-559106,-559464,-530413,2,2,2,2
2025-09-03 13:26:31.747,-498846,-559164,-559593,-530244,2,2,2,2
2025-09-03 13:26:31.775,-498949,-559502,-559611,-530553,2,2,2,2
2025-09-03 13:26:31.803,-498725,-559337,-575798,-530327,2,2,2,2
2025-09-03 13:26:31.831,-499053,-559586,-559643,-530580,2,2,2,2
2025-09-03 13:26:31.857,-498801,-559262,-559374,-530317,2,2,2,2
2025-09-03 13:26:31.886,-515211,-559351,-559461,-530417,2,2,2,2
2025-09-03 13:26:31.912,-515318,-559123,-575875,-530197,2,2,2,2
2025-09-03 13:26:31.939,-498807,-559253,-559371,-530322,2,2,2,2
2025-09-03 13:26:31.965,-507004,-559329,-559388,-530384,2,2,2,2
2025-09-03 13:26:31.992,-498919,-559347,-559484,-530425,2,2,2,2
2025-09-03 13:26:32.019,-498921,-575503,-559488,-538379,2,2,2,2
2025-09-03 13:26:32.046,-498745,-559242,-575749,-530303,2,2,2,2
2025-09-03 13:26:32.073,-515256,-559357,-559476,-530410,2,2,2,2
2025-09-03 13:26:32.100,-498805,-559242,-559612,-530308,2,2,2,2
2025-09-03 13:26:32.126,-515202,-559243,-559354,-530238,2,2,2,2
2025-09-03 13:26:32.153,-498913,-575719,-559377,-538505,2,2,2,2
2025-09-03 13:26:32.180,-498584,-575385,-559136,-538260,2,2,2,2
2025-09-03 13:26:32.208,-515190,-559209,-559249,-530208,2,2,2,2
2025-09-03 13:26:32.236,-515307,-559258,-559378,-530382,2,2,2,2
2025-09-03 13:26:32.264,-506898,-559068,-559209,-530108,2,2,2,2
2025-09-03 13:26:32.292,-498796,-559084,-559243,-530175,2,2,2,2
2025-09-03 13:26:32.320,-498927,-575587,-559351,-538500,2,2,2,2
2025-09-03 13:26:32.348,-498838,-559099,-559326,-530284,2,2,2,2
2025-09-03 13:26:32.376,-498932,-559130,-575731,-530316,2,2,2,2
2025-09-03 13:26:32.404,-515078,-558959,-559352,-530136,2,2,2,2
2025-09-03 13:26:32.431,-515076,-559207,-575744,-530311,2,2,2,2
2025-09-03 13:26:32.459,-507031,-559343,-559492,-530230,2,2,2,2
2025-09-03 13:26:32.486,-507130,-559113,-559585,-530221,2,2,2,2
2025-09-03 13:26:32.512,-498929,-559111,-559585,-530290,2,2,2,2
2025-09-03 13:26:32.539,-498690,-559122,-559333,-530291,2,2,2,2
2025-09-03 13:26:32.567,-515120,-559224,-575765,-530404,2,2,2,2
2025-09-03 13:26:32.595,-499178,-559346,-575870,-530450,2,2,2,2
2025-09-03 13:26:32.622,-499087,-559254,-559410,-530428,2,2,2,2
2025-09-03 13:26:32.649,-515348,-559132,-559595,-530234,2,2,2,2
2025-09-03 13:26:32.676,-498694,-559121,-559328,-530275,2,2,2,2
2025-09-03 13:26:32.703,-515301,-559106,-559498,-530197,2,2,2,2
2025-09-03 13:26:32.731,-515207,-559330,-559476,-530422,2,2,2,2
2025-09-03 13:26:32.758,-515388,-559254,-575776,-530403,2,2,2,2
2025-09-03 13:26:32.785,-515310,-559105,-559486,-530432,2,2,2,2
2025-09-03 13:26:32.812,-498798,-575625,-559359,-538497,2,2,2,2
2025-09-03 13:26:32.838,-498972,-559168,-559593,-530247,2,2,2,2
2025-09-03 13:26:32.865,-506982,-559168,-559330,-530210,2,2,2,2
2025-09-03 13:26:32.892,-507128,-559146,-559497,-530426,2,2,2,2
2025-09-03 13:26:32.921,-498817,-559089,-559106,-530052,2,2,2,2
2025-09-03 13:26:32.946,-498944,-575608,-559477,-538608,2,2,2,2
2025-09-03 13:26:32.973,-498961,-575622,-559512,-530431,2,2,2,2
2025-09-03 13:26:33.001,-506977,-559332,-559252,-530240,2,2,2,2
2025-09-03 13:26:33.027,-498955,-559483,-575813,-530332,2,2,2,2
2025-09-03 13:26:33.056,-515339,-559244,-575848,-530420,2,2,2,2
2025-09-03 13:26:33.083,-515576,-559481,-559386,-530401,2,2,2,2
2025-09-03 13:26:33.109,-498987,-559329,-575873,-530188,2,2,2,2
2025-09-03 13:26:33.138,-498942,-575606,-559366,-530403,2,2,2,2
2025-09-03 13:26:33.167,-498956,-559207,-559358,-530325,2,2,2,2
2025-09-03 13:26:33.194,-498792,-575615,-559204,-538356,2,2,2,2
2025-09-03 13:26:33.222,-515344,-559127,-575761,-530323,2,2,2,2
2025-09-03 13:26:33.251,-499076,-559239,-559404,-530419,2,2,2,2
2025-09-03 13:26:33.279,-499006,-559487,-575782,-530419,2,2,2,2
2025-09-03 13:26:33.308,-499186,-575733,-559511,-538481,2,2,2,2
2025-09-03 13:26:33.337,-499181,-559348,-559577,-530289,2,2,2,2
2025-09-03 13:26:33.365,-498952,-559128,-575696,-530319,2,2,2,2
2025-09-03 13:26:33.392,-499101,-559333,-559478,-530248,2,2,2,2
2025-09-03 13:26:33.419,-498997,-559209,-575744,-530418,2,2,2,2
2025-09-03 13:26:33.446,-498963,-575746,-559594,-530336,2,2,2,2
2025-09-03 13:26:33.472,-515662,-559469,-576014,-530441,2,2,2,2
2025-09-03 13:26:33.499,-499097,-575873,-559469,-538736,2,2,2,2
2025-09-03 13:26:33.527,-499052,-559380,-559362,-530439,2,2,2,2
2025-09-03 13:26:33.555,-499232,-559375,-559595,-530669,2,2,2,2
2025-09-03 13:26:33.583,-499061,-559382,-559369,-530439,2,2,2,2
2025-09-03 13:26:33.610,-499001,-559389,-575755,-530434,2,2,2,2
2025-09-03 13:26:33.638,-515463,-559215,-559383,-530197,2,2,2,2
2025-09-03 13:26:33.665,-499045,-559120,-559369,-530182,2,2,2,2
2025-09-03 13:26:33.692,-499102,-559306,-559478,-530250,2,2,2,2
2025-09-03 13:26:33.720,-498942,-575687,-559256,-538519,2,2,2,2
2025-09-03 13:26:33.747,-499082,-559205,-559385,-530196,2,2,2,2
2025-09-03 13:26:33.773,-498975,-575731,-559337,-538610,2,2,2,2
2025-09-03 13:26:33.801,-499045,-559117,-559364,-530430,2,2,2,2
2025-09-03 13:26:33.829,-499087,-559462,-559400,-530532,2,2,2,2
2025-09-03 13:26:33.855,-498962,-559336,-559587,-530409,2,2,2,2
2025-09-03 13:26:33.883,-515460,-559217,-559390,-530216,2,2,2,2
2025-09-03 13:26:33.909,-499172,-575616,-559480,-530317,2,2,2,2
2025-09-03 13:26:33.936,-499004,-559474,-559402,-530539,2,2,2,2
2025-09-03 13:26:33.963,-499176,-559517,-575948,-530578,2,2,2,2
2025-09-03 13:26:33.990,-499212,-575995,-559624,-538639,2,2,2,2
2025-09-03 13:26:34.017,-499104,-559559,-559493,-530588,2,2,2,2
2025-09-03 13:26:34.045,-499049,-575759,-559373,-530540,2,2,2,2
2025-09-03 13:26:34.072,-515477,-559241,-559491,-530396,2,2,2,2
2025-09-03 13:26:34.101,-499253,-559392,-576030,-530549,2,2,2,2
2025-09-03 13:26:34.128,-498927,-575705,-559263,-530422,2,2,2,2
2025-09-03 13:26:34.154,-498953,-559349,-575985,-530452,2,2,2,2
2025-09-03 13:26:34.182,-515277,-559214,-575606,-530315,2,2,2,2
2025-09-03 13:26:34.209,-499086,-559161,-559497,-530323,2,2,2,2
2025-09-03 13:26:34.237,-499101,-575693,-559501,-530320,2,2,2,2
2025-09-03 13:26:34.264,-499005,-559205,-575823,-530299,2,2,2,2
2025-09-03 13:26:34.291,-499080,-559166,-559490,-530316,2,2,2,2
2025-09-03 13:26:34.320,-499180,-559501,-559583,-530590,2,2,2,2
2025-09-03 13:26:34.348,-499141,-559468,-575796,-530540,2,2,2,2
2025-09-03 13:26:34.375,-498987,-559384,-575855,-530456,2,2,2,2
2025-09-03 13:26:34.403,-515593,-559588,-576016,-530673,2,2,2,2
2025-09-03 13:26:34.430,-499041,-575739,-559464,-530417,2,2,2,2
2025-09-03 13:26:34.457,-498995,-559381,-575823,-530424,2,2,2,2
2025-09-03 13:26:34.484,-507281,-559412,-559499,-530465,2,2,2,2
2025-09-03 13:26:34.513,-498967,-559343,-559612,-530361,2,2,2,2
2025-09-03 13:26:34.539,-499178,-559231,-559599,-530303,2,2,2,2
2025-09-03 13:26:34.566,-498982,-559107,-575861,-530432,2,2,2,2
2025-09-03 13:26:34.592,-498963,-575743,-559458,-530401,2,2,2,2
2025-09-03 13:26:34.619,-499045,-575744,-559470,-538617,2,2,2,2
2025-09-03 13:26:34.647,-499051,-575746,-559464,-530415,2,2,2,2
2025-09-03 13:26:34.675,-515341,-559250,-575997,-530320,2,2,2,2
2025-09-03 13:26:34.701,-498959,-559260,-575998,-530326,2,2,2,2
2025-09-03 13:26:34.729,-499082,-559361,-559469,-530437,2,2,2,2
2025-09-03 13:26:34.756,-498993,-559353,-559395,-530423,2,2,2,2
2025-09-03 13:26:34.784,-499163,-559117,-575937,-530203,2,2,2,2
2025-09-03 13:26:34.811,-499184,-559132,-559562,-530273,2,2,2,2
2025-09-03 13:26:34.839,-507618,-559373,-559726,-530459,2,2,2,2
2025-09-03 13:26:34.867,-499088,-559353,-559376,-530441,2,2,2,2
2025-09-03 13:26:34.895,-499423,-559613,-576055,-530457,2,2,2,2
2025-09-03 13:26:34.922,-499072,-575672,-559609,-538619,2,2,2,2
2025-09-03 13:26:34.950,-499070,-559233,-559596,-530413,2,2,2,2
2025-09-03 13:26:34.977,-499230,-559473,-559568,-530575,2,2,2,2
2025-09-03 13:26:35.005,-515571,-559107,-559383,-530208,2,2,2,2
2025-09-03 13:26:35.032,-515227,-559093,-559114,-530202,2,2,2,2
2025-09-03 13:26:35.058,-515343,-559356,-559387,-530223,2,2,2,2
2025-09-03 13:26:35.086,-499102,-575639,-559514,-538651,2,2,2,2
2025-09-03 13:26:35.113,-499045,-575519,-559389,-530334,2,2,2,2
2025-09-03 13:26:35.140,-499179,-559335,-575885,-530536,2,2,2,2
2025-09-03 13:26:35.167,-515460,-559217,-559375,-530434,2,2,2,2
2025-09-03 13:26:35.194,-499205,-559354,-559463,-530558,2,2,2,2
2025-09-03 13:26:35.221,-507396,-559355,-559385,-530496,2,2,2,2
2025-09-03 13:26:35.248,-515575,-559349,-559375,-530479,2,2,2,2
2025-09-03 13:26:35.276,-499324,-575874,-559489,-538862,2,2,2,2
2025-09-03 13:26:35.303,-499342,-575975,-559504,-530450,2,2,2,2
2025-09-03 13:26:35.330,-499343,-559583,-559479,-530699,2,2,2,2
2025-09-03 13:26:35.357,-507530,-559583,-559457,-530684,2,2,2,2
2025-09-03 13:26:35.385,-515346,-559206,-575644,-530310,2,2,2,2
2025-09-03 13:26:35.412,-507549,-559598,-559379,-530458,2,2,2,2
2025-09-03 13:26:35.439,-499181,-559375,-559129,-530511,2,2,2,2
2025-09-03 13:26:35.466,-515535,-559355,-559108,-530220,2,2,2,2
2025-09-03 13:26:35.494,-499196,-575502,-559117,-530319,2,2,2,2
2025-09-03 13:26:35.522,-499211,-559357,-559354,-530564,2,2,2,2
2025-09-03 13:26:35.549,-499219,-559361,-559358,-530586,2,2,2,2
2025-09-03 13:26:35.577,-499431,-559500,-575537,-530540,2,2,2,2
2025-09-03 13:26:35.604,-507423,-559370,-559348,-530684,2,2,2,2
2025-09-03 13:26:35.631,-515431,-559131,-559073,-530432,2,2,2,2
2025-09-03 13:26:35.659,-515354,-559358,-558985,-530428,2,2,2,2
2025-09-03 13:26:35.686,-499153,-559208,-575434,-530541,2,2,2,2
2025-09-03 13:26:35.714,-499341,-559461,-559322,-530533,2,2,2,2
2025-09-03 13:26:35.741,-515474,-559224,-558998,-530491,2,2,2,2
2025-09-03 13:26:35.768,-499179,-575682,-558999,-530567,2,2,2,2
2025-09-03 13:26:35.797,-499101,-559211,-558886,-530532,2,2,2,2
2025-09-03 13:26:35.824,-515567,-559227,-575361,-530305,2,2,2,2
2025-09-03 13:26:35.851,-499063,-575497,-558824,-530183,2,2,2,2
2025-09-03 13:26:35.879,-499043,-559353,-559045,-530401,2,2,2,2
2025-09-03 13:26:35.906,-499170,-559227,-558844,-530277,2,2,2,2
2025-09-03 13:26:35.934,-515350,-559093,-575091,-530405,2,2,2,2
2025-09-03 13:26:35.961,-498969,-559351,-575329,-530333,2,2,2,2
2025-09-03 13:26:35.988,-499339,-559485,-559052,-530448,2,2,2,2
2025-09-03 13:26:36.015,-499442,-559600,-559077,-530540,2,2,2,2
2025-09-03 13:26:36.043,-499166,-559340,-575367,-530538,2,2,2,2
2025-09-03 13:26:36.070,-507152,-559124,-558836,-530364,2,2,2,2
2025-09-03 13:26:36.096,-515520,-559262,-558959,-530457,2,2,2,2
2025-09-03 13:26:36.123,-515614,-559471,-559006,-530657,2,2,2,2
2025-09-03 13:26:36.150,-499456,-575766,-558960,-538748,2,2,2,2
2025-09-03 13:26:36.177,-499500,-559742,-575622,-530843,2,2,2,2
2025-09-03 13:26:36.205,-499349,-559604,-559073,-530710,2,2,2,2
2025-09-03 13:26:36.233,-499226,-575824,-558869,-538757,2,2,2,2
2025-09-03 13:26:36.261,-499208,-559462,-559090,-530554,2,2,2,2
2025-09-03 13:26:36.288,-499255,-559509,-558883,-530668,2,2,2,2
2025-09-03 13:26:36.315,-515591,-559467,-559074,-530486,2,2,2,2
2025-09-03 13:26:36.343,-499210,-559468,-575420,-530545,2,2,2,2
2025-09-03 13:26:36.371,-515821,-559364,-558974,-530446,2,2,2,2
2025-09-03 13:26:36.399,-507539,-559603,-558876,-530434,2,2,2,2
2025-09-03 13:26:36.430,-499216,-575777,-558742,-530554,2,2,2,2
2025-09-03 13:26:36.454,-515598,-559383,-558718,-530477,2,2,2,2
2025-09-03 13:26:36.480,-499182,-559356,-574994,-530446,2,2,2,2
2025-09-03 13:26:36.508,-499169,-559345,-558832,-530431,2,2,2,2
2025-09-03 13:26:36.536,-499163,-559348,-574927,-530183,2,2,2,2
2025-09-03 13:26:36.563,-499053,-575607,-558701,-530319,2,2,2,2
2025-09-03 13:26:36.590,-515434,-559234,-558701,-530391,2,2,2,2
2025-09-03 13:26:36.617,-515607,-559477,-575002,-530559,2,2,2,2
2025-09-03 13:26:36.645,-515560,-559353,-558464,-530431,2,2,2,2
2025-09-03 13:26:36.673,-498977,-559202,-574924,-530285,2,2,2,2
2025-09-03 13:26:36.700,-507420,-559401,-558826,-530493,2,2,2,2
2025-09-03 13:26:36.728,-515514,-559259,-574995,-530412,2,2,2,2
2025-09-03 13:26:36.756,-499319,-575802,-558826,-530568,2,2,2,2
2025-09-03 13:26:36.785,-499073,-575622,-558590,-530318,2,2,2,2
2025-09-03 13:26:36.811,-507283,-559314,-558576,-530385,2,2,2,2
2025-09-03 13:26:36.838,-499228,-559380,-558651,-530453,2,2,2,2
2025-09-03 13:26:36.865,-515566,-559329,-558592,-530412,2,2,2,2
2025-09-03 13:26:36.892,-499049,-559125,-558373,-530206,2,2,2,2
2025-09-03 13:26:36.919,-499309,-575857,-558715,-538737,2,2,2,2
2025-09-03 13:26:36.946,-499092,-575690,-558475,-530317,2,2,2,2
2025-09-03 13:26:36.974,-515691,-559389,-558597,-530448,2,2,2,2
2025-09-03 13:26:37.002,-507393,-559356,-558493,-530417,2,2,2,2
2025-09-03 13:26:37.030,-499220,-559382,-558572,-530430,2,2,2,2
2025-09-03 13:26:37.057,-507150,-559128,-558585,-530191,2,2,2,2
2025-09-03 13:26:37.084,-499199,-559355,-558569,-530381,2,2,2,2
2025-09-03 13:26:37.109,-499354,-575957,-558724,-530559,2,2,2,2
2025-09-03 13:26:37.136,-499151,-559229,-558378,-530289,2,2,2,2
2025-09-03 13:26:37.164,-507377,-559333,-558489,-530394,2,2,2,2
2025-09-03 13:26:37.192,-499007,-559206,-574742,-530206,2,2,2,2
2025-09-03 13:26:37.219,-499186,-559261,-574854,-530325,2,2,2,2
2025-09-03 13:26:37.246,-499006,-559208,-574726,-530207,2,2,2,2
2025-09-03 13:26:37.274,-498941,-575379,-558209,-538258,2,2,2,2
2025-09-03 13:26:37.301,-499144,-559208,-558356,-530277,2,2,2,2
2025-09-03 13:26:37.326,-515583,-559338,-558489,-530422,2,2,2,2
2025-09-03 13:26:37.354,-499203,-575724,-558485,-530415,2,2,2,2
2025-09-03 13:26:37.381,-498964,-575495,-558563,-538385,2,2,2,2
2025-09-03 13:26:37.408,-499168,-559236,-574796,-530310,2,2,2,2
2025-09-03 13:26:37.435,-498963,-559093,-574691,-530196,2,2,2,2
2025-09-03 13:26:37.462,-498960,-559345,-574861,-530185,2,2,2,2
2025-09-03 13:26:37.490,-515701,-559377,-558489,-530464,2,2,2,2
2025-09-03 13:26:37.517,-498956,-559111,-558382,-530428,2,2,2,2
2025-09-03 13:26:37.544,-515527,-559263,-574970,-530289,2,2,2,2
2025-09-03 13:26:37.573,-499059,-575619,-558221,-538390,2,2,2,2
2025-09-03 13:26:37.600,-507279,-559331,-558574,-530224,2,2,2,2
2025-09-03 13:26:37.629,-507276,-559318,-558484,-530230,2,2,2,2
2025-09-03 13:26:37.657,-499097,-559348,-558569,-530281,2,2,2,2
2025-09-03 13:26:37.684,-515532,-559348,-558487,-530227,2,2,2,2
2025-09-03 13:26:37.711,-507140,-559139,-558324,-530387,2,2,2,2
2025-09-03 13:26:37.739,-499194,-559464,-574953,-530311,2,2,2,2
2025-09-03 13:26:37.766,-499425,-559373,-574776,-530550,2,2,2,2
2025-09-03 13:26:37.793,-499324,-575947,-558357,-530456,2,2,2,2
2025-09-03 13:26:37.819,-499261,-559600,-574973,-530457,2,2,2,2
2025-09-03 13:26:37.847,-499068,-559346,-558333,-530190,2,2,2,2
2025-09-03 13:26:37.875,-499228,-575958,-558472,-530416,2,2,2,2
2025-09-03 13:26:37.902,-499144,-559368,-558321,-530201,2,2,2,2
2025-09-03 13:26:37.929,-499004,-559363,-558319,-530188,2,2,2,2
2025-09-03 13:26:37.957,-515719,-559373,-558344,-530439,2,2,2,2
2025-09-03 13:26:37.984,-515833,-559495,-574838,-530490,2,2,2,2
2025-09-03 13:26:38.012,-499320,-559603,-558340,-530430,2,2,2,2
2025-09-03 13:26:38.039,-507402,-559584,-558562,-530378,2,2,2,2
2025-09-03 13:26:38.066,-515696,-559371,-558359,-530426,2,2,2,2
2025-09-03 13:26:38.093,-499407,-559732,-575114,-530532,2,2,2,2
2025-09-03 13:26:38.120,-499395,-559720,-575106,-530461,2,2,2,2
2025-09-03 13:26:38.149,-499445,-559580,-558604,-530615,2,2,2,2
2025-09-03 13:26:38.176,-499418,-559519,-574986,-530571,2,2,2,2
2025-09-03 13:26:38.203,-499420,-559518,-575007,-530579,2,2,2,2
2025-09-03 13:26:38.230,-499245,-559469,-574969,-530529,2,2,2,2
2025-09-03 13:26:38.257,-499210,-559717,-575230,-530447,2,2,2,2
2025-09-03 13:26:38.284,-499434,-559638,-575225,-530436,2,2,2,2
2025-09-03 13:26:38.312,-499397,-559622,-575176,-530661,2,2,2,2
2025-09-03 13:26:38.339,-499062,-559375,-558579,-530406,2,2,2,2
2025-09-03 13:26:38.366,-515568,-559506,-575098,-530532,2,2,2,2
2025-09-03 13:26:38.393,-499226,-559629,-575220,-530579,2,2,2,2
2025-09-03 13:26:38.421,-499456,-576251,-558828,-530563,2,2,2,2
2025-09-03 13:26:38.447,-515613,-559726,-574997,-530658,2,2,2,2
2025-09-03 13:26:38.474,-515711,-559849,-575126,-530460,2,2,2,2
2025-09-03 13:26:38.500,-515562,-559714,-558697,-530644,2,2,2,2
2025-09-03 13:26:38.529,-507519,-559620,-558842,-530460,2,2,2,2
2025-09-03 13:26:38.556,-515766,-559638,-558954,-530625,2,2,2,2
2025-09-03 13:26:38.583,-515592,-559742,-559007,-530675,2,2,2,2
2025-09-03 13:26:38.610,-499006,-559602,-575032,-530553,2,2,2,2
2025-09-03 13:26:38.637,-499059,-575999,-558692,-538753,2,2,2,2
2025-09-03 13:26:38.665,-499184,-559471,-575219,-530426,2,2,2,2
2025-09-03 13:26:38.694,-507292,-559630,-558740,-530666,2,2,2,2
2025-09-03 13:26:38.721,-498958,-559506,-558637,-530298,2,2,2,2
2025-09-03 13:26:38.749,-507249,-559604,-558746,-530657,2,2,2,2
2025-09-03 13:26:38.777,-515441,-559612,-558818,-530417,2,2,2,2
2025-09-03 13:26:38.804,-515326,-559501,-575100,-530317,2,2,2,2
2025-09-03 13:26:38.832,-515487,-559468,-558699,-530484,2,2,2,2
2025-09-03 13:26:38.859,-515482,-559389,-558691,-530472,2,2,2,2
2025-09-03 13:26:38.886,-499177,-575853,-558733,-538748,2,2,2,2
2025-09-03 13:26:38.914,-499199,-559577,-558846,-530625,2,2,2,2
2025-09-03 13:26:38.942,-499074,-575773,-558727,-530460,2,2,2,2
2025-09-03 13:26:38.969,-499063,-575809,-558723,-530463,2,2,2,2
2025-09-03 13:26:38.997,-498977,-559370,-575056,-530462,2,2,2,2
2025-09-03 13:26:39.025,-499046,-575770,-558745,-538737,2,2,2,2
2025-09-03 13:26:39.052,-515286,-559519,-575081,-530412,2,2,2,2
2025-09-03 13:26:39.079,-498927,-559370,-575106,-530432,2,2,2,2
2025-09-03 13:26:39.105,-498918,-559370,-558727,-530435,2,2,2,2
2025-09-03 13:26:39.133,-498840,-559371,-558799,-530434,2,2,2,2
2025-09-03 13:26:39.160,-498962,-575951,-558866,-530554,2,2,2,2
2025-09-03 13:26:39.187,-507017,-559386,-558817,-530438,2,2,2,2
2025-09-03 13:26:39.215,-498792,-575725,-558719,-538598,2,2,2,2
2025-09-03 13:26:39.242,-499044,-559593,-558974,-530589,2,2,2,2
2025-09-03 13:26:39.269,-498799,-575747,-558745,-538629,2,2,2,2
2025-09-03 13:26:39.298,-499165,-559644,-575486,-530792,2,2,2,2
2025-09-03 13:26:39.324,-499262,-559856,-575694,-530697,2,2,2,2
2025-09-03 13:26:39.352,-499174,-559725,-575613,-530827,2,2,2,2
2025-09-03 13:26:39.380,-515449,-559867,-575499,-530792,2,2,2,2
2025-09-03 13:26:39.407,-499061,-559868,-559118,-530798,2,2,2,2
2025-09-03 13:26:39.435,-515355,-559771,-559106,-530718,2,2,2,2
2025-09-03 13:26:39.462,-515453,-559627,-558966,-530644,2,2,2,2
2025-09-03 13:26:39.490,-507239,-559598,-558951,-530562,2,2,2,2
2025-09-03 13:26:39.516,-498924,-559476,-575435,-530445,2,2,2,2
2025-09-03 13:26:39.543,-499181,-559731,-575491,-530700,2,2,2,2
2025-09-03 13:26:39.571,-499139,-559635,-575464,-530676,2,2,2,2
2025-09-03 13:26:39.598,-499192,-559761,-559142,-530796,2,2,2,2
2025-09-03 13:26:39.625,-515571,-559755,-559215,-530733,2,2,2,2
2025-09-03 13:26:39.653,-499079,-559637,-559350,-530934,2,2,2,2
2025-09-03 13:26:39.680,-507163,-559621,-559334,-530930,2,2,2,2
2025-09-03 13:26:39.708,-499299,-576263,-559354,-539119,2,2,2,2
2025-09-03 13:26:39.735,-499209,-560113,-575973,-531090,2,2,2,2
2025-09-03 13:26:39.763,-499050,-559646,-559115,-530935,2,2,2,2
2025-09-03 13:26:39.790,-515483,-559754,-559229,-530731,2,2,2,2
2025-09-03 13:26:39.818,-515693,-559899,-559391,-530932,2,2,2,2
2025-09-03 13:26:39.845,-498989,-559643,-575561,-530933,2,2,2,2
2025-09-03 13:26:39.872,-499002,-559725,-575624,-530705,2,2,2,2
2025-09-03 13:26:39.899,-499300,-559883,-559406,-530938,2,2,2,2
2025-09-03 13:26:39.926,-499422,-560029,-575992,-531083,2,2,2,2
2025-09-03 13:26:39.953,-499223,-576272,-559490,-539149,2,2,2,2
2025-09-03 13:26:39.980,-499510,-560240,-576198,-531319,2,2,2,2
2025-09-03 13:26:40.007,-499345,-559922,-559611,-531076,2,2,2,2
2025-09-03 13:26:40.035,-507523,-559920,-559615,-531151,2,2,2,2
2025-09-03 13:26:40.063,-499591,-576632,-559869,-531353,2,2,2,2
2025-09-03 13:26:40.090,-499461,-560115,-576137,-531304,2,2,2,2
2025-09-03 13:26:40.117,-499428,-576442,-559737,-531222,2,2,2,2
2025-09-03 13:26:40.145,-507397,-560127,-559511,-531057,2,2,2,2
2025-09-03 13:26:40.172,-499232,-576281,-559617,-531091,2,2,2,2
2025-09-03 13:26:40.199,-499348,-560080,-559740,-531207,2,2,2,2
2025-09-03 13:26:40.226,-507876,-560365,-559766,-531237,2,2,2,2
2025-09-03 13:26:40.253,-515949,-560256,-559724,-531448,2,2,2,2
2025-09-03 13:26:40.280,-499358,-576520,-559849,-539503,2,2,2,2
2025-09-03 13:26:40.307,-515791,-560232,-559638,-531403,2,2,2,2
2025-09-03 13:26:40.334,-515849,-560284,-559737,-531445,2,2,2,2
2025-09-03 13:26:40.361,-499305,-560118,-559755,-531265,2,2,2,2
2025-09-03 13:26:40.388,-499650,-560231,-576249,-531330,2,2,2,2
2025-09-03 13:26:40.415,-499333,-560239,-559630,-531331,2,2,2,2
2025-09-03 13:26:40.442,-499200,-560097,-559566,-531198,2,2,2,2
2025-09-03 13:26:40.470,-499328,-559907,-559642,-531073,2,2,2,2
2025-09-03 13:26:40.497,-499203,-560102,-559771,-531196,2,2,2,2
2025-09-03 13:26:40.524,-499221,-560117,-559868,-531205,2,2,2,2
2025-09-03 13:26:40.551,-515834,-560264,-559771,-531448,2,2,2,2
2025-09-03 13:26:40.578,-515789,-560250,-576153,-531429,2,2,2,2
2025-09-03 13:26:40.605,-507399,-560094,-559618,-531206,2,2,2,2
2025-09-03 13:26:40.633,-499439,-560269,-576240,-531433,2,2,2,2
2025-09-03 13:26:40.660,-499357,-560185,-559768,-531389,2,2,2,2
2025-09-03 13:26:40.688,-499232,-576522,-559715,-539518,2,2,2,2
2025-09-03 13:26:40.715,-515722,-560252,-559773,-531431,2,2,2,2
2025-09-03 13:26:40.742,-499339,-559983,-559821,-531098,2,2,2,2
2025-09-03 13:26:40.770,-515835,-560107,-559630,-531221,2,2,2,2
2025-09-03 13:26:40.797,-499236,-560132,-576104,-531322,2,2,2,2
2025-09-03 13:26:40.824,-499340,-576336,-559764,-539370,2,2,2,2
2025-09-03 13:26:40.853,-499444,-560099,-576005,-531216,2,2,2,2
2025-09-03 13:26:40.880,-515732,-560018,-559854,-531187,2,2,2,2
2025-09-03 13:26:40.907,-499202,-576514,-559633,-539503,2,2,2,2
2025-09-03 13:26:40.935,-499440,-560142,-576014,-531306,2,2,2,2
2025-09-03 13:26:40.962,-515713,-560024,-559766,-531190,2,2,2,2
2025-09-03 13:26:40.990,-499450,-560155,-559639,-531316,2,2,2,2
2025-09-03 13:26:41.018,-499327,-576445,-559773,-531195,2,2,2,2
2025-09-03 13:26:41.045,-499401,-560032,-576208,-531210,2,2,2,2
2025-09-03 13:26:41.073,-507651,-560159,-559989,-531394,2,2,2,2
2025-09-03 13:26:41.100,-515707,-560334,-559853,-531447,2,2,2,2
2025-09-03 13:26:41.127,-499657,-560359,-576504,-531468,2,2,2,2
2025-09-03 13:26:41.155,-499324,-576735,-559870,-531205,2,2,2,2
2025-09-03 13:26:41.181,-507522,-560345,-559876,-531212,2,2,2,2
2025-09-03 13:26:41.208,-499698,-560387,-559981,-531573,2,2,2,2
2025-09-03 13:26:41.236,-507551,-560373,-559902,-531247,2,2,2,2
2025-09-03 13:26:41.264,-499448,-560137,-576371,-531359,2,2,2,2
2025-09-03 13:26:41.292,-499557,-560447,-560108,-531464,2,2,2,2
2025-09-03 13:26:41.319,-515765,-560354,-559896,-531262,2,2,2,2
2025-09-03 13:26:41.347,-515622,-560252,-576253,-531221,2,2,2,2
2025-09-03 13:26:41.374,-499221,-560228,-559852,-531208,2,2,2,2
2025-09-03 13:26:41.402,-499457,-560150,-576478,-531439,2,2,2,2
2025-09-03 13:26:41.429,-499210,-560231,-576231,-531453,2,2,2,2
2025-09-03 13:26:41.457,-515834,-560154,-576487,-531448,2,2,2,2
2025-09-03 13:26:41.484,-499470,-560495,-560126,-531463,2,2,2,2
2025-09-03 13:26:41.512,-516073,-560389,-560113,-531694,2,2,2,2
2025-09-03 13:26:41.539,-499561,-576650,-559987,-539768,2,2,2,2
2025-09-03 13:26:41.565,-499455,-560166,-559886,-531509,2,2,2,2
2025-09-03 13:26:41.593,-515658,-560276,-560016,-531394,2,2,2,2
2025-09-03 13:26:41.621,-516085,-560415,-560160,-531736,2,2,2,2
2025-09-03 13:26:41.649,-507782,-560372,-560126,-531692,2,2,2,2
2025-09-03 13:26:41.676,-515969,-560627,-576756,-531616,2,2,2,2
2025-09-03 13:26:41.703,-516109,-560524,-576662,-531827,2,2,2,2
2025-09-03 13:26:41.731,-499710,-576890,-560263,-539753,2,2,2,2
2025-09-03 13:26:41.757,-499683,-560406,-560228,-531465,2,2,2,2
2025-09-03 13:26:41.785,-499500,-560286,-576502,-531601,2,2,2,2
2025-09-03 13:26:41.812,-499567,-560610,-560143,-531683,2,2,2,2
2025-09-03 13:26:41.839,-507677,-560611,-560144,-531692,2,2,2,2
2025-09-03 13:26:41.867,-499583,-560391,-560185,-531470,2,2,2,2
2025-09-03 13:26:41.896,-516099,-560510,-576750,-531851,2,2,2,2
2025-09-03 13:26:41.923,-499701,-560515,-560367,-531853,2,2,2,2
2025-09-03 13:26:41.951,-499615,-560499,-560367,-531581,2,2,2,2
2025-09-03 13:26:41.978,-499442,-560331,-560126,-531695,2,2,2,2
2025-09-03 13:26:42.005,-499565,-576780,-560263,-540010,2,2,2,2
2025-09-03 13:26:42.032,-499579,-560402,-560345,-531570,2,2,2,2
2025-09-03 13:26:42.059,-499467,-577005,-560238,-531728,2,2,2,2
2025-09-03 13:26:42.086,-499704,-560610,-560169,-531722,2,2,2,2
2025-09-03 13:26:42.114,-499409,-560263,-576521,-531681,2,2,2,2
2025-09-03 13:26:42.142,-515727,-560268,-576287,-531439,2,2,2,2
2025-09-03 13:26:42.171,-499465,-560394,-576729,-531554,2,2,2,2
2025-09-03 13:26:42.197,-515854,-560403,-576737,-531558,2,2,2,2
2025-09-03 13:26:42.224,-499449,-560389,-560326,-531476,2,2,2,2
2025-09-03 13:26:42.251,-499487,-560503,-560366,-531570,2,2,2,2
2025-09-03 13:26:42.278,-499669,-560636,-576581,-531692,2,2,2,2
2025-09-03 13:26:42.306,-499472,-560441,-560367,-531572,2,2,2,2
2025-09-03 13:26:42.332,-499559,-560613,-560382,-531854,2,2,2,2
2025-09-03 13:26:42.360,-515867,-560511,-576671,-531591,2,2,2,2
2025-09-03 13:26:42.387,-499568,-560603,-560381,-531903,2,2,2,2
2025-09-03 13:26:42.414,-499710,-560510,-560337,-531835,2,2,2,2
2025-09-03 13:26:42.441,-499568,-577017,-560385,-531940,2,2,2,2
2025-09-03 13:26:42.468,-516196,-560868,-560616,-531932,2,2,2,2
2025-09-03 13:26:42.495,-507792,-560671,-560482,-531733,2,2,2,2
2025-09-03 13:26:42.522,-515973,-560663,-560490,-531966,2,2,2,2
2025-09-03 13:26:42.549,-499699,-560785,-560608,-531836,2,2,2,2
2025-09-03 13:26:42.575,-499692,-560498,-576656,-531836,2,2,2,2
2025-09-03 13:26:42.601,-507661,-560600,-560380,-531915,2,2,2,2
2025-09-03 13:26:42.629,-499678,-560665,-576985,-531730,2,2,2,2
2025-09-03 13:26:42.656,-499591,-560390,-560262,-531720,2,2,2,2
2025-09-03 13:26:42.683,-515943,-560541,-560225,-531664,2,2,2,2
2025-09-03 13:26:42.709,-499459,-560518,-576771,-531833,2,2,2,2
2025-09-03 13:26:42.738,-499458,-560578,-560387,-531836,2,2,2,2
2025-09-03 13:26:42.765,-499479,-576956,-560226,-539797,2,2,2,2
2025-09-03 13:26:42.793,-499460,-560591,-560413,-531846,2,2,2,2
2025-09-03 13:26:42.820,-515769,-560411,-560381,-531496,2,2,2,2
2025-09-03 13:26:42.846,-499685,-576887,-560408,-531823,2,2,2,2
2025-09-03 13:26:42.874,-499460,-560523,-576823,-531862,2,2,2,2
2025-09-03 13:26:42.900,-499457,-560538,-560436,-531841,2,2,2,2
2025-09-03 13:26:42.927,-499570,-576777,-560284,-531698,2,2,2,2
2025-09-03 13:26:42.955,-499604,-560750,-560395,-531726,2,2,2,2
2025-09-03 13:26:42.982,-515939,-560642,-560536,-531931,2,2,2,2
2025-09-03 13:26:43.009,-499486,-560639,-576652,-531604,2,2,2,2
2025-09-03 13:26:43.037,-499350,-560583,-560143,-531524,2,2,2,2
2025-09-03 13:26:43.065,-499589,-576883,-560370,-539915,2,2,2,2
2025-09-03 13:26:43.093,-507876,-560591,-560409,-531740,2,2,2,2
2025-09-03 13:26:43.121,-515974,-560765,-576772,-531737,2,2,2,2
2025-09-03 13:26:43.148,-499485,-560668,-560615,-531951,2,2,2,2
2025-09-03 13:26:43.176,-499577,-577081,-560396,-531809,2,2,2,2
2025-09-03 13:26:43.204,-516331,-560868,-560691,-532095,2,2,2,2
2025-09-03 13:26:43.232,-516046,-560771,-576792,-531812,2,2,2,2
2025-09-03 13:26:43.260,-516248,-577171,-560750,-540289,2,2,2,2
2025-09-03 13:26:43.288,-499608,-577207,-560494,-540031,2,2,2,2
2025-09-03 13:26:43.315,-516206,-577380,-560642,-540183,2,2,2,2
2025-09-03 13:26:43.342,-507905,-560883,-560797,-532216,2,2,2,2
2025-09-03 13:26:43.369,-516157,-561020,-577083,-532093,2,2,2,2
2025-09-03 13:26:43.396,-516347,-561137,-560855,-532222,2,2,2,2
2025-09-03 13:26:43.424,-516351,-560903,-560889,-531990,2,2,2,2
2025-09-03 13:26:43.450,-516301,-560780,-577079,-532194,2,2,2,2
2025-09-03 13:26:43.478,-516131,-561001,-560650,-532096,2,2,2,2
2025-09-03 13:26:43.506,-516119,-560737,-560647,-532093,2,2,2,2
2025-09-03 13:26:43.533,-516228,-561042,-560751,-532199,2,2,2,2
2025-09-03 13:26:43.561,-516151,-560771,-577148,-532197,2,2,2,2
2025-09-03 13:26:43.587,-516107,-560656,-560653,-532107,2,2,2,2
2025-09-03 13:26:43.615,-499473,-560657,-560392,-531842,2,2,2,2
2025-09-03 13:26:43.641,-499609,-560869,-560544,-531990,2,2,2,2
2025-09-03 13:26:43.669,-516232,-560795,-560755,-531975,2,2,2,2
2025-09-03 13:26:43.698,-516322,-560873,-560848,-532069,2,2,2,2
2025-09-03 13:26:43.725,-516224,-577155,-560766,-540180,2,2,2,2
2025-09-03 13:26:43.752,-516218,-577139,-560756,-531974,2,2,2,2
2025-09-03 13:26:43.780,-499575,-560742,-560424,-531946,2,2,2,2
2025-09-03 13:26:43.808,-499701,-560871,-560544,-532083,2,2,2,2
2025-09-03 13:26:43.835,-515845,-560626,-560621,-531775,2,2,2,2
2025-09-03 13:26:43.863,-516218,-577102,-560670,-532202,2,2,2,2
2025-09-03 13:26:43.889,-516113,-560886,-560634,-532161,2,2,2,2
2025-09-03 13:26:43.916,-516111,-560880,-576976,-532086,2,2,2,2
2025-09-03 13:26:43.945,-516102,-560793,-560878,-532000,2,2,2,2
2025-09-03 13:26:43.973,-516316,-561002,-577157,-532198,2,2,2,2
2025-09-03 13:26:44.001,-516336,-577399,-560781,-540399,2,2,2,2
2025-09-03 13:26:44.029,-516292,-560886,-577039,-532109,2,2,2,2
2025-09-03 13:26:44.057,-516310,-560641,-577055,-532120,2,2,2,2
2025-09-03 13:26:44.083,-508056,-560641,-560669,-532187,2,2,2,2
2025-09-03 13:26:44.110,-516315,-560641,-577084,-532112,2,2,2,2
2025-09-03 13:26:44.138,-516227,-560873,-560654,-532167,2,2,2,2
2025-09-03 13:26:44.164,-516029,-560624,-576774,-531911,2,2,2,2
2025-09-03 13:26:44.190,-516131,-560743,-577237,-531999,2,2,2,2
2025-09-03 13:26:44.218,-516124,-577093,-560532,-531991,2,2,2,2
2025-09-03 13:26:44.246,-516228,-560702,-560875,-532094,2,2,2,2
2025-09-03 13:26:44.274,-516369,-560895,-560683,-532235,2,2,2,2
2025-09-03 13:26:44.302,-516128,-560644,-560774,-531986,2,2,2,2
2025-09-03 13:26:44.330,-516212,-577031,-560782,-531980,2,2,2,2
2025-09-03 13:26:44.357,-508026,-560651,-560793,-532029,2,2,2,2
2025-09-03 13:26:44.385,-516341,-560760,-560651,-532112,2,2,2,2
2025-09-03 13:26:44.411,-516152,-560886,-577167,-532069,2,2,2,2
2025-09-03 13:26:44.440,-516212,-560787,-577143,-531970,2,2,2,2
2025-09-03 13:26:44.467,-499697,-560399,-560626,-531841,2,2,2,2
2025-09-03 13:26:44.494,-516114,-560660,-577030,-532115,2,2,2,2
2025-09-03 13:26:44.522,-516100,-560636,-560631,-531891,2,2,2,2
2025-09-03 13:26:44.548,-516204,-560414,-560407,-531961,2,2,2,2
2025-09-03 13:26:44.575,-516115,-560389,-560631,-531903,2,2,2,2
2025-09-03 13:26:44.603,-516345,-560534,-560592,-532083,2,2,2,2
2025-09-03 13:26:44.630,-516216,-576786,-560638,-531955,2,2,2,2
2025-09-03 13:26:44.658,-516133,-560626,-560620,-531872,2,2,2,2
2025-09-03 13:26:44.686,-516240,-576791,-560405,-531962,2,2,2,2
2025-09-03 13:26:44.712,-516232,-560655,-560643,-532211,2,2,2,2
2025-09-03 13:26:44.740,-516135,-560544,-576958,-532110,2,2,2,2
2025-09-03 13:26:44.768,-516343,-560670,-560744,-531977,2,2,2,2
2025-09-03 13:26:44.795,-516228,-560536,-560633,-532117,2,2,2,2
2025-09-03 13:26:44.822,-516382,-560775,-560857,-532085,2,2,2,2
2025-09-03 13:26:44.849,-516106,-576877,-560520,-540176,2,2,2,2
2025-09-03 13:26:44.876,-516353,-560659,-577148,-532220,2,2,2,2
2025-09-03 13:26:44.904,-516151,-560484,-560536,-532007,2,2,2,2
2025-09-03 13:26:44.930,-516323,-560538,-576775,-531940,2,2,2,2
2025-09-03 13:26:44.958,-516340,-560544,-577031,-532201,2,2,2,2
2025-09-03 13:26:44.986,-516122,-560631,-576882,-531971,2,2,2,2
2025-09-03 13:26:45.013,-516216,-560481,-560595,-532065,2,2,2,2
2025-09-03 13:26:45.041,-516227,-560407,-560525,-531769,2,2,2,2
2025-09-03 13:26:45.068,-516323,-560509,-560621,-532084,2,2,2,2
2025-09-03 13:26:45.095,-516171,-560386,-560519,-531733,2,2,2,2
2025-09-03 13:26:45.122,-516327,-560590,-560401,-531940,2,2,2,2
2025-09-03 13:26:45.149,-516332,-576926,-560393,-540140,2,2,2,2
2025-09-03 13:26:45.175,-516296,-560494,-576994,-532089,2,2,2,2
2025-09-03 13:26:45.203,-516240,-576899,-560540,-540285,2,2,2,2
2025-09-03 13:26:45.230,-516150,-560639,-560415,-531956,2,2,2,2
2025-09-03 13:26:45.258,-516345,-560533,-560632,-531928,2,2,2,2
2025-09-03 13:26:45.285,-516373,-577019,-560659,-540401,2,2,2,2
2025-09-03 13:26:45.312,-516221,-576798,-560516,-532075,2,2,2,2
2025-09-03 13:26:45.339,-516140,-560630,-576822,-531987,2,2,2,2
2025-09-03 13:26:45.366,-516341,-560521,-560644,-532194,2,2,2,2
2025-09-03 13:26:45.394,-516216,-576786,-560533,-532097,2,2,2,2
2025-09-03 13:26:45.422,-516103,-560526,-560389,-531970,2,2,2,2
2025-09-03 13:26:45.449,-516228,-560390,-560538,-532109,2,2,2,2
2025-09-03 13:26:45.477,-516233,-560630,-560518,-532168,2,2,2,2
2025-09-03 13:26:45.505,-516331,-560412,-560610,-532203,2,2,2,2
2025-09-03 13:26:45.533,-516461,-576926,-560670,-540270,2,2,2,2
2025-09-03 13:26:45.560,-516347,-560492,-560628,-532223,2,2,2,2
2025-09-03 13:26:45.588,-516360,-560770,-560659,-532250,2,2,2,2
2025-09-03 13:26:45.616,-516599,-560759,-560894,-532242,2,2,2,2
2025-09-03 13:26:45.642,-516141,-560625,-576889,-532110,2,2,2,2
2025-09-03 13:26:45.670,-516594,-560773,-560655,-532256,2,2,2,2
2025-09-03 13:26:45.698,-516488,-560741,-560870,-532477,2,2,2,2
2025-09-03 13:26:45.725,-516633,-561148,-561005,-549077,2,2,2,2
2025-09-03 13:26:45.752,-516845,-561125,-560919,-532618,2,2,2,2
2025-09-03 13:26:45.780,-516604,-560891,-577341,-532359,2,2,2,2
2025-09-03 13:26:45.807,-516599,-560899,-577345,-532361,2,2,2,2
2025-09-03 13:26:45.834,-516599,-560914,-560950,-532379,2,2,2,2
2025-09-03 13:26:45.861,-516742,-561040,-561136,-548888,2,2,2,2
2025-09-03 13:26:45.888,-516636,-560940,-561033,-532431,2,2,2,2
2025-09-03 13:26:45.915,-516758,-561052,-561147,-548966,2,2,2,2
2025-09-03 13:26:45.941,-516390,-560769,-577265,-532249,2,2,2,2
2025-09-03 13:26:45.968,-516614,-560925,-561022,-532470,2,2,2,2
2025-09-03 13:26:45.995,-516619,-577329,-561025,-532461,2,2,2,2
2025-09-03 13:26:46.023,-516836,-561135,-560999,-532622,2,2,2,2
2025-09-03 13:26:46.050,-516680,-561018,-561126,-548891,2,2,2,2
2025-09-03 13:26:46.076,-516560,-560871,-577333,-532358,2,2,2,2
2025-09-03 13:26:46.103,-516710,-561018,-561142,-548889,2,2,2,2
2025-09-03 13:26:46.131,-516605,-560678,-560782,-532236,2,2,2,2
2025-09-03 13:26:46.158,-516452,-560787,-560894,-532345,2,2,2,2
2025-09-03 13:26:46.185,-516458,-577215,-560655,-540551,2,2,2,2
2025-09-03 13:26:46.212,-516470,-560867,-560669,-532453,2,2,2,2
2025-09-03 13:26:46.239,-516345,-560768,-577255,-532339,2,2,2,2
2025-09-03 13:26:46.267,-516496,-560740,-560770,-532246,2,2,2,2
2025-09-03 13:26:46.294,-516357,-560794,-577290,-532361,2,2,2,2
2025-09-03 13:26:46.322,-516589,-560789,-577280,-532359,2,2,2,2
2025-09-03 13:26:46.348,-516374,-577275,-560742,-532450,2,2,2,2
2025-09-03 13:26:46.374,-516254,-560785,-560896,-532348,2,2,2,2
2025-09-03 13:26:46.400,-516361,-560912,-577400,-532470,2,2,2,2
2025-09-03 13:26:46.427,-508160,-560894,-560748,-532465,2,2,2,2
2025-09-03 13:26:46.455,-516111,-560663,-560774,-532239,2,2,2,2
2025-09-03 13:26:46.483,-516244,-576958,-560660,-540320,2,2,2,2
2025-09-03 13:26:46.510,-516338,-560625,-560669,-532175,2,2,2,2
2025-09-03 13:26:46.537,-516101,-577030,-560751,-532215,2,2,2,2
2025-09-03 13:26:46.565,-516277,-560770,-577272,-532351,2,2,2,2
2025-09-03 13:26:46.592,-516215,-560690,-560887,-532337,2,2,2,2
2025-09-03 13:26:46.620,-516234,-577155,-560648,-540542,2,2,2,2
2025-09-03 13:26:46.648,-516301,-560775,-577088,-532368,2,2,2,2
2025-09-03 13:26:46.675,-516253,-560609,-560758,-532191,2,2,2,2
2025-09-03 13:26:46.703,-516340,-560635,-560774,-532233,2,2,2,2
2025-09-03 13:26:46.730,-507921,-560662,-560799,-532261,2,2,2,2
2025-09-03 13:26:46.757,-516337,-560646,-577100,-532240,2,2,2,2
2025-09-03 13:26:46.783,-508015,-560581,-560634,-532086,2,2,2,2
2025-09-03 13:26:46.811,-516209,-560762,-560649,-532349,2,2,2,2
2025-09-03 13:26:46.838,-516334,-560661,-577173,-532241,2,2,2,2
2025-09-03 13:26:46.866,-516226,-577223,-560670,-540576,2,2,2,2
2025-09-03 13:26:46.893,-516298,-560873,-577122,-532452,2,2,2,2
2025-09-03 13:26:46.920,-516327,-577036,-560751,-532467,2,2,2,2
2025-09-03 13:26:46.946,-516233,-560625,-560660,-532187,2,2,2,2
2025-09-03 13:26:46.974,-516109,-560742,-560845,-532245,2,2,2,2
2025-09-03 13:26:47.001,-516367,-560745,-560852,-532255,2,2,2,2
2025-09-03 13:26:47.029,-516205,-560856,-560891,-532364,2,2,2,2
2025-09-03 13:26:47.056,-516343,-560691,-560781,-532278,2,2,2,2
2025-09-03 13:26:47.084,-516323,-560655,-560756,-532455,2,2,2,2
2025-09-03 13:26:47.112,-516345,-560745,-560701,-532472,2,2,2,2
2025-09-03 13:26:47.139,-516233,-560887,-560664,-532431,2,2,2,2
2025-09-03 13:26:47.167,-516256,-560680,-560770,-532474,2,2,2,2
2025-09-03 13:26:47.195,-516110,-560527,-560610,-532002,2,2,2,2
2025-09-03 13:26:47.222,-516159,-560653,-577043,-532113,2,2,2,2
2025-09-03 13:26:47.249,-516109,-560787,-577215,-532252,2,2,2,2
2025-09-03 13:26:47.276,-516379,-560872,-560881,-532280,2,2,2,2
2025-09-03 13:26:47.303,-516350,-560790,-577202,-532324,2,2,2,2
2025-09-03 13:26:47.330,-516342,-560796,-560841,-532322,2,2,2,2
2025-09-03 13:26:47.358,-499572,-576846,-560399,-540394,2,2,2,2
2025-09-03 13:26:47.386,-499516,-560514,-576786,-532212,2,2,2,2
2025-09-03 13:26:47.413,-516084,-560643,-576912,-532082,2,2,2,2
2025-09-03 13:26:47.440,-499472,-560408,-560620,-532122,2,2,2,2
2025-09-03 13:26:47.468,-516238,-560788,-560670,-532236,2,2,2,2
2025-09-03 13:26:47.495,-516230,-577157,-560653,-540430,2,2,2,2
2025-09-03 13:26:47.523,-516123,-560672,-560628,-532204,2,2,2,2
2025-09-03 13:26:47.550,-499710,-560647,-576900,-532113,2,2,2,2
2025-09-03 13:26:47.576,-499557,-576891,-560372,-540167,2,2,2,2
2025-09-03 13:26:47.605,-499709,-560659,-576966,-532115,2,2,2,2
2025-09-03 13:26:47.632,-499572,-560520,-560379,-531990,2,2,2,2
2025-09-03 13:26:47.660,-515966,-560534,-560629,-531985,2,2,2,2
2025-09-03 13:26:47.687,-499471,-560398,-560491,-532112,2,2,2,2
2025-09-03 13:26:47.713,-499474,-560400,-560495,-532100,2,2,2,2
2025-09-03 13:26:47.741,-516106,-560632,-560414,-532076,2,2,2,2
2025-09-03 13:26:47.768,-499616,-560589,-560635,-531983,2,2,2,2
2025-09-03 13:26:47.795,-508063,-560689,-560615,-532214,2,2,2,2
2025-09-03 13:26:47.823,-499556,-576774,-560514,-540300,2,2,2,2
2025-09-03 13:26:47.850,-516227,-577070,-560612,-532194,2,2,2,2
2025-09-03 13:26:47.876,-499563,-560401,-560514,-532111,2,2,2,2
2025-09-03 13:26:47.904,-499685,-576960,-560634,-532214,2,2,2,2
2025-09-03 13:26:47.931,-499575,-560410,-560586,-532084,2,2,2,2
2025-09-03 13:26:47.958,-516149,-560896,-577144,-532254,2,2,2,2
2025-09-03 13:26:47.985,-516343,-560750,-576964,-532120,2,2,2,2
2025-09-03 13:26:48.012,-499706,-560411,-560626,-532103,2,2,2,2
2025-09-03 13:26:48.040,-516335,-560663,-560600,-532097,2,2,2,2
2025-09-03 13:26:48.067,-516158,-560525,-576774,-532216,2,2,2,2
2025-09-03 13:26:48.095,-516206,-560594,-560397,-532171,2,2,2,2
2025-09-03 13:26:48.121,-516219,-560787,-560664,-532221,2,2,2,2
2025-09-03 13:26:48.149,-516245,-560623,-560407,-532023,2,2,2,2
2025-09-03 13:26:48.176,-516228,-576927,-560394,-540411,2,2,2,2
2025-09-03 13:26:48.204,-516323,-560638,-576784,-531988,2,2,2,2
2025-09-03 13:26:48.231,-516238,-577182,-560643,-540386,2,2,2,2
2025-09-03 13:26:48.257,-508055,-560621,-560403,-532200,2,2,2,2
2025-09-03 13:26:48.284,-516121,-560743,-576831,-532074,2,2,2,2
2025-09-03 13:26:48.312,-516345,-560661,-576865,-532224,2,2,2,2
2025-09-03 13:26:48.339,-516377,-560683,-560748,-532274,2,2,2,2
2025-09-03 13:26:48.367,-508158,-560665,-560404,-532213,2,2,2,2
2025-09-03 13:26:48.394,-516123,-560514,-560428,-531976,2,2,2,2
2025-09-03 13:26:48.421,-516303,-560616,-576911,-532080,2,2,2,2
2025-09-03 13:26:48.448,-516197,-560756,-560399,-532216,2,2,2,2
2025-09-03 13:26:48.475,-516175,-560763,-576791,-532204,2,2,2,2
2025-09-03 13:26:48.502,-516248,-577173,-560492,-540175,2,2,2,2
2025-09-03 13:26:48.529,-516357,-577276,-560537,-540271,2,2,2,2
2025-09-03 13:26:48.556,-508170,-560648,-560543,-532012,2,2,2,2
2025-09-03 13:26:48.583,-516149,-560753,-577022,-532102,2,2,2,2
2025-09-03 13:26:48.610,-516362,-560889,-576911,-531990,2,2,2,2
2025-09-03 13:26:48.637,-516362,-560894,-560526,-531981,2,2,2,2
2025-09-03 13:26:48.664,-516245,-560784,-560483,-532201,2,2,2,2
2025-09-03 13:26:48.692,-516383,-560663,-560620,-532082,2,2,2,2
2025-09-03 13:26:48.719,-507926,-560645,-560524,-531975,2,2,2,2
2025-09-03 13:26:48.746,-516243,-577145,-560393,-532105,2,2,2,2
2025-09-03 13:26:48.774,-516359,-560889,-560438,-532224,2,2,2,2
2025-09-03 13:26:48.801,-516147,-560756,-576966,-532098,2,2,2,2
2025-09-03 13:26:48.828,-516226,-560422,-560361,-531790,2,2,2,2
2025-09-03 13:26:48.855,-516124,-577021,-560525,-531972,2,2,2,2
2025-09-03 13:26:48.883,-516155,-560403,-576748,-531814,2,2,2,2
2025-09-03 13:26:48.910,-516343,-560520,-576871,-531863,2,2,2,2
2025-09-03 13:26:48.937,-516472,-577270,-560535,-540184,2,2,2,2
2025-09-03 13:26:48.965,-516256,-560664,-560387,-532112,2,2,2,2
2025-09-03 13:26:48.993,-516238,-577011,-560542,-532081,2,2,2,2
2025-09-03 13:26:49.020,-516421,-560780,-576888,-531983,2,2,2,2
2025-09-03 13:26:49.047,-516331,-560651,-560387,-532181,2,2,2,2
2025-09-03 13:26:49.074,-516394,-560781,-576946,-531983,2,2,2,2
2025-09-03 13:26:49.101,-508301,-560877,-560617,-532025,2,2,2,2
2025-09-03 13:26:49.129,-508135,-560651,-560385,-532032,2,2,2,2
2025-09-03 13:26:49.156,-516329,-560632,-560386,-532107,2,2,2,2
2025-09-03 13:26:49.183,-516330,-560636,-576781,-532121,2,2,2,2
2025-09-03 13:26:49.210,-516451,-560752,-560448,-531990,2,2,2,2
2025-09-03 13:26:49.237,-516377,-560747,-560756,-532231,2,2,2,2
2025-09-03 13:26:49.265,-516842,-577476,-560881,-540557,2,2,2,2
2025-09-03 13:26:49.292,-516862,-561121,-560886,-532428,2,2,2,2
2025-09-03 13:26:49.320,-508542,-560941,-560759,-532253,2,2,2,2
2025-09-03 13:26:49.347,-516502,-560767,-560847,-532341,2,2,2,2
2025-09-03 13:26:49.374,-516480,-560737,-560517,-531991,2,2,2,2
2025-09-03 13:26:49.401,-516499,-560762,-560859,-532327,2,2,2,2
2025-09-03 13:26:49.429,-516340,-560522,-560621,-532077,2,2,2,2
2025-09-03 13:26:49.455,-516496,-577104,-560529,-540170,2,2,2,2
2025-09-03 13:26:49.483,-516377,-560888,-560657,-532175,2,2,2,2
2025-09-03 13:26:49.510,-516365,-560875,-560658,-532163,2,2,2,2
2025-09-03 13:26:49.539,-516369,-560627,-560414,-532104,2,2,2,2
2025-09-03 13:26:49.566,-516324,-560523,-576995,-531997,2,2,2,2
2025-09-03 13:26:49.593,-516413,-560758,-576951,-532222,2,2,2,2
2025-09-03 13:26:49.621,-516568,-560797,-576921,-531996,2,2,2,2
2025-09-03 13:26:49.648,-516566,-560795,-576973,-531988,2,2,2,2
2025-09-03 13:26:49.675,-516493,-560874,-560618,-531976,2,2,2,2
2025-09-03 13:26:49.703,-516359,-560650,-576776,-532084,2,2,2,2
2025-09-03 13:26:49.731,-516341,-560631,-560624,-531999,2,2,2,2
2025-09-03 13:26:49.759,-516364,-560646,-577021,-531998,2,2,2,2
2025-09-03 13:26:49.786,-516354,-560655,-577024,-531990,2,2,2,2
2025-09-03 13:26:49.814,-516396,-560775,-577067,-532090,2,2,2,2
2025-09-03 13:26:49.841,-516359,-560737,-560641,-531978,2,2,2,2
2025-09-03 13:26:49.868,-516852,-560918,-560862,-532458,2,2,2,2
2025-09-03 13:26:49.895,-516487,-577169,-560742,-540269,2,2,2,2
2025-09-03 13:26:49.923,-516810,-561142,-577139,-532333,2,2,2,2
2025-09-03 13:26:49.951,-516496,-577270,-560773,-540282,2,2,2,2
2025-09-03 13:26:49.978,-516631,-561044,-560647,-532217,2,2,2,2
2025-09-03 13:26:50.005,-516592,-560949,-560875,-532149,2,2,2,2
2025-09-03 13:26:50.033,-516609,-560946,-560872,-532121,2,2,2,2
2025-09-03 13:26:50.060,-516561,-560886,-577081,-531999,2,2,2,2
2025-09-03 13:26:50.087,-516377,-560789,-576971,-531975,2,2,2,2
2025-09-03 13:26:50.115,-516621,-561011,-560847,-532206,2,2,2,2
2025-09-03 13:26:50.143,-516358,-560759,-560524,-531958,2,2,2,2
2025-09-03 13:26:50.170,-516475,-577260,-560624,-532068,2,2,2,2
2025-09-03 13:26:50.198,-516634,-560954,-560770,-532219,2,2,2,2
2025-09-03 13:26:50.225,-516369,-577152,-560500,-532206,2,2,2,2
2025-09-03 13:26:50.252,-516597,-560655,-576776,-532087,2,2,2,2
2025-09-03 13:26:50.280,-516593,-560652,-577015,-532076,2,2,2,2
2025-09-03 13:26:50.313,-516491,-560878,-560542,-531981,2,2,2,2
2025-09-03 13:26:50.335,-516609,-577350,-560643,-532085,2,2,2,2
2025-09-03 13:26:50.362,-516631,-561089,-560745,-532112,2,2,2,2
2025-09-03 13:26:50.390,-516495,-577257,-560526,-540412,2,2,2,2
2025-09-03 13:26:50.417,-516529,-560888,-560613,-531987,2,2,2,2
2025-09-03 13:26:50.443,-516585,-560892,-577018,-532065,2,2,2,2
2025-09-03 13:26:50.471,-516235,-560630,-560288,-531716,2,2,2,2
2025-09-03 13:26:50.497,-516599,-560666,-560402,-532029,2,2,2,2
2025-09-03 13:26:50.524,-516480,-577224,-560544,-531979,2,2,2,2
2025-09-03 13:26:50.552,-516466,-560855,-560515,-532210,2,2,2,2
2025-09-03 13:26:50.580,-516403,-560764,-560493,-532190,2,2,2,2
2025-09-03 13:26:50.606,-516369,-560675,-560484,-532110,2,2,2,2
2025-09-03 13:26:50.634,-516594,-560644,-576787,-532065,2,2,2,2
2025-09-03 13:26:50.662,-516570,-560874,-577023,-531986,2,2,2,2
2025-09-03 13:26:50.690,-516511,-577270,-560652,-540174,2,2,2,2
2025-09-03 13:26:50.718,-516354,-560649,-576887,-531998,2,2,2,2
2025-09-03 13:26:50.746,-516603,-560879,-560739,-531978,2,2,2,2
2025-09-03 13:26:50.772,-516607,-560891,-560752,-531993,2,2,2,2
2025-09-03 13:26:50.799,-516588,-560869,-577088,-532203,2,2,2,2
2025-09-03 13:26:50.827,-516607,-560875,-560494,-531973,2,2,2,2
2025-09-03 13:26:50.854,-516666,-560924,-577163,-532000,2,2,2,2
2025-09-03 13:26:50.882,-516558,-560798,-560669,-532201,2,2,2,2
2025-09-03 13:26:50.909,-516600,-560800,-560432,-531872,2,2,2,2
2025-09-03 13:26:50.936,-516365,-577206,-560491,-540142,2,2,2,2
2025-09-03 13:26:50.963,-516563,-560656,-576976,-531814,2,2,2,2
2025-09-03 13:26:50.991,-516466,-560869,-560526,-531973,2,2,2,2
2025-09-03 13:26:51.018,-516362,-577145,-560500,-540137,2,2,2,2
2025-09-03 13:26:51.045,-516636,-577220,-560759,-532208,2,2,2,2
2025-09-03 13:26:51.072,-516750,-560892,-560880,-532006,2,2,2,2
2025-09-03 13:26:51.100,-516630,-560692,-560749,-532125,2,2,2,2
2025-09-03 13:26:51.128,-516748,-560887,-560881,-532038,2,2,2,2
2025-09-03 13:26:51.154,-516855,-560997,-560678,-532106,2,2,2,2
2025-09-03 13:26:51.180,-516830,-560911,-577296,-532346,2,2,2,2
2025-09-03 13:26:51.207,-516606,-560764,-577067,-532104,2,2,2,2
2025-09-03 13:26:51.234,-516724,-560890,-560791,-531984,2,2,2,2
2025-09-03 13:26:51.261,-516597,-560768,-577080,-532103,2,2,2,2
2025-09-03 13:26:51.289,-516497,-560666,-560631,-531763,2,2,2,2
2025-09-03 13:26:51.315,-516719,-577267,-560771,-531990,2,2,2,2
2025-09-03 13:26:51.343,-516454,-560865,-560447,-531993,2,2,2,2
2025-09-03 13:26:51.372,-508558,-560906,-560777,-532269,2,2,2,2
2025-09-03 13:26:51.399,-516828,-560923,-577237,-532076,2,2,2,2
2025-09-03 13:26:51.426,-516498,-560737,-560599,-532067,2,2,2,2
2025-09-03 13:26:51.453,-508389,-560679,-560536,-532009,2,2,2,2
2025-09-03 13:26:51.481,-516855,-561040,-560886,-532168,2,2,2,2
2025-09-03 13:26:51.510,-516551,-560764,-576925,-532087,2,2,2,2
2025-09-03 13:26:51.537,-516759,-560916,-560764,-532068,2,2,2,2
2025-09-03 13:26:51.564,-516573,-560666,-560586,-532081,2,2,2,2
2025-09-03 13:26:51.592,-516542,-560749,-576922,-532173,2,2,2,2
2025-09-03 13:26:51.619,-516738,-560897,-560770,-532016,2,2,2,2
2025-09-03 13:26:51.647,-516450,-560622,-560495,-531779,2,2,2,2
2025-09-03 13:26:51.674,-516762,-577350,-560877,-532114,2,2,2,2
2025-09-03 13:26:51.702,-516723,-560882,-560772,-532013,2,2,2,2
2025-09-03 13:26:51.729,-508397,-560696,-560652,-532202,2,2,2,2
2025-09-03 13:26:51.756,-516726,-560909,-560857,-532078,2,2,2,2
2025-09-03 13:26:51.784,-516354,-560774,-560412,-531965,2,2,2,2
2025-09-03 13:26:51.811,-516214,-560613,-560277,-531776,2,2,2,2
2025-09-03 13:26:51.838,-516461,-576955,-560500,-539927,2,2,2,2
2025-09-03 13:26:51.866,-516362,-560528,-560487,-531737,2,2,2,2
2025-09-03 13:26:51.893,-516344,-560443,-560409,-531716,2,2,2,2
2025-09-03 13:26:51.921,-516502,-577028,-560540,-531869,2,2,2,2
2025-09-03 13:26:51.948,-516608,-560668,-576778,-531952,2,2,2,2
2025-09-03 13:26:51.975,-516469,-560439,-560484,-531728,2,2,2,2
2025-09-03 13:26:52.002,-516468,-576897,-560500,-540008,2,2,2,2
2025-09-03 13:26:52.030,-516608,-560654,-560635,-532204,2,2,2,2
2025-09-03 13:26:52.057,-516459,-560530,-560488,-531750,2,2,2,2
2025-09-03 13:26:52.085,-516560,-560613,-576979,-531849,2,2,2,2
2025-09-03 13:26:52.111,-516594,-560647,-560385,-531934,2,2,2,2
2025-09-03 13:26:52.139,-516312,-560370,-576718,-531595,2,2,2,2
2025-09-03 13:26:52.167,-516339,-560411,-560154,-531703,2,2,2,2
2025-09-03 13:26:52.194,-516172,-560525,-560271,-531757,2,2,2,2
2025-09-03 13:26:52.221,-516103,-560169,-560237,-531710,2,2,2,2
2025-09-03 13:26:52.249,-516377,-560485,-560502,-531957,2,2,2,2
2025-09-03 13:26:52.276,-516376,-560490,-576888,-531957,2,2,2,2
2025-09-03 13:26:52.304,-516117,-576797,-560243,-531687,2,2,2,2
2025-09-03 13:26:52.331,-516106,-560490,-576622,-531609,2,2,2,2
2025-09-03 13:26:52.358,-508152,-560640,-560411,-531770,2,2,2,2
2025-09-03 13:26:52.385,-516377,-560484,-576886,-531839,2,2,2,2
2025-09-03 13:26:52.413,-516278,-560355,-576753,-531703,2,2,2,2
2025-09-03 13:26:52.441,-508012,-560438,-560266,-531647,2,2,2,2
2025-09-03 13:26:52.468,-507921,-560410,-560228,-531507,2,2,2,2
2025-09-03 13:26:52.495,-516311,-560358,-576755,-531464,2,2,2,2
2025-09-03 13:26:52.522,-516353,-560396,-560481,-531820,2,2,2,2
2025-09-03 13:26:52.550,-516341,-560382,-560159,-531570,2,2,2,2
2025-09-03 13:26:52.579,-516353,-560401,-576894,-531851,2,2,2,2
2025-09-03 13:26:52.607,-516335,-577012,-560413,-531819,2,2,2,2
2025-09-03 13:26:52.634,-516466,-560748,-560544,-531958,2,2,2,2
2025-09-03 13:26:52.661,-516597,-560619,-576869,-531847,2,2,2,2
2025-09-03 13:26:52.689,-516511,-576900,-560640,-531741,2,2,2,2
2025-09-03 13:26:52.717,-516492,-560446,-560631,-531773,2,2,2,2
2025-09-03 13:26:52.745,-516585,-560614,-560403,-531831,2,2,2,2
2025-09-03 13:26:52.772,-516579,-576951,-560387,-540004,2,2,2,2
2025-09-03 13:26:52.799,-516600,-560628,-576800,-531846,2,2,2,2
2025-09-03 13:26:52.826,-516382,-560416,-560592,-531962,2,2,2,2
2025-09-03 13:26:52.854,-508267,-560423,-560609,-531720,2,2,2,2
2025-09-03 13:26:52.880,-516375,-576781,-560518,-540147,2,2,2,2
2025-09-03 13:26:52.908,-516198,-560396,-560268,-531703,2,2,2,2
2025-09-03 13:26:52.935,-516255,-560506,-560388,-531825,2,2,2,2
2025-09-03 13:26:52.961,-508405,-560588,-560399,-531830,2,2,2,2
2025-09-03 13:26:52.990,-516583,-560771,-577031,-532096,2,2,2,2
2025-09-03 13:26:53.016,-516576,-560761,-577014,-532079,2,2,2,2
2025-09-03 13:26:53.044,-516452,-560637,-560499,-531961,2,2,2,2
2025-09-03 13:26:53.070,-516373,-560637,-560438,-531962,2,2,2,2
2025-09-03 13:26:53.097,-516588,-560784,-577037,-532103,2,2,2,2
2025-09-03 13:26:53.126,-516755,-577158,-560890,-540278,2,2,2,2
2025-09-03 13:26:53.152,-516478,-560753,-560619,-531996,2,2,2,2
2025-09-03 13:26:53.180,-516373,-560637,-560438,-531946,2,2,2,2
2025-09-03 13:26:53.207,-516636,-560865,-560834,-532198,2,2,2,2
2025-09-03 13:26:53.235,-516720,-577028,-560780,-531969,2,2,2,2
2025-09-03 13:26:53.263,-516735,-577073,-560795,-531978,2,2,2,2
2025-09-03 13:26:53.290,-516584,-560836,-560663,-532108,2,2,2,2
2025-09-03 13:26:53.317,-516380,-560617,-576892,-531967,2,2,2,2
2025-09-03 13:26:53.344,-516468,-560650,-560539,-531982,2,2,2,2
2025-09-03 13:26:53.372,-516719,-560644,-560783,-532030,2,2,2,2
2025-09-03 13:26:53.399,-516565,-560755,-577021,-532101,2,2,2,2
2025-09-03 13:26:53.425,-516410,-560669,-576968,-532076,2,2,2,2
2025-09-03 13:26:53.452,-508310,-560690,-560652,-532166,2,2,2,2
2025-09-03 13:26:53.480,-516381,-560387,-560613,-531732,2,2,2,2
2025-09-03 13:26:53.506,-516458,-560394,-560622,-531742,2,2,2,2
2025-09-03 13:26:53.533,-516350,-560623,-560516,-531954,2,2,2,2
2025-09-03 13:26:53.561,-516474,-560740,-560622,-532077,2,2,2,2
2025-09-03 13:26:53.588,-516607,-560798,-560756,-532183,2,2,2,2
2025-09-03 13:26:53.615,-516833,-560779,-577046,-532108,2,2,2,2
2025-09-03 13:26:53.642,-516512,-560779,-560654,-532021,2,2,2,2
2025-09-03 13:26:53.669,-516569,-560512,-577019,-531822,2,2,2,2
2025-09-03 13:26:53.698,-516537,-560537,-560392,-531766,2,2,2,2
2025-09-03 13:26:53.725,-516405,-560771,-577011,-531985,2,2,2,2
2025-09-03 13:26:53.752,-516378,-576839,-560519,-531945,2,2,2,2
2025-09-03 13:26:53.781,-516341,-560416,-560500,-531921,2,2,2,2
2025-09-03 13:26:53.808,-516223,-560610,-560367,-531723,2,2,2,2
2025-09-03 13:26:53.835,-516457,-576981,-560525,-531947,2,2,2,2
2025-09-03 13:26:53.862,-516358,-560504,-560433,-531864,2,2,2,2
2025-09-03 13:26:53.890,-516328,-560385,-560393,-531770,2,2,2,2
2025-09-03 13:26:53.917,-516358,-560411,-560436,-531846,2,2,2,2
2025-09-03 13:26:53.943,-516546,-560524,-560605,-531716,2,2,2,2
2025-09-03 13:26:53.969,-516395,-560748,-576896,-531872,2,2,2,2
2025-09-03 13:26:53.996,-516110,-560370,-560232,-531589,2,2,2,2
2025-09-03 13:26:54.023,-516351,-560369,-560158,-531503,2,2,2,2
2025-09-03 13:26:54.051,-516425,-560409,-560516,-531930,2,2,2,2
2025-09-03 13:26:54.078,-516329,-560599,-560379,-531726,2,2,2,2
2025-09-03 13:26:54.105,-516343,-560540,-560384,-531738,2,2,2,2
2025-09-03 13:26:54.134,-516364,-576969,-560396,-540018,2,2,2,2
2025-09-03 13:26:54.161,-508014,-560385,-560238,-531595,2,2,2,2
2025-09-03 13:26:54.188,-508387,-560437,-560543,-531726,2,2,2,2
2025-09-03 13:26:54.215,-516506,-560419,-560537,-531960,2,2,2,2
2025-09-03 13:26:54.242,-516235,-560155,-560264,-531685,2,2,2,2
2025-09-03 13:26:54.270,-508058,-560424,-560357,-531710,2,2,2,2
2025-09-03 13:26:54.297,-516215,-560406,-576652,-531688,2,2,2,2
2025-09-03 13:26:54.324,-516358,-560536,-560434,-531827,2,2,2,2
2025-09-03 13:26:54.352,-516330,-576888,-560378,-539914,2,2,2,2
2025-09-03 13:26:54.379,-508169,-560590,-560406,-531737,2,2,2,2
2025-09-03 13:26:54.407,-516605,-560520,-560632,-531719,2,2,2,2
2025-09-03 13:26:54.434,-516552,-560403,-576895,-531853,2,2,2,2
2025-09-03 13:26:54.462,-516367,-576947,-560637,-540155,2,2,2,2
2025-09-03 13:26:54.488,-508180,-560604,-560625,-531967,2,2,2,2
2025-09-03 13:26:54.516,-516633,-560870,-577017,-531991,2,2,2,2
2025-09-03 13:26:54.543,-516499,-560409,-560432,-531937,2,2,2,2
2025-09-03 13:26:54.571,-516372,-560534,-560355,-531735,2,2,2,2
2025-09-03 13:26:54.599,-516573,-560490,-576848,-531940,2,2,2,2
2025-09-03 13:26:54.626,-516600,-560674,-560500,-531959,2,2,2,2
2025-09-03 13:26:54.655,-516720,-577178,-560645,-540298,2,2,2,2
2025-09-03 13:26:54.682,-516630,-560766,-560872,-531998,2,2,2,2
2025-09-03 13:26:54.709,-516589,-560640,-560513,-531962,2,2,2,2
2025-09-03 13:26:54.736,-516586,-560662,-560583,-531950,2,2,2,2
2025-09-03 13:26:54.764,-516736,-560873,-560670,-532107,2,2,2,2
2025-09-03 13:26:54.792,-516826,-560893,-577097,-532121,2,2,2,2
2025-09-03 13:26:54.819,-516684,-560792,-577025,-532070,2,2,2,2
2025-09-03 13:26:54.847,-516854,-560752,-560787,-531971,2,2,2,2
2025-09-03 13:26:54.875,-508415,-560695,-560542,-531972,2,2,2,2
2025-09-03 13:26:54.902,-508409,-560684,-560541,-531975,2,2,2,2
2025-09-03 13:26:54.931,-516619,-560785,-560630,-532077,2,2,2,2
2025-09-03 13:26:54.958,-516395,-560647,-576788,-531859,2,2,2,2
2025-09-03 13:26:54.985,-516812,-561002,-577097,-532208,2,2,2,2
2025-09-03 13:26:55.012,-516847,-560852,-560792,-531980,2,2,2,2
2025-09-03 13:26:55.039,-516610,-560879,-576972,-532068,2,2,2,2
2025-09-03 13:26:55.068,-516720,-577300,-560663,-532117,2,2,2,2
2025-09-03 13:26:55.094,-508553,-560922,-560738,-532190,2,2,2,2
2025-09-03 13:26:55.121,-516761,-577405,-560783,-540409,2,2,2,2
2025-09-03 13:26:55.150,-516880,-561151,-560903,-532365,2,2,2,2
2025-09-03 13:26:55.175,-517000,-560947,-561017,-532477,2,2,2,2
2025-09-03 13:26:55.204,-516625,-560893,-560657,-532105,2,2,2,2
2025-09-03 13:26:55.232,-516842,-561037,-577212,-532328,2,2,2,2
2025-09-03 13:26:55.259,-516761,-577344,-560800,-532327,2,2,2,2
2025-09-03 13:26:55.286,-517120,-561132,-560910,-532365,2,2,2,2
2025-09-03 13:26:55.312,-516999,-569454,-561102,-548891,2,2,2,2
2025-09-03 13:26:55.340,-516989,-577652,-561032,-540680,2,2,2,2
2025-09-03 13:26:55.367,-517104,-577773,-561166,-532621,2,2,2,2
2025-09-03 13:26:55.394,-516961,-577590,-561032,-540664,2,2,2,2
2025-09-03 13:26:55.421,-516893,-569457,-561107,-548884,2,2,2,2
2025-09-03 13:26:55.448,-516996,-561347,-561126,-532550,2,2,2,2
2025-09-03 13:26:55.476,-517007,-561287,-577520,-548991,2,2,2,2
2025-09-03 13:26:55.502,-517132,-569594,-561177,-549115,2,2,2,2
2025-09-03 13:26:55.529,-517356,-561372,-561155,-532638,2,2,2,2
2025-09-03 13:26:55.556,-517139,-561159,-577649,-548886,2,2,2,2
2025-09-03 13:26:55.583,-517127,-561391,-561186,-548886,2,2,2,2
2025-09-03 13:26:55.610,-517098,-561380,-569354,-548867,2,2,2,2
2025-09-03 13:26:55.638,-517068,-561025,-561147,-532471,2,2,2,2
2025-09-03 13:26:55.665,-516907,-560923,-577437,-532366,2,2,2,2
2025-09-03 13:26:55.693,-516927,-561014,-577528,-548870,2,2,2,2
2025-09-03 13:26:55.720,-517113,-561147,-561002,-548924,2,2,2,2
2025-09-03 13:26:55.746,-516927,-561028,-577525,-548869,2,2,2,2
2025-09-03 13:26:55.773,-517104,-561407,-561178,-548964,2,2,2,2
2025-09-03 13:26:55.801,-517225,-561209,-561280,-532713,2,2,2,2
2025-09-03 13:26:55.828,-516979,-577725,-561046,-532724,2,2,2,2
2025-09-03 13:26:55.856,-517090,-561159,-561160,-548886,2,2,2,2
2025-09-03 13:26:55.883,-517008,-561153,-561141,-548895,2,2,2,2
2025-09-03 13:26:55.911,-516804,-561147,-577274,-532254,2,2,2,2
2025-09-03 13:26:55.939,-508700,-561094,-561029,-532425,2,2,2,2
2025-09-03 13:26:55.967,-517238,-569591,-561390,-549144,2,2,2,2
2025-09-03 13:26:55.993,-517646,-578173,-561794,-541424,2,2,2,2
2025-09-03 13:26:56.020,-518424,-562569,-578933,-550376,2,2,2,2
2025-09-03 13:26:56.047,-518943,-579472,-563086,-542737,2,2,2,2
2025-09-03 13:26:56.075,-519278,-563701,-571628,-551206,2,2,2,2
2025-09-03 13:26:56.102,-519709,-563865,-580253,-551698,2,2,2,2
2025-09-03 13:26:56.129,-519677,-563838,-572039,-551676,2,2,2,2
2025-09-03 13:26:56.156,-511750,-564180,-564196,-535611,2,2,2,2
2025-09-03 13:26:56.183,-520117,-564331,-572538,-552194,2,2,2,2
2025-09-03 13:26:56.210,-520191,-564458,-580859,-552326,2,2,2,2
2025-09-03 13:26:56.237,-520207,-564483,-564500,-552432,2,2,2,2
2025-09-03 13:26:56.266,-520423,-564623,-564457,-552388,2,2,2,2
2025-09-03 13:26:56.293,-520207,-564501,-564588,-536086,2,2,2,2
2025-09-03 13:26:56.320,-520178,-564479,-580675,-552208,2,2,2,2
2025-09-03 13:26:56.347,-520172,-564482,-572439,-552210,2,2,2,2
2025-09-03 13:26:56.373,-520299,-564619,-564460,-552417,2,2,2,2
2025-09-03 13:26:56.400,-511871,-564464,-564247,-535823,2,2,2,2
2025-09-03 13:26:56.428,-520053,-564468,-564233,-535859,2,2,2,2
2025-09-03 13:26:56.456,-520095,-564580,-564419,-552329,2,2,2,2
2025-09-03 13:26:56.483,-520133,-564330,-580749,-552337,2,2,2,2
2025-09-03 13:26:56.510,-519938,-580862,-564244,-535910,2,2,2,2
2025-09-03 13:26:56.538,-520156,-564384,-580617,-552220,2,2,2,2
2025-09-03 13:26:56.565,-519905,-572662,-564251,-552327,2,2,2,2
2025-09-03 13:26:56.592,-519681,-564272,-564092,-552191,2,2,2,2
2025-09-03 13:26:56.619,-519817,-580605,-563991,-535701,2,2,2,2
2025-09-03 13:26:56.646,-519936,-564359,-564184,-552301,2,2,2,2
2025-09-03 13:26:56.674,-519923,-564352,-580537,-552316,2,2,2,2
2025-09-03 13:26:56.702,-519700,-564217,-563986,-552186,2,2,2,2
2025-09-03 13:26:56.730,-519693,-564242,-564251,-552204,2,2,2,2
2025-09-03 13:26:56.758,-519693,-564252,-564328,-552225,2,2,2,2
2025-09-03 13:26:56.785,-511620,-564439,-564467,-536049,2,2,2,2
2025-09-03 13:26:56.812,-519705,-580736,-564379,-544160,2,2,2,2
2025-09-03 13:26:56.841,-519820,-564462,-564244,-536135,2,2,2,2
2025-09-03 13:26:56.867,-519902,-564249,-580732,-552419,2,2,2,2
2025-09-03 13:26:56.894,-511371,-564246,-564094,-536046,2,2,2,2
2025-09-03 13:26:56.920,-519669,-564105,-580588,-552302,2,2,2,2
2025-09-03 13:26:56.948,-519698,-564470,-580657,-552600,2,2,2,2
2025-09-03 13:26:56.974,-519602,-564358,-572398,-552244,2,2,2,2
2025-09-03 13:26:57.002,-519663,-580594,-563982,-536035,2,2,2,2
2025-09-03 13:26:57.030,-519650,-572428,-564009,-552429,2,2,2,2
2025-09-03 13:26:57.056,-519560,-580848,-564241,-552352,2,2,2,2
2025-09-03 13:26:57.084,-519464,-564453,-580614,-552424,2,2,2,2
2025-09-03 13:26:57.112,-511388,-564272,-564105,-535861,2,2,2,2
2025-09-03 13:26:57.139,-519425,-564383,-564219,-552419,2,2,2,2
2025-09-03 13:26:57.167,-519582,-580749,-564200,-544227,2,2,2,2
2025-09-03 13:26:57.194,-519545,-564334,-580743,-552579,2,2,2,2
2025-09-03 13:26:57.221,-519676,-564474,-580665,-552468,2,2,2,2
2025-09-03 13:26:57.248,-519403,-564212,-580368,-552218,2,2,2,2
2025-09-03 13:26:57.275,-511217,-564215,-563988,-535846,2,2,2,2
2025-09-03 13:26:57.302,-519454,-564277,-564361,-536264,2,2,2,2
2025-09-03 13:26:57.330,-519681,-564496,-580739,-552600,2,2,2,2
2025-09-03 13:26:57.357,-511243,-564270,-564373,-536308,2,2,2,2
2025-09-03 13:26:57.383,-519638,-564234,-580667,-552603,2,2,2,2
2025-09-03 13:26:57.411,-519472,-564467,-580626,-552584,2,2,2,2
2025-09-03 13:26:57.438,-519325,-564280,-564127,-536064,2,2,2,2
2025-09-03 13:26:57.466,-519328,-564425,-564202,-536082,2,2,2,2
2025-09-03 13:26:57.498,-519280,-564254,-564107,-536056,2,2,2,2
2025-09-03 13:26:57.521,-519409,-564374,-564234,-552573,2,2,2,2
2025-09-03 13:26:57.548,-519522,-564230,-572546,-552697,2,2,2,2
2025-09-03 13:26:57.575,-519301,-580470,-564204,-544103,2,2,2,2
2025-09-03 13:26:57.602,-519152,-564204,-580464,-552423,2,2,2,2
2025-09-03 13:26:57.629,-519395,-564193,-580426,-552352,2,2,2,2
2025-09-03 13:26:57.657,-519447,-564331,-580811,-552566,2,2,2,2
2025-09-03 13:26:57.684,-519440,-580639,-564381,-536173,2,2,2,2
2025-09-03 13:26:57.711,-519193,-580663,-564232,-536294,2,2,2,2
2025-09-03 13:26:57.738,-519397,-564216,-580492,-552567,2,2,2,2
2025-09-03 13:26:57.765,-519431,-564335,-564227,-552697,2,2,2,2
2025-09-03 13:26:57.792,-519435,-564347,-564227,-552708,2,2,2,2
2025-09-03 13:26:57.818,-519203,-564357,-580639,-552470,2,2,2,2
2025-09-03 13:26:57.845,-518934,-564097,-580420,-552211,2,2,2,2
2025-09-03 13:26:57.873,-519127,-563989,-580584,-552348,2,2,2,2
2025-09-03 13:26:57.900,-519061,-572275,-563980,-552435,2,2,2,2
2025-09-03 13:26:57.927,-519059,-572282,-563982,-552459,2,2,2,2
2025-09-03 13:26:57.954,-518941,-580364,-564113,-535968,2,2,2,2
2025-09-03 13:26:57.982,-519060,-580582,-563988,-535921,2,2,2,2
2025-09-03 13:26:58.009,-519151,-563977,-580400,-552347,2,2,2,2
2025-09-03 13:26:58.036,-510735,-564032,-564119,-552444,2,2,2,2
2025-09-03 13:26:58.063,-519031,-563975,-563990,-535938,2,2,2,2
2025-09-03 13:26:58.091,-519050,-580381,-563986,-552328,2,2,2,2
2025-09-03 13:26:58.118,-518901,-563850,-580223,-552188,2,2,2,2
2025-09-03 13:26:58.145,-518928,-580591,-563939,-544097,2,2,2,2
2025-09-03 13:26:58.172,-518783,-563984,-571916,-552394,2,2,2,2
2025-09-03 13:26:58.199,-519046,-564005,-563989,-535992,2,2,2,2
2025-09-03 13:26:58.226,-518792,-564083,-572003,-552424,2,2,2,2
2025-09-03 13:26:58.255,-518916,-572401,-563927,-552221,2,2,2,2
2025-09-03 13:26:58.283,-518921,-564226,-580545,-552560,2,2,2,2
2025-09-03 13:26:58.309,-519052,-580502,-564067,-544235,2,2,2,2
2025-09-03 13:26:58.337,-519019,-572542,-563972,-552680,2,2,2,2
2025-09-03 13:26:58.364,-518866,-564209,-563765,-552198,2,2,2,2
2025-09-03 13:26:58.391,-518698,-564099,-580100,-552347,2,2,2,2
2025-09-03 13:26:58.419,-518876,-563947,-580196,-552197,2,2,2,2
2025-09-03 13:26:58.447,-518885,-563979,-563839,-535840,2,2,2,2
2025-09-03 13:26:58.475,-518931,-564273,-564122,-536201,2,2,2,2
2025-09-03 13:26:58.501,-510590,-564187,-563717,-552445,2,2,2,2
2025-09-03 13:26:58.528,-518868,-564202,-580160,-552194,2,2,2,2
2025-09-03 13:26:58.556,-518705,-564102,-580350,-552423,2,2,2,2
2025-09-03 13:26:58.583,-510584,-563914,-563717,-535760,2,2,2,2
2025-09-03 13:26:58.611,-518794,-572292,-563965,-552441,2,2,2,2
2025-09-03 13:26:58.638,-518676,-580146,-563596,-535699,2,2,2,2
2025-09-03 13:26:58.667,-518756,-563748,-563683,-535754,2,2,2,2
2025-09-03 13:26:58.695,-510576,-564009,-563861,-552428,2,2,2,2
2025-09-03 13:26:58.723,-518931,-563975,-580211,-552323,2,2,2,2
2025-09-03 13:26:58.751,-510611,-564166,-563961,-535869,2,2,2,2
2025-09-03 13:26:58.777,-518971,-564079,-580346,-552477,2,2,2,2
2025-09-03 13:26:58.805,-518798,-564100,-563732,-552308,2,2,2,2
2025-09-03 13:26:58.832,-510439,-563960,-563571,-552160,2,2,2,2
2025-09-03 13:26:58.859,-518906,-563979,-563847,-536053,2,2,2,2
2025-09-03 13:26:58.887,-519067,-580594,-564079,-544496,2,2,2,2
2025-09-03 13:26:58.915,-518904,-563976,-580235,-552460,2,2,2,2
2025-09-03 13:26:58.942,-510483,-564025,-563961,-535864,2,2,2,2
2025-09-03 13:26:58.969,-518700,-564106,-580105,-552351,2,2,2,2
2025-09-03 13:26:58.996,-518639,-580110,-563615,-544113,2,2,2,2
2025-09-03 13:26:59.022,-518902,-563964,-580226,-552292,2,2,2,2
2025-09-03 13:26:59.048,-510579,-563768,-563712,-536050,2,2,2,2
2025-09-03 13:26:59.076,-518804,-580319,-563821,-535909,2,2,2,2
2025-09-03 13:26:59.103,-518873,-563947,-580211,-552304,2,2,2,2
2025-09-03 13:26:59.130,-518539,-563862,-571775,-552244,2,2,2,2
2025-09-03 13:26:59.158,-518655,-563809,-563458,-552177,2,2,2,2
2025-09-03 13:26:59.185,-518646,-563716,-563706,-536048,2,2,2,2
2025-09-03 13:26:59.212,-518889,-563964,-563950,-552426,2,2,2,2
2025-09-03 13:26:59.240,-518649,-563734,-563714,-552444,2,2,2,2
2025-09-03 13:26:59.268,-518451,-563860,-579976,-552329,2,2,2,2
2025-09-03 13:26:59.295,-518633,-563733,-580094,-552202,2,2,2,2
2025-09-03 13:26:59.323,-518644,-572010,-563479,-552217,2,2,2,2
2025-09-03 13:26:59.350,-518401,-563824,-579906,-552290,2,2,2,2
2025-09-03 13:26:59.378,-510309,-563928,-563604,-552398,2,2,2,2
2025-09-03 13:26:59.405,-518554,-563745,-563728,-535824,2,2,2,2
2025-09-03 13:26:59.433,-518560,-563748,-563476,-535824,2,2,2,2
2025-09-03 13:26:59.460,-518759,-563963,-563945,-552423,2,2,2,2
2025-09-03 13:26:59.488,-518719,-563988,-580106,-552445,2,2,2,2
2025-09-03 13:26:59.514,-518428,-580304,-563683,-535961,2,2,2,2
2025-09-03 13:26:59.541,-518413,-563937,-563610,-552389,2,2,2,2
2025-09-03 13:26:59.569,-518646,-563937,-580022,-552299,2,2,2,2
2025-09-03 13:26:59.597,-518430,-563953,-563709,-552424,2,2,2,2
2025-09-03 13:26:59.625,-518458,-563813,-580148,-552221,2,2,2,2
2025-09-03 13:26:59.652,-518406,-563713,-563474,-552179,2,2,2,2
2025-09-03 13:26:59.679,-518113,-579765,-563447,-543713,2,2,2,2
2025-09-03 13:26:59.707,-518361,-563682,-579817,-552096,2,2,2,2
2025-09-03 13:26:59.735,-518393,-563458,-579851,-551941,2,2,2,2
2025-09-03 13:26:59.762,-518157,-571665,-563235,-552033,2,2,2,2
2025-09-03 13:26:59.790,-518285,-563598,-571622,-552159,2,2,2,2
2025-09-03 13:26:59.817,-510104,-563661,-563432,-535770,2,2,2,2
2025-09-03 13:26:59.844,-518140,-579839,-563297,-535575,2,2,2,2
2025-09-03 13:26:59.872,-518136,-579828,-563306,-543491,2,2,2,2
2025-09-03 13:26:59.900,-517956,-563310,-579474,-551791,2,2,2,2
2025-09-03 13:26:59.928,-518046,-563440,-563225,-535522,2,2,2,2
2025-09-03 13:26:59.956,-518132,-563441,-563226,-535541,2,2,2,2
2025-09-03 13:26:59.982,-518241,-579942,-563334,-543849,2,2,2,2
2025-09-03 13:27:00.009,-518100,-563351,-579589,-551917,2,2,2,2
2025-09-03 13:27:00.036,-517897,-563214,-579781,-551796,2,2,2,2
2025-09-03 13:27:00.063,-518081,-563327,-579817,-551836,2,2,2,2
2025-09-03 13:27:00.090,-518252,-579948,-563347,-543859,2,2,2,2
2025-09-03 13:27:00.118,-518264,-571762,-563437,-552079,2,2,2,2
2025-09-03 13:27:00.146,-517999,-571498,-563426,-551816,2,2,2,2
2025-09-03 13:27:00.173,-517939,-563312,-579817,-551818,2,2,2,2
2025-09-03 13:27:00.199,-518082,-563327,-579585,-551838,2,2,2,2
2025-09-03 13:27:00.227,-518015,-563243,-563197,-535494,2,2,2,2
2025-09-03 13:27:00.254,-517910,-563213,-579809,-551812,2,2,2,2
2025-09-03 13:27:00.282,-518119,-563443,-563331,-551716,2,2,2,2
2025-09-03 13:27:00.309,-518017,-571533,-563247,-551693,2,2,2,2
2025-09-03 13:27:00.335,-518124,-563448,-579730,-551789,2,2,2,2
2025-09-03 13:27:00.363,-517889,-563220,-563433,-535454,2,2,2,2
2025-09-03 13:27:00.390,-518143,-579593,-563359,-535438,2,2,2,2
2025-09-03 13:27:00.417,-518135,-571647,-563422,-551833,2,2,2,2
2025-09-03 13:27:00.446,-517773,-563095,-571264,-551724,2,2,2,2
2025-09-03 13:27:00.473,-509706,-563238,-563198,-535540,2,2,2,2
2025-09-03 13:27:00.500,-518008,-563402,-563297,-535326,2,2,2,2
2025-09-03 13:27:00.528,-517835,-563202,-579559,-551906,2,2,2,2
2025-09-03 13:27:00.555,-517990,-579693,-563223,-543512,2,2,2,2
2025-09-03 13:27:00.582,-518029,-563425,-563257,-551814,2,2,2,2
2025-09-03 13:27:00.610,-509553,-563149,-563046,-535336,2,2,2,2
2025-09-03 13:27:00.636,-509695,-562969,-563189,-535284,2,2,2,2
2025-09-03 13:27:00.663,-518022,-563432,-563318,-551724,2,2,2,2
2025-09-03 13:27:00.690,-517647,-563092,-571142,-551687,2,2,2,2
2025-09-03 13:27:00.717,-517759,-579345,-563084,-535165,2,2,2,2
2025-09-03 13:27:00.743,-517766,-563048,-563145,-551542,2,2,2,2
2025-09-03 13:27:00.771,-517640,-579555,-562959,-551695,2,2,2,2
2025-09-03 13:27:00.797,-517878,-563097,-579334,-551678,2,2,2,2
2025-09-03 13:27:00.824,-509687,-563432,-563207,-535543,2,2,2,2
2025-09-03 13:27:00.852,-509452,-563192,-562972,-535310,2,2,2,2
2025-09-03 13:27:00.879,-517867,-579561,-562945,-543475,2,2,2,2
2025-09-03 13:27:00.908,-517874,-563186,-571149,-551675,2,2,2,2
2025-09-03 13:27:00.935,-517633,-579332,-562962,-535058,2,2,2,2
2025-09-03 13:27:00.963,-517569,-563171,-579331,-551678,2,2,2,2
2025-09-03 13:27:00.990,-517645,-562967,-562967,-551449,2,2,2,2
2025-09-03 13:27:01.018,-509283,-562980,-562814,-535243,2,2,2,2
2025-09-03 13:27:01.044,-517612,-579331,-562957,-535058,2,2,2,2
2025-09-03 13:27:01.072,-517658,-579707,-563067,-543606,2,2,2,2
2025-09-03 13:27:01.100,-517662,-579444,-563066,-543345,2,2,2,2
2025-09-03 13:27:01.127,-517730,-579385,-563073,-535143,2,2,2,2
2025-09-03 13:27:01.154,-517428,-563076,-579216,-551542,2,2,2,2
2025-09-03 13:27:01.181,-517626,-562951,-579126,-551428,2,2,2,2
2025-09-03 13:27:01.208,-517505,-563072,-571007,-551479,2,2,2,2
2025-09-03 13:27:01.235,-517773,-563092,-571279,-551618,2,2,2,2
2025-09-03 13:27:01.262,-517676,-563055,-579407,-551535,2,2,2,2
2025-09-03 13:27:01.289,-517843,-563169,-579563,-551582,2,2,2,2
2025-09-03 13:27:01.316,-517520,-563101,-562923,-551649,2,2,2,2
2025-09-03 13:27:01.343,-509303,-562892,-562822,-534998,2,2,2,2
2025-09-03 13:27:01.370,-517378,-562965,-562718,-551522,2,2,2,2
2025-09-03 13:27:01.397,-517603,-562917,-562935,-535042,2,2,2,2
2025-09-03 13:27:01.424,-517533,-562848,-562932,-551430,2,2,2,2
2025-09-03 13:27:01.451,-517511,-562834,-562919,-551411,2,2,2,2
2025-09-03 13:27:01.478,-517145,-570994,-562632,-551322,2,2,2,2
2025-09-03 13:27:01.506,-517378,-562708,-579181,-551286,2,2,2,2
2025-09-03 13:27:01.533,-517438,-562806,-571012,-551390,2,2,2,2
2025-09-03 13:27:01.561,-517405,-562747,-562834,-534979,2,2,2,2
2025-09-03 13:27:01.590,-517629,-563044,-579189,-551552,2,2,2,2
2025-09-03 13:27:01.617,-517373,-562709,-579172,-551285,2,2,2,2
2025-09-03 13:27:01.645,-517413,-562819,-579210,-551326,2,2,2,2
2025-09-03 13:27:01.672,-517477,-579210,-562826,-543210,2,2,2,2
2025-09-03 13:27:01.700,-517255,-579260,-562657,-543225,2,2,2,2
2025-09-03 13:27:01.727,-517223,-562888,-562557,-534975,2,2,2,2
2025-09-03 13:27:01.755,-517429,-562824,-579208,-551316,2,2,2,2
2025-09-03 13:27:01.783,-517407,-562807,-579203,-551310,2,2,2,2
2025-09-03 13:27:01.810,-517351,-562697,-562451,-534852,2,2,2,2
2025-09-03 13:27:01.838,-509046,-562649,-562587,-534734,2,2,2,2
2025-09-03 13:27:01.865,-517141,-562464,-578867,-551043,2,2,2,2
2025-09-03 13:27:01.892,-517357,-570871,-562444,-551182,2,2,2,2
2025-09-03 13:27:01.919,-517378,-562697,-562786,-534902,2,2,2,2
2025-09-03 13:27:01.947,-517485,-562806,-562814,-551382,2,2,2,2
2025-09-03 13:27:01.974,-517404,-562714,-562739,-551307,2,2,2,2
2025-09-03 13:27:02.000,-517500,-562748,-562816,-534939,2,2,2,2
2025-09-03 13:27:02.028,-509315,-562882,-562820,-534983,2,2,2,2
2025-09-03 13:27:02.056,-517333,-562844,-579054,-551416,2,2,2,2
2025-09-03 13:27:02.083,-517516,-562907,-562916,-534939,2,2,2,2
2025-09-03 13:27:02.110,-517510,-563066,-571030,-551634,2,2,2,2
2025-09-03 13:27:02.137,-517171,-562712,-578936,-551279,2,2,2,2
2025-09-03 13:27:02.165,-517407,-562700,-579104,-551185,2,2,2,2
2025-09-03 13:27:02.192,-517399,-579320,-562715,-542992,2,2,2,2
2025-09-03 13:27:02.219,-517221,-570885,-562474,-551191,2,2,2,2
2025-09-03 13:27:02.247,-517127,-562589,-562423,-551149,2,2,2,2
2025-09-03 13:27:02.273,-509087,-562485,-562565,-534663,2,2,2,2
2025-09-03 13:27:02.301,-517241,-562447,-562448,-534535,2,2,2,2
2025-09-03 13:27:02.328,-517123,-570780,-562676,-551137,2,2,2,2
2025-09-03 13:27:02.356,-517330,-562457,-578936,-550942,2,2,2,2
2025-09-03 13:27:02.382,-509057,-562449,-562455,-534534,2,2,2,2
2025-09-03 13:27:02.409,-509045,-562677,-562441,-534770,2,2,2,2
2025-09-03 13:27:02.436,-517139,-562659,-562681,-551048,2,2,2,2
2025-09-03 13:27:02.464,-517177,-562663,-570877,-551126,2,2,2,2
2025-09-03 13:27:02.490,-517367,-562833,-562635,-551268,2,2,2,2
2025-09-03 13:27:02.518,-517127,-579067,-562419,-534666,2,2,2,2
2025-09-03 13:27:02.545,-517266,-562634,-562562,-534555,2,2,2,2
2025-09-03 13:27:02.572,-517140,-562714,-562448,-551128,2,2,2,2
2025-09-03 13:27:02.599,-517236,-562540,-578924,-551154,2,2,2,2
2025-09-03 13:27:02.626,-517309,-562845,-578959,-551207,2,2,2,2
2025-09-03 13:27:02.653,-517197,-562556,-570741,-550924,2,2,2,2
2025-09-03 13:27:02.681,-517279,-562920,-562580,-551212,2,2,2,2
2025-09-03 13:27:02.708,-517163,-562799,-578872,-551170,2,2,2,2
2025-09-03 13:27:02.735,-517375,-562922,-579016,-551303,2,2,2,2
2025-09-03 13:27:02.763,-517349,-579279,-562586,-534914,2,2,2,2
2025-09-03 13:27:02.790,-509213,-562700,-562683,-535025,2,2,2,2
2025-09-03 13:27:02.817,-517345,-562818,-562557,-551208,2,2,2,2
2025-09-03 13:27:02.845,-517338,-562546,-562486,-551009,2,2,2,2
2025-09-03 13:27:02.872,-517269,-562806,-562489,-551277,2,2,2,2
2025-09-03 13:27:02.900,-517145,-562673,-579059,-551161,2,2,2,2
2025-09-03 13:27:02.927,-517228,-579060,-562687,-534773,2,2,2,2
2025-09-03 13:27:02.954,-517497,-579317,-562700,-535030,2,2,2,2
2025-09-03 13:27:02.980,-517253,-579067,-562449,-542961,2,2,2,2
2025-09-03 13:27:03.006,-517218,-562578,-570869,-551121,2,2,2,2
2025-09-03 13:27:03.034,-509169,-562467,-562570,-534557,2,2,2,2
2025-09-03 13:27:03.060,-517277,-570643,-562483,-550932,2,2,2,2
2025-09-03 13:27:03.087,-517325,-562534,-570749,-550938,2,2,2,2
2025-09-03 13:27:03.114,-508931,-562490,-562334,-534573,2,2,2,2
2025-09-03 13:27:03.141,-517151,-562567,-578720,-551021,2,2,2,2
2025-09-03 13:27:03.170,-516869,-562299,-578717,-550757,2,2,2,2
2025-09-03 13:27:03.196,-517099,-562277,-578690,-550684,2,2,2,2
2025-09-03 13:27:03.224,-517225,-562587,-562404,-551034,2,2,2,2
2025-09-03 13:27:03.252,-517012,-562465,-562289,-534530,2,2,2,2
2025-09-03 13:27:03.279,-517090,-562532,-562216,-550913,2,2,2,2
2025-09-03 13:27:03.306,-517317,-562701,-578832,-551150,2,2,2,2
2025-09-03 13:27:03.334,-517134,-562662,-562394,-551038,2,2,2,2
2025-09-03 13:27:03.361,-516908,-562442,-578813,-550805,2,2,2,2
2025-09-03 13:27:03.389,-517327,-562542,-578881,-551147,2,2,2,2
2025-09-03 13:27:03.416,-517272,-579023,-562550,-534532,2,2,2,2
2025-09-03 13:27:03.443,-517114,-562414,-562326,-550697,2,2,2,2
2025-09-03 13:27:03.470,-517176,-562545,-578832,-551070,2,2,2,2
2025-09-03 13:27:03.497,-517325,-562569,-578920,-551143,2,2,2,2
2025-09-03 13:27:03.525,-517365,-579046,-562569,-542730,2,2,2,2
2025-09-03 13:27:03.552,-517240,-562530,-562449,-551134,2,2,2,2
2025-09-03 13:27:03.579,-517346,-562662,-578955,-550931,2,2,2,2
2025-09-03 13:27:03.606,-517121,-579078,-562664,-534641,2,2,2,2
2025-09-03 13:27:03.634,-517253,-578960,-562541,-534754,2,2,2,2
2025-09-03 13:27:03.661,-509047,-562895,-562458,-534747,2,2,2,2
2025-09-03 13:27:03.688,-517221,-562567,-562431,-551057,2,2,2,2
2025-09-03 13:27:03.716,-517123,-562543,-570596,-550967,2,2,2,2
2025-09-03 13:27:03.742,-516999,-562671,-562206,-550904,2,2,2,2
2025-09-03 13:27:03.770,-517256,-562679,-578927,-551149,2,2,2,2
2025-09-03 13:27:03.798,-517272,-562710,-562553,-534534,2,2,2,2
2025-09-03 13:27:03.825,-517129,-562561,-578712,-551026,2,2,2,2
2025-09-03 13:27:03.852,-517280,-579099,-562563,-534554,2,2,2,2
2025-09-03 13:27:03.879,-517005,-562437,-562207,-534522,2,2,2,2
2025-09-03 13:27:03.905,-517219,-562652,-562428,-534680,2,2,2,2
2025-09-03 13:27:03.932,-517050,-562436,-570474,-550915,2,2,2,2
2025-09-03 13:27:03.958,-517142,-571019,-562670,-551044,2,2,2,2
2025-09-03 13:27:03.986,-517317,-562584,-578820,-551063,2,2,2,2
2025-09-03 13:27:04.014,-517254,-562571,-570620,-551124,2,2,2,2
2025-09-03 13:27:04.041,-509179,-562691,-562562,-534529,2,2,2,2
2025-09-03 13:27:04.068,-517271,-578993,-562456,-542947,2,2,2,2
2025-09-03 13:27:04.096,-517394,-562695,-570748,-551182,2,2,2,2
2025-09-03 13:27:04.123,-517322,-562808,-579014,-551044,2,2,2,2
2025-09-03 13:27:04.151,-517407,-562696,-578938,-551176,2,2,2,2
2025-09-03 13:27:04.178,-517225,-570881,-562494,-550928,2,2,2,2
2025-09-03 13:27:04.207,-517489,-562705,-570734,-551171,2,2,2,2
2025-09-03 13:27:04.234,-517415,-562920,-578885,-551146,2,2,2,2
2025-09-03 13:27:04.261,-517359,-562803,-579047,-551048,2,2,2,2
2025-09-03 13:27:04.288,-517384,-562835,-579068,-551313,2,2,2,2
2025-09-03 13:27:04.315,-517520,-579082,-562558,-542992,2,2,2,2
2025-09-03 13:27:04.343,-517620,-562715,-579029,-551273,2,2,2,2
2025-09-03 13:27:04.369,-517584,-562929,-579117,-551418,2,2,2,2
2025-09-03 13:27:04.397,-517634,-562975,-562843,-551217,2,2,2,2
2025-09-03 13:27:04.425,-517523,-562848,-562711,-551409,2,2,2,2
2025-09-03 13:27:04.453,-517615,-562929,-562538,-534793,2,2,2,2
2025-09-03 13:27:04.481,-517625,-571033,-562730,-551417,2,2,2,2
2025-09-03 13:27:04.507,-517648,-571128,-562882,-551266,2,2,2,2
2025-09-03 13:27:04.534,-517652,-571034,-562739,-551178,2,2,2,2
2025-09-03 13:27:04.560,-517565,-562718,-570873,-551371,2,2,2,2
2025-09-03 13:27:04.588,-517622,-562805,-579074,-551323,2,2,2,2
2025-09-03 13:27:04.616,-517647,-563070,-570886,-551394,2,2,2,2
2025-09-03 13:27:04.643,-517830,-563193,-579202,-551450,2,2,2,2
2025-09-03 13:27:04.671,-517852,-562953,-562893,-551280,2,2,2,2
2025-09-03 13:27:04.698,-517886,-562973,-579222,-551298,2,2,2,2
2025-09-03 13:27:04.726,-517862,-562939,-579197,-551271,2,2,2,2
2025-09-03 13:27:04.753,-517639,-579077,-562658,-534896,2,2,2,2
2025-09-03 13:27:04.781,-517682,-562949,-579297,-551269,2,2,2,2
2025-09-03 13:27:04.808,-517753,-579400,-562697,-534924,2,2,2,2
2025-09-03 13:27:04.836,-517782,-562810,-562716,-551389,2,2,2,2
2025-09-03 13:27:04.863,-517886,-562845,-579194,-551413,2,2,2,2
2025-09-03 13:27:04.891,-509584,-562970,-562698,-551362,2,2,2,2
2025-09-03 13:27:04.919,-509685,-562735,-562786,-551400,2,2,2,2
2025-09-03 13:27:04.946,-517770,-562925,-562660,-551292,2,2,2,2
2025-09-03 13:27:04.973,-518138,-562959,-579327,-551579,2,2,2,2
2025-09-03 13:27:05.000,-517860,-562941,-562921,-534918,2,2,2,2
2025-09-03 13:27:05.029,-517895,-579333,-562942,-543123,2,2,2,2
2025-09-03 13:27:05.056,-518010,-571252,-562733,-551429,2,2,2,2
2025-09-03 13:27:05.083,-509665,-562882,-562839,-534813,2,2,2,2
2025-09-03 13:27:05.111,-517652,-579274,-562670,-543107,2,2,2,2
2025-09-03 13:27:05.138,-509572,-562719,-562720,-535028,2,2,2,2
2025-09-03 13:27:05.166,-517987,-579309,-562941,-551287,2,2,2,2
2025-09-03 13:27:05.193,-517778,-570903,-562719,-551412,2,2,2,2
2025-09-03 13:27:05.220,-517876,-562791,-579200,-551183,2,2,2,2
2025-09-03 13:27:05.246,-517896,-562820,-562897,-551185,2,2,2,2
2025-09-03 13:27:05.273,-517696,-562939,-579075,-551317,2,2,2,2
2025-09-03 13:27:05.301,-517826,-562711,-570986,-551414,2,2,2,2
2025-09-03 13:27:05.328,-517903,-563054,-571031,-551452,2,2,2,2
2025-09-03 13:27:05.356,-517657,-579199,-562585,-543073,2,2,2,2
2025-09-03 13:27:05.383,-517635,-562788,-578957,-551188,2,2,2,2
2025-09-03 13:27:05.410,-517869,-562696,-562540,-551161,2,2,2,2
2025-09-03 13:27:05.438,-517637,-562699,-562479,-551183,2,2,2,2
2025-09-03 13:27:05.466,-517603,-570866,-562469,-551159,2,2,2,2
2025-09-03 13:27:05.494,-517885,-579071,-562532,-542976,2,2,2,2
2025-09-03 13:27:05.521,-509594,-562915,-562689,-551406,2,2,2,2
2025-09-03 13:27:05.548,-517887,-562690,-562537,-534795,2,2,2,2
2025-09-03 13:27:05.574,-517772,-562628,-562663,-534676,2,2,2,2
2025-09-03 13:27:05.602,-509666,-562640,-562667,-551149,2,2,2,2
2025-09-03 13:27:05.630,-517648,-579062,-562531,-543002,2,2,2,2
2025-09-03 13:27:05.658,-517742,-579090,-562556,-543082,2,2,2,2
2025-09-03 13:27:05.684,-509588,-562487,-562659,-534744,2,2,2,2
2025-09-03 13:27:05.711,-517871,-562556,-562680,-551148,2,2,2,2
2025-09-03 13:27:05.739,-517732,-562678,-562464,-551275,2,2,2,2
2025-09-03 13:27:05.766,-517685,-562683,-562485,-551293,2,2,2,2
2025-09-03 13:27:05.794,-517836,-562546,-570783,-551147,2,2,2,2
2025-09-03 13:27:05.820,-517875,-562799,-562656,-551415,2,2,2,2
2025-09-03 13:27:05.848,-517903,-579128,-562663,-535029,2,2,2,2
2025-09-03 13:27:05.875,-517657,-562579,-562439,-551177,2,2,2,2
2025-09-03 13:27:05.903,-517759,-562683,-570655,-550954,2,2,2,2
2025-09-03 13:27:05.929,-517738,-579056,-562439,-534536,2,2,2,2
2025-09-03 13:27:05.957,-517734,-562667,-570625,-550917,2,2,2,2
2025-09-03 13:27:05.983,-517750,-562433,-570637,-550924,2,2,2,2
2025-09-03 13:27:06.010,-517878,-579194,-562560,-543112,2,2,2,2
2025-09-03 13:27:06.037,-517702,-562588,-570858,-551131,2,2,2,2
2025-09-03 13:27:06.065,-517729,-579042,-562681,-542946,2,2,2,2
2025-09-03 13:27:06.092,-517734,-562585,-562662,-551140,2,2,2,2
2025-09-03 13:27:06.118,-517885,-562809,-562562,-551227,2,2,2,2
2025-09-03 13:27:06.145,-509460,-562633,-562581,-534739,2,2,2,2
2025-09-03 13:27:06.171,-517862,-562458,-578934,-551009,2,2,2,2
2025-09-03 13:27:06.199,-517664,-579007,-562678,-542951,2,2,2,2
2025-09-03 13:27:06.226,-509458,-562639,-562666,-551126,2,2,2,2
2025-09-03 13:27:06.254,-517862,-562713,-562495,-551265,2,2,2,2
2025-09-03 13:27:06.280,-517878,-562712,-562564,-551194,2,2,2,2
2025-09-03 13:27:06.308,-517901,-562789,-579000,-551285,2,2,2,2
2025-09-03 13:27:06.335,-517890,-562794,-579024,-551276,2,2,2,2
2025-09-03 13:27:06.363,-518076,-562689,-570988,-551417,2,2,2,2
2025-09-03 13:27:06.390,-509666,-562709,-562556,-551193,2,2,2,2
2025-09-03 13:27:06.417,-509590,-562690,-562535,-534780,2,2,2,2
2025-09-03 13:27:06.444,-517896,-562800,-578950,-551206,2,2,2,2
2025-09-03 13:27:06.471,-517891,-570994,-562627,-551200,2,2,2,2
2025-09-03 13:27:06.498,-509580,-562694,-562449,-534760,2,2,2,2
2025-09-03 13:27:06.525,-517861,-562720,-562460,-551164,2,2,2,2
2025-09-03 13:27:06.553,-517776,-579060,-562450,-534670,2,2,2,2
2025-09-03 13:27:06.579,-517835,-562684,-578866,-551139,2,2,2,2
2025-09-03 13:27:06.607,-517904,-562815,-579287,-551279,2,2,2,2
2025-09-03 13:27:06.635,-517985,-571014,-562671,-551286,2,2,2,2
2025-09-03 13:27:06.662,-518009,-579252,-562943,-543106,2,2,2,2
2025-09-03 13:27:06.690,-517883,-562453,-562567,-534545,2,2,2,2
2025-09-03 13:27:06.717,-517635,-562442,-570741,-550917,2,2,2,2
2025-09-03 13:27:06.744,-517832,-562684,-570729,-551158,2,2,2,2
2025-09-03 13:27:06.771,-517785,-579060,-562463,-534754,2,2,2,2
2025-09-03 13:27:06.798,-517654,-562493,-562586,-534594,2,2,2,2
2025-09-03 13:27:06.825,-517939,-562833,-579316,-551287,2,2,2,2
2025-09-03 13:27:06.852,-517647,-562532,-570774,-550938,2,2,2,2
2025-09-03 13:27:06.880,-517861,-570874,-562467,-551152,2,2,2,2
2025-09-03 13:27:06.907,-517844,-562659,-578891,-551156,2,2,2,2
2025-09-03 13:27:06.934,-517791,-562667,-562543,-534764,2,2,2,2
2025-09-03 13:27:06.961,-517669,-562534,-578865,-551041,2,2,2,2
2025-09-03 13:27:06.989,-517826,-562664,-570773,-551171,2,2,2,2
2025-09-03 13:27:07.015,-517775,-562572,-570764,-551148,2,2,2,2
2025-09-03 13:27:07.042,-517756,-578873,-562565,-534755,2,2,2,2
2025-09-03 13:27:07.070,-517744,-562468,-562544,-534707,2,2,2,2
2025-09-03 13:27:07.097,-517610,-562323,-562411,-550933,2,2,2,2
2025-09-03 13:27:07.124,-517503,-578639,-562316,-542695,2,2,2,2
2025-09-03 13:27:07.152,-517637,-562404,-578809,-550943,2,2,2,2
2025-09-03 13:27:07.180,-517745,-562454,-562478,-551138,2,2,2,2
2025-09-03 13:27:07.207,-517612,-562328,-578812,-550943,2,2,2,2
2025-09-03 13:27:07.235,-517516,-578608,-562334,-534534,2,2,2,2
2025-09-03 13:27:07.262,-517596,-562331,-578824,-551009,2,2,2,2
2025-09-03 13:27:07.289,-517652,-562430,-578924,-551059,2,2,2,2
2025-09-03 13:27:07.315,-517653,-562442,-562567,-551137,2,2,2,2
2025-09-03 13:27:07.342,-517583,-562313,-578824,-550943,2,2,2,2
2025-09-03 13:27:07.369,-517593,-562333,-578841,-551023,2,2,2,2
2025-09-03 13:27:07.395,-517660,-562454,-578960,-551157,2,2,2,2
2025-09-03 13:27:07.424,-517625,-578810,-562292,-542601,2,2,2,2
2025-09-03 13:27:07.452,-517397,-562223,-562411,-534522,2,2,2,2
2025-09-03 13:27:07.479,-517529,-578788,-562535,-542835,2,2,2,2
2025-09-03 13:27:07.506,-517395,-570465,-562390,-550886,2,2,2,2
2025-09-03 13:27:07.534,-517407,-562288,-562421,-550903,2,2,2,2
2025-09-03 13:27:07.561,-517587,-562312,-578913,-550937,2,2,2,2
2025-09-03 13:27:07.589,-517616,-562409,-562292,-550712,2,2,2,2
2025-09-03 13:27:07.617,-517634,-578766,-562554,-542871,2,2,2,2
2025-09-03 13:27:07.644,-517670,-562450,-578999,-551154,2,2,2,2
2025-09-03 13:27:07.671,-517604,-562308,-562448,-551017,2,2,2,2
2025-09-03 13:27:07.699,-517638,-578790,-562543,-551064,2,2,2,2
2025-09-03 13:27:07.727,-509463,-562439,-562552,-534749,2,2,2,2
2025-09-03 13:27:07.754,-517787,-562495,-562673,-534636,2,2,2,2
2025-09-03 13:27:07.782,-517528,-578678,-562417,-542739,2,2,2,2
2025-09-03 13:27:07.810,-517863,-578920,-562588,-542994,2,2,2,2
2025-09-03 13:27:07.838,-518144,-579270,-562937,-534898,2,2,2,2
2025-09-03 13:27:07.865,-517653,-578959,-562439,-534653,2,2,2,2
2025-09-03 13:27:07.892,-509810,-562676,-562712,-534980,2,2,2,2
2025-09-03 13:27:07.919,-517784,-578874,-562555,-542963,2,2,2,2
2025-09-03 13:27:07.946,-517893,-562552,-578963,-551175,2,2,2,2
2025-09-03 13:27:07.975,-518032,-562695,-579186,-551325,2,2,2,2
2025-09-03 13:27:08.002,-517927,-562837,-579308,-551281,2,2,2,2
2025-09-03 13:27:08.029,-517987,-562580,-562665,-551276,2,2,2,2
2025-09-03 13:27:08.056,-517755,-570849,-562675,-551039,2,2,2,2
2025-09-03 13:27:08.085,-517957,-562835,-571038,-551211,2,2,2,2
2025-09-03 13:27:08.113,-518117,-562712,-579099,-551399,2,2,2,2
2025-09-03 13:27:08.141,-509699,-562724,-562790,-535028,2,2,2,2
2025-09-03 13:27:08.168,-517928,-562816,-562748,-551190,2,2,2,2
2025-09-03 13:27:08.195,-518065,-562930,-571035,-551232,2,2,2,2
2025-09-03 13:27:08.222,-518147,-570991,-562708,-551414,2,2,2,2
2025-09-03 13:27:08.249,-517943,-562931,-579211,-551290,2,2,2,2
2025-09-03 13:27:08.275,-518293,-562948,-562846,-535217,2,2,2,2
2025-09-03 13:27:08.303,-518263,-562923,-562813,-551479,2,2,2,2
2025-09-03 13:27:08.331,-518142,-562794,-579076,-551415,2,2,2,2
2025-09-03 13:27:08.358,-518089,-562929,-579261,-551305,2,2,2,2
2025-09-03 13:27:08.384,-518091,-562918,-579255,-551302,2,2,2,2
2025-09-03 13:27:08.411,-518273,-579261,-562814,-543348,2,2,2,2
2025-09-03 13:27:08.439,-518081,-562838,-579126,-551287,2,2,2,2
2025-09-03 13:27:08.467,-518163,-562802,-562713,-551435,2,2,2,2
2025-09-03 13:27:08.494,-518011,-579001,-562561,-543003,2,2,2,2
2025-09-03 13:27:08.521,-509714,-562732,-562705,-535033,2,2,2,2
2025-09-03 13:27:08.550,-509806,-562893,-562802,-551193,2,2,2,2
2025-09-03 13:27:08.576,-518206,-562848,-562890,-551526,2,2,2,2
2025-09-03 13:27:08.604,-518152,-579106,-562707,-535021,2,2,2,2
2025-09-03 13:27:08.631,-518285,-579253,-562827,-543261,2,2,2,2
2025-09-03 13:27:08.659,-518241,-579200,-562711,-543236,2,2,2,2
2025-09-03 13:27:08.687,-518280,-562848,-562731,-551439,2,2,2,2
2025-09-03 13:27:08.714,-518264,-579197,-562698,-535041,2,2,2,2
2025-09-03 13:27:08.743,-518133,-562673,-578957,-551276,2,2,2,2
2025-09-03 13:27:08.770,-509817,-562746,-562709,-535035,2,2,2,2
2025-09-03 13:27:08.798,-509707,-562713,-562674,-534991,2,2,2,2
2025-09-03 13:27:08.826,-517891,-562686,-562636,-551012,2,2,2,2
2025-09-03 13:27:08.853,-517909,-562703,-562592,-551212,2,2,2,2
2025-09-03 13:27:08.881,-518140,-571126,-562750,-551171,2,2,2,2
2025-09-03 13:27:08.908,-517889,-579073,-562557,-534797,2,2,2,2
2025-09-03 13:27:08.936,-518020,-562906,-562692,-534964,2,2,2,2
2025-09-03 13:27:08.964,-518135,-562704,-562825,-534796,2,2,2,2
2025-09-03 13:27:08.991,-518133,-562697,-579020,-551179,2,2,2,2
2025-09-03 13:27:09.018,-518034,-570861,-562484,-551143,2,2,2,2
2025-09-03 13:27:09.044,-509793,-562747,-562684,-534842,2,2,2,2
2025-09-03 13:27:09.072,-517917,-562802,-579024,-551270,2,2,2,2
2025-09-03 13:27:09.100,-517993,-562585,-562687,-550973,2,2,2,2
2025-09-03 13:27:09.126,-518168,-562834,-579317,-551282,2,2,2,2
2025-09-03 13:27:09.153,-518128,-562715,-562494,-551169,2,2,2,2
2025-09-03 13:27:09.180,-518148,-562737,-562846,-534836,2,2,2,2
2025-09-03 13:27:09.208,-517985,-562844,-562690,-551232,2,2,2,2
2025-09-03 13:27:09.236,-518242,-562910,-562942,-534901,2,2,2,2
2025-09-03 13:27:09.264,-518023,-570906,-562475,-551064,2,2,2,2
2025-09-03 13:27:09.291,-517890,-562826,-562660,-551188,2,2,2,2
2025-09-03 13:27:09.318,-518029,-562785,-562549,-551132,2,2,2,2
2025-09-03 13:27:09.346,-518146,-562848,-571112,-551177,2,2,2,2
2025-09-03 13:27:09.373,-518045,-562889,-562577,-534727,2,2,2,2
2025-09-03 13:27:09.400,-517908,-562696,-579081,-551270,2,2,2,2
2025-09-03 13:27:09.428,-517996,-570982,-562462,-551045,2,2,2,2
2025-09-03 13:27:09.454,-517918,-579128,-562714,-543089,2,2,2,2
2025-09-03 13:27:09.484,-517897,-562669,-562677,-534545,2,2,2,2
2025-09-03 13:27:09.511,-518110,-562844,-579004,-551158,2,2,2,2
2025-09-03 13:27:09.538,-518129,-562905,-562929,-534799,2,2,2,2
2025-09-03 13:27:09.565,-518135,-562914,-562671,-551176,2,2,2,2
2025-09-03 13:27:09.593,-517900,-562933,-562680,-534883,2,2,2,2
2025-09-03 13:27:09.621,-518032,-562805,-562574,-551139,2,2,2,2
2025-09-03 13:27:09.648,-518133,-562820,-562916,-551174,2,2,2,2
2025-09-03 13:27:09.674,-518032,-562719,-562884,-551402,2,2,2,2
2025-09-03 13:27:09.701,-509802,-562686,-562547,-534584,2,2,2,2
2025-09-03 13:27:09.728,-518032,-570893,-562639,-551070,2,2,2,2
2025-09-03 13:27:09.756,-518019,-562691,-562809,-534928,2,2,2,2
2025-09-03 13:27:09.782,-518160,-562832,-579079,-551188,2,2,2,2
2025-09-03 13:27:09.809,-509848,-562706,-562837,-534992,2,2,2,2
2025-09-03 13:27:09.836,-517947,-562657,-578833,-550951,2,2,2,2
2025-09-03 13:27:09.862,-518150,-562898,-562709,-534835,2,2,2,2
2025-09-03 13:27:09.890,-517908,-562900,-562715,-534864,2,2,2,2
2025-09-03 13:27:09.918,-517906,-562574,-562447,-550940,2,2,2,2
2025-09-03 13:27:09.946,-518094,-562691,-562489,-551056,2,2,2,2
2025-09-03 13:27:09.973,-518117,-562707,-562572,-551138,2,2,2,2
2025-09-03 13:27:10.000,-509798,-562894,-562712,-534909,2,2,2,2
2025-09-03 13:27:10.027,-517917,-562567,-578827,-551015,2,2,2,2
2025-09-03 13:27:10.055,-518324,-562951,-579195,-551393,2,2,2,2
2025-09-03 13:27:10.082,-518382,-571235,-562913,-551426,2,2,2,2
2025-09-03 13:27:10.110,-517897,-570995,-562675,-551186,2,2,2,2
2025-09-03 13:27:10.138,-518141,-562733,-562583,-534836,2,2,2,2
2025-09-03 13:27:10.164,-518012,-562924,-579092,-551316,2,2,2,2
2025-09-03 13:27:10.191,-518207,-562949,-579108,-551301,2,2,2,2
2025-09-03 13:27:10.219,-518134,-562790,-579212,-551409,2,2,2,2
2025-09-03 13:27:10.254,-518133,-562807,-562816,-551418,2,2,2,2
2025-09-03 13:27:10.274,-518091,-562943,-579136,-551302,2,2,2,2
2025-09-03 13:27:10.301,-518190,-562945,-579082,-551294,2,2,2,2
2025-09-03 13:27:10.329,-518144,-562830,-571038,-551178,2,2,2,2
2025-09-03 13:27:10.356,-518142,-579306,-562926,-542996,2,2,2,2
2025-09-03 13:27:10.384,-518039,-562732,-562818,-535020,2,2,2,2
2025-09-03 13:27:10.413,-518369,-563046,-562752,-551403,2,2,2,2
2025-09-03 13:27:10.440,-518257,-562938,-562720,-534914,2,2,2,2
2025-09-03 13:27:10.468,-518173,-562826,-579324,-551198,2,2,2,2
2025-09-03 13:27:10.494,-509833,-562698,-562796,-551377,2,2,2,2
2025-09-03 13:27:10.520,-518151,-562829,-579074,-551197,2,2,2,2
2025-09-03 13:27:10.548,-518294,-579381,-562815,-543201,2,2,2,2
2025-09-03 13:27:10.576,-518114,-562739,-562927,-535028,2,2,2,2
2025-09-03 13:27:10.603,-518165,-562924,-562793,-551215,2,2,2,2
2025-09-03 13:27:10.631,-517963,-562698,-570984,-551229,2,2,2,2
2025-09-03 13:27:10.657,-518371,-563074,-562923,-551419,2,2,2,2
2025-09-03 13:27:10.685,-518135,-562845,-562684,-551168,2,2,2,2
2025-09-03 13:27:10.711,-518148,-562924,-579076,-551170,2,2,2,2
2025-09-03 13:27:10.739,-518144,-562926,-562695,-551171,2,2,2,2
2025-09-03 13:27:10.766,-510196,-563180,-562921,-535023,2,2,2,2
2025-09-03 13:27:10.793,-518295,-579528,-563089,-535180,2,2,2,2
2025-09-03 13:27:10.820,-517948,-562811,-562743,-551291,2,2,2,2
2025-09-03 13:27:10.848,-518129,-562847,-571039,-551388,2,2,2,2
2025-09-03 13:27:10.876,-518139,-562847,-562921,-551410,2,2,2,2
2025-09-03 13:27:10.901,-518012,-570904,-562465,-551024,2,2,2,2
2025-09-03 13:27:10.929,-518137,-562832,-579304,-551393,2,2,2,2
2025-09-03 13:27:10.956,-517941,-562693,-579129,-551196,2,2,2,2
2025-09-03 13:27:10.983,-518139,-562902,-562919,-534938,2,2,2,2
2025-09-03 13:27:11.009,-518133,-562830,-579298,-551319,2,2,2,2
2025-09-03 13:27:11.036,-518011,-562702,-562715,-551189,2,2,2,2
2025-09-03 13:27:11.063,-518152,-562835,-579257,-551306,2,2,2,2
2025-09-03 13:27:11.089,-518089,-562715,-579185,-551198,2,2,2,2
2025-09-03 13:27:11.117,-518115,-579186,-562812,-551282,2,2,2,2
2025-09-03 13:27:11.144,-518045,-579131,-562817,-534908,2,2,2,2
2025-09-03 13:27:11.170,-518099,-562819,-578948,-551046,2,2,2,2
2025-09-03 13:27:11.197,-517897,-579309,-562679,-542971,2,2,2,2
2025-09-03 13:27:11.225,-518145,-562926,-579273,-551417,2,2,2,2
2025-09-03 13:27:11.253,-517994,-562708,-570891,-551208,2,2,2,2
2025-09-03 13:27:11.279,-509944,-562921,-562662,-534785,2,2,2,2
2025-09-03 13:27:11.308,-518154,-579277,-562936,-535040,2,2,2,2
2025-09-03 13:27:11.335,-518147,-562924,-562936,-534835,2,2,2,2
2025-09-03 13:27:11.361,-518093,-562815,-571014,-551415,2,2,2,2
2025-09-03 13:27:11.388,-518292,-579531,-562814,-535021,2,2,2,2
2025-09-03 13:27:11.415,-518087,-562796,-579183,-551302,2,2,2,2
2025-09-03 13:27:11.441,-509809,-562719,-562537,-534652,2,2,2,2
2025-09-03 13:27:11.470,-518008,-579113,-562547,-534657,2,2,2,2
2025-09-03 13:27:11.497,-509945,-562904,-562667,-534793,2,2,2,2
2025-09-03 13:27:11.524,-517993,-562714,-570980,-551228,2,2,2,2
2025-09-03 13:27:11.551,-517948,-562719,-579171,-551301,2,2,2,2
2025-09-03 13:27:11.578,-518113,-562802,-578963,-551141,2,2,2,2
2025-09-03 13:27:11.605,-518137,-562817,-562657,-551161,2,2,2,2
2025-09-03 13:27:11.632,-518171,-562836,-579312,-551183,2,2,2,2
2025-09-03 13:27:11.660,-518026,-562935,-562801,-534904,2,2,2,2
2025-09-03 13:27:11.686,-518192,-562918,-579100,-551200,2,2,2,2
2025-09-03 13:27:11.714,-518043,-579079,-562817,-543111,2,2,2,2
2025-09-03 13:27:11.742,-517916,-579205,-562702,-542989,2,2,2,2
2025-09-03 13:27:11.770,-517900,-562815,-570890,-551175,2,2,2,2
2025-09-03 13:27:11.797,-518393,-563073,-571138,-551421,2,2,2,2
2025-09-03 13:27:11.826,-518247,-562954,-571006,-551229,2,2,2,2
2025-09-03 13:27:11.854,-518093,-562848,-570898,-551193,2,2,2,2
2025-09-03 13:27:11.881,-518103,-562846,-579325,-551184,2,2,2,2
2025-09-03 13:27:11.909,-518118,-562935,-562707,-551268,2,2,2,2
2025-09-03 13:27:11.935,-518040,-562943,-570987,-551224,2,2,2,2
2025-09-03 13:27:11.963,-518206,-563066,-571105,-551404,2,2,2,2
2025-09-03 13:27:11.991,-517904,-571001,-562932,-551324,2,2,2,2
2025-09-03 13:27:12.018,-509822,-562946,-562793,-551187,2,2,2,2
2025-09-03 13:27:12.045,-518132,-562991,-562921,-534925,2,2,2,2
2025-09-03 13:27:12.071,-517914,-579294,-562716,-534781,2,2,2,2
2025-09-03 13:27:12.099,-517866,-562740,-562677,-534672,2,2,2,2
2025-09-03 13:27:12.126,-518096,-563064,-579337,-551384,2,2,2,2
2025-09-03 13:27:12.153,-509845,-562984,-562930,-534965,2,2,2,2
2025-09-03 13:27:12.181,-518170,-563187,-579450,-551524,2,2,2,2
2025-09-03 13:27:12.208,-517893,-562922,-570986,-551200,2,2,2,2
2025-09-03 13:27:12.236,-518114,-562816,-579124,-551423,2,2,2,2
2025-09-03 13:27:12.263,-518087,-563068,-579326,-551397,2,2,2,2
2025-09-03 13:27:12.291,-518143,-562941,-579210,-551274,2,2,2,2
2025-09-03 13:27:12.319,-509713,-562709,-562920,-534991,2,2,2,2
2025-09-03 13:27:12.347,-518105,-563070,-579357,-551430,2,2,2,2
2025-09-03 13:27:12.375,-509813,-562967,-562953,-534986,2,2,2,2
2025-09-03 13:27:12.403,-518009,-579092,-562696,-543222,2,2,2,2
2025-09-03 13:27:12.429,-518139,-571026,-562903,-551298,2,2,2,2
2025-09-03 13:27:12.457,-517915,-562932,-562697,-551405,2,2,2,2
2025-09-03 13:27:12.485,-517776,-562785,-562889,-551199,2,2,2,2
2025-09-03 13:27:12.511,-517892,-571040,-562944,-551399,2,2,2,2
2025-09-03 13:27:12.539,-517988,-571134,-562718,-551423,2,2,2,2
2025-09-03 13:27:12.566,-518023,-563044,-563007,-551532,2,2,2,2
2025-09-03 13:27:12.593,-517761,-562719,-562845,-534898,2,2,2,2
2025-09-03 13:27:12.621,-517865,-562826,-579083,-551410,2,2,2,2
2025-09-03 13:27:12.649,-517854,-562810,-579076,-551402,2,2,2,2
2025-09-03 13:27:12.677,-517912,-562926,-562748,-551273,2,2,2,2
2025-09-03 13:27:12.703,-518081,-563059,-571148,-551670,2,2,2,2
2025-09-03 13:27:12.731,-518138,-562840,-579432,-551442,2,2,2,2
2025-09-03 13:27:12.758,-518386,-563097,-579625,-551700,2,2,2,2
2025-09-03 13:27:12.785,-509949,-562902,-563073,-535084,2,2,2,2
2025-09-03 13:27:12.812,-518031,-563056,-562957,-551445,2,2,2,2
2025-09-03 13:27:12.840,-517767,-579196,-562716,-543006,2,2,2,2
2025-09-03 13:27:12.867,-517919,-562709,-579326,-551413,2,2,2,2
2025-09-03 13:27:12.895,-518007,-579178,-562966,-551445,2,2,2,2
2025-09-03 13:27:12.923,-509546,-562736,-562709,-551192,2,2,2,2
2025-09-03 13:27:12.950,-517689,-562823,-579184,-551291,2,2,2,2
2025-09-03 13:27:12.978,-517736,-562824,-562787,-551230,2,2,2,2
2025-09-03 13:27:13.005,-517652,-562807,-579127,-551270,2,2,2,2
2025-09-03 13:27:13.033,-517644,-579148,-562706,-534885,2,2,2,2
2025-09-03 13:27:13.061,-517738,-570766,-562740,-551303,2,2,2,2
2025-09-03 13:27:13.088,-517742,-579013,-562825,-543124,2,2,2,2
2025-09-03 13:27:13.115,-517613,-562531,-562699,-551191,2,2,2,2
2025-09-03 13:27:13.143,-517607,-578865,-562683,-534530,2,2,2,2
2025-09-03 13:27:13.171,-517638,-562543,-579169,-551191,2,2,2,2
2025-09-03 13:27:13.198,-517828,-562676,-579311,-551407,2,2,2,2
2025-09-03 13:27:13.227,-517606,-562453,-562716,-551192,2,2,2,2
2025-09-03 13:27:13.254,-517626,-562538,-571006,-551225,2,2,2,2
2025-09-03 13:27:13.282,-517677,-562579,-562931,-551399,2,2,2,2
2025-09-03 13:27:13.309,-517419,-562674,-562689,-551154,2,2,2,2
2025-09-03 13:27:13.336,-517630,-562491,-562813,-534920,2,2,2,2
2025-09-03 13:27:13.363,-517651,-579030,-562918,-535024,2,2,2,2
2025-09-03 13:27:13.391,-517740,-562664,-562925,-551170,2,2,2,2
2025-09-03 13:27:13.418,-517645,-562563,-562898,-551403,2,2,2,2
2025-09-03 13:27:13.446,-517881,-562797,-571006,-551393,2,2,2,2
2025-09-03 13:27:13.474,-517649,-562569,-579298,-551174,2,2,2,2
2025-09-03 13:27:13.501,-517636,-570747,-562898,-551417,2,2,2,2
2025-09-03 13:27:13.528,-517366,-562280,-570760,-551155,2,2,2,2
2025-09-03 13:27:13.555,-517518,-562427,-570650,-551121,2,2,2,2
2025-09-03 13:27:13.583,-517360,-562298,-562583,-551165,2,2,2,2
2025-09-03 13:27:13.609,-517506,-562448,-570911,-551365,2,2,2,2
2025-09-03 13:27:13.636,-517756,-579075,-562789,-543095,2,2,2,2
2025-09-03 13:27:13.664,-509202,-562645,-562668,-534784,2,2,2,2
2025-09-03 13:27:13.691,-517407,-562671,-579066,-551187,2,2,2,2
2025-09-03 13:27:13.719,-517527,-578880,-562546,-542868,2,2,2,2
2025-09-03 13:27:13.746,-517440,-562440,-578884,-551052,2,2,2,2
2025-09-03 13:27:13.774,-517622,-562571,-562591,-551184,2,2,2,2
2025-09-03 13:27:13.800,-517367,-578765,-562590,-534543,2,2,2,2
2025-09-03 13:27:13.828,-517636,-562589,-571120,-551207,2,2,2,2
2025-09-03 13:27:13.855,-517395,-579048,-562700,-534922,2,2,2,2
2025-09-03 13:27:13.883,-517615,-562563,-579055,-551283,2,2,2,2
2025-09-03 13:27:13.910,-517731,-570866,-562708,-551321,2,2,2,2
2025-09-03 13:27:13.939,-517596,-562540,-578952,-551182,2,2,2,2
2025-09-03 13:27:13.966,-517515,-570654,-562487,-551157,2,2,2,2
2025-09-03 13:27:13.994,-517639,-562659,-562927,-534897,2,2,2,2
2025-09-03 13:27:14.022,-517386,-562657,-562674,-551224,2,2,2,2
2025-09-03 13:27:14.048,-517652,-562588,-562926,-551277,2,2,2,2
2025-09-03 13:27:14.075,-517421,-562681,-579076,-551297,2,2,2,2
2025-09-03 13:27:14.102,-517503,-562542,-562463,-551068,2,2,2,2
2025-09-03 13:27:14.129,-517588,-562562,-579191,-551420,2,2,2,2
2025-09-03 13:27:14.157,-517405,-562459,-579072,-551043,2,2,2,2
2025-09-03 13:27:14.185,-517508,-562567,-562536,-551172,2,2,2,2
2025-09-03 13:27:14.211,-517769,-562837,-562794,-551425,2,2,2,2
2025-09-03 13:27:14.238,-517518,-562588,-562745,-551267,2,2,2,2
2025-09-03 13:27:14.265,-509579,-562904,-562800,-535082,2,2,2,2
2025-09-03 13:27:14.293,-517496,-562629,-562710,-534840,2,2,2,2
2025-09-03 13:27:14.320,-517489,-562573,-562704,-551188,2,2,2,2
2025-09-03 13:27:14.347,-517660,-562800,-579079,-551456,2,2,2,2
2025-09-03 13:27:14.373,-517584,-562679,-571035,-551404,2,2,2,2
2025-09-03 13:27:14.400,-517603,-562682,-562848,-551408,2,2,2,2
2025-09-03 13:27:14.427,-517489,-562552,-562721,-551276,2,2,2,2
2025-09-03 13:27:14.455,-517604,-570880,-562654,-551412,2,2,2,2
2025-09-03 13:27:14.482,-517492,-562644,-562547,-534916,2,2,2,2
2025-09-03 13:27:14.509,-517732,-579253,-562803,-543359,2,2,2,2
2025-09-03 13:27:14.536,-517649,-562790,-579122,-551522,2,2,2,2
2025-09-03 13:27:14.563,-517432,-562538,-570978,-551215,2,2,2,2
2025-09-03 13:27:14.590,-517640,-562792,-579105,-551532,2,2,2,2
2025-09-03 13:27:14.618,-517696,-562915,-579289,-551580,2,2,2,2
2025-09-03 13:27:14.646,-517660,-562916,-562884,-551569,2,2,2,2
2025-09-03 13:27:14.673,-517636,-579209,-563055,-535164,2,2,2,2
2025-09-03 13:27:14.701,-517613,-562751,-562785,-535111,2,2,2,2
2025-09-03 13:27:14.728,-517496,-562678,-562918,-534992,2,2,2,2
2025-09-03 13:27:14.755,-517517,-562719,-570889,-551449,2,2,2,2
2025-09-03 13:27:14.782,-517491,-570860,-562911,-551325,2,2,2,2
2025-09-03 13:27:14.809,-517566,-562699,-579093,-551422,2,2,2,2
2025-09-03 13:27:14.836,-517760,-562838,-562915,-551579,2,2,2,2
2025-09-03 13:27:14.864,-509329,-562688,-562706,-551410,2,2,2,2
2025-09-03 13:27:14.891,-517378,-562539,-562741,-551195,2,2,2,2
2025-09-03 13:27:14.918,-509462,-562738,-563066,-551477,2,2,2,2
2025-09-03 13:27:14.946,-517403,-562579,-562912,-551323,2,2,2,2
2025-09-03 13:27:14.974,-517605,-562443,-579131,-551182,2,2,2,2
2025-09-03 13:27:15.001,-517536,-562436,-562720,-534796,2,2,2,2
2025-09-03 13:27:15.027,-517396,-579026,-562931,-534938,2,2,2,2
2025-09-03 13:27:15.055,-517608,-562532,-562814,-551207,2,2,2,2
2025-09-03 13:27:15.082,-517648,-562886,-562845,-535171,2,2,2,2
2025-09-03 13:27:15.110,-509307,-562671,-562706,-551424,2,2,2,2
2025-09-03 13:27:15.137,-517493,-570783,-562706,-551416,2,2,2,2
2025-09-03 13:27:15.164,-517518,-562678,-570981,-551173,2,2,2,2
2025-09-03 13:27:15.192,-517599,-562687,-579185,-551174,2,2,2,2
2025-09-03 13:27:15.219,-517165,-562324,-578820,-551140,2,2,2,2
2025-09-03 13:27:15.246,-517254,-578810,-562447,-534548,2,2,2,2
2025-09-03 13:27:15.274,-517257,-578808,-562456,-542987,2,2,2,2
2025-09-03 13:27:15.301,-517362,-562434,-562461,-551180,2,2,2,2
2025-09-03 13:27:15.327,-509072,-562399,-562686,-534723,2,2,2,2
2025-09-03 13:27:15.355,-517269,-562400,-562686,-534715,2,2,2,2
2025-09-03 13:27:15.382,-517124,-578571,-562534,-534779,2,2,2,2
2025-09-03 13:27:15.411,-517364,-562415,-570656,-551153,2,2,2,2
2025-09-03 13:27:15.438,-517406,-578822,-562535,-542974,2,2,2,2
2025-09-03 13:27:15.466,-517432,-562538,-578948,-551189,2,2,2,2
2025-09-03 13:27:15.493,-517362,-562414,-570871,-551129,2,2,2,2
2025-09-03 13:27:15.520,-517235,-578587,-562536,-542724,2,2,2,2
2025-09-03 13:27:15.546,-517531,-578940,-562555,-543003,2,2,2,2
2025-09-03 13:27:15.575,-517158,-562428,-562435,-551149,2,2,2,2
2025-09-03 13:27:15.602,-517359,-562322,-578994,-551030,2,2,2,2
2025-09-03 13:27:15.629,-517345,-562313,-562625,-550943,2,2,2,2
2025-09-03 13:27:15.656,-517370,-562333,-562655,-551019,2,2,2,2
2025-09-03 13:27:15.684,-517158,-562177,-578823,-551056,2,2,2,2
2025-09-03 13:27:15.711,-517237,-570372,-562415,-550798,2,2,2,2
2025-09-03 13:27:15.738,-517235,-562428,-570607,-551112,2,2,2,2
2025-09-03 13:27:15.766,-517142,-562319,-562377,-551013,2,2,2,2
2025-09-03 13:27:15.793,-509192,-562372,-562561,-550937,2,2,2,2
2025-09-03 13:27:15.820,-517238,-570265,-562399,-550780,2,2,2,2
2025-09-03 13:27:15.847,-517500,-562391,-562661,-534605,2,2,2,2
2025-09-03 13:27:15.874,-517354,-562425,-562450,-551042,2,2,2,2
2025-09-03 13:27:15.903,-517474,-562535,-570759,-551154,2,2,2,2
2025-09-03 13:27:15.929,-517628,-562428,-562453,-551106,2,2,2,2
2025-09-03 13:27:15.957,-517390,-578585,-562534,-542879,2,2,2,2
2025-09-03 13:27:15.985,-517380,-562188,-578913,-551131,2,2,2,2
2025-09-03 13:27:16.013,-517489,-570742,-562488,-551166,2,2,2,2
2025-09-03 13:27:16.039,-517476,-570739,-562489,-551179,2,2,2,2
2025-09-03 13:27:16.066,-517606,-562335,-570865,-551113,2,2,2,2
2025-09-03 13:27:16.094,-517483,-570623,-562477,-551147,2,2,2,2
2025-09-03 13:27:16.121,-517384,-562329,-570632,-550966,2,2,2,2
2025-09-03 13:27:16.147,-517491,-562405,-562449,-534677,2,2,2,2
2025-09-03 13:27:16.175,-509556,-562664,-562790,-551381,2,2,2,2
2025-09-03 13:27:16.202,-517861,-562687,-579198,-551406,2,2,2,2
2025-09-03 13:27:16.229,-517500,-562334,-562459,-551047,2,2,2,2
2025-09-03 13:27:16.257,-517771,-570764,-562717,-551309,2,2,2,2
2025-09-03 13:27:16.284,-517851,-562581,-579090,-551326,2,2,2,2
2025-09-03 13:27:16.312,-517868,-562589,-562722,-551408,2,2,2,2
2025-09-03 13:27:16.339,-517868,-562673,-571011,-551176,2,2,2,2
2025-09-03 13:27:16.367,-517875,-562681,-579204,-551431,2,2,2,2
2025-09-03 13:27:16.395,-517750,-578935,-562697,-543114,2,2,2,2
2025-09-03 13:27:16.422,-517874,-570860,-562886,-551421,2,2,2,2
2025-09-03 13:27:16.449,-509808,-562720,-562951,-535089,2,2,2,2
2025-09-03 13:27:16.476,-517950,-562687,-579225,-551451,2,2,2,2
2025-09-03 13:27:16.503,-517829,-562533,-562699,-551292,2,2,2,2
2025-09-03 13:27:16.530,-517880,-562569,-579150,-551400,2,2,2,2
2025-09-03 13:27:16.557,-517858,-562562,-562789,-551399,2,2,2,2
2025-09-03 13:27:16.585,-517899,-562660,-579209,-551432,2,2,2,2
2025-09-03 13:27:16.612,-517861,-578945,-562786,-535018,2,2,2,2
2025-09-03 13:27:16.638,-517656,-562405,-578999,-551174,2,2,2,2
2025-09-03 13:27:16.665,-517650,-562334,-578955,-551176,2,2,2,2
2025-09-03 13:27:16.692,-517401,-570609,-562664,-550920,2,2,2,2
2025-09-03 13:27:16.720,-509679,-562480,-562787,-551372,2,2,2,2
2025-09-03 13:27:16.747,-517528,-570396,-562444,-551020,2,2,2,2
2025-09-03 13:27:16.773,-517835,-562444,-579060,-551190,2,2,2,2
2025-09-03 13:27:16.801,-517654,-562296,-578883,-551037,2,2,2,2
2025-09-03 13:27:16.828,-517783,-562688,-562915,-534790,2,2,2,2
2025-09-03 13:27:16.855,-517753,-562411,-578963,-551149,2,2,2,2
2025-09-03 13:27:16.884,-517768,-562685,-571120,-551170,2,2,2,2
2025-09-03 13:27:16.910,-517520,-562189,-562684,-534539,2,2,2,2
2025-09-03 13:27:16.938,-517729,-562327,-562547,-551124,2,2,2,2
2025-09-03 13:27:16.965,-517888,-578862,-562703,-534812,2,2,2,2
2025-09-03 13:27:16.991,-517754,-570608,-562639,-551139,2,2,2,2
2025-09-03 13:27:17.020,-517765,-562678,-562840,-534991,2,2,2,2
2025-09-03 13:27:17.047,-517674,-562323,-579011,-551044,2,2,2,2
2025-09-03 13:27:17.074,-517841,-562431,-579048,-551148,2,2,2,2
2025-09-03 13:27:17.101,-517642,-562296,-578878,-550942,2,2,2,2
2025-09-03 13:27:17.129,-509331,-562428,-562584,-534736,2,2,2,2
2025-09-03 13:27:17.156,-517610,-562165,-562408,-534428,2,2,2,2
2025-09-03 13:27:17.184,-517754,-562379,-562559,-550953,2,2,2,2
2025-09-03 13:27:17.211,-517502,-562392,-562580,-534603,2,2,2,2
2025-09-03 13:27:17.238,-517520,-562407,-562655,-551033,2,2,2,2
2025-09-03 13:27:17.266,-517531,-562152,-562410,-534387,2,2,2,2
2025-09-03 13:27:17.293,-509158,-562170,-562186,-534412,2,2,2,2
2025-09-03 13:27:17.320,-517779,-562401,-570862,-550950,2,2,2,2
2025-09-03 13:27:17.347,-517475,-578678,-562564,-542705,2,2,2,2
2025-09-03 13:27:17.374,-517594,-562419,-579056,-551024,2,2,2,2
2025-09-03 13:27:17.402,-509185,-562174,-562450,-534468,2,2,2,2
2025-09-03 13:27:17.430,-517623,-562173,-562439,-550781,2,2,2,2
2025-09-03 13:27:17.456,-517622,-562423,-562688,-550965,2,2,2,2
2025-09-03 13:27:17.483,-517645,-562186,-562458,-551113,2,2,2,2
2025-09-03 13:27:17.510,-517686,-562285,-578948,-551146,2,2,2,2
2025-09-03 13:27:17.537,-517641,-578821,-562691,-534655,2,2,2,2
2025-09-03 13:27:17.564,-517878,-562410,-562654,-550918,2,2,2,2
2025-09-03 13:27:17.592,-509552,-562221,-562462,-534723,2,2,2,2
2025-09-03 13:27:17.620,-517485,-578340,-562198,-534396,2,2,2,2
2025-09-03 13:27:17.648,-517754,-562316,-570656,-551120,2,2,2,2
2025-09-03 13:27:17.674,-517632,-562177,-562587,-534537,2,2,2,2
2025-09-03 13:27:17.701,-517731,-578621,-562435,-534641,2,2,2,2
2025-09-03 13:27:17.728,-517649,-562555,-579015,-551009,2,2,2,2
2025-09-03 13:27:17.756,-517770,-579049,-562708,-534666,2,2,2,2
2025-09-03 13:27:17.783,-517868,-562456,-578946,-551165,2,2,2,2
2025-09-03 13:27:17.811,-517827,-562329,-578826,-551048,2,2,2,2
2025-09-03 13:27:17.839,-509452,-562445,-562560,-534534,2,2,2,2
2025-09-03 13:27:17.865,-517732,-562208,-562657,-550935,2,2,2,2
2025-09-03 13:27:17.893,-517862,-570513,-562445,-551045,2,2,2,2
2025-09-03 13:27:17.921,-509844,-562481,-562929,-551212,2,2,2,2
2025-09-03 13:27:17.947,-517885,-562664,-562733,-551057,2,2,2,2
2025-09-03 13:27:17.975,-517891,-579052,-562803,-534687,2,2,2,2
2025-09-03 13:27:18.002,-517837,-562401,-570656,-551131,2,2,2,2
2025-09-03 13:27:18.030,-517906,-562678,-579181,-551153,2,2,2,2
2025-09-03 13:27:18.057,-517773,-562536,-579044,-551022,2,2,2,2
2025-09-03 13:27:18.085,-509572,-562460,-562588,-534563,2,2,2,2
2025-09-03 13:27:18.112,-517761,-562440,-578962,-550943,2,2,2,2
2025-09-03 13:27:18.138,-509727,-562662,-562801,-534793,2,2,2,2
2025-09-03 13:27:18.165,-518082,-562532,-571115,-551362,2,2,2,2
2025-09-03 13:27:18.193,-518014,-562664,-579198,-551266,2,2,2,2
2025-09-03 13:27:18.220,-518027,-579064,-562829,-534894,2,2,2,2
2025-09-03 13:27:18.247,-518016,-579020,-562845,-543086,2,2,2,2
2025-09-03 13:27:18.275,-517676,-562401,-578956,-551028,2,2,2,2
2025-09-03 13:27:18.302,-517745,-578792,-562567,-542820,2,2,2,2
2025-09-03 13:27:18.331,-517644,-562317,-562535,-550923,2,2,2,2
2025-09-03 13:27:18.357,-517636,-562323,-562552,-550949,2,2,2,2
2025-09-03 13:27:18.385,-517657,-562414,-562649,-551023,2,2,2,2
2025-09-03 13:27:18.412,-517757,-578836,-562681,-534677,2,2,2,2
2025-09-03 13:27:18.441,-517670,-562423,-579061,-551056,2,2,2,2
2025-09-03 13:27:18.468,-517787,-578626,-562538,-534545,2,2,2,2
2025-09-03 13:27:18.494,-517791,-578634,-562554,-534545,2,2,2,2
2025-09-03 13:27:18.521,-517863,-562309,-578964,-551009,2,2,2,2
2025-09-03 13:27:18.548,-517709,-562449,-570979,-551161,2,2,2,2
2025-09-03 13:27:18.576,-509459,-562426,-562449,-534720,2,2,2,2
2025-09-03 13:27:18.603,-517749,-562530,-570908,-551170,2,2,2,2
2025-09-03 13:27:18.630,-517386,-562183,-570625,-550883,2,2,2,2
2025-09-03 13:27:18.658,-517522,-562374,-562578,-534646,2,2,2,2
2025-09-03 13:27:18.685,-517623,-578754,-562667,-534683,2,2,2,2
2025-09-03 13:27:18.711,-517535,-562144,-562408,-534417,2,2,2,2
2025-09-03 13:27:18.740,-517403,-578599,-562543,-534634,2,2,2,2
2025-09-03 13:27:18.767,-517379,-561933,-562198,-534294,2,2,2,2
2025-09-03 13:27:18.794,-517585,-562306,-578967,-551058,2,2,2,2
2025-09-03 13:27:18.821,-517399,-561929,-570473,-550693,2,2,2,2
2025-09-03 13:27:18.847,-517483,-561948,-562230,-550764,2,2,2,2
2025-09-03 13:27:18.874,-517624,-570360,-562454,-550927,2,2,2,2
2025-09-03 13:27:18.902,-517634,-562419,-562455,-550915,2,2,2,2
2025-09-03 13:27:18.928,-517474,-562184,-562560,-550952,2,2,2,2
2025-09-03 13:27:18.955,-517476,-562172,-562548,-550943,2,2,2,2
2025-09-03 13:27:18.983,-517481,-578557,-562545,-542746,2,2,2,2
2025-09-03 13:27:19.011,-517493,-562188,-562562,-534600,2,2,2,2
2025-09-03 13:27:19.038,-517570,-562288,-579066,-551064,2,2,2,2
2025-09-03 13:27:19.066,-509549,-562430,-562567,-534565,2,2,2,2
2025-09-03 13:27:19.093,-517662,-570513,-562470,-550913,2,2,2,2
2025-09-03 13:27:19.120,-517731,-562324,-570991,-551177,2,2,2,2
2025-09-03 13:27:19.147,-517636,-562281,-562680,-551121,2,2,2,2
2025-09-03 13:27:19.174,-517660,-562303,-578823,-551137,2,2,2,2
2025-09-03 13:27:19.201,-517896,-562562,-579316,-551305,2,2,2,2
2025-09-03 13:27:19.228,-517869,-562209,-562586,-534644,2,2,2,2
2025-09-03 13:27:19.255,-517769,-562417,-570990,-551170,2,2,2,2
2025-09-03 13:27:19.284,-509840,-562681,-562810,-534813,2,2,2,2
2025-09-03 13:27:19.310,-517693,-562329,-570902,-551154,2,2,2,2
2025-09-03 13:27:19.338,-518120,-562530,-579226,-551292,2,2,2,2
2025-09-03 13:27:19.365,-517894,-562534,-562925,-551397,2,2,2,2
2025-09-03 13:27:19.392,-517949,-562665,-579144,-551265,2,2,2,2
2025-09-03 13:27:19.421,-517655,-578678,-562687,-534758,2,2,2,2
2025-09-03 13:27:19.448,-517768,-578755,-562800,-542979,2,2,2,2
2025-09-03 13:27:19.475,-517664,-562282,-579075,-551071,2,2,2,2
2025-09-03 13:27:19.502,-517790,-562404,-571006,-551176,2,2,2,2
2025-09-03 13:27:19.529,-518133,-579062,-562840,-542988,2,2,2,2
2025-09-03 13:27:19.557,-517880,-562425,-562567,-534547,2,2,2,2
2025-09-03 13:27:19.585,-518003,-578944,-562963,-543128,2,2,2,2
2025-09-03 13:27:19.612,-518102,-562664,-579147,-551169,2,2,2,2
2025-09-03 13:27:19.640,-517752,-562308,-570898,-551136,2,2,2,2
2025-09-03 13:27:19.667,-517948,-562533,-579077,-551312,2,2,2,2
2025-09-03 13:27:19.695,-517821,-562323,-570745,-550919,2,2,2,2
2025-09-03 13:27:19.722,-517634,-562419,-562659,-550943,2,2,2,2
2025-09-03 13:27:19.750,-518085,-562530,-579180,-551316,2,2,2,2
2025-09-03 13:27:19.777,-517910,-562427,-579086,-551294,2,2,2,2
2025-09-03 13:27:19.804,-518115,-578947,-562835,-535024,2,2,2,2
2025-09-03 13:27:19.831,-518029,-578927,-562819,-543214,2,2,2,2
2025-09-03 13:27:19.858,-517752,-562281,-570990,-551136,2,2,2,2
2025-09-03 13:27:19.885,-517849,-562313,-579214,-551157,2,2,2,2
2025-09-03 13:27:19.913,-509679,-562403,-562918,-534796,2,2,2,2
2025-09-03 13:27:19.940,-518070,-562567,-571023,-551407,2,2,2,2
2025-09-03 13:27:19.967,-517940,-562548,-579370,-551302,2,2,2,2
2025-09-03 13:27:19.995,-518003,-562560,-562990,-551309,2,2,2,2
2025-09-03 13:27:20.022,-518123,-570860,-562916,-551416,2,2,2,2
2025-09-03 13:27:20.048,-517921,-562453,-562705,-551270,2,2,2,2
2025-09-03 13:27:20.076,-518119,-570780,-562931,-551423,2,2,2,2
2025-09-03 13:27:20.103,-518135,-562659,-562923,-551170,2,2,2,2
2025-09-03 13:27:20.130,-517883,-562327,-562840,-551169,2,2,2,2
2025-09-03 13:27:20.157,-509582,-562380,-562823,-551137,2,2,2,2
2025-09-03 13:27:20.185,-518048,-562581,-563086,-551396,2,2,2,2
2025-09-03 13:27:20.211,-517898,-562669,-562935,-551418,2,2,2,2
2025-09-03 13:27:20.239,-517919,-562427,-579091,-551193,2,2,2,2
2025-09-03 13:27:20.267,-518152,-562936,-571407,-551448,2,2,2,2
2025-09-03 13:27:20.293,-518163,-570869,-562971,-551526,2,2,2,2
2025-09-03 13:27:20.321,-518125,-562565,-571376,-551417,2,2,2,2
2025-09-03 13:27:20.349,-518116,-579031,-562920,-534787,2,2,2,2
2025-09-03 13:27:20.377,-518032,-562634,-563176,-535033,2,2,2,2
2025-09-03 13:27:20.404,-518127,-562672,-579342,-551268,2,2,2,2
2025-09-03 13:27:20.431,-518071,-562582,-571130,-551172,2,2,2,2
2025-09-03 13:27:20.459,-517874,-578811,-562717,-543094,2,2,2,2
2025-09-03 13:27:20.485,-517779,-562334,-562700,-551185,2,2,2,2
2025-09-03 13:27:20.513,-517993,-570765,-562926,-551409,2,2,2,2
2025-09-03 13:27:20.540,-518021,-579006,-562970,-535045,2,2,2,2
2025-09-03 13:27:20.566,-518015,-562662,-562975,-551434,2,2,2,2
2025-09-03 13:27:20.594,-509925,-562734,-563098,-535250,2,2,2,2
2025-09-03 13:27:20.621,-518086,-562707,-579386,-551538,2,2,2,2
2025-09-03 13:27:20.648,-518115,-562558,-579515,-551398,2,2,2,2
2025-09-03 13:27:20.675,-518114,-562829,-579561,-551654,2,2,2,2
2025-09-03 13:27:20.701,-518005,-578894,-563082,-543116,2,2,2,2
2025-09-03 13:27:20.729,-518139,-562701,-571156,-551446,2,2,2,2
2025-09-03 13:27:20.756,-518000,-562637,-563094,-534971,2,2,2,2
2025-09-03 13:27:20.784,-517904,-578955,-563086,-551299,2,2,2,2
2025-09-03 13:27:20.811,-518085,-562685,-579530,-551419,2,2,2,2
2025-09-03 13:27:20.838,-517946,-562582,-571260,-551377,2,2,2,2
2025-09-03 13:27:20.864,-509702,-562748,-562971,-535158,2,2,2,2
2025-09-03 13:27:20.892,-517927,-562695,-579522,-551426,2,2,2,2
2025-09-03 13:27:20.920,-517762,-570736,-562703,-551198,2,2,2,2
2025-09-03 13:27:20.948,-517652,-562434,-571035,-551145,2,2,2,2
2025-09-03 13:27:20.975,-517650,-562438,-579260,-551406,2,2,2,2
2025-09-03 13:27:21.002,-517850,-562576,-579405,-551272,2,2,2,2
2025-09-03 13:27:21.029,-509693,-562677,-562845,-534912,2,2,2,2
2025-09-03 13:27:21.057,-517650,-562445,-562936,-551391,2,2,2,2
2025-09-03 13:27:21.084,-517856,-562439,-579277,-551292,2,2,2,2
2025-09-03 13:27:21.111,-517851,-562443,-579210,-551281,2,2,2,2
2025-09-03 13:27:21.138,-517870,-562798,-579570,-551315,2,2,2,2
2025-09-03 13:27:21.165,-517642,-578948,-562954,-543220,2,2,2,2
2025-09-03 13:27:21.193,-517783,-579143,-563178,-534915,2,2,2,2
2025-09-03 13:27:21.220,-518015,-562712,-563073,-535146,2,2,2,2
2025-09-03 13:27:21.247,-518086,-562788,-579466,-551534,2,2,2,2
2025-09-03 13:27:21.275,-517921,-562694,-579431,-551432,2,2,2,2
2025-09-03 13:27:21.303,-517948,-562795,-562995,-551526,2,2,2,2
2025-09-03 13:27:21.330,-517911,-562944,-579583,-551422,2,2,2,2
2025-09-03 13:27:21.357,-517890,-562938,-579340,-551431,2,2,2,2
2025-09-03 13:27:21.383,-517827,-562818,-579473,-551305,2,2,2,2
2025-09-03 13:27:21.411,-517869,-562678,-579323,-551410,2,2,2,2
2025-09-03 13:27:21.438,-517861,-562681,-579341,-551414,2,2,2,2
2025-09-03 13:27:21.466,-517863,-562696,-562964,-551424,2,2,2,2
2025-09-03 13:27:21.493,-517762,-579269,-563191,-535020,2,2,2,2
2025-09-03 13:27:21.520,-517861,-562703,-579432,-551439,2,2,2,2
2025-09-03 13:27:21.548,-517736,-562838,-563192,-551371,2,2,2,2
2025-09-03 13:27:21.575,-517873,-562708,-571254,-551432,2,2,2,2
2025-09-03 13:27:21.602,-518088,-562927,-579600,-551584,2,2,2,2
2025-09-03 13:27:21.630,-518124,-562968,-563320,-535055,2,2,2,2
2025-09-03 13:27:21.657,-517760,-562930,-562969,-551397,2,2,2,2
2025-09-03 13:27:21.683,-517884,-579117,-563169,-535068,2,2,2,2
2025-09-03 13:27:21.711,-509459,-562640,-562960,-534928,2,2,2,2
2025-09-03 13:27:21.739,-517649,-562829,-562962,-551366,2,2,2,2
2025-09-03 13:27:21.766,-517850,-562716,-579467,-551172,2,2,2,2
2025-09-03 13:27:21.793,-517747,-562924,-562971,-551324,2,2,2,2
2025-09-03 13:27:21.819,-517894,-579289,-563204,-535152,2,2,2,2
2025-09-03 13:27:21.846,-517875,-579268,-563198,-534885,2,2,2,2
2025-09-03 13:27:21.874,-517749,-570886,-563142,-551401,2,2,2,2
2025-09-03 13:27:21.901,-517858,-562809,-571372,-551456,2,2,2,2
2025-09-03 13:27:21.928,-509417,-562634,-562963,-551213,2,2,2,2
2025-09-03 13:27:21.955,-517386,-579053,-562821,-542859,2,2,2,2
2025-09-03 13:27:21.983,-517863,-562823,-562972,-551196,2,2,2,2
2025-09-03 13:27:22.009,-517652,-562680,-563146,-551318,2,2,2,2
2025-09-03 13:27:22.037,-517841,-562819,-579391,-551266,2,2,2,2
2025-09-03 13:27:22.065,-517758,-562797,-579329,-551173,2,2,2,2
2025-09-03 13:27:22.092,-517877,-562841,-562996,-551295,2,2,2,2
2025-09-03 13:27:22.119,-517696,-562786,-579593,-551429,2,2,2,2
2025-09-03 13:27:22.146,-517494,-578835,-562941,-542977,2,2,2,2
2025-09-03 13:27:22.174,-517507,-562549,-571162,-551194,2,2,2,2
2025-09-03 13:27:22.201,-517736,-570910,-563192,-551424,2,2,2,2
2025-09-03 13:27:22.228,-517619,-562589,-571271,-551369,2,2,2,2
2025-09-03 13:27:22.256,-509547,-562713,-563190,-534793,2,2,2,2
2025-09-03 13:27:22.284,-517872,-562827,-562989,-551285,2,2,2,2
2025-09-03 13:27:22.311,-517689,-562694,-579557,-551411,2,2,2,2
2025-09-03 13:27:22.337,-517645,-562679,-579555,-551407,2,2,2,2
2025-09-03 13:27:22.365,-517619,-578975,-563093,-543132,2,2,2,2
2025-09-03 13:27:22.391,-517782,-579272,-563063,-534906,2,2,2,2
2025-09-03 13:27:22.418,-517749,-562803,-562967,-551180,2,2,2,2
2025-09-03 13:27:22.445,-517835,-562808,-579371,-551271,2,2,2,2
2025-09-03 13:27:22.473,-517639,-562690,-579561,-551397,2,2,2,2
2025-09-03 13:27:22.500,-517749,-562795,-579354,-551189,2,2,2,2
2025-09-03 13:27:22.528,-517398,-570726,-562938,-551156,2,2,2,2
2025-09-03 13:27:22.555,-517618,-562663,-563090,-534916,2,2,2,2
2025-09-03 13:27:22.582,-517579,-562661,-579213,-551044,2,2,2,2
2025-09-03 13:27:22.610,-517752,-579199,-563045,-543006,2,2,2,2
2025-09-03 13:27:22.637,-509428,-562672,-563087,-534996,2,2,2,2
2025-09-03 13:27:22.664,-517489,-562552,-579097,-550926,2,2,2,2
2025-09-03 13:27:22.692,-517626,-562436,-562917,-551128,2,2,2,2
2025-09-03 13:27:22.718,-517518,-562661,-571281,-551215,2,2,2,2
2025-09-03 13:27:22.746,-509465,-562731,-562966,-535033,2,2,2,2
2025-09-03 13:27:22.774,-517522,-579017,-563084,-534896,2,2,2,2
2025-09-03 13:27:22.800,-517385,-578895,-562963,-542956,2,2,2,2
2025-09-03 13:27:22.828,-517593,-562688,-579524,-551275,2,2,2,2
2025-09-03 13:27:22.855,-517594,-562441,-579314,-551041,2,2,2,2
2025-09-03 13:27:22.883,-517612,-562713,-563186,-551312,2,2,2,2
2025-09-03 13:27:22.909,-517489,-562667,-579453,-551198,2,2,2,2
2025-09-03 13:27:22.936,-517752,-579318,-563073,-534813,2,2,2,2
2025-09-03 13:27:22.965,-517862,-562716,-571364,-551372,2,2,2,2
2025-09-03 13:27:22.993,-517652,-562845,-579394,-551423,2,2,2,2
2025-09-03 13:27:23.019,-517789,-579137,-563095,-534906,2,2,2,2
2025-09-03 13:27:23.046,-517739,-562931,-563051,-551198,2,2,2,2
2025-09-03 13:27:23.073,-517671,-562938,-579689,-551441,2,2,2,2
2025-09-03 13:27:23.100,-517749,-570903,-563001,-551278,2,2,2,2
2025-09-03 13:27:23.128,-517398,-562686,-579351,-551170,2,2,2,2
2025-09-03 13:27:23.155,-517583,-562801,-579457,-551271,2,2,2,2
2025-09-03 13:27:23.182,-517844,-562821,-579477,-551302,2,2,2,2
2025-09-03 13:27:23.210,-517647,-562956,-563222,-551440,2,2,2,2
2025-09-03 13:27:23.238,-517639,-562696,-579338,-551419,2,2,2,2
2025-09-03 13:27:23.265,-517645,-570882,-562950,-551179,2,2,2,2
2025-09-03 13:27:23.292,-517746,-562799,-571246,-551198,2,2,2,2
2025-09-03 13:27:23.319,-517789,-579273,-563094,-534934,2,2,2,2
2025-09-03 13:27:23.347,-517862,-562919,-579480,-551318,2,2,2,2
2025-09-03 13:27:23.374,-517882,-571143,-563193,-551418,2,2,2,2
2025-09-03 13:27:23.402,-517637,-579133,-562945,-542978,2,2,2,2
2025-09-03 13:27:23.430,-509582,-562922,-563084,-534923,2,2,2,2
2025-09-03 13:27:23.457,-509455,-562888,-562973,-534843,2,2,2,2
2025-09-03 13:27:23.485,-517389,-562897,-562963,-534834,2,2,2,2
2025-09-03 13:27:23.512,-509337,-562718,-562934,-551140,2,2,2,2
2025-09-03 13:27:23.539,-517641,-579228,-563041,-542991,2,2,2,2
2025-09-03 13:27:23.566,-517661,-562923,-579444,-551273,2,2,2,2
2025-09-03 13:27:23.593,-517743,-562955,-571273,-551364,2,2,2,2
2025-09-03 13:27:23.620,-517785,-579368,-563204,-535027,2,2,2,2
2025-09-03 13:27:23.648,-517643,-562829,-562981,-551186,2,2,2,2
2025-09-03 13:27:23.676,-509426,-562747,-562968,-535039,2,2,2,2
2025-09-03 13:27:23.703,-517438,-562690,-571282,-551220,2,2,2,2
2025-09-03 13:27:23.730,-517761,-562963,-563103,-551371,2,2,2,2
2025-09-03 13:27:23.757,-517658,-562945,-563084,-551228,2,2,2,2
2025-09-03 13:27:23.785,-517765,-579352,-563186,-534938,2,2,2,2
2025-09-03 13:27:23.812,-517609,-562831,-571239,-551192,2,2,2,2
2025-09-03 13:27:23.839,-517390,-579271,-563077,-543101,2,2,2,2
2025-09-03 13:27:23.866,-517571,-562717,-571152,-551176,2,2,2,2
2025-09-03 13:27:23.893,-517605,-562792,-562973,-551176,2,2,2,2
2025-09-03 13:27:23.921,-517623,-562732,-563049,-534841,2,2,2,2
2025-09-03 13:27:23.948,-517769,-562936,-563195,-551402,2,2,2,2
2025-09-03 13:27:23.975,-517535,-562941,-562952,-551420,2,2,2,2
2025-09-03 13:27:24.002,-517677,-563061,-579762,-551545,2,2,2,2
2025-09-03 13:27:24.029,-517400,-570987,-563138,-551276,2,2,2,2
2025-09-03 13:27:24.057,-517733,-562791,-563090,-551227,2,2,2,2
2025-09-03 13:27:24.085,-509688,-562941,-563225,-535094,2,2,2,2
2025-09-03 13:27:24.113,-517746,-562806,-571364,-551371,2,2,2,2
2025-09-03 13:27:24.140,-517629,-579074,-563065,-543004,2,2,2,2
2025-09-03 13:27:24.167,-517818,-562918,-571408,-551419,2,2,2,2
2025-09-03 13:27:24.194,-517732,-579134,-563084,-534893,2,2,2,2
2025-09-03 13:27:24.222,-517747,-571255,-563430,-551557,2,2,2,2
2025-09-03 13:27:24.249,-517664,-579140,-563088,-534899,2,2,2,2
2025-09-03 13:27:24.276,-517640,-579326,-563314,-535057,2,2,2,2
2025-09-03 13:27:24.304,-517673,-563059,-579727,-551552,2,2,2,2
2025-09-03 13:27:24.331,-517886,-562965,-563320,-535060,2,2,2,2
2025-09-03 13:27:24.358,-517733,-579275,-563171,-534904,2,2,2,2
2025-09-03 13:27:24.386,-517660,-563069,-579736,-551534,2,2,2,2
2025-09-03 13:27:24.412,-517663,-563074,-579764,-551527,2,2,2,2
2025-09-03 13:27:24.439,-517669,-562825,-579505,-551275,2,2,2,2
2025-09-03 13:27:24.467,-517748,-562893,-563082,-551207,2,2,2,2
2025-09-03 13:27:24.493,-517753,-562839,-563188,-551302,2,2,2,2
2025-09-03 13:27:24.521,-517823,-562939,-579593,-551325,2,2,2,2
2025-09-03 13:27:24.548,-517742,-579552,-563359,-535168,2,2,2,2
2025-09-03 13:27:24.576,-517642,-563072,-563236,-551521,2,2,2,2
2025-09-03 13:27:24.603,-517694,-563182,-579779,-551576,2,2,2,2
2025-09-03 13:27:24.630,-509574,-563188,-563448,-551651,2,2,2,2
2025-09-03 13:27:24.658,-509558,-563158,-563430,-535180,2,2,2,2
2025-09-03 13:27:24.685,-517885,-562965,-563232,-535090,2,2,2,2
2025-09-03 13:27:24.713,-517756,-563100,-571639,-551654,2,2,2,2
2025-09-03 13:27:24.740,-517630,-562702,-563054,-534834,2,2,2,2
2025-09-03 13:27:24.767,-517880,-562967,-579695,-551445,2,2,2,2
2025-09-03 13:27:24.794,-517571,-562697,-571251,-551182,2,2,2,2
2025-09-03 13:27:24.821,-517875,-579580,-563313,-543245,2,2,2,2
2025-09-03 13:27:24.849,-517678,-563092,-579835,-551651,2,2,2,2
2025-09-03 13:27:24.875,-517691,-562810,-563199,-551318,2,2,2,2
2025-09-03 13:27:24.903,-509546,-562725,-563191,-534987,2,2,2,2
2025-09-03 13:27:24.930,-517784,-562840,-563223,-551408,2,2,2,2
2025-09-03 13:27:24.957,-517847,-562824,-579590,-551407,2,2,2,2
2025-09-03 13:27:24.984,-517840,-563104,-579689,-551428,2,2,2,2
2025-09-03 13:27:25.011,-517746,-579392,-563439,-535171,2,2,2,2
2025-09-03 13:27:25.038,-517656,-562940,-563334,-535107,2,2,2,2
2025-09-03 13:27:25.065,-517907,-562950,-579788,-551535,2,2,2,2
2025-09-03 13:27:25.092,-509549,-562717,-563174,-551382,2,2,2,2
2025-09-03 13:27:25.120,-517661,-571143,-563414,-551558,2,2,2,2
2025-09-03 13:27:25.147,-509583,-562987,-563456,-551661,2,2,2,2
2025-09-03 13:27:25.174,-517893,-579545,-563557,-535321,2,2,2,2
2025-09-03 13:27:25.202,-509844,-562982,-563461,-535286,2,2,2,2
2025-09-03 13:27:25.229,-509555,-562969,-563455,-535288,2,2,2,2
2025-09-03 13:27:25.257,-517992,-562947,-563432,-551572,2,2,2,2
2025-09-03 13:27:25.285,-517941,-562945,-579739,-551572,2,2,2,2
2025-09-03 13:27:25.312,-517949,-562950,-579782,-551577,2,2,2,2
2025-09-03 13:27:25.339,-517920,-579567,-563589,-535418,2,2,2,2
2025-09-03 13:27:25.366,-518031,-579440,-563485,-543479,2,2,2,2
2025-09-03 13:27:25.394,-517754,-579337,-563436,-543372,2,2,2,2
2025-09-03 13:27:25.421,-509849,-563139,-563482,-535287,2,2,2,2
2025-09-03 13:27:25.448,-518047,-563094,-563565,-551693,2,2,2,2
2025-09-03 13:27:25.476,-518045,-563412,-563487,-535303,2,2,2,2
2025-09-03 13:27:25.502,-518089,-563081,-579856,-551668,2,2,2,2
2025-09-03 13:27:25.530,-509805,-563001,-563445,-535226,2,2,2,2
2025-09-03 13:27:25.557,-518028,-571372,-563482,-551675,2,2,2,2
2025-09-03 13:27:25.584,-517919,-563334,-563695,-551834,2,2,2,2
2025-09-03 13:27:25.612,-509825,-563170,-563470,-535295,2,2,2,2
2025-09-03 13:27:25.639,-517942,-563433,-579854,-551933,2,2,2,2
2025-09-03 13:27:25.666,-517901,-571513,-563671,-551913,2,2,2,2
2025-09-03 13:27:25.694,-517645,-563082,-579825,-551675,2,2,2,2
2025-09-03 13:27:25.721,-518033,-563220,-571761,-551741,2,2,2,2
2025-09-03 13:27:25.748,-509926,-563250,-563594,-551915,2,2,2,2
2025-09-03 13:27:25.775,-517900,-579733,-563691,-543509,2,2,2,2
2025-09-03 13:27:25.802,-517825,-563180,-579618,-551548,2,2,2,2
2025-09-03 13:27:25.829,-517894,-563324,-580070,-551931,2,2,2,2
2025-09-03 13:27:25.856,-509699,-563242,-563609,-535538,2,2,2,2
2025-09-03 13:27:25.883,-518017,-563437,-563467,-535374,2,2,2,2
2025-09-03 13:27:25.910,-518122,-571491,-563510,-551905,2,2,2,2
2025-09-03 13:27:25.938,-517879,-571245,-563251,-551653,2,2,2,2
2025-09-03 13:27:25.967,-509800,-563176,-563426,-535355,2,2,2,2
2025-09-03 13:27:25.994,-517881,-563054,-579696,-551651,2,2,2,2
2025-09-03 13:27:26.021,-517779,-571144,-563450,-551553,2,2,2,2
2025-09-03 13:27:26.048,-509794,-563167,-563348,-535311,2,2,2,2
2025-09-03 13:27:26.076,-517741,-563173,-563351,-551438,2,2,2,2
2025-09-03 13:27:26.103,-517898,-563336,-579911,-551915,2,2,2,2
2025-09-03 13:27:26.131,-518004,-571626,-563672,-551701,2,2,2,2
2025-09-03 13:27:26.158,-518003,-563170,-563404,-551690,2,2,2,2
2025-09-03 13:27:26.186,-518124,-579646,-563452,-543636,2,2,2,2
2025-09-03 13:27:26.213,-517754,-563182,-563330,-551452,2,2,2,2
2025-09-03 13:27:26.241,-517767,-563178,-571619,-551474,2,2,2,2
2025-09-03 13:27:26.268,-517913,-579384,-563318,-535278,2,2,2,2
2025-09-03 13:27:26.295,-517750,-563103,-563358,-551451,2,2,2,2
2025-09-03 13:27:26.323,-517992,-579474,-563342,-551691,2,2,2,2
2025-09-03 13:27:26.351,-517648,-563059,-563252,-551660,2,2,2,2
2025-09-03 13:27:26.379,-517893,-562987,-563321,-535235,2,2,2,2
2025-09-03 13:27:26.406,-517826,-562917,-579533,-551529,2,2,2,2
2025-09-03 13:27:26.433,-517695,-563199,-579831,-551525,2,2,2,2
2025-09-03 13:27:26.462,-509678,-562981,-563225,-535262,2,2,2,2
2025-09-03 13:27:26.490,-517870,-563076,-563246,-551663,2,2,2,2
2025-09-03 13:27:26.517,-517664,-563192,-563442,-551528,2,2,2,2
2025-09-03 13:27:26.544,-517755,-562960,-563203,-551560,2,2,2,2
2025-09-03 13:27:26.571,-517766,-571151,-563453,-551568,2,2,2,2
2025-09-03 13:27:26.598,-517762,-562968,-571405,-551626,2,2,2,2
2025-09-03 13:27:26.624,-517620,-579296,-563087,-535071,2,2,2,2
2025-09-03 13:27:26.652,-517642,-563182,-579734,-551536,2,2,2,2
2025-09-03 13:27:26.679,-517865,-563081,-579708,-551436,2,2,2,2
2025-09-03 13:27:26.706,-517658,-579331,-563436,-535179,2,2,2,2
2025-09-03 13:27:26.732,-517678,-562960,-579832,-551575,2,2,2,2
2025-09-03 13:27:26.760,-517876,-563097,-563326,-551723,2,2,2,2
2025-09-03 13:27:26.788,-518011,-571422,-563453,-551838,2,2,2,2
2025-09-03 13:27:26.815,-518025,-563252,-563472,-535502,2,2,2,2
2025-09-03 13:27:26.843,-517757,-571160,-563215,-551652,2,2,2,2
2025-09-03 13:27:26.870,-517785,-563073,-563245,-551676,2,2,2,2
2025-09-03 13:27:26.897,-517777,-579452,-563218,-543473,2,2,2,2
2025-09-03 13:27:26.925,-517731,-579378,-563360,-535181,2,2,2,2
2025-09-03 13:27:26.952,-517791,-563078,-563223,-551698,2,2,2,2
2025-09-03 13:27:26.979,-517856,-563101,-579615,-551456,2,2,2,2
2025-09-03 13:27:27.006,-517891,-563211,-563329,-535428,2,2,2,2
2025-09-03 13:27:27.033,-517657,-579396,-563350,-543457,2,2,2,2
2025-09-03 13:27:27.060,-517633,-562975,-579648,-551580,2,2,2,2
2025-09-03 13:27:27.087,-517840,-563201,-571510,-551888,2,2,2,2
2025-09-03 13:27:27.115,-517921,-563306,-579730,-551928,2,2,2,2
2025-09-03 13:27:27.143,-517901,-563218,-571535,-551917,2,2,2,2
2025-09-03 13:27:27.171,-518088,-563439,-579953,-551827,2,2,2,2
2025-09-03 13:27:27.197,-517876,-563195,-579634,-551830,2,2,2,2
2025-09-03 13:27:27.225,-517781,-579515,-563310,-543629,2,2,2,2
2025-09-03 13:27:27.252,-517904,-563237,-563443,-535310,2,2,2,2
2025-09-03 13:27:27.280,-517880,-563198,-563431,-551935,2,2,2,2
2025-09-03 13:27:27.307,-518000,-563324,-563559,-551879,2,2,2,2
2025-09-03 13:27:27.333,-518037,-579775,-563603,-535535,2,2,2,2
2025-09-03 13:27:27.361,-517892,-563205,-563707,-552035,2,2,2,2
2025-09-03 13:27:27.389,-517892,-563208,-563455,-551699,2,2,2,2
2025-09-03 13:27:27.416,-518140,-563448,-580085,-551953,2,2,2,2
2025-09-03 13:27:27.444,-518094,-563432,-580077,-551936,2,2,2,2
2025-09-03 13:27:27.471,-518046,-563422,-563603,-535808,2,2,2,2
2025-09-03 13:27:27.498,-518042,-571546,-563672,-551944,2,2,2,2
2025-09-03 13:27:27.525,-518025,-563335,-563649,-551916,2,2,2,2
2025-09-03 13:27:27.553,-518120,-563436,-580038,-551957,2,2,2,2
2025-09-03 13:27:27.581,-518122,-579827,-563701,-535653,2,2,2,2
2025-09-03 13:27:27.608,-518147,-563459,-580119,-552043,2,2,2,2
2025-09-03 13:27:27.634,-509844,-563411,-563688,-535565,2,2,2,2
2025-09-03 13:27:27.661,-518096,-563445,-571672,-551988,2,2,2,2
2025-09-03 13:27:27.689,-518098,-563344,-580033,-551956,2,2,2,2
2025-09-03 13:27:27.716,-509722,-563454,-563458,-535755,2,2,2,2
2025-09-03 13:27:27.744,-517964,-563222,-579948,-551929,2,2,2,2
2025-09-03 13:27:27.770,-518005,-579610,-563558,-551936,2,2,2,2
2025-09-03 13:27:27.798,-518125,-563344,-563671,-552063,2,2,2,2
2025-09-03 13:27:27.826,-509719,-563453,-563467,-552159,2,2,2,2
2025-09-03 13:27:27.853,-518266,-563557,-571930,-552178,2,2,2,2
2025-09-03 13:27:27.881,-509827,-563233,-563561,-535561,2,2,2,2
2025-09-03 13:27:27.908,-509934,-563408,-563684,-535604,2,2,2,2
2025-09-03 13:27:27.936,-518199,-563445,-580098,-552165,2,2,2,2
2025-09-03 13:27:27.964,-517918,-579581,-563476,-543728,2,2,2,2
2025-09-03 13:27:27.992,-518012,-579618,-563562,-535576,2,2,2,2
2025-09-03 13:27:28.026,-518016,-563222,-563483,-535620,2,2,2,2
2025-09-03 13:27:28.046,-517935,-563440,-580093,-551943,2,2,2,2
2025-09-03 13:27:28.073,-517948,-563217,-579859,-551965,2,2,2,2
2025-09-03 13:27:28.101,-518012,-563208,-563493,-552035,2,2,2,2
2025-09-03 13:27:28.128,-509597,-563007,-563345,-535511,2,2,2,2
2025-09-03 13:27:28.155,-517961,-563203,-571675,-551966,2,2,2,2
2025-09-03 13:27:28.183,-518042,-563316,-563681,-552153,2,2,2,2
2025-09-03 13:27:28.211,-517922,-563182,-579868,-551965,2,2,2,2
2025-09-03 13:27:28.238,-518127,-563317,-563686,-552093,2,2,2,2
2025-09-03 13:27:28.265,-518006,-563203,-563569,-535621,2,2,2,2
2025-09-03 13:27:28.292,-517739,-571386,-563228,-551696,2,2,2,2
2025-09-03 13:27:28.319,-517887,-571273,-563440,-551912,2,2,2,2
2025-09-03 13:27:28.346,-517911,-579728,-563702,-543996,2,2,2,2
2025-09-03 13:27:28.374,-517762,-562947,-571499,-551724,2,2,2,2
2025-09-03 13:27:28.400,-517920,-563175,-579837,-551948,2,2,2,2
2025-09-03 13:27:28.428,-518115,-563301,-571780,-552145,2,2,2,2
2025-09-03 13:27:28.455,-517899,-579511,-563450,-543756,2,2,2,2
2025-09-03 13:27:28.482,-518117,-571513,-563681,-552168,2,2,2,2
2025-09-03 13:27:28.510,-517913,-563189,-563484,-535667,2,2,2,2
2025-09-03 13:27:28.537,-518123,-563407,-563705,-535803,2,2,2,2
2025-09-03 13:27:28.565,-518012,-563243,-563591,-535736,2,2,2,2
2025-09-03 13:27:28.592,-517967,-563309,-571791,-552151,2,2,2,2
2025-09-03 13:27:28.619,-518018,-563324,-579986,-552176,2,2,2,2
2025-09-03 13:27:28.646,-517920,-563220,-579896,-552053,2,2,2,2
2025-09-03 13:27:28.673,-518138,-563448,-579845,-551966,2,2,2,2
2025-09-03 13:27:28.701,-518048,-563425,-563684,-535556,2,2,2,2
2025-09-03 13:27:28.728,-518115,-579822,-563610,-543749,2,2,2,2
2025-09-03 13:27:28.755,-509948,-563206,-563693,-551971,2,2,2,2
2025-09-03 13:27:28.783,-517988,-563298,-563480,-552143,2,2,2,2
2025-09-03 13:27:28.811,-518091,-563353,-580050,-551939,2,2,2,2
2025-09-03 13:27:28.839,-517898,-563202,-579857,-552049,2,2,2,2
2025-09-03 13:27:28.867,-517895,-563222,-571662,-551987,2,2,2,2
2025-09-03 13:27:28.893,-509706,-563202,-563445,-535619,2,2,2,2
2025-09-03 13:27:28.921,-517871,-563181,-579823,-551957,2,2,2,2
2025-09-03 13:27:28.948,-517758,-563063,-563395,-551840,2,2,2,2
2025-09-03 13:27:28.975,-518013,-563321,-571765,-552159,2,2,2,2
2025-09-03 13:27:29.002,-509794,-563226,-563556,-535679,2,2,2,2
2025-09-03 13:27:29.030,-517786,-579472,-563348,-535532,2,2,2,2
2025-09-03 13:27:29.057,-518113,-579777,-563697,-535818,2,2,2,2
2025-09-03 13:27:29.085,-518143,-579841,-563727,-544027,2,2,2,2
2025-09-03 13:27:29.111,-518137,-579833,-563461,-535652,2,2,2,2
2025-09-03 13:27:29.139,-517913,-563207,-579841,-552041,2,2,2,2
2025-09-03 13:27:29.166,-509722,-563216,-563475,-535611,2,2,2,2
2025-09-03 13:27:29.194,-517755,-563056,-563259,-551836,2,2,2,2
2025-09-03 13:27:29.221,-517916,-563302,-579865,-552073,2,2,2,2
2025-09-03 13:27:29.248,-518117,-571619,-563675,-551950,2,2,2,2
2025-09-03 13:27:29.276,-518159,-563468,-563714,-552307,2,2,2,2
2025-09-03 13:27:29.304,-517910,-563231,-579853,-552075,2,2,2,2
2025-09-03 13:27:29.332,-518136,-563463,-580074,-552298,2,2,2,2
2025-09-03 13:27:29.359,-518001,-563396,-563563,-535788,2,2,2,2
2025-09-03 13:27:29.386,-517998,-579620,-563469,-535704,2,2,2,2
2025-09-03 13:27:29.414,-518182,-563568,-580093,-552331,2,2,2,2
2025-09-03 13:27:29.441,-517909,-579606,-563613,-543867,2,2,2,2
2025-09-03 13:27:29.469,-518031,-563340,-571655,-552161,2,2,2,2
2025-09-03 13:27:29.496,-518135,-571642,-563483,-552185,2,2,2,2
2025-09-03 13:27:29.523,-518025,-563394,-563690,-535678,2,2,2,2
2025-09-03 13:27:29.551,-518365,-563595,-563709,-552337,2,2,2,2
2025-09-03 13:27:29.578,-518380,-563588,-563706,-552388,2,2,2,2
2025-09-03 13:27:29.606,-518171,-571618,-563483,-552165,2,2,2,2
2025-09-03 13:27:29.634,-518393,-563564,-580090,-552332,2,2,2,2
2025-09-03 13:27:29.661,-518370,-563483,-563674,-552314,2,2,2,2
2025-09-03 13:27:29.688,-509956,-563232,-563704,-535612,2,2,2,2
2025-09-03 13:27:29.715,-518194,-563350,-579894,-552165,2,2,2,2
2025-09-03 13:27:29.742,-518372,-563446,-579976,-552201,2,2,2,2
2025-09-03 13:27:29.770,-518267,-563339,-571678,-552166,2,2,2,2
2025-09-03 13:27:29.799,-518338,-563344,-579869,-552172,2,2,2,2
2025-09-03 13:27:29.827,-518019,-563260,-563457,-535705,2,2,2,2
2025-09-03 13:27:29.854,-518152,-571395,-563653,-551962,2,2,2,2
2025-09-03 13:27:29.882,-518009,-563299,-571623,-552138,2,2,2,2
2025-09-03 13:27:29.908,-517948,-563229,-579723,-552060,2,2,2,2
2025-09-03 13:27:29.935,-518040,-571535,-563453,-552183,2,2,2,2
2025-09-03 13:27:29.962,-509950,-563413,-563568,-535620,2,2,2,2
2025-09-03 13:27:29.990,-518174,-563448,-563581,-551985,2,2,2,2
2025-09-03 13:27:30.017,-518158,-579809,-563474,-543776,2,2,2,2
2025-09-03 13:27:30.044,-518264,-563456,-563649,-552071,2,2,2,2
2025-09-03 13:27:30.073,-518116,-579710,-563456,-535793,2,2,2,2
2025-09-03 13:27:30.099,-518032,-579620,-563447,-535777,2,2,2,2
2025-09-03 13:27:30.125,-518163,-563344,-579903,-552196,2,2,2,2
2025-09-03 13:27:30.153,-518148,-563325,-563707,-552169,2,2,2,2
2025-09-03 13:27:30.180,-518395,-571516,-563701,-552175,2,2,2,2
2025-09-03 13:27:30.208,-517992,-563160,-563218,-535568,2,2,2,2
2025-09-03 13:27:30.235,-518376,-579860,-563573,-535939,2,2,2,2
2025-09-03 13:27:30.263,-518177,-563337,-563451,-551937,2,2,2,2
2025-09-03 13:27:30.290,-518281,-563428,-571662,-552229,2,2,2,2
2025-09-03 13:27:30.319,-518278,-563358,-563463,-552210,2,2,2,2
2025-09-03 13:27:30.346,-518288,-579772,-563471,-535837,2,2,2,2
2025-09-03 13:27:30.373,-518296,-563424,-563474,-535863,2,2,2,2
2025-09-03 13:27:30.400,-518165,-563251,-563602,-535739,2,2,2,2
2025-09-03 13:27:30.428,-518431,-563651,-563608,-552418,2,2,2,2
2025-09-03 13:27:30.454,-510368,-563474,-563813,-535922,2,2,2,2
2025-09-03 13:27:30.482,-518379,-563478,-563476,-552321,2,2,2,2
2025-09-03 13:27:30.510,-518294,-579853,-563555,-544117,2,2,2,2
2025-09-03 13:27:30.537,-518383,-563559,-563488,-552394,2,2,2,2
2025-09-03 13:27:30.564,-518637,-563578,-563738,-552386,2,2,2,2
2025-09-03 13:27:30.591,-518147,-563341,-579954,-552088,2,2,2,2
2025-09-03 13:27:30.619,-518398,-563569,-563482,-552313,2,2,2,2
2025-09-03 13:27:30.646,-518519,-563701,-563592,-552195,2,2,2,2
2025-09-03 13:27:30.673,-518420,-563588,-571759,-552425,2,2,2,2
2025-09-03 13:27:30.700,-518423,-579978,-563812,-535965,2,2,2,2
2025-09-03 13:27:30.728,-518528,-579844,-563611,-544104,2,2,2,2
2025-09-03 13:27:30.755,-518369,-579864,-563709,-535935,2,2,2,2
2025-09-03 13:27:30.783,-518289,-563466,-563703,-552228,2,2,2,2
2025-09-03 13:27:30.811,-510345,-563711,-563604,-535834,2,2,2,2
2025-09-03 13:27:30.839,-518525,-580081,-563852,-544264,2,2,2,2
2025-09-03 13:27:30.866,-510444,-563476,-563607,-535853,2,2,2,2
2025-09-03 13:27:30.894,-518387,-579938,-563614,-544109,2,2,2,2
2025-09-03 13:27:30.921,-518533,-563698,-563560,-536052,2,2,2,2
2025-09-03 13:27:30.949,-518637,-563555,-579983,-552307,2,2,2,2
2025-09-03 13:27:30.976,-518424,-563667,-563702,-535945,2,2,2,2
2025-09-03 13:27:31.003,-518634,-571756,-563662,-552304,2,2,2,2
2025-09-03 13:27:31.030,-518419,-563598,-580084,-552330,2,2,2,2
2025-09-03 13:27:31.059,-518540,-563698,-563743,-536076,2,2,2,2
2025-09-03 13:27:31.086,-518799,-563957,-572013,-552452,2,2,2,2
2025-09-03 13:27:31.114,-518595,-563693,-563740,-552435,2,2,2,2
2025-09-03 13:27:31.141,-518681,-563843,-563930,-552596,2,2,2,2
2025-09-03 13:27:31.168,-518407,-563566,-563599,-552385,2,2,2,2
2025-09-03 13:27:31.196,-518778,-563942,-580346,-552704,2,2,2,2
2025-09-03 13:27:31.224,-518703,-563872,-563954,-552693,2,2,2,2
2025-09-03 13:27:31.251,-518882,-572144,-563724,-552458,2,2,2,2
2025-09-03 13:27:31.279,-518637,-563725,-580214,-552557,2,2,2,2
2025-09-03 13:27:31.306,-518670,-563817,-580224,-552584,2,2,2,2
2025-09-03 13:27:31.332,-518426,-579962,-563601,-544150,2,2,2,2
2025-09-03 13:27:31.360,-510579,-563916,-563870,-552672,2,2,2,2
2025-09-03 13:27:31.387,-518666,-563744,-580232,-552573,2,2,2,2
2025-09-03 13:27:31.414,-510568,-563909,-563943,-536291,2,2,2,2
2025-09-03 13:27:31.441,-518865,-563871,-580104,-552454,2,2,2,2
2025-09-03 13:27:31.468,-518764,-580231,-563954,-544506,2,2,2,2
2025-09-03 13:27:31.495,-510365,-563695,-563810,-536105,2,2,2,2
2025-09-03 13:27:31.523,-518661,-580148,-563832,-544390,2,2,2,2
2025-09-03 13:27:31.550,-518885,-563959,-564011,-552736,2,2,2,2
2025-09-03 13:27:31.576,-518625,-563613,-580114,-552472,2,2,2,2
2025-09-03 13:27:31.604,-518766,-580173,-563863,-536222,2,2,2,2
2025-09-03 13:27:31.631,-518642,-563702,-563487,-552292,2,2,2,2
2025-09-03 13:27:31.658,-518685,-563820,-572041,-552644,2,2,2,2
2025-09-03 13:27:31.685,-518754,-580132,-563938,-536201,2,2,2,2
2025-09-03 13:27:31.712,-518680,-563735,-563855,-552505,2,2,2,2
2025-09-03 13:27:31.739,-518675,-563722,-563775,-552553,2,2,2,2
2025-09-03 13:27:31.766,-518686,-563740,-563844,-552505,2,2,2,2
2025-09-03 13:27:31.794,-518767,-563810,-563938,-552582,2,2,2,2
2025-09-03 13:27:31.821,-518664,-563703,-572025,-552484,2,2,2,2
2025-09-03 13:27:31.848,-518921,-563961,-564089,-536380,2,2,2,2
2025-09-03 13:27:31.876,-518912,-563854,-580362,-552707,2,2,2,2
2025-09-03 13:27:31.902,-518685,-572144,-563743,-552546,2,2,2,2
2025-09-03 13:27:31.930,-519095,-564095,-572397,-552937,2,2,2,2
2025-09-03 13:27:31.959,-519051,-572265,-564195,-552843,2,2,2,2
2025-09-03 13:27:31.986,-519139,-564106,-563976,-552948,2,2,2,2
2025-09-03 13:27:32.014,-510829,-563977,-564106,-552751,2,2,2,2
2025-09-03 13:27:32.041,-518962,-563986,-580481,-552819,2,2,2,2
2025-09-03 13:27:32.068,-519034,-563988,-572301,-552762,2,2,2,2
2025-09-03 13:27:32.094,-518681,-572147,-563758,-552469,2,2,2,2
2025-09-03 13:27:32.122,-518787,-580155,-563863,-544387,2,2,2,2
2025-09-03 13:27:32.150,-519058,-564065,-564181,-552844,2,2,2,2
2025-09-03 13:27:32.176,-519017,-563968,-564088,-552728,2,2,2,2
2025-09-03 13:27:32.204,-518906,-563921,-563978,-536261,2,2,2,2
2025-09-03 13:27:32.231,-518908,-563868,-580358,-552684,2,2,2,2
2025-09-03 13:27:32.258,-518888,-563856,-580304,-552599,2,2,2,2
2025-09-03 13:27:32.285,-518904,-572132,-563968,-552691,2,2,2,2
2025-09-03 13:27:32.313,-518882,-580223,-563937,-552596,2,2,2,2
2025-09-03 13:27:32.340,-519033,-572182,-564017,-552724,2,2,2,2
2025-09-03 13:27:32.368,-518926,-580343,-563986,-536296,2,2,2,2
2025-09-03 13:27:32.395,-518867,-563826,-580331,-552565,2,2,2,2
2025-09-03 13:27:32.422,-518803,-572022,-563930,-552555,2,2,2,2
2025-09-03 13:27:32.449,-518871,-563828,-580322,-552558,2,2,2,2
2025-09-03 13:27:32.476,-518871,-563818,-580296,-552479,2,2,2,2
2025-09-03 13:27:32.503,-518684,-563964,-580164,-552696,2,2,2,2
2025-09-03 13:27:32.530,-518858,-563838,-580281,-552561,2,2,2,2
2025-09-03 13:27:32.557,-518905,-563953,-563967,-552600,2,2,2,2
2025-09-03 13:27:32.584,-518932,-580368,-564066,-536312,2,2,2,2
2025-09-03 13:27:32.611,-518907,-580344,-563972,-536223,2,2,2,2
2025-09-03 13:27:32.638,-518900,-572140,-563945,-552588,2,2,2,2
2025-09-03 13:27:32.666,-510491,-563717,-563727,-536052,2,2,2,2
2025-09-03 13:27:32.693,-518662,-580344,-563959,-536193,2,2,2,2
2025-09-03 13:27:32.720,-510714,-563960,-563963,-552506,2,2,2,2
2025-09-03 13:27:32.746,-518812,-572064,-563927,-552464,2,2,2,2
2025-09-03 13:27:32.773,-518800,-572039,-563768,-552685,2,2,2,2
2025-09-03 13:27:32.802,-519137,-580491,-564084,-536302,2,2,2,2
2025-09-03 13:27:32.830,-518659,-563728,-572156,-552486,2,2,2,2
2025-09-03 13:27:32.858,-518677,-563734,-563963,-536141,2,2,2,2
2025-09-03 13:27:32.885,-518893,-580347,-563946,-544272,2,2,2,2
2025-09-03 13:27:32.913,-510489,-563761,-563815,-536127,2,2,2,2
2025-09-03 13:27:32.942,-518933,-580382,-564221,-536426,2,2,2,2
2025-09-03 13:27:32.969,-518903,-580352,-563941,-536087,2,2,2,2
2025-09-03 13:27:32.997,-518711,-563823,-580113,-552577,2,2,2,2
2025-09-03 13:27:33.025,-518884,-563962,-580278,-552458,2,2,2,2
2025-09-03 13:27:33.052,-518912,-580385,-563959,-536170,2,2,2,2
2025-09-03 13:27:33.079,-510817,-564027,-563986,-536261,2,2,2,2
2025-09-03 13:27:33.107,-519126,-564204,-580473,-552681,2,2,2,2
2025-09-03 13:27:33.134,-519048,-580601,-564088,-544500,2,2,2,2
2025-09-03 13:27:33.161,-518699,-563865,-580112,-552604,2,2,2,2
2025-09-03 13:27:33.188,-518892,-563988,-563853,-552461,2,2,2,2
2025-09-03 13:27:33.216,-510830,-564176,-563971,-536276,2,2,2,2
2025-09-03 13:27:33.244,-519051,-564216,-564005,-552696,2,2,2,2
2025-09-03 13:27:33.272,-519060,-563969,-563998,-536328,2,2,2,2
2025-09-03 13:27:33.299,-518947,-564100,-580343,-552679,2,2,2,2
2025-09-03 13:27:33.325,-518922,-580465,-564123,-552841,2,2,2,2
2025-09-03 13:27:33.353,-518804,-563964,-563742,-536123,2,2,2,2
2025-09-03 13:27:33.381,-518905,-572262,-563773,-552569,2,2,2,2
2025-09-03 13:27:33.408,-519132,-564209,-580363,-552716,2,2,2,2
2025-09-03 13:27:33.436,-518944,-580564,-564116,-536551,2,2,2,2
2025-09-03 13:27:33.463,-518905,-564073,-580213,-552583,2,2,2,2
2025-09-03 13:27:33.490,-519025,-572391,-564194,-552710,2,2,2,2
2025-09-03 13:27:33.517,-518694,-563867,-580246,-552450,2,2,2,2
2025-09-03 13:27:33.545,-519034,-564215,-563946,-536424,2,2,2,2
2025-09-03 13:27:33.573,-510835,-564192,-563867,-552731,2,2,2,2
2025-09-03 13:27:33.600,-519033,-564204,-572061,-552749,2,2,2,2
2025-09-03 13:27:33.627,-518921,-564072,-563758,-552687,2,2,2,2
2025-09-03 13:27:33.654,-519104,-564244,-572166,-552906,2,2,2,2
2025-09-03 13:27:33.681,-518962,-564081,-580464,-552940,2,2,2,2
2025-09-03 13:27:33.709,-519054,-564215,-563961,-552763,2,2,2,2
2025-09-03 13:27:33.738,-519017,-572307,-564202,-552727,2,2,2,2
2025-09-03 13:27:33.764,-518950,-564091,-580287,-552724,2,2,2,2
2025-09-03 13:27:33.792,-518931,-572266,-563925,-552722,2,2,2,2
2025-09-03 13:27:33.820,-518801,-563943,-563726,-536208,2,2,2,2
2025-09-03 13:27:33.848,-518786,-563868,-572157,-552496,2,2,2,2
2025-09-03 13:27:33.875,-518628,-563703,-579945,-552352,2,2,2,2
2025-09-03 13:27:33.902,-518662,-563751,-563845,-536125,2,2,2,2
2025-09-03 13:27:33.929,-518911,-572160,-563761,-552453,2,2,2,2
2025-09-03 13:27:33.957,-519010,-563995,-572051,-552749,2,2,2,2
2025-09-03 13:27:33.984,-518685,-563730,-563913,-552560,2,2,2,2
2025-09-03 13:27:34.011,-518670,-563718,-572024,-552485,2,2,2,2
2025-09-03 13:27:34.037,-518918,-563956,-563809,-536375,2,2,2,2
2025-09-03 13:27:34.065,-518661,-563961,-580130,-552549,2,2,2,2
2025-09-03 13:27:34.092,-518871,-563830,-563689,-552601,2,2,2,2
2025-09-03 13:27:34.121,-518785,-563816,-563924,-552592,2,2,2,2
2025-09-03 13:27:34.148,-518937,-563975,-580201,-552815,2,2,2,2
2025-09-03 13:27:34.175,-518938,-563983,-563814,-552744,2,2,2,2
2025-09-03 13:27:34.202,-518928,-563979,-563743,-536346,2,2,2,2
2025-09-03 13:27:34.229,-519148,-572400,-563949,-552946,2,2,2,2
2025-09-03 13:27:34.257,-518859,-563953,-580293,-552695,2,2,2,2
2025-09-03 13:27:34.284,-518918,-564069,-580119,-552813,2,2,2,2
2025-09-03 13:27:34.310,-518898,-563970,-563953,-552709,2,2,2,2
2025-09-03 13:27:34.338,-518670,-563811,-563478,-552495,2,2,2,2
2025-09-03 13:27:34.365,-518928,-580370,-563724,-544613,2,2,2,2
2025-09-03 13:27:34.393,-510567,-563744,-563731,-552497,2,2,2,2
2025-09-03 13:27:34.420,-518671,-563719,-563705,-552551,2,2,2,2
2025-09-03 13:27:34.448,-518802,-563915,-563833,-536294,2,2,2,2
2025-09-03 13:27:34.475,-518906,-563963,-563950,-536371,2,2,2,2
2025-09-03 13:27:34.503,-518755,-563827,-572001,-552509,2,2,2,2
2025-09-03 13:27:34.528,-518670,-563738,-579841,-552551,2,2,2,2
2025-09-03 13:27:34.556,-518861,-563964,-571877,-552451,2,2,2,2
2025-09-03 13:27:34.583,-518845,-563949,-579977,-552676,2,2,2,2
2025-09-03 13:27:34.611,-510974,-563990,-563943,-536575,2,2,2,2
2025-09-03 13:27:34.638,-519065,-564219,-572031,-552934,2,2,2,2
2025-09-03 13:27:34.665,-519010,-564108,-563995,-552762,2,2,2,2
2025-09-03 13:27:34.693,-519129,-564217,-580473,-552863,2,2,2,2
2025-09-03 13:27:34.719,-519271,-580669,-564216,-536685,2,2,2,2
2025-09-03 13:27:34.746,-519145,-564222,-564030,-552937,2,2,2,2
2025-09-03 13:27:34.773,-510863,-564185,-563809,-552898,2,2,2,2
2025-09-03 13:27:34.801,-519010,-580378,-563963,-544514,2,2,2,2
2025-09-03 13:27:34.828,-518810,-580322,-563830,-536219,2,2,2,2
2025-09-03 13:27:34.855,-519159,-564234,-580533,-552948,2,2,2,2
2025-09-03 13:27:34.881,-519040,-564201,-572268,-552922,2,2,2,2
2025-09-03 13:27:34.909,-519177,-564367,-572168,-553013,2,2,2,2
2025-09-03 13:27:34.937,-519148,-564104,-563954,-552739,2,2,2,2
2025-09-03 13:27:34.965,-518923,-564128,-580353,-552827,2,2,2,2
2025-09-03 13:27:34.992,-510867,-564275,-564108,-536599,2,2,2,2
2025-09-03 13:27:35.019,-510833,-564244,-564096,-536585,2,2,2,2
2025-09-03 13:27:35.046,-519129,-564085,-580243,-552808,2,2,2,2
2025-09-03 13:27:35.075,-518916,-564206,-572261,-552936,2,2,2,2
2025-09-03 13:27:35.103,-518973,-564348,-580557,-553069,2,2,2,2
2025-09-03 13:27:35.129,-518938,-564003,-563842,-536333,2,2,2,2
2025-09-03 13:27:35.156,-519162,-564230,-580460,-552930,2,2,2,2
2025-09-03 13:27:35.183,-519145,-564208,-563994,-536504,2,2,2,2
2025-09-03 13:27:35.211,-519111,-564373,-564219,-553080,2,2,2,2
2025-09-03 13:27:35.238,-519053,-580849,-563985,-553083,2,2,2,2
2025-09-03 13:27:35.265,-519048,-580556,-563989,-544642,2,2,2,2
2025-09-03 13:27:35.293,-518896,-564069,-563919,-552713,2,2,2,2
2025-09-03 13:27:35.320,-518812,-580379,-563830,-544765,2,2,2,2
2025-09-03 13:27:35.347,-519126,-564254,-580478,-552951,2,2,2,2
2025-09-03 13:27:35.374,-519119,-564333,-564026,-552955,2,2,2,2
2025-09-03 13:27:35.403,-510494,-563983,-563736,-552924,2,2,2,2
2025-09-03 13:27:35.431,-518716,-564071,-580150,-552701,2,2,2,2
2025-09-03 13:27:35.457,-518670,-563966,-580121,-552602,2,2,2,2
2025-09-03 13:27:35.485,-518678,-563979,-580152,-552855,2,2,2,2
2025-09-03 13:27:35.512,-518676,-563973,-580152,-552857,2,2,2,2
2025-09-03 13:27:35.539,-518782,-580475,-563850,-536326,2,2,2,2
2025-09-03 13:27:35.566,-510574,-564022,-563849,-552721,2,2,2,2
2025-09-03 13:27:35.593,-518784,-580497,-563865,-552727,2,2,2,2
2025-09-03 13:27:35.621,-518404,-563819,-563499,-552696,2,2,2,2
2025-09-03 13:27:35.648,-518454,-563869,-580029,-552555,2,2,2,2
2025-09-03 13:27:35.675,-518661,-564065,-580211,-552958,2,2,2,2
2025-09-03 13:27:35.701,-510362,-563967,-563735,-536303,2,2,2,2
2025-09-03 13:27:35.729,-518635,-572174,-563763,-552709,2,2,2,2
2025-09-03 13:27:35.756,-518662,-564076,-580276,-552725,2,2,2,2
2025-09-03 13:27:35.783,-518578,-563962,-579948,-552682,2,2,2,2
2025-09-03 13:27:35.810,-518443,-563860,-580114,-552587,2,2,2,2
2025-09-03 13:27:35.837,-518414,-563831,-563710,-552485,2,2,2,2
2025-09-03 13:27:35.864,-518497,-563940,-571921,-552657,2,2,2,2
2025-09-03 13:27:35.892,-518777,-564219,-563823,-536511,2,2,2,2
2025-09-03 13:27:35.919,-518368,-563825,-563682,-552467,2,2,2,2
2025-09-03 13:27:35.947,-518447,-563733,-579958,-552699,2,2,2,2
2025-09-03 13:27:35.973,-518637,-563837,-563687,-552475,2,2,2,2
2025-09-03 13:27:36.002,-518399,-563862,-563471,-552583,2,2,2,2
2025-09-03 13:27:36.029,-518506,-563972,-563828,-536305,2,2,2,2
2025-09-03 13:27:36.057,-518535,-563769,-563609,-536087,2,2,2,2
2025-09-03 13:27:36.085,-518169,-563737,-563505,-552446,2,2,2,2
2025-09-03 13:27:36.112,-518273,-563905,-563690,-536172,2,2,2,2
2025-09-03 13:27:36.138,-518547,-580557,-563965,-536437,2,2,2,2
2025-09-03 13:27:36.166,-510199,-563952,-563487,-552671,2,2,2,2
2025-09-03 13:27:36.193,-518652,-563948,-563816,-552675,2,2,2,2
2025-09-03 13:27:36.221,-518638,-563864,-580120,-552596,2,2,2,2
2025-09-03 13:27:36.248,-518402,-563983,-563846,-536324,2,2,2,2
2025-09-03 13:27:36.275,-518644,-563970,-563824,-552946,2,2,2,2
2025-09-03 13:27:36.302,-518678,-580410,-563870,-536346,2,2,2,2
2025-09-03 13:27:36.330,-518768,-564070,-563870,-552758,2,2,2,2
2025-09-03 13:27:36.357,-518635,-572049,-563748,-552694,2,2,2,2
2025-09-03 13:27:36.384,-518431,-563984,-580249,-552826,2,2,2,2
2025-09-03 13:27:36.412,-518448,-563993,-580300,-552838,2,2,2,2
2025-09-03 13:27:36.438,-518630,-563922,-563814,-536317,2,2,2,2
2025-09-03 13:27:36.465,-518633,-564125,-580215,-552713,2,2,2,2
2025-09-03 13:27:36.492,-518412,-580351,-563871,-536429,2,2,2,2
2025-09-03 13:27:36.518,-518408,-580403,-563871,-544636,2,2,2,2
2025-09-03 13:27:36.546,-518440,-564089,-580099,-552930,2,2,2,2
2025-09-03 13:27:36.573,-518626,-563958,-580296,-552804,2,2,2,2
2025-09-03 13:27:36.600,-518461,-564117,-580160,-552957,2,2,2,2
2025-09-03 13:27:36.627,-518414,-580463,-563966,-544655,2,2,2,2
2025-09-03 13:27:36.654,-518405,-572192,-563936,-552823,2,2,2,2
2025-09-03 13:27:36.682,-518550,-572155,-563916,-552802,2,2,2,2
2025-09-03 13:27:36.709,-510240,-564161,-563809,-552939,2,2,2,2
2025-09-03 13:27:36.736,-518498,-564112,-563765,-552938,2,2,2,2
2025-09-03 13:27:36.762,-518427,-580529,-563819,-544751,2,2,2,2
2025-09-03 13:27:36.790,-518409,-564025,-563738,-536545,2,2,2,2
2025-09-03 13:27:36.817,-518464,-563951,-580307,-552718,2,2,2,2
2025-09-03 13:27:36.845,-518504,-580540,-563838,-536568,2,2,2,2
2025-09-03 13:27:36.871,-518466,-564199,-580227,-552706,2,2,2,2
2025-09-03 13:27:36.899,-518534,-563984,-563949,-552819,2,2,2,2
2025-09-03 13:27:36.927,-518390,-563849,-572001,-552669,2,2,2,2
2025-09-03 13:27:36.953,-518395,-580287,-563839,-544497,2,2,2,2
2025-09-03 13:27:36.982,-518276,-563819,-563726,-552494,2,2,2,2
2025-09-03 13:27:37.009,-518650,-564124,-563905,-552839,2,2,2,2
2025-09-03 13:27:37.036,-518536,-580484,-563810,-544609,2,2,2,2
2025-09-03 13:27:37.063,-518458,-564084,-580367,-552719,2,2,2,2
2025-09-03 13:27:37.090,-518466,-563996,-571908,-552712,2,2,2,2
2025-09-03 13:27:37.117,-518406,-563957,-563948,-536249,2,2,2,2
2025-09-03 13:27:37.145,-518553,-580571,-563855,-536450,2,2,2,2
2025-09-03 13:27:37.173,-518645,-564197,-580322,-552851,2,2,2,2
2025-09-03 13:27:37.200,-518548,-564090,-563909,-552816,2,2,2,2
2025-09-03 13:27:37.227,-510066,-563727,-563733,-536065,2,2,2,2
2025-09-03 13:27:37.255,-518448,-563972,-580123,-552699,2,2,2,2
2025-09-03 13:27:37.283,-518480,-563973,-572010,-552706,2,2,2,2
2025-09-03 13:27:37.310,-518199,-563714,-580161,-552691,2,2,2,2
2025-09-03 13:27:37.338,-510329,-563995,-563822,-552730,2,2,2,2
2025-09-03 13:27:37.365,-518405,-580255,-563956,-544416,2,2,2,2
2025-09-03 13:27:37.393,-510443,-564023,-564101,-536522,2,2,2,2
2025-09-03 13:27:37.419,-518666,-564103,-580512,-552921,2,2,2,2
2025-09-03 13:27:37.445,-518461,-563959,-580105,-552705,2,2,2,2
2025-09-03 13:27:37.474,-518512,-572133,-563968,-552701,2,2,2,2
2025-09-03 13:27:37.502,-518595,-563969,-580159,-552729,2,2,2,2
2025-09-03 13:27:37.529,-518376,-580163,-563841,-536191,2,2,2,2
2025-09-03 13:27:37.556,-510227,-563923,-563947,-536305,2,2,2,2
2025-09-03 13:27:37.584,-518362,-563743,-579959,-552564,2,2,2,2
2025-09-03 13:27:37.612,-518385,-563841,-580059,-552595,2,2,2,2
2025-09-03 13:27:37.638,-518148,-563597,-563704,-552442,2,2,2,2
2025-09-03 13:27:37.667,-518270,-580098,-563564,-544377,2,2,2,2
2025-09-03 13:27:37.694,-518360,-563825,-579991,-552602,2,2,2,2
2025-09-03 13:27:37.721,-518290,-580160,-563586,-544392,2,2,2,2
2025-09-03 13:27:37.749,-518175,-563957,-563745,-552460,2,2,2,2
2025-09-03 13:27:37.777,-518254,-580102,-563828,-544357,2,2,2,2
2025-09-03 13:27:37.805,-518397,-563774,-563703,-536312,2,2,2,2
2025-09-03 13:27:37.832,-518119,-579954,-563700,-544227,2,2,2,2
2025-09-03 13:27:37.859,-518171,-580034,-563561,-544282,2,2,2,2
2025-09-03 13:27:37.887,-518273,-563710,-563579,-552495,2,2,2,2
2025-09-03 13:27:37.914,-518162,-563590,-563482,-552447,2,2,2,2
2025-09-03 13:27:37.941,-518095,-563555,-571901,-552399,2,2,2,2
2025-09-03 13:27:37.968,-518174,-580312,-563820,-536086,2,2,2,2
2025-09-03 13:27:37.996,-518384,-563816,-563723,-552664,2,2,2,2
2025-09-03 13:27:38.023,-518158,-563849,-580206,-552449,2,2,2,2
2025-09-03 13:27:38.050,-510069,-563702,-563683,-552496,2,2,2,2
2025-09-03 13:27:38.078,-518121,-571762,-563480,-552429,2,2,2,2
2025-09-03 13:27:38.105,-518154,-563850,-580209,-552702,2,2,2,2
2025-09-03 13:27:38.131,-517900,-580020,-563605,-535818,2,2,2,2
2025-09-03 13:27:38.158,-518354,-563730,-580098,-552553,2,2,2,2
2025-09-03 13:27:38.186,-518292,-563745,-563720,-536189,2,2,2,2
2025-09-03 13:27:38.213,-518383,-563833,-580167,-552581,2,2,2,2
2025-09-03 13:27:38.240,-518371,-572023,-563741,-552568,2,2,2,2
2025-09-03 13:27:38.267,-518201,-563726,-580088,-552463,2,2,2,2
2025-09-03 13:27:38.295,-518249,-580345,-563941,-536068,2,2,2,2
2025-09-03 13:27:38.322,-518157,-580240,-563838,-544484,2,2,2,2
2025-09-03 13:27:38.351,-510207,-563905,-563839,-536265,2,2,2,2
2025-09-03 13:27:38.380,-518194,-563687,-563676,-552457,2,2,2,2
2025-09-03 13:27:38.408,-518155,-579978,-563575,-544230,2,2,2,2
2025-09-03 13:27:38.435,-518256,-580299,-563862,-544260,2,2,2,2
2025-09-03 13:27:38.462,-518263,-580100,-563692,-536076,2,2,2,2
2025-09-03 13:27:38.489,-518155,-563846,-572021,-552643,2,2,2,2
2025-09-03 13:27:38.517,-518436,-563869,-580250,-552607,2,2,2,2
2025-09-03 13:27:38.544,-518556,-572168,-563976,-552709,2,2,2,2
2025-09-03 13:27:38.572,-510316,-563926,-563864,-536253,2,2,2,2
2025-09-03 13:27:38.601,-518351,-563733,-571928,-552489,2,2,2,2
2025-09-03 13:27:38.627,-518649,-563994,-564075,-536398,2,2,2,2
2025-09-03 13:27:38.653,-518244,-580273,-563865,-536292,2,2,2,2
2025-09-03 13:27:38.681,-518359,-563963,-580106,-552463,2,2,2,2
2025-09-03 13:27:38.709,-510312,-563911,-563865,-536312,2,2,2,2
2025-09-03 13:27:38.735,-518152,-572007,-563771,-552598,2,2,2,2
2025-09-03 13:27:38.761,-518255,-563849,-563941,-552699,2,2,2,2
2025-09-03 13:27:38.788,-518287,-563614,-563706,-552451,2,2,2,2
2025-09-03 13:27:38.815,-518150,-563565,-571788,-552402,2,2,2,2
2025-09-03 13:27:38.841,-518158,-571676,-563661,-552338,2,2,2,2
2025-09-03 13:27:38.868,-510049,-563751,-563868,-536296,2,2,2,2
2025-09-03 13:27:38.896,-518155,-572010,-563932,-552678,2,2,2,2
2025-09-03 13:27:38.923,-518181,-563592,-580047,-552451,2,2,2,2
2025-09-03 13:27:38.950,-518188,-563854,-580097,-552465,2,2,2,2
2025-09-03 13:27:38.976,-518384,-563961,-580211,-552585,2,2,2,2
2025-09-03 13:27:39.004,-518511,-563771,-563965,-536373,2,2,2,2
2025-09-03 13:27:39.031,-518255,-563589,-563728,-552546,2,2,2,2
2025-09-03 13:27:39.059,-518175,-563835,-563724,-552463,2,2,2,2
2025-09-03 13:27:39.086,-518380,-580105,-563938,-544486,2,2,2,2
2025-09-03 13:27:39.114,-518369,-572147,-563925,-552599,2,2,2,2
2025-09-03 13:27:39.141,-518372,-563706,-563871,-552674,2,2,2,2
2025-09-03 13:27:39.167,-518136,-563476,-563696,-552441,2,2,2,2
2025-09-03 13:27:39.195,-518138,-579879,-563710,-536056,2,2,2,2
2025-09-03 13:27:39.221,-518185,-563596,-580196,-552467,2,2,2,2
2025-09-03 13:27:39.249,-518169,-563836,-563743,-552453,2,2,2,2
2025-09-03 13:27:39.277,-518298,-563706,-563946,-536200,2,2,2,2
2025-09-03 13:27:39.305,-518256,-580057,-563850,-536161,2,2,2,2
2025-09-03 13:27:39.332,-518371,-571921,-563724,-552601,2,2,2,2
2025-09-03 13:27:39.360,-518301,-563960,-563969,-536188,2,2,2,2
2025-09-03 13:27:39.387,-518259,-563668,-563937,-536167,2,2,2,2
2025-09-03 13:27:39.414,-509983,-563650,-563867,-552471,2,2,2,2
2025-09-03 13:27:39.442,-518200,-563834,-580248,-552466,2,2,2,2
2025-09-03 13:27:39.468,-518269,-563853,-563948,-552553,2,2,2,2
2025-09-03 13:27:39.495,-518409,-563717,-564014,-552682,2,2,2,2
2025-09-03 13:27:39.523,-518369,-563852,-572154,-552648,2,2,2,2
2025-09-03 13:27:39.550,-518324,-563830,-572132,-552472,2,2,2,2
2025-09-03 13:27:39.577,-518374,-571766,-563945,-552547,2,2,2,2
2025-09-03 13:27:39.605,-518385,-563909,-563977,-536137,2,2,2,2
2025-09-03 13:27:39.632,-510344,-563716,-564114,-536302,2,2,2,2
2025-09-03 13:27:39.660,-518420,-580160,-563986,-536184,2,2,2,2
2025-09-03 13:27:39.688,-518619,-563719,-580545,-552701,2,2,2,2
2025-09-03 13:27:39.716,-518171,-563580,-580131,-552568,2,2,2,2
2025-09-03 13:27:39.741,-518404,-563738,-563982,-552474,2,2,2,2
2025-09-03 13:27:39.768,-518288,-571806,-563915,-552346,2,2,2,2
2025-09-03 13:27:39.795,-518251,-579885,-563729,-536171,2,2,2,2
2025-09-03 13:27:39.822,-518375,-563662,-563825,-535946,2,2,2,2
2025-09-03 13:27:39.849,-518349,-563590,-572029,-552404,2,2,2,2
2025-09-03 13:27:39.877,-518299,-563583,-572012,-552393,2,2,2,2
2025-09-03 13:27:39.904,-510190,-563657,-563822,-535988,2,2,2,2
2025-09-03 13:27:39.932,-518345,-563553,-580108,-552302,2,2,2,2
2025-09-03 13:27:39.960,-518378,-563570,-563739,-552250,2,2,2,2
2025-09-03 13:27:39.986,-509969,-563649,-563827,-536037,2,2,2,2
2025-09-03 13:27:40.014,-518405,-563566,-563719,-552587,2,2,2,2
2025-09-03 13:27:40.042,-518268,-563599,-572028,-552447,2,2,2,2
2025-09-03 13:27:40.070,-518394,-563472,-580339,-552546,2,2,2,2
2025-09-03 13:27:40.097,-518521,-571778,-563757,-552679,2,2,2,2
2025-09-03 13:27:40.123,-518626,-563690,-563928,-552455,2,2,2,2
2025-09-03 13:27:40.150,-518407,-563467,-563957,-552485,2,2,2,2
2025-09-03 13:27:40.177,-518501,-563570,-563733,-552592,2,2,2,2
2025-09-03 13:27:40.203,-518375,-563683,-563856,-536062,2,2,2,2
2025-09-03 13:27:40.230,-518385,-563687,-563846,-536050,2,2,2,2
2025-09-03 13:27:40.256,-518410,-563465,-580284,-552455,2,2,2,2
2025-09-03 13:27:40.282,-510228,-563471,-563939,-552456,2,2,2,2
2025-09-03 13:27:40.309,-518538,-579964,-563715,-536176,2,2,2,2
2025-09-03 13:27:40.335,-518549,-579979,-563724,-536185,2,2,2,2
2025-09-03 13:27:40.362,-518540,-580228,-563948,-544363,2,2,2,2
2025-09-03 13:27:40.388,-518431,-563489,-563844,-536049,2,2,2,2
2025-09-03 13:27:40.415,-518520,-580157,-563866,-536092,2,2,2,2
2025-09-03 13:27:40.441,-518791,-580295,-564200,-536423,2,2,2,2
2025-09-03 13:27:40.468,-518518,-580235,-563858,-544260,2,2,2,2
2025-09-03 13:27:40.495,-518593,-563948,-580344,-552482,2,2,2,2
2025-09-03 13:27:40.522,-518768,-580154,-564109,-536326,2,2,2,2
2025-09-03 13:27:40.549,-518803,-563939,-564224,-536399,2,2,2,2
2025-09-03 13:27:40.576,-518681,-563822,-580473,-552674,2,2,2,2
2025-09-03 13:27:40.605,-518530,-563866,-572141,-552455,2,2,2,2
2025-09-03 13:27:40.632,-518780,-580279,-564200,-536342,2,2,2,2
2025-09-03 13:27:40.659,-518790,-563961,-563978,-552729,2,2,2,2
2025-09-03 13:27:40.687,-518902,-564007,-564085,-536498,2,2,2,2
2025-09-03 13:27:40.714,-518761,-563949,-564195,-536331,2,2,2,2
2025-09-03 13:27:40.741,-518900,-564113,-580740,-552938,2,2,2,2
2025-09-03 13:27:40.769,-518679,-564212,-564194,-536335,2,2,2,2
2025-09-03 13:27:40.795,-518811,-564098,-564009,-552862,2,2,2,2
2025-09-03 13:27:40.821,-510465,-564211,-564124,-536338,2,2,2,2
2025-09-03 13:27:40.849,-518779,-572272,-564246,-552849,2,2,2,2
2025-09-03 13:27:40.877,-518688,-572264,-564225,-552836,2,2,2,2
2025-09-03 13:27:40.905,-518708,-564086,-580365,-552845,2,2,2,2
2025-09-03 13:27:40.933,-518777,-564027,-563978,-536497,2,2,2,2
2025-09-03 13:27:40.960,-518683,-563999,-564202,-552812,2,2,2,2
2025-09-03 13:27:40.987,-518782,-572305,-563978,-552857,2,2,2,2
2025-09-03 13:27:41.015,-518905,-580369,-564100,-544537,2,2,2,2
2025-09-03 13:27:41.042,-518660,-563990,-564088,-552738,2,2,2,2
2025-09-03 13:27:41.068,-518631,-572159,-564017,-552725,2,2,2,2
2025-09-03 13:27:41.096,-518442,-563834,-580291,-552587,2,2,2,2
2025-09-03 13:27:41.123,-518897,-572392,-563999,-552708,2,2,2,2
2025-09-03 13:27:41.148,-518646,-580337,-563820,-544279,2,2,2,2
2025-09-03 13:27:41.176,-518652,-563973,-580427,-552801,2,2,2,2
2025-09-03 13:27:41.204,-518410,-571922,-563915,-552564,2,2,2,2
2025-09-03 13:27:41.231,-518629,-563943,-563816,-536078,2,2,2,2
2025-09-03 13:27:41.257,-518412,-563728,-580250,-552568,2,2,2,2
2025-09-03 13:27:41.286,-518440,-563830,-580339,-552680,2,2,2,2
2025-09-03 13:27:41.313,-518757,-564093,-564224,-552939,2,2,2,2
2025-09-03 13:27:41.341,-518617,-563953,-564018,-552801,2,2,2,2
2025-09-03 13:27:41.368,-518589,-563979,-580498,-552821,2,2,2,2
2025-09-03 13:27:41.396,-518645,-563722,-563946,-552584,2,2,2,2
2025-09-03 13:27:41.423,-518507,-563938,-563829,-536115,2,2,2,2
2025-09-03 13:27:41.450,-518634,-563731,-580336,-552600,2,2,2,2
2025-09-03 13:27:41.477,-518419,-563855,-580419,-552701,2,2,2,2
2025-09-03 13:27:41.504,-518546,-580115,-563852,-544400,2,2,2,2
2025-09-03 13:27:41.532,-518464,-563945,-580467,-552807,2,2,2,2
2025-09-03 13:27:41.560,-518501,-563970,-572301,-552763,2,2,2,2
2025-09-03 13:27:41.588,-518517,-580381,-564122,-536459,2,2,2,2
2025-09-03 13:27:41.615,-518559,-572286,-564218,-552863,2,2,2,2
2025-09-03 13:27:41.642,-510323,-563995,-564112,-536516,2,2,2,2
2025-09-03 13:27:41.668,-510368,-564025,-564210,-536560,2,2,2,2
2025-09-03 13:27:41.693,-518543,-564008,-564197,-536466,2,2,2,2
2025-09-03 13:27:41.719,-518434,-563959,-564010,-552728,2,2,2,2
2025-09-03 13:27:41.747,-510447,-563921,-563965,-536314,2,2,2,2
2025-09-03 13:27:41.774,-518410,-580287,-563973,-544528,2,2,2,2
2025-09-03 13:27:41.801,-518404,-563864,-580354,-552716,2,2,2,2
2025-09-03 13:27:41.829,-518528,-563745,-563837,-536243,2,2,2,2
2025-09-03 13:27:41.858,-518428,-563955,-580388,-552733,2,2,2,2
2025-09-03 13:27:41.885,-518501,-580369,-564088,-536435,2,2,2,2
2025-09-03 13:27:41.911,-518422,-563714,-580212,-552546,2,2,2,2
2025-09-03 13:27:41.938,-518155,-563700,-563768,-552476,2,2,2,2
2025-09-03 13:27:41.964,-518262,-563565,-563693,-552339,2,2,2,2
2025-09-03 13:27:41.991,-518262,-563569,-563698,-552413,2,2,2,2
2025-09-03 13:27:42.017,-518153,-563461,-571793,-552244,2,2,2,2
2025-09-03 13:27:42.044,-518347,-563947,-580206,-552464,2,2,2,2
2025-09-03 13:27:42.071,-518254,-563822,-572150,-552661,2,2,2,2
2025-09-03 13:27:42.097,-510214,-563949,-563852,-536108,2,2,2,2
2025-09-03 13:27:42.124,-518270,-563561,-563708,-552416,2,2,2,2
2025-09-03 13:27:42.151,-518375,-563597,-580156,-552442,2,2,2,2
2025-09-03 13:27:42.176,-509962,-563708,-563845,-536086,2,2,2,2
2025-09-03 13:27:42.202,-518387,-563869,-580215,-552701,2,2,2,2
2025-09-03 13:27:42.228,-518533,-563834,-572152,-552645,2,2,2,2
2025-09-03 13:27:42.257,-518372,-563916,-563813,-536307,2,2,2,2
2025-09-03 13:27:42.284,-518347,-563867,-572028,-552454,2,2,2,2
2025-09-03 13:27:42.312,-518404,-580347,-563860,-536096,2,2,2,2
2025-09-03 13:27:42.340,-518171,-580105,-563938,-536181,2,2,2,2
2025-09-03 13:27:42.368,-518145,-563708,-563939,-552492,2,2,2,2
2025-09-03 13:27:42.396,-518159,-563705,-572158,-552487,2,2,2,2
2025-09-03 13:27:42.424,-518338,-563592,-572040,-552434,2,2,2,2
2025-09-03 13:27:42.452,-518267,-580129,-563816,-536201,2,2,2,2
2025-09-03 13:27:42.480,-518246,-580112,-563724,-536184,2,2,2,2
2025-09-03 13:27:42.508,-518418,-563937,-580293,-552465,2,2,2,2
2025-09-03 13:27:42.534,-518384,-563858,-563926,-552697,2,2,2,2
2025-09-03 13:27:42.559,-518303,-563577,-563771,-552421,2,2,2,2
2025-09-03 13:27:42.587,-518275,-563488,-572017,-552410,2,2,2,2
2025-09-03 13:27:42.615,-518274,-563822,-563761,-552596,2,2,2,2
2025-09-03 13:27:42.642,-518269,-580200,-563816,-544407,2,2,2,2
2025-09-03 13:27:42.668,-518168,-563708,-571921,-552510,2,2,2,2
2025-09-03 13:27:42.695,-518632,-580322,-564213,-536341,2,2,2,2
2025-09-03 13:27:42.722,-518393,-563714,-580101,-552560,2,2,2,2
2025-09-03 13:27:42.749,-518293,-563595,-563870,-552449,2,2,2,2
2025-09-03 13:27:42.776,-518153,-571899,-563730,-552568,2,2,2,2
2025-09-03 13:27:42.804,-518380,-580284,-563956,-544359,2,2,2,2
2025-09-03 13:27:42.831,-518409,-580351,-563988,-544396,2,2,2,2
2025-09-03 13:27:42.858,-518432,-580159,-564083,-536300,2,2,2,2
2025-09-03 13:27:42.885,-518546,-580323,-564198,-552807,2,2,2,2
2025-09-03 13:27:42.912,-518546,-563937,-572306,-552734,2,2,2,2
2025-09-03 13:27:42.939,-518303,-563949,-563950,-536180,2,2,2,2
2025-09-03 13:27:42.966,-518286,-563934,-563862,-536128,2,2,2,2
2025-09-03 13:27:42.992,-518380,-580352,-563955,-544377,2,2,2,2
2025-09-03 13:27:43.020,-518299,-563944,-563871,-536133,2,2,2,2
2025-09-03 13:27:43.049,-518630,-563970,-572319,-552752,2,2,2,2
2025-09-03 13:27:43.075,-518288,-563952,-563846,-552463,2,2,2,2
2025-09-03 13:27:43.103,-518358,-563956,-580284,-552550,2,2,2,2
2025-09-03 13:27:43.131,-518348,-563701,-563925,-552469,2,2,2,2
2025-09-03 13:27:43.158,-518249,-563847,-572013,-552675,2,2,2,2
2025-09-03 13:27:43.186,-518376,-563713,-580278,-552548,2,2,2,2
2025-09-03 13:27:43.214,-518372,-563953,-580283,-552474,2,2,2,2
2025-09-03 13:27:43.242,-518295,-563612,-563845,-552470,2,2,2,2
2025-09-03 13:27:43.269,-518530,-563854,-564028,-552711,2,2,2,2
2025-09-03 13:27:43.296,-518382,-572134,-563939,-552548,2,2,2,2
2025-09-03 13:27:43.322,-518214,-563820,-580115,-552668,2,2,2,2
2025-09-03 13:27:43.348,-518167,-563566,-571919,-552405,2,2,2,2
2025-09-03 13:27:43.375,-518298,-563692,-572052,-552481,2,2,2,2
2025-09-03 13:27:43.402,-518037,-563698,-563679,-552293,2,2,2,2
2025-09-03 13:27:43.429,-518387,-563726,-563953,-552558,2,2,2,2
2025-09-03 13:27:43.457,-518288,-563957,-580254,-552472,2,2,2,2
2025-09-03 13:27:43.485,-518170,-580292,-563832,-536310,2,2,2,2
2025-09-03 13:27:43.513,-518173,-563845,-563839,-552686,2,2,2,2
2025-09-03 13:27:43.541,-518385,-563728,-563720,-552499,2,2,2,2
2025-09-03 13:27:43.568,-518187,-563860,-580236,-552694,2,2,2,2
2025-09-03 13:27:43.596,-518376,-563721,-563722,-536179,2,2,2,2
2025-09-03 13:27:43.623,-518379,-580112,-563992,-536195,2,2,2,2
2025-09-03 13:27:43.652,-518372,-572159,-563969,-552573,2,2,2,2
2025-09-03 13:27:43.680,-518291,-563940,-563956,-552492,2,2,2,2
2025-09-03 13:27:43.708,-510076,-563657,-563862,-552455,2,2,2,2
2025-09-03 13:27:43.735,-518350,-563692,-580098,-552560,2,2,2,2
2025-09-03 13:27:43.764,-518519,-580232,-564122,-536336,2,2,2,2
2025-09-03 13:27:43.792,-518428,-563752,-564093,-536272,2,2,2,2
2025-09-03 13:27:43.820,-518404,-571908,-563999,-552588,2,2,2,2
2025-09-03 13:27:43.848,-518540,-563958,-572162,-552750,2,2,2,2
2025-09-03 13:27:43.874,-510239,-564016,-564087,-536547,2,2,2,2
2025-09-03 13:27:43.900,-518609,-563948,-580583,-552730,2,2,2,2
2025-09-03 13:27:43.926,-518414,-564087,-564008,-552853,2,2,2,2
2025-09-03 13:27:43.953,-518244,-563671,-563858,-536054,2,2,2,2
2025-09-03 13:27:43.979,-518348,-563731,-580298,-552461,2,2,2,2
2025-09-03 13:27:44.006,-518195,-563855,-572014,-552665,2,2,2,2
2025-09-03 13:27:44.034,-518383,-572022,-563988,-552564,2,2,2,2
2025-09-03 13:27:44.061,-510202,-563907,-563986,-536190,2,2,2,2
2025-09-03 13:27:44.089,-518384,-563845,-563720,-552570,2,2,2,2
2025-09-03 13:27:44.116,-518246,-580098,-563829,-544410,2,2,2,2
2025-09-03 13:27:44.143,-518170,-580098,-563836,-536310,2,2,2,2
2025-09-03 13:27:44.170,-518213,-563730,-580215,-552681,2,2,2,2
2025-09-03 13:27:44.196,-510067,-563736,-563842,-536319,2,2,2,2
2025-09-03 13:27:44.223,-518168,-571916,-563752,-552608,2,2,2,2
2025-09-03 13:27:44.249,-518397,-563955,-563728,-536244,2,2,2,2
2025-09-03 13:27:44.276,-518150,-572155,-563747,-552675,2,2,2,2
2025-09-03 13:27:44.304,-518403,-563947,-563978,-552657,2,2,2,2
2025-09-03 13:27:44.332,-518400,-563968,-563993,-552668,2,2,2,2
2025-09-03 13:27:44.359,-518621,-564118,-580609,-552833,2,2,2,2
2025-09-03 13:27:44.388,-518383,-563940,-563723,-536212,2,2,2,2
2025-09-03 13:27:44.415,-518153,-563960,-563819,-552688,2,2,2,2
2025-09-03 13:27:44.443,-518398,-563927,-563987,-536244,2,2,2,2
2025-09-03 13:27:44.471,-518251,-580147,-563859,-544284,2,2,2,2
2025-09-03 13:27:44.498,-518268,-563743,-572129,-552502,2,2,2,2
2025-09-03 13:27:44.526,-518266,-563736,-563942,-552489,2,2,2,2
2025-09-03 13:27:44.553,-518260,-563718,-572060,-552484,2,2,2,2
2025-09-03 13:27:44.580,-510193,-563907,-563996,-552680,2,2,2,2
2025-09-03 13:27:44.609,-518538,-563988,-564212,-552838,2,2,2,2
2025-09-03 13:27:44.637,-518284,-580120,-563966,-544405,2,2,2,2
2025-09-03 13:27:44.665,-518394,-572032,-564007,-552699,2,2,2,2
2025-09-03 13:27:44.693,-518262,-580339,-563868,-536174,2,2,2,2
2025-09-03 13:27:44.720,-518173,-572131,-563907,-552549,2,2,2,2
2025-09-03 13:27:44.748,-518450,-563943,-580481,-552804,2,2,2,2
2025-09-03 13:27:44.777,-518623,-564086,-580426,-552950,2,2,2,2
2025-09-03 13:27:44.804,-518396,-563927,-564104,-536370,2,2,2,2
2025-09-03 13:27:44.830,-518653,-564118,-564111,-552722,2,2,2,2
2025-09-03 13:27:44.856,-518288,-563745,-563987,-536298,2,2,2,2
2025-09-03 13:27:44.885,-518346,-563843,-572282,-552727,2,2,2,2
2025-09-03 13:27:44.912,-518384,-572035,-564027,-552802,2,2,2,2
2025-09-03 13:27:44.940,-518168,-563935,-563939,-536205,2,2,2,2
2025-09-03 13:27:44.967,-518260,-563723,-563713,-536251,2,2,2,2
2025-09-03 13:27:44.994,-518176,-563951,-580290,-552591,2,2,2,2
2025-09-03 13:27:45.021,-518279,-563727,-572154,-552694,2,2,2,2
2025-09-03 13:27:45.049,-518136,-563579,-580210,-552474,2,2,2,2
2025-09-03 13:27:45.077,-518176,-580071,-563869,-536190,2,2,2,2
2025-09-03 13:27:45.104,-518081,-563559,-579857,-552441,2,2,2,2
2025-09-03 13:27:45.130,-518021,-563458,-571908,-552420,2,2,2,2
2025-09-03 13:27:45.156,-510059,-563697,-563863,-552641,2,2,2,2
2025-09-03 13:27:45.182,-518092,-563711,-580074,-552347,2,2,2,2
2025-09-03 13:27:45.209,-518261,-580047,-563861,-544393,2,2,2,2
2025-09-03 13:27:45.236,-518140,-571773,-563744,-552468,2,2,2,2
2025-09-03 13:27:45.264,-518289,-563711,-563938,-536222,2,2,2,2
2025-09-03 13:27:45.290,-518172,-563851,-563814,-552491,2,2,2,2
2025-09-03 13:27:45.315,-518265,-563609,-572038,-552512,2,2,2,2
2025-09-03 13:27:45.343,-518163,-563818,-580101,-552477,2,2,2,2
2025-09-03 13:27:45.370,-518382,-563724,-563949,-552704,2,2,2,2
2025-09-03 13:27:45.398,-518408,-563732,-580353,-552719,2,2,2,2
2025-09-03 13:27:45.426,-518399,-571930,-563971,-552721,2,2,2,2
2025-09-03 13:27:45.454,-510061,-563775,-563836,-536266,2,2,2,2
2025-09-03 13:27:45.480,-518376,-563946,-563872,-536260,2,2,2,2
2025-09-03 13:27:45.507,-518151,-580108,-563717,-544269,2,2,2,2
2025-09-03 13:27:45.535,-518384,-571910,-563967,-552462,2,2,2,2
2025-09-03 13:27:45.562,-518185,-563830,-580214,-552581,2,2,2,2
2025-09-03 13:27:45.588,-518391,-580102,-563967,-536343,2,2,2,2
2025-09-03 13:27:45.616,-518252,-580299,-563843,-536214,2,2,2,2
2025-09-03 13:27:45.643,-518188,-563841,-580291,-552595,2,2,2,2
2025-09-03 13:27:45.669,-518262,-563509,-563836,-536221,2,2,2,2
2025-09-03 13:27:45.696,-518399,-580095,-563718,-544354,2,2,2,2
2025-09-03 13:27:45.724,-518187,-563579,-580292,-552605,2,2,2,2
2025-09-03 13:27:45.752,-518381,-563692,-563715,-552466,2,2,2,2
2025-09-03 13:27:45.781,-518241,-580163,-563841,-544402,2,2,2,2
2025-09-03 13:27:45.809,-518166,-563480,-563836,-552654,2,2,2,2
2025-09-03 13:27:45.835,-509856,-563410,-563458,-535834,2,2,2,2
2025-09-03 13:27:45.863,-518400,-580085,-563810,-536172,2,2,2,2
2025-09-03 13:27:45.890,-518274,-579908,-563939,-544497,2,2,2,2
2025-09-03 13:27:45.918,-518118,-563578,-580095,-552443,2,2,2,2
2025-09-03 13:27:45.946,-518011,-563484,-563682,-535992,2,2,2,2
2025-09-03 13:27:45.973,-518015,-579879,-563693,-536041,2,2,2,2
2025-09-03 13:27:46.001,-518174,-563726,-580237,-552569,2,2,2,2
2025-09-03 13:27:46.028,-518173,-571663,-563922,-552582,2,2,2,2
2025-09-03 13:27:46.054,-518253,-580125,-563872,-544401,2,2,2,2
2025-09-03 13:27:46.082,-518355,-563843,-580339,-552692,2,2,2,2
2025-09-03 13:27:46.110,-518204,-563572,-580327,-552678,2,2,2,2
2025-09-03 13:27:46.138,-518187,-563741,-580240,-552575,2,2,2,2
2025-09-03 13:27:46.165,-518246,-563475,-563767,-552560,2,2,2,2
2025-09-03 13:27:46.192,-518421,-563954,-580378,-552717,2,2,2,2
2025-09-03 13:27:46.218,-518190,-563482,-580159,-552571,2,2,2,2
2025-09-03 13:27:46.244,-518386,-563701,-580098,-552456,2,2,2,2
2025-09-03 13:27:46.271,-518200,-563814,-580206,-552577,2,2,2,2
2025-09-03 13:27:46.299,-518431,-563729,-563995,-552808,2,2,2,2
2025-09-03 13:27:46.326,-518631,-572043,-564172,-552930,2,2,2,2
2025-09-03 13:27:46.354,-518636,-563859,-564182,-552932,2,2,2,2
2025-09-03 13:27:46.381,-518592,-563854,-580488,-552923,2,2,2,2
2025-09-03 13:27:46.407,-518637,-563850,-580482,-552932,2,2,2,2
2025-09-03 13:27:46.435,-518294,-563841,-572032,-552659,2,2,2,2
2025-09-03 13:27:46.463,-518421,-580340,-563942,-536339,2,2,2,2
2025-09-03 13:27:46.491,-518381,-571786,-563916,-552698,2,2,2,2
2025-09-03 13:27:46.519,-518382,-563843,-580245,-552698,2,2,2,2
2025-09-03 13:27:46.546,-518506,-572139,-563992,-552809,2,2,2,2
2025-09-03 13:27:46.573,-510310,-563962,-563993,-536394,2,2,2,2
2025-09-03 13:27:46.600,-518423,-563941,-580362,-552736,2,2,2,2
2025-09-03 13:27:46.627,-518416,-563864,-572163,-552737,2,2,2,2
2025-09-03 13:27:46.654,-518559,-580151,-564114,-536569,2,2,2,2
2025-09-03 13:27:46.683,-518407,-580306,-564203,-536344,2,2,2,2
2025-09-03 13:27:46.711,-518400,-563920,-563953,-536351,2,2,2,2
2025-09-03 13:27:46.738,-518455,-563718,-580392,-552930,2,2,2,2
2025-09-03 13:27:46.765,-518303,-580206,-563839,-544525,2,2,2,2
2025-09-03 13:27:46.793,-518394,-563831,-580286,-552804,2,2,2,2
2025-09-03 13:27:46.821,-518259,-563696,-563733,-552653,2,2,2,2
2025-09-03 13:27:46.849,-518260,-580082,-563814,-536205,2,2,2,2
2025-09-03 13:27:46.877,-518249,-580081,-563736,-544363,2,2,2,2
2025-09-03 13:27:46.903,-510191,-563747,-563848,-552679,2,2,2,2
2025-09-03 13:27:46.931,-518558,-563742,-564109,-536461,2,2,2,2
2025-09-03 13:27:46.958,-518374,-563586,-563867,-552686,2,2,2,2
2025-09-03 13:27:46.984,-518276,-571931,-563759,-552595,2,2,2,2
2025-09-03 13:27:47.011,-518432,-563714,-563982,-552730,2,2,2,2
2025-09-03 13:27:47.038,-518413,-580341,-563980,-536344,2,2,2,2
2025-09-03 13:27:47.066,-518547,-563829,-572287,-552919,2,2,2,2
2025-09-03 13:27:47.094,-518543,-563845,-572294,-552933,2,2,2,2
2025-09-03 13:27:47.122,-518464,-563842,-580465,-552856,2,2,2,2
2025-09-03 13:27:47.150,-518501,-563767,-564000,-536446,2,2,2,2
2025-09-03 13:27:47.176,-510208,-563729,-563951,-552719,2,2,2,2
2025-09-03 13:27:47.203,-518344,-563610,-563771,-552678,2,2,2,2
2025-09-03 13:27:47.231,-518515,-563907,-564070,-536497,2,2,2,2
2025-09-03 13:27:47.259,-518292,-563950,-563859,-552707,2,2,2,2
2025-09-03 13:27:47.287,-518342,-563862,-580228,-552679,2,2,2,2
2025-09-03 13:27:47.314,-510063,-563922,-563833,-536283,2,2,2,2
2025-09-03 13:27:47.340,-518343,-563611,-580302,-552691,2,2,2,2
2025-09-03 13:27:47.366,-518288,-563938,-580249,-552711,2,2,2,2
2025-09-03 13:27:47.393,-518434,-563837,-580426,-552849,2,2,2,2
2025-09-03 13:27:47.421,-518167,-579956,-563841,-544401,2,2,2,2
2025-09-03 13:27:47.449,-518012,-580019,-563687,-544241,2,2,2,2
2025-09-03 13:27:47.477,-518517,-580227,-564125,-536477,2,2,2,2
2025-09-03 13:27:47.504,-518172,-563814,-580221,-552568,2,2,2,2
2025-09-03 13:27:47.531,-518285,-563664,-563941,-536265,2,2,2,2
2025-09-03 13:27:47.559,-518369,-563703,-580115,-552450,2,2,2,2
2025-09-03 13:27:47.585,-518268,-563608,-563949,-552673,2,2,2,2
2025-09-03 13:27:47.611,-518214,-563582,-580252,-552581,2,2,2,2
2025-09-03 13:27:47.639,-518153,-563479,-563920,-552558,2,2,2,2
2025-09-03 13:27:47.666,-518395,-563717,-580211,-552472,2,2,2,2
2025-09-03 13:27:47.694,-518022,-563662,-563711,-536035,2,2,2,2
2025-09-03 13:27:47.721,-518241,-563489,-563872,-536192,2,2,2,2
2025-09-03 13:27:47.750,-518252,-579959,-563964,-544396,2,2,2,2
2025-09-03 13:27:47.778,-518257,-563572,-563960,-552593,2,2,2,2
2025-09-03 13:27:47.805,-518289,-563870,-564078,-552706,2,2,2,2
2025-09-03 13:27:47.833,-518321,-563603,-580201,-552697,2,2,2,2
2025-09-03 13:27:47.861,-510102,-563920,-564075,-536316,2,2,2,2
2025-09-03 13:27:47.889,-518180,-563488,-580352,-552683,2,2,2,2
2025-09-03 13:27:47.915,-518374,-563682,-563836,-536117,2,2,2,2
2025-09-03 13:27:47.942,-510060,-563760,-563975,-536283,2,2,2,2
2025-09-03 13:27:47.970,-510206,-563725,-563952,-536199,2,2,2,2
2025-09-03 13:27:47.997,-518167,-580210,-563980,-544404,2,2,2,2
2025-09-03 13:27:48.024,-518352,-563684,-580229,-552467,2,2,2,2
2025-09-03 13:27:48.051,-518304,-563699,-563846,-536164,2,2,2,2
2025-09-03 13:27:48.078,-518390,-563727,-564193,-536445,2,2,2,2
2025-09-03 13:27:48.105,-518361,-563954,-580477,-552803,2,2,2,2
2025-09-03 13:27:48.132,-518377,-563720,-563919,-552560,2,2,2,2
2025-09-03 13:27:48.159,-518118,-563457,-580225,-552546,2,2,2,2
2025-09-03 13:27:48.186,-518367,-563737,-563915,-552480,2,2,2,2
2025-09-03 13:27:48.214,-518153,-563906,-563952,-536191,2,2,2,2
2025-09-03 13:27:48.241,-518170,-563610,-563714,-552664,2,2,2,2
2025-09-03 13:27:48.267,-518093,-563566,-580322,-552563,2,2,2,2
2025-09-03 13:27:48.295,-518347,-563716,-563908,-552466,2,2,2,2
2025-09-03 13:27:48.323,-518019,-579844,-563857,-544273,2,2,2,2
2025-09-03 13:27:48.350,-518130,-571762,-563965,-552565,2,2,2,2
2025-09-03 13:27:48.377,-518155,-563656,-563741,-536219,2,2,2,2
2025-09-03 13:27:48.405,-518340,-563683,-580237,-552702,2,2,2,2
2025-09-03 13:27:48.431,-518153,-563819,-580356,-552583,2,2,2,2
2025-09-03 13:27:48.459,-518394,-572002,-563941,-552573,2,2,2,2
2025-09-03 13:27:48.485,-510055,-563771,-563985,-536294,2,2,2,2
2025-09-03 13:27:48.513,-518340,-563686,-580152,-552472,2,2,2,2
2025-09-03 13:27:48.541,-518184,-563843,-580380,-552701,2,2,2,2
2025-09-03 13:27:48.569,-518255,-580302,-563999,-536341,2,2,2,2
2025-09-03 13:27:48.596,-510315,-563766,-564065,-536331,2,2,2,2
2025-09-03 13:27:48.622,-518268,-580289,-564102,-544625,2,2,2,2
2025-09-03 13:27:48.650,-518547,-563980,-564194,-536472,2,2,2,2
2025-09-03 13:27:48.678,-518508,-563942,-564097,-536436,2,2,2,2
2025-09-03 13:27:48.705,-518268,-580337,-564101,-544640,2,2,2,2
2025-09-03 13:27:48.733,-518462,-563979,-580493,-552840,2,2,2,2
2025-09-03 13:27:48.761,-518263,-563965,-564091,-536442,2,2,2,2
2025-09-03 13:27:48.788,-518298,-571935,-564204,-552933,2,2,2,2
2025-09-03 13:27:48.816,-518159,-563852,-572183,-552715,2,2,2,2
2025-09-03 13:27:48.842,-518361,-563809,-580326,-552589,2,2,2,2
2025-09-03 13:27:48.869,-518277,-580107,-564109,-544626,2,2,2,2
2025-09-03 13:27:48.895,-518422,-563872,-580375,-552955,2,2,2,2
2025-09-03 13:27:48.921,-518615,-564070,-564171,-552816,2,2,2,2
2025-09-03 13:27:48.949,-518387,-563842,-564208,-552845,2,2,2,2
2025-09-03 13:27:48.976,-518294,-580128,-564110,-544620,2,2,2,2
2025-09-03 13:27:49.004,-518552,-564072,-572302,-552746,2,2,2,2
2025-09-03 13:27:49.032,-518432,-563963,-563997,-552946,2,2,2,2
2025-09-03 13:27:49.061,-510092,-563748,-564094,-536374,2,2,2,2
2025-09-03 13:27:49.087,-510314,-563995,-563995,-536329,2,2,2,2
2025-09-03 13:27:49.115,-518425,-580342,-564220,-544739,2,2,2,2
2025-09-03 13:27:49.143,-518434,-563969,-564224,-552940,2,2,2,2
2025-09-03 13:27:49.171,-518504,-563991,-563974,-552960,2,2,2,2
2025-09-03 13:27:49.199,-518208,-563826,-580384,-552729,2,2,2,2
2025-09-03 13:27:49.227,-518248,-563729,-563965,-552678,2,2,2,2
2025-09-03 13:27:49.255,-518283,-563850,-572274,-552730,2,2,2,2
2025-09-03 13:27:49.282,-518629,-564209,-580481,-552819,2,2,2,2
2025-09-03 13:27:49.307,-518382,-563965,-564109,-536445,2,2,2,2
2025-09-03 13:27:49.336,-518524,-580491,-564000,-544532,2,2,2,2
2025-09-03 13:27:49.363,-518146,-563724,-580284,-552596,2,2,2,2
2025-09-03 13:27:49.391,-510101,-563933,-564073,-536364,2,2,2,2
2025-09-03 13:27:49.417,-518517,-564009,-563975,-536575,2,2,2,2
2025-09-03 13:27:49.444,-518617,-564111,-580422,-552730,2,2,2,2
2025-09-03 13:27:49.471,-518418,-563983,-564199,-552940,2,2,2,2
2025-09-03 13:27:49.499,-510458,-564220,-564108,-536521,2,2,2,2
2025-09-03 13:27:49.525,-518401,-563976,-564189,-552859,2,2,2,2
2025-09-03 13:27:49.553,-518542,-572280,-563998,-552733,2,2,2,2
2025-09-03 13:27:49.580,-518366,-563840,-580391,-552810,2,2,2,2
2025-09-03 13:27:49.607,-518603,-563996,-580606,-552709,2,2,2,2
2025-09-03 13:27:49.635,-518407,-580308,-564099,-536451,2,2,2,2
2025-09-03 13:27:49.661,-509963,-563906,-563820,-552501,2,2,2,2
2025-09-03 13:27:49.689,-518294,-563722,-563950,-552684,2,2,2,2
2025-09-03 13:27:49.716,-518285,-563962,-580328,-552657,2,2,2,2
2025-09-03 13:27:49.744,-518372,-563736,-563729,-552689,2,2,2,2
2025-09-03 13:27:49.771,-510058,-563909,-563850,-536143,2,2,2,2
2025-09-03 13:27:49.798,-510095,-563925,-563865,-536263,2,2,2,2
2025-09-03 13:27:49.826,-518257,-563753,-563833,-536131,2,2,2,2
2025-09-03 13:27:49.853,-518355,-563837,-580240,-552560,2,2,2,2
2025-09-03 13:27:49.880,-518288,-563814,-572028,-552476,2,2,2,2
2025-09-03 13:27:49.907,-518200,-563727,-580168,-552703,2,2,2,2
2025-09-03 13:27:49.934,-518293,-563741,-563767,-552457,2,2,2,2
2025-09-03 13:27:49.959,-510331,-563949,-563975,-536553,2,2,2,2
2025-09-03 13:27:49.987,-518450,-563947,-580366,-552856,2,2,2,2
2025-09-03 13:27:50.015,-510235,-563775,-563952,-552509,2,2,2,2
2025-09-03 13:27:50.042,-510326,-563918,-563972,-536283,2,2,2,2
2025-09-03 13:27:50.068,-518539,-563948,-563995,-552671,2,2,2,2
2025-09-03 13:27:50.096,-518404,-563729,-580499,-552726,2,2,2,2
2025-09-03 13:27:50.123,-518516,-563818,-572388,-552747,2,2,2,2
2025-09-03 13:27:50.150,-518408,-563961,-580472,-552709,2,2,2,2
2025-09-03 13:27:50.177,-518513,-580119,-564108,-536351,2,2,2,2
2025-09-03 13:27:50.204,-518470,-563962,-572285,-552723,2,2,2,2
2025-09-03 13:27:50.231,-518415,-572135,-564010,-552706,2,2,2,2
2025-09-03 13:27:50.258,-518620,-563831,-580598,-552847,2,2,2,2
2025-09-03 13:27:50.285,-518768,-563974,-564095,-552734,2,2,2,2
2025-09-03 13:27:50.321,-518556,-563816,-564191,-552845,2,2,2,2
2025-09-03 13:27:50.339,-510324,-563942,-564074,-552744,2,2,2,2
2025-09-03 13:27:50.366,-518804,-580401,-564105,-536441,2,2,2,2
2025-09-03 13:27:50.393,-518651,-572002,-564213,-552857,2,2,2,2
2025-09-03 13:27:50.420,-518637,-563740,-564200,-552850,2,2,2,2
2025-09-03 13:27:50.447,-518680,-563761,-564218,-536517,2,2,2,2
2025-09-03 13:27:50.474,-518797,-564199,-564344,-536632,2,2,2,2
2025-09-03 13:27:50.501,-518804,-563940,-564084,-536393,2,2,2,2
2025-09-03 13:27:50.528,-518868,-563947,-580431,-552803,2,2,2,2
2025-09-03 13:27:50.555,-518902,-563969,-564191,-552842,2,2,2,2
2025-09-03 13:27:50.583,-510467,-563953,-564104,-536450,2,2,2,2
2025-09-03 13:27:50.610,-518681,-563728,-572402,-552924,2,2,2,2
2025-09-03 13:27:50.638,-518805,-563832,-563999,-552723,2,2,2,2
2025-09-03 13:27:50.665,-518509,-580116,-563962,-536300,2,2,2,2
2025-09-03 13:27:50.693,-518658,-563919,-564100,-536440,2,2,2,2
2025-09-03 13:27:50.720,-518856,-563741,-580360,-552728,2,2,2,2
2025-09-03 13:27:50.748,-510347,-563713,-563971,-552699,2,2,2,2
2025-09-03 13:27:50.775,-518506,-563693,-572145,-552682,2,2,2,2
2025-09-03 13:27:50.804,-518520,-563704,-563961,-552689,2,2,2,2
2025-09-03 13:27:50.831,-518517,-571895,-563956,-552682,2,2,2,2
2025-09-03 13:27:50.858,-510457,-563506,-563831,-536141,2,2,2,2
2025-09-03 13:27:50.885,-518546,-580096,-563731,-536315,2,2,2,2
2025-09-03 13:27:50.913,-518585,-563715,-572192,-552698,2,2,2,2
2025-09-03 13:27:50.940,-518658,-580204,-564101,-544640,2,2,2,2
2025-09-03 13:27:50.968,-518540,-563686,-563977,-552680,2,2,2,2
2025-09-03 13:27:50.995,-518654,-563483,-572021,-552487,2,2,2,2
2025-09-03 13:27:51.021,-518633,-580098,-563995,-536333,2,2,2,2
2025-09-03 13:27:51.048,-518537,-563599,-580336,-552601,2,2,2,2
2025-09-03 13:27:51.076,-518420,-563479,-572030,-552494,2,2,2,2
2025-09-03 13:27:51.103,-518721,-563741,-580462,-552747,2,2,2,2
2025-09-03 13:27:51.130,-518403,-563701,-580111,-552461,2,2,2,2
2025-09-03 13:27:51.157,-518583,-563603,-572136,-552681,2,2,2,2
2025-09-03 13:27:51.184,-510350,-563505,-563851,-552671,2,2,2,2
2025-09-03 13:27:51.210,-510214,-563672,-563949,-552470,2,2,2,2
2025-09-03 13:27:51.238,-518629,-579960,-563856,-544494,2,2,2,2
2025-09-03 13:27:51.266,-518652,-563586,-580348,-552707,2,2,2,2
2025-09-03 13:27:51.294,-518528,-563457,-580204,-552499,2,2,2,2
2025-09-03 13:27:51.321,-518430,-563612,-563720,-552465,2,2,2,2
2025-09-03 13:27:51.349,-518430,-563696,-563725,-536096,2,2,2,2
2025-09-03 13:27:51.376,-518548,-563501,-563827,-536203,2,2,2,2
2025-09-03 13:27:51.404,-518612,-563564,-580220,-552594,2,2,2,2
2025-09-03 13:27:51.431,-518636,-563583,-580225,-552608,2,2,2,2
2025-09-03 13:27:51.459,-518771,-580102,-563962,-544542,2,2,2,2
2025-09-03 13:27:51.486,-518504,-563709,-563957,-552467,2,2,2,2
2025-09-03 13:27:51.513,-518658,-563695,-563928,-552678,2,2,2,2
2025-09-03 13:27:51.539,-518649,-563612,-563847,-552649,2,2,2,2
2025-09-03 13:27:51.567,-518764,-571918,-563952,-552689,2,2,2,2
2025-09-03 13:27:51.594,-518683,-563724,-564121,-552908,2,2,2,2
2025-09-03 13:27:51.620,-518793,-563911,-563989,-536325,2,2,2,2
2025-09-03 13:27:51.648,-518681,-580124,-564208,-536473,2,2,2,2
2025-09-03 13:27:51.674,-518685,-563810,-564199,-552859,2,2,2,2
2025-09-03 13:27:51.702,-518761,-572019,-563958,-552681,2,2,2,2
2025-09-03 13:27:51.730,-518556,-580028,-563741,-544279,2,2,2,2
2025-09-03 13:27:51.757,-510474,-563731,-563866,-536125,2,2,2,2
2025-09-03 13:27:51.784,-518884,-580297,-564071,-544533,2,2,2,2
2025-09-03 13:27:51.812,-518884,-563867,-580415,-552710,2,2,2,2
2025-09-03 13:27:51.840,-519039,-564082,-572398,-552929,2,2,2,2
2025-09-03 13:27:51.868,-518902,-580294,-563991,-544527,2,2,2,2
2025-09-03 13:27:51.895,-518944,-563994,-564101,-536437,2,2,2,2
2025-09-03 13:27:51.923,-519010,-564006,-564119,-536446,2,2,2,2
2025-09-03 13:27:51.950,-518883,-563943,-580353,-552711,2,2,2,2
2025-09-03 13:27:51.977,-518925,-563995,-564082,-536397,2,2,2,2
2025-09-03 13:27:52.004,-518932,-564080,-580469,-552835,2,2,2,2
2025-09-03 13:27:52.032,-518717,-563821,-580470,-552762,2,2,2,2
2025-09-03 13:27:52.058,-518910,-563961,-580361,-552805,2,2,2,2
2025-09-03 13:27:52.086,-510741,-563975,-563986,-536377,2,2,2,2
2025-09-03 13:27:52.113,-518881,-563858,-564195,-552711,2,2,2,2
2025-09-03 13:27:52.141,-518930,-563963,-564002,-552817,2,2,2,2
2025-09-03 13:27:52.168,-518949,-563976,-580398,-552834,2,2,2,2
2025-09-03 13:27:52.195,-510846,-563995,-564093,-536507,2,2,2,2
2025-09-03 13:27:52.222,-518799,-580127,-564096,-544746,2,2,2,2
2025-09-03 13:27:52.250,-518868,-563816,-580481,-552949,2,2,2,2
2025-09-03 13:27:52.278,-518861,-563841,-572312,-552720,2,2,2,2
2025-09-03 13:27:52.304,-518937,-563864,-580603,-552810,2,2,2,2
2025-09-03 13:27:52.332,-518677,-580311,-563970,-536421,2,2,2,2
2025-09-03 13:27:52.359,-519023,-580347,-563999,-552851,2,2,2,2
2025-09-03 13:27:52.386,-518862,-563723,-580471,-552953,2,2,2,2
2025-09-03 13:27:52.413,-518885,-563815,-580530,-552710,2,2,2,2
2025-09-03 13:27:52.441,-519033,-580339,-564074,-544663,2,2,2,2
2025-09-03 13:27:52.468,-518973,-563944,-580427,-552856,2,2,2,2
2025-09-03 13:27:52.495,-519155,-564077,-580573,-552986,2,2,2,2
2025-09-03 13:27:52.523,-518670,-563849,-563953,-552810,2,2,2,2
2025-09-03 13:27:52.550,-510738,-563774,-564196,-552749,2,2,2,2
2025-09-03 13:27:52.577,-518797,-580303,-563997,-536480,2,2,2,2
2025-09-03 13:27:52.604,-518687,-563849,-580345,-552827,2,2,2,2
2025-09-03 13:27:52.631,-518726,-563857,-580345,-552838,2,2,2,2
2025-09-03 13:27:52.659,-510857,-563930,-564068,-536538,2,2,2,2
2025-09-03 13:27:52.686,-518908,-580110,-563864,-544530,2,2,2,2
2025-09-03 13:27:52.714,-519161,-580357,-564121,-536604,2,2,2,2
2025-09-03 13:27:52.740,-519101,-563948,-580484,-552951,2,2,2,2
2025-09-03 13:27:52.767,-518919,-580366,-564196,-552991,2,2,2,2
2025-09-03 13:27:52.795,-519024,-572041,-563984,-552854,2,2,2,2
2025-09-03 13:27:52.822,-519142,-580321,-564089,-536589,2,2,2,2
2025-09-03 13:27:52.850,-519050,-563862,-564005,-552939,2,2,2,2
2025-09-03 13:27:52.878,-518912,-563703,-563937,-536376,2,2,2,2
2025-09-03 13:27:52.905,-518917,-563722,-580544,-552808,2,2,2,2
2025-09-03 13:27:52.931,-518792,-563844,-564005,-552858,2,2,2,2
2025-09-03 13:27:52.959,-519058,-563945,-564086,-536523,2,2,2,2
2025-09-03 13:27:52.986,-518671,-580151,-563939,-536348,2,2,2,2
2025-09-03 13:27:53.013,-518896,-563963,-580458,-552951,2,2,2,2
2025-09-03 13:27:53.040,-518854,-563962,-580454,-552935,2,2,2,2
2025-09-03 13:27:53.068,-519144,-580350,-564069,-536472,2,2,2,2
2025-09-03 13:27:53.095,-518910,-580112,-564080,-544744,2,2,2,2
2025-09-03 13:27:53.123,-518771,-563921,-563956,-536381,2,2,2,2
2025-09-03 13:27:53.150,-518896,-571925,-563994,-552863,2,2,2,2
2025-09-03 13:27:53.177,-518753,-563906,-563847,-536319,2,2,2,2
2025-09-03 13:27:53.204,-518904,-563733,-564005,-552860,2,2,2,2
2025-09-03 13:27:53.231,-518776,-563862,-563869,-552720,2,2,2,2
2025-09-03 13:27:53.258,-518808,-563955,-563958,-552810,2,2,2,2
2025-09-03 13:27:53.285,-518858,-563938,-580332,-552736,2,2,2,2
2025-09-03 13:27:53.313,-518715,-563830,-563775,-552688,2,2,2,2
2025-09-03 13:27:53.340,-518662,-563733,-580140,-552583,2,2,2,2
2025-09-03 13:27:53.367,-518784,-580157,-563863,-536313,2,2,2,2
2025-09-03 13:27:53.394,-518934,-563726,-563998,-536459,2,2,2,2
2025-09-03 13:27:53.421,-510860,-563915,-564200,-536331,2,2,2,2
2025-09-03 13:27:53.448,-518909,-580044,-563718,-536172,2,2,2,2
2025-09-03 13:27:53.476,-518814,-563857,-563945,-552725,2,2,2,2
2025-09-03 13:27:53.504,-518814,-563599,-563956,-552466,2,2,2,2
2025-09-03 13:27:53.531,-518904,-563953,-563987,-552823,2,2,2,2
2025-09-03 13:27:53.558,-518774,-563818,-563857,-552697,2,2,2,2
2025-09-03 13:27:53.585,-518910,-563686,-580105,-552573,2,2,2,2
2025-09-03 13:27:53.611,-518759,-580116,-563739,-544411,2,2,2,2
2025-09-03 13:27:53.638,-518903,-563699,-563953,-552561,2,2,2,2
2025-09-03 13:27:53.665,-518904,-563939,-580256,-552811,2,2,2,2
2025-09-03 13:27:53.693,-518849,-563822,-580201,-552685,2,2,2,2
2025-09-03 13:27:53.722,-510723,-563953,-563944,-536376,2,2,2,2
2025-09-03 13:27:53.748,-519044,-580243,-564080,-544514,2,2,2,2
2025-09-03 13:27:53.776,-518924,-563729,-580343,-552834,2,2,2,2
2025-09-03 13:27:53.803,-518799,-563866,-563765,-552706,2,2,2,2
2025-09-03 13:27:53.831,-518898,-572160,-563922,-552725,2,2,2,2
2025-09-03 13:27:53.859,-518933,-563816,-580355,-552808,2,2,2,2
2025-09-03 13:27:53.886,-518912,-563968,-580248,-552700,2,2,2,2
2025-09-03 13:27:53.913,-519010,-572003,-563964,-552825,2,2,2,2
2025-09-03 13:27:53.940,-518929,-563984,-580591,-552804,2,2,2,2
2025-09-03 13:27:53.967,-519059,-580538,-564081,-536474,2,2,2,2
2025-09-03 13:27:53.993,-519040,-564111,-580457,-552853,2,2,2,2
2025-09-03 13:27:54.021,-518925,-563988,-580592,-552814,2,2,2,2
2025-09-03 13:27:54.048,-518915,-563730,-580340,-552818,2,2,2,2
2025-09-03 13:27:54.076,-519055,-563918,-564080,-536557,2,2,2,2
2025-09-03 13:27:54.103,-510713,-563963,-563943,-552705,2,2,2,2
2025-09-03 13:27:54.131,-518903,-563946,-563854,-536330,2,2,2,2
2025-09-03 13:27:54.159,-518808,-572046,-563766,-552694,2,2,2,2
2025-09-03 13:27:54.187,-519054,-580158,-564092,-536558,2,2,2,2
2025-09-03 13:27:54.215,-519058,-564021,-564075,-536564,2,2,2,2
2025-09-03 13:27:54.242,-518794,-563917,-563820,-536306,2,2,2,2
2025-09-03 13:27:54.269,-518960,-563737,-580357,-552848,2,2,2,2
2025-09-03 13:27:54.297,-518791,-563829,-563757,-552679,2,2,2,2
2025-09-03 13:27:54.324,-518895,-580331,-563870,-536433,2,2,2,2
2025-09-03 13:27:54.352,-518771,-563507,-563824,-536306,2,2,2,2
2025-09-03 13:27:54.379,-510696,-563690,-563855,-536091,2,2,2,2
2025-09-03 13:27:54.407,-510595,-563766,-563818,-552701,2,2,2,2
2025-09-03 13:27:54.434,-518778,-563816,-571932,-552677,2,2,2,2
2025-09-03 13:27:54.462,-519020,-563810,-563980,-552850,2,2,2,2
2025-09-03 13:27:54.489,-519059,-563773,-564089,-536321,2,2,2,2
2025-09-03 13:27:54.516,-510970,-563951,-564193,-536369,2,2,2,2
2025-09-03 13:27:54.544,-518941,-580366,-564214,-544649,2,2,2,2
2025-09-03 13:27:54.572,-518891,-571883,-563934,-552560,2,2,2,2
2025-09-03 13:27:54.599,-518810,-571808,-563915,-552462,2,2,2,2
2025-09-03 13:27:54.626,-510612,-563654,-563842,-536065,2,2,2,2
2025-09-03 13:27:54.653,-518971,-563810,-580379,-552859,2,2,2,2
2025-09-03 13:27:54.680,-518717,-563727,-571907,-552641,2,2,2,2
2025-09-03 13:27:54.707,-518634,-571792,-563685,-552470,2,2,2,2
2025-09-03 13:27:54.736,-518668,-563706,-580115,-552585,2,2,2,2
2025-09-03 13:27:54.764,-518761,-580118,-563829,-544482,2,2,2,2
2025-09-03 13:27:54.792,-518753,-563710,-572009,-552644,2,2,2,2
2025-09-03 13:27:54.819,-518883,-563653,-563940,-536078,2,2,2,2
2025-09-03 13:27:54.846,-510701,-563770,-563937,-552711,2,2,2,2
2025-09-03 13:27:54.873,-518803,-563823,-572039,-552687,2,2,2,2
2025-09-03 13:27:54.901,-518897,-563602,-563942,-552476,2,2,2,2
2025-09-03 13:27:54.928,-518787,-563553,-563825,-552656,2,2,2,2
2025-09-03 13:27:54.955,-518760,-563814,-563818,-552667,2,2,2,2
2025-09-03 13:27:54.982,-518684,-580197,-563729,-544386,2,2,2,2
2025-09-03 13:27:55.010,-518803,-571874,-563770,-552452,2,2,2,2
2025-09-03 13:27:55.036,-518671,-571668,-563704,-552570,2,2,2,2
2025-09-03 13:27:55.064,-518791,-572024,-563760,-552686,2,2,2,2
2025-09-03 13:27:55.092,-518722,-563743,-580107,-552595,2,2,2,2
2025-09-03 13:27:55.120,-518852,-563820,-580127,-552673,2,2,2,2
2025-09-03 13:27:55.147,-518934,-563727,-563947,-552764,2,2,2,2
2025-09-03 13:27:55.174,-518767,-579913,-563722,-536218,2,2,2,2
2025-09-03 13:27:55.201,-518897,-563686,-580225,-552476,2,2,2,2
2025-09-03 13:27:55.228,-518705,-563563,-580092,-552596,2,2,2,2
2025-09-03 13:27:55.256,-518845,-563604,-572015,-552452,2,2,2,2
2025-09-03 13:27:55.284,-518681,-580097,-563943,-544376,2,2,2,2
2025-09-03 13:27:55.311,-518757,-563725,-563940,-552579,2,2,2,2
2025-09-03 13:27:55.338,-518782,-580151,-563968,-536215,2,2,2,2
2025-09-03 13:27:55.365,-518904,-563912,-563825,-536329,2,2,2,2
2025-09-03 13:27:55.392,-518869,-563733,-580103,-552607,2,2,2,2
2025-09-03 13:27:55.420,-518798,-563727,-571906,-552671,2,2,2,2
2025-09-03 13:27:55.447,-519164,-563832,-564017,-552959,2,2,2,2
2025-09-03 13:27:55.474,-519140,-580160,-564065,-544745,2,2,2,2
2025-09-03 13:27:55.501,-519160,-563829,-580427,-552706,2,2,2,2
2025-09-03 13:27:55.529,-519145,-580399,-563996,-536562,2,2,2,2
2025-09-03 13:27:55.556,-519046,-580349,-564217,-536468,2,2,2,2
2025-09-03 13:27:55.585,-510874,-563744,-564069,-552945,2,2,2,2
2025-09-03 13:27:55.612,-519016,-580328,-564209,-544637,2,2,2,2
2025-09-03 13:27:55.639,-518917,-563838,-580511,-552824,2,2,2,2
2025-09-03 13:27:55.666,-519045,-580376,-564074,-552951,2,2,2,2
2025-09-03 13:27:55.692,-518965,-563964,-580409,-552855,2,2,2,2
2025-09-03 13:27:55.720,-519016,-563951,-563992,-552922,2,2,2,2
2025-09-03 13:27:55.748,-519123,-563987,-580473,-552960,2,2,2,2
2025-09-03 13:27:55.775,-519014,-580324,-563992,-536545,2,2,2,2
2025-09-03 13:27:55.803,-519166,-563827,-572392,-552757,2,2,2,2
2025-09-03 13:27:55.830,-519139,-563986,-564101,-552990,2,2,2,2
2025-09-03 13:27:55.857,-519156,-563816,-564128,-552735,2,2,2,2
2025-09-03 13:27:55.884,-519027,-563955,-572258,-552951,2,2,2,2
2025-09-03 13:27:55.911,-519146,-563744,-564189,-552823,2,2,2,2
2025-09-03 13:27:55.938,-519045,-572143,-564164,-552806,2,2,2,2
2025-09-03 13:27:55.966,-518852,-563707,-580229,-552473,2,2,2,2
2025-09-03 13:27:55.993,-518897,-563812,-563964,-552918,2,2,2,2
2025-09-03 13:27:56.021,-519022,-563931,-564081,-536327,2,2,2,2
2025-09-03 13:27:56.049,-518901,-563730,-563970,-536461,2,2,2,2
2025-09-03 13:27:56.077,-519150,-563740,-563972,-552913,2,2,2,2
2025-09-03 13:27:56.104,-518915,-563831,-580457,-552949,2,2,2,2
2025-09-03 13:27:56.130,-518670,-563582,-580137,-552712,2,2,2,2
2025-09-03 13:27:56.158,-518683,-563589,-580222,-552465,2,2,2,2
2025-09-03 13:27:56.185,-518900,-572002,-563985,-552948,2,2,2,2
2025-09-03 13:27:56.213,-519047,-563945,-572314,-552898,2,2,2,2
2025-09-03 13:27:56.240,-519034,-563946,-564194,-553024,2,2,2,2
2025-09-03 13:27:56.268,-518916,-580226,-564089,-552974,2,2,2,2
2025-09-03 13:27:56.295,-518918,-563908,-564094,-536323,2,2,2,2
2025-09-03 13:27:56.323,-518935,-563851,-580550,-552713,2,2,2,2
2025-09-03 13:27:56.349,-518713,-563689,-580332,-552823,2,2,2,2
2025-09-03 13:27:56.377,-519158,-563743,-572190,-552937,2,2,2,2
2025-09-03 13:27:56.405,-518901,-580150,-564070,-544762,2,2,2,2
2025-09-03 13:27:56.431,-518972,-563951,-580554,-552831,2,2,2,2
2025-09-03 13:27:56.458,-518970,-563869,-564194,-553080,2,2,2,2
2025-09-03 13:27:56.487,-519151,-563742,-572267,-552936,2,2,2,2
2025-09-03 13:27:56.515,-518985,-563856,-572318,-552998,2,2,2,2
2025-09-03 13:27:56.542,-518962,-563870,-580595,-552824,2,2,2,2
2025-09-03 13:27:56.569,-518910,-563759,-564098,-552705,2,2,2,2
2025-09-03 13:27:56.597,-518771,-563698,-563976,-536454,2,2,2,2
2025-09-03 13:27:56.623,-518888,-563486,-572027,-552705,2,2,2,2
2025-09-03 13:27:56.651,-518898,-580209,-564104,-536334,2,2,2,2
2025-09-03 13:27:56.677,-518706,-563607,-580336,-552758,2,2,2,2
2025-09-03 13:27:56.705,-518672,-571873,-563946,-552817,2,2,2,2
2025-09-03 13:27:56.732,-518415,-563431,-580094,-552570,2,2,2,2
2025-09-03 13:27:56.760,-518883,-580278,-564195,-536345,2,2,2,2
2025-09-03 13:27:56.787,-518898,-563691,-563863,-536376,2,2,2,2
2025-09-03 13:27:56.814,-518843,-563607,-572046,-552708,2,2,2,2
2025-09-03 13:27:56.841,-518414,-563462,-580106,-552587,2,2,2,2
2025-09-03 13:27:56.868,-518535,-563399,-563587,-536067,2,2,2,2
2025-09-03 13:27:56.896,-518610,-563591,-580237,-552458,2,2,2,2
2025-09-03 13:27:56.923,-518799,-580022,-563863,-544539,2,2,2,2
2025-09-03 13:27:56.950,-518805,-571875,-563919,-552725,2,2,2,2
2025-09-03 13:27:56.977,-518674,-563809,-580354,-552846,2,2,2,2
2025-09-03 13:27:57.004,-518658,-563476,-572156,-552503,2,2,2,2
2025-09-03 13:27:57.032,-518686,-563576,-563747,-552589,2,2,2,2
2025-09-03 13:27:57.059,-518603,-563471,-572142,-552478,2,2,2,2
2025-09-03 13:27:57.087,-518890,-580147,-563962,-544621,2,2,2,2
2025-09-03 13:27:57.114,-518402,-563651,-563839,-536206,2,2,2,2
2025-09-03 13:27:57.141,-518719,-563695,-580291,-552694,2,2,2,2
2025-09-03 13:27:57.167,-518887,-563816,-563977,-552811,2,2,2,2
2025-09-03 13:27:57.195,-518790,-580109,-564210,-544529,2,2,2,2
2025-09-03 13:27:57.221,-518528,-563461,-563940,-552458,2,2,2,2
2025-09-03 13:27:57.249,-518657,-563574,-580215,-552577,2,2,2,2
2025-09-03 13:27:57.276,-518613,-563464,-580352,-552453,2,2,2,2
2025-09-03 13:27:57.304,-518516,-580088,-563941,-544503,2,2,2,2
2025-09-03 13:27:57.331,-518549,-579901,-563726,-536083,2,2,2,2
2025-09-03 13:27:57.358,-518774,-580077,-563941,-536315,2,2,2,2
2025-09-03 13:27:57.385,-518701,-563614,-580280,-552680,2,2,2,2
2025-09-03 13:27:57.411,-518693,-563698,-580303,-552704,2,2,2,2
2025-09-03 13:27:57.439,-518654,-571755,-563774,-552595,2,2,2,2
2025-09-03 13:27:57.466,-518800,-580104,-563970,-544543,2,2,2,2
2025-09-03 13:27:57.493,-518650,-571772,-563761,-552606,2,2,2,2
2025-09-03 13:27:57.520,-518904,-580217,-564091,-544669,2,2,2,2
2025-09-03 13:27:57.547,-518559,-579913,-563823,-536199,2,2,2,2
2025-09-03 13:27:57.574,-518659,-571794,-563923,-552689,2,2,2,2
2025-09-03 13:27:57.601,-518717,-563729,-580455,-552819,2,2,2,2
2025-09-03 13:27:57.629,-518908,-572060,-564202,-552718,2,2,2,2
2025-09-03 13:27:57.656,-510690,-563917,-564118,-536572,2,2,2,2
2025-09-03 13:27:57.683,-518769,-580105,-564069,-536459,2,2,2,2
2025-09-03 13:27:57.711,-518904,-563952,-563977,-552735,2,2,2,2
2025-09-03 13:27:57.739,-518806,-563855,-564213,-552714,2,2,2,2
2025-09-03 13:27:57.766,-518779,-572032,-564182,-552940,2,2,2,2
2025-09-03 13:27:57.793,-518663,-571924,-564012,-552828,2,2,2,2
2025-09-03 13:27:57.820,-518860,-563937,-580612,-552982,2,2,2,2
2025-09-03 13:27:57.847,-518811,-563959,-572418,-553010,2,2,2,2
2025-09-03 13:27:57.875,-518785,-563934,-564220,-536373,2,2,2,2
2025-09-03 13:27:57.902,-518697,-563838,-564182,-552955,2,2,2,2
2025-09-03 13:27:57.929,-518662,-563836,-580531,-552940,2,2,2,2
2025-09-03 13:27:57.957,-518668,-563827,-580501,-552941,2,2,2,2
2025-09-03 13:27:57.984,-518665,-563819,-572303,-552931,2,2,2,2
2025-09-03 13:27:58.012,-510227,-563514,-563871,-536313,2,2,2,2
2025-09-03 13:27:58.039,-518407,-563564,-563857,-552690,2,2,2,2
2025-09-03 13:27:58.066,-518678,-563909,-564118,-536561,2,2,2,2
2025-09-03 13:27:58.094,-518860,-563744,-580490,-552858,2,2,2,2
2025-09-03 13:27:58.121,-518632,-580203,-564113,-544670,2,2,2,2
2025-09-03 13:27:58.148,-510474,-563907,-564214,-536576,2,2,2,2
2025-09-03 13:27:58.176,-518779,-580337,-564081,-536441,2,2,2,2
2025-09-03 13:27:58.203,-518537,-563704,-572294,-552918,2,2,2,2
2025-09-03 13:27:58.231,-518669,-563841,-572177,-552726,2,2,2,2
2025-09-03 13:27:58.257,-518532,-563460,-572035,-552665,2,2,2,2
2025-09-03 13:27:58.284,-518413,-563661,-563977,-536377,2,2,2,2
2025-09-03 13:27:58.311,-518607,-563739,-580531,-552852,2,2,2,2
2025-09-03 13:27:58.338,-518515,-563734,-564025,-552830,2,2,2,2
2025-09-03 13:27:58.365,-518451,-563485,-580230,-552585,2,2,2,2
2025-09-03 13:27:58.393,-518629,-563609,-563970,-552690,2,2,2,2
2025-09-03 13:27:58.421,-518402,-563476,-572011,-552483,2,2,2,2
2025-09-03 13:27:58.448,-518473,-563582,-572051,-552661,2,2,2,2
2025-09-03 13:27:58.475,-518265,-571777,-563943,-552684,2,2,2,2
2025-09-03 13:27:58.501,-518532,-563657,-563943,-536313,2,2,2,2
2025-09-03 13:27:58.528,-518645,-563724,-580454,-552833,2,2,2,2
2025-09-03 13:27:58.555,-518406,-563816,-580497,-552846,2,2,2,2
2025-09-03 13:27:58.582,-518523,-580335,-564220,-544527,2,2,2,2
2025-09-03 13:27:58.610,-518595,-563720,-580366,-552808,2,2,2,2
2025-09-03 13:27:58.638,-518416,-563942,-580579,-552955,2,2,2,2
2025-09-03 13:27:58.666,-518536,-563737,-563988,-552726,2,2,2,2
2025-09-03 13:27:58.693,-518460,-563728,-563977,-552715,2,2,2,2
2025-09-03 13:27:58.720,-518204,-563476,-580125,-552459,2,2,2,2
2025-09-03 13:27:58.748,-518295,-579918,-563816,-544365,2,2,2,2
2025-09-03 13:27:58.775,-518527,-563733,-563997,-552724,2,2,2,2
2025-09-03 13:27:58.802,-518432,-563713,-580353,-552699,2,2,2,2
2025-09-03 13:27:58.829,-518404,-563611,-572054,-552655,2,2,2,2
2025-09-03 13:27:58.857,-518199,-563458,-572160,-552692,2,2,2,2
2025-09-03 13:27:58.884,-518287,-571753,-563756,-552550,2,2,2,2
2025-09-03 13:27:58.911,-518369,-563584,-563765,-552545,2,2,2,2
2025-09-03 13:27:58.937,-518602,-563849,-572294,-552761,2,2,2,2
2025-09-03 13:27:58.965,-518403,-563935,-564121,-536509,2,2,2,2
2025-09-03 13:27:58.993,-518646,-580281,-564114,-544668,2,2,2,2
2025-09-03 13:27:59.020,-518394,-580036,-563938,-544482,2,2,2,2
2025-09-03 13:27:59.048,-518588,-563850,-572299,-552903,2,2,2,2
2025-09-03 13:27:59.076,-518224,-563486,-572002,-552474,2,2,2,2
2025-09-03 13:27:59.104,-518538,-563832,-572284,-552757,2,2,2,2
2025-09-03 13:27:59.131,-518476,-563714,-572175,-552724,2,2,2,2
2025-09-03 13:27:59.159,-518664,-563940,-580582,-552929,2,2,2,2
2025-09-03 13:27:59.186,-518399,-563692,-580303,-552603,2,2,2,2
2025-09-03 13:27:59.212,-518539,-563839,-572262,-552734,2,2,2,2
2025-09-03 13:27:59.239,-518410,-563716,-580339,-552682,2,2,2,2
2025-09-03 13:27:59.266,-518469,-563738,-580352,-552684,2,2,2,2
2025-09-03 13:27:59.295,-518379,-563684,-580278,-552580,2,2,2,2
2025-09-03 13:27:59.322,-510346,-563908,-564074,-536377,2,2,2,2
2025-09-03 13:27:59.350,-518426,-563727,-564220,-552931,2,2,2,2
2025-09-03 13:27:59.376,-518502,-580196,-563985,-544516,2,2,2,2
2025-09-03 13:27:59.403,-518253,-563487,-563742,-552457,2,2,2,2
2025-09-03 13:27:59.430,-518650,-563950,-580595,-552854,2,2,2,2
2025-09-03 13:27:59.458,-518524,-563764,-564098,-536383,2,2,2,2
2025-09-03 13:27:59.485,-518638,-580331,-564203,-552842,2,2,2,2
2025-09-03 13:27:59.512,-518524,-563854,-580499,-552808,2,2,2,2
2025-09-03 13:27:59.539,-518552,-580351,-564214,-536469,2,2,2,2
2025-09-03 13:27:59.567,-518558,-563956,-563971,-536508,2,2,2,2
2025-09-03 13:27:59.594,-518628,-563961,-563981,-552918,2,2,2,2
2025-09-03 13:27:59.621,-518414,-563732,-564075,-536562,2,2,2,2
2025-09-03 13:27:59.647,-518401,-580123,-564069,-544763,2,2,2,2
2025-09-03 13:27:59.675,-518559,-563965,-564238,-552860,2,2,2,2
2025-09-03 13:27:59.701,-518631,-580341,-564254,-536550,2,2,2,2
2025-09-03 13:27:59.728,-518421,-563828,-580483,-552734,2,2,2,2
2025-09-03 13:27:59.756,-518792,-564198,-564225,-536768,2,2,2,2
2025-09-03 13:27:59.784,-518441,-563848,-580560,-552840,2,2,2,2
2025-09-03 13:27:59.810,-518532,-580292,-563997,-544740,2,2,2,2
2025-09-03 13:27:59.838,-510365,-563958,-564337,-536567,2,2,2,2
2025-09-03 13:27:59.866,-510617,-564211,-564328,-536827,2,2,2,2
2025-09-03 13:27:59.892,-518510,-580239,-564248,-536559,2,2,2,2
2025-09-03 13:27:59.919,-518757,-564169,-564245,-536777,2,2,2,2
2025-09-03 13:27:59.947,-518635,-563725,-580575,-552839,2,2,2,2
2025-09-03 13:27:59.974,-518660,-564065,-580842,-553115,2,2,2,2
2025-09-03 13:28:00.002,-518472,-563856,-572429,-552958,2,2,2,2
2025-09-03 13:28:00.030,-518639,-564000,-580755,-553094,2,2,2,2
2025-09-03 13:28:00.057,-518519,-563962,-564325,-552997,2,2,2,2
2025-09-03 13:28:00.084,-518803,-563989,-564366,-536710,2,2,2,2
2025-09-03 13:28:00.111,-518777,-564212,-580734,-553068,2,2,2,2
2025-09-03 13:28:00.138,-518529,-563951,-572528,-553009,2,2,2,2
2025-09-03 13:28:00.167,-518650,-580164,-564201,-544737,2,2,2,2
2025-09-03 13:28:00.194,-510574,-564178,-564237,-536585,2,2,2,2
2025-09-03 13:28:00.221,-518535,-563960,-572542,-553017,2,2,2,2
2025-09-03 13:28:00.249,-518647,-564065,-564447,-553192,2,2,2,2
2025-09-03 13:28:00.276,-518590,-563979,-572563,-553169,2,2,2,2
2025-09-03 13:28:00.303,-510575,-564202,-564323,-536620,2,2,2,2
2025-09-03 13:28:00.330,-518678,-564115,-580610,-552978,2,2,2,2
2025-09-03 13:28:00.356,-510455,-564017,-564451,-536817,2,2,2,2
2025-09-03 13:28:00.383,-518645,-564076,-564443,-553118,2,2,2,2
2025-09-03 13:28:00.411,-518904,-563994,-580761,-553185,2,2,2,2
2025-09-03 13:28:00.438,-518718,-564214,-580724,-553060,2,2,2,2
2025-09-03 13:28:00.465,-518623,-563726,-580414,-552831,2,2,2,2
2025-09-03 13:28:00.492,-518644,-563997,-580810,-553099,2,2,2,2
2025-09-03 13:28:00.519,-518655,-564028,-564460,-536778,2,2,2,2
2025-09-03 13:28:00.546,-518771,-580608,-564247,-552992,2,2,2,2
2025-09-03 13:28:00.573,-518640,-580275,-564194,-536556,2,2,2,2
2025-09-03 13:28:00.599,-518554,-580146,-564105,-536457,2,2,2,2
2025-09-03 13:28:00.626,-510454,-563927,-564206,-536562,2,2,2,2
2025-09-03 13:28:00.654,-518608,-564095,-580730,-553093,2,2,2,2
2025-09-03 13:28:00.683,-518688,-564065,-580664,-552990,2,2,2,2
2025-09-03 13:28:00.710,-518649,-564214,-580820,-553187,2,2,2,2
2025-09-03 13:28:00.737,-518630,-580596,-564374,-536727,2,2,2,2
2025-09-03 13:28:00.764,-518791,-564201,-572538,-553024,2,2,2,2
2025-09-03 13:28:00.792,-518520,-580506,-564321,-553081,2,2,2,2
2025-09-03 13:28:00.818,-518613,-564223,-580809,-553110,2,2,2,2
2025-09-03 13:28:00.845,-510342,-563967,-564111,-536513,2,2,2,2
2025-09-03 13:28:00.872,-518415,-563845,-580413,-552813,2,2,2,2
2025-09-03 13:28:00.899,-518637,-580374,-564235,-552970,2,2,2,2
2025-09-03 13:28:00.926,-518407,-564029,-564321,-536681,2,2,2,2
2025-09-03 13:28:00.953,-518661,-564020,-564336,-553010,2,2,2,2
2025-09-03 13:28:00.980,-518658,-564090,-580726,-553080,2,2,2,2
2025-09-03 13:28:01.008,-518627,-580419,-564252,-536608,2,2,2,2
2025-09-03 13:28:01.035,-518541,-572166,-564217,-552969,2,2,2,2
2025-09-03 13:28:01.063,-518397,-563831,-580427,-552824,2,2,2,2
2025-09-03 13:28:01.090,-518412,-563856,-580485,-552843,2,2,2,2
2025-09-03 13:28:01.119,-518409,-580289,-564082,-536437,2,2,2,2
2025-09-03 13:28:01.147,-518531,-564213,-564373,-536774,2,2,2,2
2025-09-03 13:28:01.173,-518646,-580466,-564330,-553080,2,2,2,2
2025-09-03 13:28:01.201,-518507,-572063,-564180,-552931,2,2,2,2
2025-09-03 13:28:01.228,-518410,-563842,-580457,-552842,2,2,2,2
2025-09-03 13:28:01.256,-518640,-564070,-572433,-553004,2,2,2,2
2025-09-03 13:28:01.284,-518633,-580420,-564224,-536600,2,2,2,2
2025-09-03 13:28:01.311,-510354,-563954,-564125,-536585,2,2,2,2
2025-09-03 13:28:01.339,-518179,-563841,-564009,-552852,2,2,2,2
2025-09-03 13:28:01.366,-518323,-563698,-580327,-552701,2,2,2,2
2025-09-03 13:28:01.393,-518275,-580286,-564111,-536553,2,2,2,2
2025-09-03 13:28:01.421,-518438,-563841,-580464,-552839,2,2,2,2
2025-09-03 13:28:01.449,-518544,-563959,-564201,-552953,2,2,2,2
2025-09-03 13:28:01.477,-518262,-563931,-564101,-536508,2,2,2,2
2025-09-03 13:28:01.504,-518461,-563872,-580569,-552942,2,2,2,2
2025-09-03 13:28:01.533,-518418,-572030,-564011,-552844,2,2,2,2
2025-09-03 13:28:01.559,-518401,-563767,-564065,-536455,2,2,2,2
2025-09-03 13:28:01.587,-518532,-572133,-564177,-552952,2,2,2,2
2025-09-03 13:28:01.613,-518502,-563768,-564081,-536455,2,2,2,2
2025-09-03 13:28:01.641,-518395,-563736,-580355,-552806,2,2,2,2
2025-09-03 13:28:01.669,-518443,-563843,-580422,-552842,2,2,2,2
2025-09-03 13:28:01.696,-518622,-563954,-580532,-552942,2,2,2,2
2025-09-03 13:28:01.724,-518503,-580451,-564229,-552989,2,2,2,2
2025-09-03 13:28:01.752,-518603,-564120,-564270,-553094,2,2,2,2
2025-09-03 13:28:01.779,-510232,-564002,-564210,-536603,2,2,2,2
2025-09-03 13:28:01.806,-518601,-564214,-572566,-553184,2,2,2,2
2025-09-03 13:28:01.832,-518668,-564073,-564449,-553209,2,2,2,2
2025-09-03 13:28:01.859,-518687,-572185,-564444,-553209,2,2,2,2
2025-09-03 13:28:01.887,-518711,-564111,-580854,-552975,2,2,2,2
2025-09-03 13:28:01.914,-518794,-580835,-564481,-536864,2,2,2,2
2025-09-03 13:28:01.941,-518459,-564118,-580595,-552978,2,2,2,2
2025-09-03 13:28:01.967,-518791,-580579,-564466,-536589,2,2,2,2
2025-09-03 13:28:01.998,-518778,-564188,-564454,-536824,2,2,2,2
2025-09-03 13:28:02.022,-518898,-564237,-572704,-553266,2,2,2,2
2025-09-03 13:28:02.049,-518663,-564322,-572536,-553016,2,2,2,2
2025-09-03 13:28:02.077,-510613,-564455,-564485,-553200,2,2,2,2
2025-09-03 13:28:02.104,-518851,-564195,-580855,-553204,2,2,2,2
2025-09-03 13:28:02.131,-518885,-564464,-564490,-553224,2,2,2,2
2025-09-03 13:28:02.158,-518911,-564243,-580645,-553066,2,2,2,2
2025-09-03 13:28:02.186,-518660,-563995,-564335,-553007,2,2,2,2
2025-09-03 13:28:02.214,-518893,-564218,-564231,-552968,2,2,2,2
2025-09-03 13:28:02.240,-518666,-564250,-580715,-553060,2,2,2,2
2025-09-03 13:28:02.268,-510474,-564258,-564333,-552998,2,2,2,2
2025-09-03 13:28:02.296,-518708,-564354,-580820,-553105,2,2,2,2
2025-09-03 13:28:02.324,-518910,-564250,-580666,-552992,2,2,2,2
2025-09-03 13:28:02.351,-518663,-564004,-564329,-536650,2,2,2,2
2025-09-03 13:28:02.378,-518525,-564178,-564113,-536506,2,2,2,2
2025-09-03 13:28:02.406,-518555,-580354,-564217,-536325,2,2,2,2
2025-09-03 13:28:02.434,-518507,-563907,-564096,-536448,2,2,2,2
2025-09-03 13:28:02.461,-518641,-563983,-580601,-552711,2,2,2,2
2025-09-03 13:28:02.488,-518649,-563989,-564218,-536576,2,2,2,2
2025-09-03 13:28:02.515,-518416,-564071,-563969,-552724,2,2,2,2
2025-09-03 13:28:02.542,-518448,-564100,-580409,-552736,2,2,2,2
2025-09-03 13:28:02.569,-510214,-564004,-564198,-536558,2,2,2,2
2025-09-03 13:28:02.596,-518405,-580377,-564196,-536568,2,2,2,2
2025-09-03 13:28:02.623,-518606,-563952,-580417,-552831,2,2,2,2
2025-09-03 13:28:02.651,-518514,-572041,-563951,-552801,2,2,2,2
2025-09-03 13:28:02.679,-518527,-564101,-564216,-552737,2,2,2,2
2025-09-03 13:28:02.707,-518428,-580414,-564104,-536329,2,2,2,2
2025-09-03 13:28:02.734,-518548,-564192,-563970,-536451,2,2,2,2
2025-09-03 13:28:02.762,-518554,-563853,-563939,-552754,2,2,2,2
2025-09-03 13:28:02.790,-518432,-572013,-563773,-552713,2,2,2,2
2025-09-03 13:28:02.817,-518548,-563870,-572048,-552742,2,2,2,2
2025-09-03 13:28:02.845,-518652,-580351,-563963,-536466,2,2,2,2
2025-09-03 13:28:02.872,-518712,-563998,-580449,-552946,2,2,2,2
2025-09-03 13:28:02.900,-518776,-564090,-564174,-552968,2,2,2,2
2025-09-03 13:28:02.927,-518680,-580404,-563994,-536472,2,2,2,2
2025-09-03 13:28:02.954,-518770,-580383,-564069,-544758,2,2,2,2
2025-09-03 13:28:02.981,-518833,-564093,-580495,-552962,2,2,2,2
2025-09-03 13:28:03.008,-518648,-564209,-580601,-552818,2,2,2,2
2025-09-03 13:28:03.035,-518501,-563992,-563995,-552929,2,2,2,2
2025-09-03 13:28:03.062,-518849,-564070,-580422,-552944,2,2,2,2
2025-09-03 13:28:03.089,-518770,-572173,-563994,-552946,2,2,2,2
2025-09-03 13:28:03.116,-518653,-580567,-564200,-536440,2,2,2,2
2025-09-03 13:28:03.143,-518874,-564082,-580469,-553058,2,2,2,2
2025-09-03 13:28:03.170,-518593,-563996,-580373,-552958,2,2,2,2
2025-09-03 13:28:03.198,-518680,-563971,-580550,-552859,2,2,2,2
2025-09-03 13:28:03.224,-518558,-564103,-564165,-552822,2,2,2,2
2025-09-03 13:28:03.251,-518525,-563999,-563984,-536334,2,2,2,2
2025-09-03 13:28:03.279,-518911,-580593,-564113,-536709,2,2,2,2
2025-09-03 13:28:03.306,-518779,-580717,-564244,-553215,2,2,2,2
2025-09-03 13:28:03.333,-518888,-572648,-564434,-553093,2,2,2,2
2025-09-03 13:28:03.360,-518439,-564079,-580388,-552714,2,2,2,2
2025-09-03 13:28:03.388,-518685,-580421,-563999,-552961,2,2,2,2
2025-09-03 13:28:03.414,-518686,-580384,-564082,-536574,2,2,2,2
2025-09-03 13:28:03.442,-510484,-563977,-564065,-536560,2,2,2,2
2025-09-03 13:28:03.470,-518663,-563989,-572185,-552948,2,2,2,2
2025-09-03 13:28:03.497,-518878,-564459,-580806,-553088,2,2,2,2
2025-09-03 13:28:03.525,-510710,-564231,-564229,-536808,2,2,2,2
2025-09-03 13:28:03.552,-518637,-563976,-564202,-552914,2,2,2,2
2025-09-03 13:28:03.579,-510462,-564014,-564000,-552955,2,2,2,2
2025-09-03 13:28:03.606,-518655,-564087,-564011,-552958,2,2,2,2
2025-09-03 13:28:03.633,-518871,-564233,-580609,-553110,2,2,2,2
2025-09-03 13:28:03.660,-518767,-564212,-564196,-553071,2,2,2,2
2025-09-03 13:28:03.687,-518780,-580624,-564212,-536709,2,2,2,2
2025-09-03 13:28:03.716,-518667,-564123,-564104,-552993,2,2,2,2
2025-09-03 13:28:03.744,-518648,-564198,-564028,-552980,2,2,2,2
2025-09-03 13:28:03.771,-518634,-580507,-564092,-552986,2,2,2,2
2025-09-03 13:28:03.798,-518910,-564380,-580750,-553058,2,2,2,2
2025-09-03 13:28:03.825,-518507,-572257,-563997,-552960,2,2,2,2
2025-09-03 13:28:03.853,-510329,-564011,-563999,-536579,2,2,2,2
2025-09-03 13:28:03.881,-518733,-564330,-572438,-553199,2,2,2,2
2025-09-03 13:28:03.910,-518414,-563976,-564217,-552855,2,2,2,2
2025-09-03 13:28:03.936,-518631,-572392,-564184,-553075,2,2,2,2
2025-09-03 13:28:03.962,-518792,-580809,-564348,-536603,2,2,2,2
2025-09-03 13:28:03.990,-510478,-564241,-564222,-536818,2,2,2,2
2025-09-03 13:28:04.018,-510439,-564203,-564124,-536773,2,2,2,2
2025-09-03 13:28:04.045,-518647,-564194,-580600,-553102,2,2,2,2
2025-09-03 13:28:04.073,-518670,-564238,-572517,-552965,2,2,2,2
2025-09-03 13:28:04.100,-518899,-564455,-572666,-553181,2,2,2,2
2025-09-03 13:28:04.128,-518685,-564240,-580729,-552968,2,2,2,2
2025-09-03 13:28:04.156,-518640,-580553,-564236,-536805,2,2,2,2
2025-09-03 13:28:04.184,-518554,-564078,-572386,-553015,2,2,2,2
2025-09-03 13:28:04.211,-518459,-563986,-580489,-553064,2,2,2,2
2025-09-03 13:28:04.238,-518714,-564207,-580720,-552962,2,2,2,2
2025-09-03 13:28:04.265,-510581,-564234,-564368,-552995,2,2,2,2
2025-09-03 13:28:04.292,-518501,-564214,-564031,-552987,2,2,2,2
2025-09-03 13:28:04.320,-518515,-563970,-572285,-552734,2,2,2,2
2025-09-03 13:28:04.347,-518425,-564125,-564069,-552952,2,2,2,2
2025-09-03 13:28:04.374,-518410,-564173,-564079,-536566,2,2,2,2
2025-09-03 13:28:04.401,-518423,-580535,-564075,-536578,2,2,2,2
2025-09-03 13:28:04.429,-518656,-564090,-564234,-553110,2,2,2,2
2025-09-03 13:28:04.456,-518531,-563988,-572312,-553018,2,2,2,2
2025-09-03 13:28:04.484,-518637,-564082,-564223,-552860,2,2,2,2
2025-09-03 13:28:04.510,-518510,-564217,-564100,-536680,2,2,2,2
2025-09-03 13:28:04.537,-518199,-563713,-580279,-552820,2,2,2,2
2025-09-03 13:28:04.564,-518427,-564128,-580408,-552978,2,2,2,2
2025-09-03 13:28:04.590,-518501,-580594,-564109,-536676,2,2,2,2
2025-09-03 13:28:04.618,-518414,-580551,-564099,-536680,2,2,2,2
2025-09-03 13:28:04.645,-518538,-580428,-564207,-553112,2,2,2,2
2025-09-03 13:28:04.673,-518423,-572399,-564170,-553057,2,2,2,2
2025-09-03 13:28:04.701,-518627,-564095,-580668,-553191,2,2,2,2
2025-09-03 13:28:04.728,-510453,-564170,-564067,-552954,2,2,2,2
2025-09-03 13:28:04.755,-518893,-564357,-580668,-553194,2,2,2,2
2025-09-03 13:28:04.781,-518615,-564087,-580378,-552941,2,2,2,2
2025-09-03 13:28:04.809,-510221,-564194,-564110,-536602,2,2,2,2
2025-09-03 13:28:04.837,-518651,-572309,-564161,-552970,2,2,2,2
2025-09-03 13:28:04.865,-518633,-564080,-563998,-552941,2,2,2,2
2025-09-03 13:28:04.892,-518636,-564078,-564263,-553195,2,2,2,2
2025-09-03 13:28:04.919,-518506,-580600,-564204,-536688,2,2,2,2
2025-09-03 13:28:04.947,-518454,-563974,-580593,-552836,2,2,2,2
2025-09-03 13:28:04.974,-518644,-564085,-572270,-552959,2,2,2,2
2025-09-03 13:28:05.002,-518517,-563970,-564222,-553099,2,2,2,2
2025-09-03 13:28:05.030,-518540,-563985,-564252,-553193,2,2,2,2
2025-09-03 13:28:05.057,-518656,-564077,-580732,-552979,2,2,2,2
2025-09-03 13:28:05.085,-518604,-563972,-564249,-553193,2,2,2,2
2025-09-03 13:28:05.113,-510368,-563987,-564255,-536816,2,2,2,2
2025-09-03 13:28:05.140,-518630,-563991,-580396,-552954,2,2,2,2
2025-09-03 13:28:05.167,-518646,-580409,-564342,-536581,2,2,2,2
2025-09-03 13:28:05.194,-518460,-563984,-580362,-552857,2,2,2,2
2025-09-03 13:28:05.222,-518416,-564193,-572392,-553015,2,2,2,2
2025-09-03 13:28:05.249,-518672,-564458,-580834,-553331,2,2,2,2
2025-09-03 13:28:05.275,-518892,-564354,-580661,-553229,2,2,2,2
2025-09-03 13:28:05.304,-518677,-572568,-564424,-553321,2,2,2,2
2025-09-03 13:28:05.332,-518520,-564208,-572400,-553155,2,2,2,2
2025-09-03 13:28:05.358,-518892,-564247,-580673,-553213,2,2,2,2
2025-09-03 13:28:05.385,-518667,-564347,-580728,-553245,2,2,2,2
2025-09-03 13:28:05.413,-518778,-564203,-564453,-536709,2,2,2,2
2025-09-03 13:28:05.439,-518714,-564198,-580805,-553103,2,2,2,2
2025-09-03 13:28:05.467,-518644,-563998,-580670,-553216,2,2,2,2
2025-09-03 13:28:05.495,-518880,-564217,-580618,-553207,2,2,2,2
2025-09-03 13:28:05.522,-518753,-580547,-564356,-536687,2,2,2,2
2025-09-03 13:28:05.549,-518639,-563996,-580662,-553207,2,2,2,2
2025-09-03 13:28:05.577,-518909,-564265,-564342,-536843,2,2,2,2
2025-09-03 13:28:05.605,-518732,-564358,-572643,-553274,2,2,2,2
2025-09-03 13:28:05.632,-518889,-564241,-564261,-553207,2,2,2,2
2025-09-03 13:28:05.660,-518673,-564342,-580742,-553320,2,2,2,2
2025-09-03 13:28:05.687,-518922,-564329,-572784,-553238,2,2,2,2
2025-09-03 13:28:05.713,-519042,-564459,-564716,-536976,2,2,2,2
2025-09-03 13:28:05.741,-510478,-564430,-564356,-536891,2,2,2,2
2025-09-03 13:28:05.769,-518658,-572299,-564279,-553057,2,2,2,2
2025-09-03 13:28:05.796,-518873,-564336,-580623,-553219,2,2,2,2
2025-09-03 13:28:05.822,-518761,-580854,-564370,-536986,2,2,2,2
2025-09-03 13:28:05.849,-518687,-564231,-564377,-536984,2,2,2,2
2025-09-03 13:28:05.876,-518860,-564359,-580880,-553242,2,2,2,2
2025-09-03 13:28:05.903,-510567,-564259,-564449,-553192,2,2,2,2
2025-09-03 13:28:05.930,-518669,-564249,-564364,-537024,2,2,2,2
2025-09-03 13:28:05.958,-518797,-564468,-564246,-553337,2,2,2,2
2025-09-03 13:28:05.985,-518863,-564363,-580609,-553231,2,2,2,2
2025-09-03 13:28:06.012,-518688,-580719,-564368,-553193,2,2,2,2
2025-09-03 13:28:06.040,-518777,-564423,-564377,-536819,2,2,2,2
2025-09-03 13:28:06.067,-510700,-564231,-564239,-536958,2,2,2,2
2025-09-03 13:28:06.095,-510467,-564257,-564327,-536718,2,2,2,2
2025-09-03 13:28:06.121,-518889,-564249,-580618,-553349,2,2,2,2
2025-09-03 13:28:06.148,-518785,-564463,-564450,-536902,2,2,2,2
2025-09-03 13:28:06.175,-518508,-564206,-564119,-536592,2,2,2,2
2025-09-03 13:28:06.203,-518643,-564327,-564242,-553162,2,2,2,2
2025-09-03 13:28:06.229,-518660,-564366,-564255,-553191,2,2,2,2
2025-09-03 13:28:06.256,-518500,-580604,-564093,-536579,2,2,2,2
2025-09-03 13:28:06.284,-518716,-564241,-564429,-553237,2,2,2,2
2025-09-03 13:28:06.312,-518610,-564337,-580549,-553070,2,2,2,2
2025-09-03 13:28:06.339,-518509,-564245,-572293,-552979,2,2,2,2
2025-09-03 13:28:06.366,-518634,-572556,-564232,-553103,2,2,2,2
2025-09-03 13:28:06.394,-518552,-564353,-564221,-553172,2,2,2,2
2025-09-03 13:28:06.421,-510433,-564178,-563991,-536793,2,2,2,2
2025-09-03 13:28:06.448,-518535,-564353,-564214,-553006,2,2,2,2
2025-09-03 13:28:06.476,-518645,-564470,-564342,-553189,2,2,2,2
2025-09-03 13:28:06.504,-518411,-580612,-564094,-553202,2,2,2,2
2025-09-03 13:28:06.531,-518388,-564212,-580471,-552860,2,2,2,2
2025-09-03 13:28:06.558,-518656,-564216,-572307,-553194,2,2,2,2
2025-09-03 13:28:06.585,-518536,-564102,-572263,-553017,2,2,2,2
2025-09-03 13:28:06.613,-518429,-563998,-563972,-536590,2,2,2,2
2025-09-03 13:28:06.641,-518302,-580510,-564105,-544667,2,2,2,2
2025-09-03 13:28:06.669,-518601,-564116,-580474,-553086,2,2,2,2
2025-09-03 13:28:06.696,-518579,-564196,-580464,-553081,2,2,2,2
2025-09-03 13:28:06.723,-518425,-572522,-564228,-553213,2,2,2,2
2025-09-03 13:28:06.750,-518502,-564365,-564254,-552980,2,2,2,2
2025-09-03 13:28:06.777,-518655,-580722,-564236,-553215,2,2,2,2
2025-09-03 13:28:06.805,-518634,-564253,-564211,-536769,2,2,2,2
2025-09-03 13:28:06.832,-518504,-580788,-564333,-536593,2,2,2,2
2025-09-03 13:28:06.859,-510339,-564469,-564367,-553017,2,2,2,2
2025-09-03 13:28:06.886,-518896,-564582,-580870,-553444,2,2,2,2
2025-09-03 13:28:06.913,-518902,-564582,-580865,-553374,2,2,2,2
2025-09-03 13:28:06.940,-518766,-564464,-564376,-553259,2,2,2,2
2025-09-03 13:28:06.968,-518611,-564245,-580849,-553113,2,2,2,2
2025-09-03 13:28:06.996,-518452,-564380,-572533,-552987,2,2,2,2
2025-09-03 13:28:07.023,-518603,-564231,-580837,-553101,2,2,2,2
2025-09-03 13:28:07.050,-518793,-564473,-564377,-553270,2,2,2,2
2025-09-03 13:28:07.078,-518885,-564481,-564468,-553442,2,2,2,2
2025-09-03 13:28:07.106,-518665,-580909,-564584,-536852,2,2,2,2
2025-09-03 13:28:07.133,-510475,-564273,-564250,-536884,2,2,2,2
2025-09-03 13:28:07.160,-518595,-564381,-580788,-553098,2,2,2,2
2025-09-03 13:28:07.187,-510718,-564490,-564474,-553460,2,2,2,2
2025-09-03 13:28:07.215,-518642,-564478,-580846,-553199,2,2,2,2
2025-09-03 13:28:07.243,-510488,-564270,-564335,-553268,2,2,2,2
2025-09-03 13:28:07.270,-518637,-564461,-580839,-553209,2,2,2,2
2025-09-03 13:28:07.297,-518810,-580786,-564376,-553366,2,2,2,2
2025-09-03 13:28:07.324,-518554,-580539,-564204,-536817,2,2,2,2
2025-09-03 13:28:07.352,-518662,-564232,-572442,-553257,2,2,2,2
2025-09-03 13:28:07.379,-510588,-564284,-564353,-536975,2,2,2,2
2025-09-03 13:28:07.406,-518756,-572518,-564275,-553344,2,2,2,2
2025-09-03 13:28:07.434,-518668,-564450,-564484,-536895,2,2,2,2
2025-09-03 13:28:07.460,-518894,-580677,-564362,-553468,2,2,2,2
2025-09-03 13:28:07.488,-518912,-564519,-564629,-537087,2,2,2,2
2025-09-03 13:28:07.517,-518883,-564239,-564333,-553445,2,2,2,2
2025-09-03 13:28:07.544,-518517,-564115,-572429,-553006,2,2,2,2
2025-09-03 13:28:07.572,-518645,-564242,-572527,-553180,2,2,2,2
2025-09-03 13:28:07.599,-518707,-564334,-572548,-553458,2,2,2,2
2025-09-03 13:28:07.626,-518890,-564479,-564256,-536911,2,2,2,2
2025-09-03 13:28:07.653,-518806,-564452,-564227,-553244,2,2,2,2
2025-09-03 13:28:07.681,-518770,-580803,-564363,-537073,2,2,2,2
2025-09-03 13:28:07.709,-518685,-564334,-580727,-553348,2,2,2,2
2025-09-03 13:28:07.736,-510718,-564483,-564476,-536868,2,2,2,2
2025-09-03 13:28:07.763,-518731,-564342,-572523,-553411,2,2,2,2
2025-09-03 13:28:07.790,-518811,-564450,-564450,-536844,2,2,2,2
2025-09-03 13:28:07.817,-518901,-580848,-564383,-553231,2,2,2,2
2025-09-03 13:28:07.844,-518765,-564244,-564231,-536960,2,2,2,2
2025-09-03 13:28:07.871,-510718,-564449,-564372,-553224,2,2,2,2
2025-09-03 13:28:07.898,-510618,-564264,-564329,-537014,2,2,2,2
2025-09-03 13:28:07.925,-518937,-580836,-564381,-553235,2,2,2,2
2025-09-03 13:28:07.952,-518867,-564253,-580659,-553356,2,2,2,2
2025-09-03 13:28:07.980,-518670,-564382,-580738,-553231,2,2,2,2
2025-09-03 13:28:08.007,-519063,-564488,-564486,-537012,2,2,2,2
2025-09-03 13:28:08.035,-519045,-580859,-564480,-553355,2,2,2,2
2025-09-03 13:28:08.063,-518939,-564674,-564610,-537099,2,2,2,2
2025-09-03 13:28:08.091,-519016,-564336,-572534,-553230,2,2,2,2
2025-09-03 13:28:08.118,-518883,-580812,-564227,-536965,2,2,2,2
2025-09-03 13:28:08.146,-518916,-580814,-564254,-553444,2,2,2,2
2025-09-03 13:28:08.173,-518810,-580733,-564471,-553330,2,2,2,2
2025-09-03 13:28:08.200,-518762,-580600,-564073,-553212,2,2,2,2
2025-09-03 13:28:08.228,-518547,-564000,-564117,-552994,2,2,2,2
2025-09-03 13:28:08.255,-518840,-564331,-580833,-553318,2,2,2,2
2025-09-03 13:28:08.282,-518881,-564331,-564447,-553328,2,2,2,2
2025-09-03 13:28:08.309,-519017,-572645,-564255,-553458,2,2,2,2
2025-09-03 13:28:08.337,-518881,-564262,-564455,-536910,2,2,2,2
2025-09-03 13:28:08.364,-518919,-564331,-564468,-553347,2,2,2,2
2025-09-03 13:28:08.392,-518850,-564210,-580657,-553216,2,2,2,2
2025-09-03 13:28:08.420,-518676,-580472,-564213,-553100,2,2,2,2
2025-09-03 13:28:08.447,-518924,-564343,-572659,-553420,2,2,2,2
2025-09-03 13:28:08.473,-518798,-580599,-564092,-536588,2,2,2,2
2025-09-03 13:28:08.501,-518655,-564068,-580510,-553088,2,2,2,2
2025-09-03 13:28:08.528,-518887,-564221,-580672,-553240,2,2,2,2
2025-09-03 13:28:08.555,-510843,-564282,-564227,-537063,2,2,2,2
2025-09-03 13:28:08.583,-518892,-564202,-580480,-552992,2,2,2,2
2025-09-03 13:28:08.610,-518660,-580359,-564198,-536704,2,2,2,2
2025-09-03 13:28:08.637,-518676,-563985,-564205,-553081,2,2,2,2
2025-09-03 13:28:08.664,-518790,-564091,-564009,-553197,2,2,2,2
2025-09-03 13:28:08.690,-518796,-580478,-564072,-553196,2,2,2,2
2025-09-03 13:28:08.718,-518716,-564076,-580624,-553111,2,2,2,2
2025-09-03 13:28:08.744,-510568,-563982,-564215,-553018,2,2,2,2
2025-09-03 13:28:08.772,-518792,-564006,-564235,-536714,2,2,2,2
2025-09-03 13:28:08.799,-518893,-564113,-580473,-552965,2,2,2,2
2025-09-03 13:28:08.826,-518815,-564030,-564069,-536776,2,2,2,2
2025-09-03 13:28:08.854,-518918,-572309,-564276,-553212,2,2,2,2
2025-09-03 13:28:08.881,-518791,-580381,-564218,-536702,2,2,2,2
2025-09-03 13:28:08.908,-518795,-564024,-564223,-536716,2,2,2,2
2025-09-03 13:28:08.936,-518962,-564232,-580750,-553241,2,2,2,2
2025-09-03 13:28:08.963,-518881,-580465,-564225,-536700,2,2,2,2
2025-09-03 13:28:08.990,-518938,-564194,-564263,-553205,2,2,2,2
2025-09-03 13:28:09.018,-519025,-564224,-564285,-553216,2,2,2,2
2025-09-03 13:28:09.045,-519165,-564374,-580705,-553367,2,2,2,2
2025-09-03 13:28:09.073,-518923,-564375,-572521,-553450,2,2,2,2
2025-09-03 13:28:09.100,-519162,-572526,-564230,-553339,2,2,2,2
2025-09-03 13:28:09.127,-518842,-563984,-572317,-552988,2,2,2,2
2025-09-03 13:28:09.154,-519149,-564240,-580855,-553327,2,2,2,2
2025-09-03 13:28:09.181,-519147,-564238,-564451,-553251,2,2,2,2
2025-09-03 13:28:09.209,-519148,-564245,-564477,-536939,2,2,2,2
2025-09-03 13:28:09.236,-518914,-564076,-580640,-553093,2,2,2,2
2025-09-03 13:28:09.264,-519265,-564419,-564589,-537022,2,2,2,2
2025-09-03 13:28:09.291,-519146,-564234,-564230,-536908,2,2,2,2
2025-09-03 13:28:09.318,-519108,-564223,-580852,-553231,2,2,2,2
2025-09-03 13:28:09.346,-519057,-564232,-564497,-553261,2,2,2,2
2025-09-03 13:28:09.374,-519174,-572565,-564674,-553456,2,2,2,2
2025-09-03 13:28:09.401,-519060,-580670,-564484,-553345,2,2,2,2
2025-09-03 13:28:09.428,-519129,-564347,-580899,-553356,2,2,2,2
2025-09-03 13:28:09.455,-519153,-564459,-564370,-537081,2,2,2,2
2025-09-03 13:28:09.483,-519124,-564364,-580913,-553371,2,2,2,2
2025-09-03 13:28:09.510,-519279,-564514,-564512,-537196,2,2,2,2
2025-09-03 13:28:09.537,-519010,-580721,-564254,-536949,2,2,2,2
2025-09-03 13:28:09.565,-518943,-564329,-580889,-553336,2,2,2,2
2025-09-03 13:28:09.593,-510975,-564506,-564734,-537147,2,2,2,2
2025-09-03 13:28:09.620,-519016,-564439,-564337,-537012,2,2,2,2
2025-09-03 13:28:09.648,-519036,-580811,-564373,-553445,2,2,2,2
2025-09-03 13:28:09.676,-518902,-564333,-564479,-553243,2,2,2,2
2025-09-03 13:28:09.703,-518919,-564346,-580623,-553315,2,2,2,2
2025-09-03 13:28:09.729,-518970,-564363,-572446,-553272,2,2,2,2
2025-09-03 13:28:09.756,-518667,-580536,-564326,-553076,2,2,2,2
2025-09-03 13:28:09.784,-518907,-564378,-580672,-553334,2,2,2,2
2025-09-03 13:28:09.811,-518402,-563938,-564016,-552840,2,2,2,2
2025-09-03 13:28:09.838,-518897,-564368,-580666,-553328,2,2,2,2
2025-09-03 13:28:09.865,-518884,-564123,-580627,-553071,2,2,2,2
2025-09-03 13:28:09.893,-518532,-564012,-564223,-536600,2,2,2,2
2025-09-03 13:28:09.920,-518638,-564201,-580464,-553103,2,2,2,2
2025-09-03 13:28:09.948,-518541,-564025,-563972,-536649,2,2,2,2
2025-09-03 13:28:09.975,-518416,-580340,-564107,-536575,2,2,2,2
2025-09-03 13:28:10.002,-510368,-563913,-564079,-536531,2,2,2,2
2025-09-03 13:28:10.029,-518602,-563842,-580455,-552834,2,2,2,2
2025-09-03 13:28:10.057,-518333,-563842,-572015,-552902,2,2,2,2
2025-09-03 13:28:10.085,-518405,-563957,-580249,-552942,2,2,2,2
2025-09-03 13:28:10.112,-518371,-563914,-563845,-536469,2,2,2,2
2025-09-03 13:28:10.139,-518505,-580109,-563981,-544539,2,2,2,2
2025-09-03 13:28:10.165,-518518,-580160,-563997,-544626,2,2,2,2
2025-09-03 13:28:10.192,-518519,-563725,-563984,-552817,2,2,2,2
2025-09-03 13:28:10.219,-510455,-563921,-564118,-552944,2,2,2,2
2025-09-03 13:28:10.247,-518342,-563738,-580173,-552821,2,2,2,2
2025-09-03 13:28:10.274,-518377,-563581,-563920,-552587,2,2,2,2
2025-09-03 13:28:10.301,-518386,-580229,-563865,-544665,2,2,2,2
2025-09-03 13:28:10.328,-510184,-563490,-563853,-536195,2,2,2,2
2025-09-03 13:28:10.354,-518348,-563737,-580240,-552808,2,2,2,2
2025-09-03 13:28:10.382,-518243,-571905,-563753,-552736,2,2,2,2
2025-09-03 13:28:10.410,-518423,-563961,-564002,-552734,2,2,2,2
2025-09-03 13:28:10.436,-518546,-563743,-564111,-552904,2,2,2,2
2025-09-03 13:28:10.465,-518655,-572049,-563979,-552957,2,2,2,2
2025-09-03 13:28:10.491,-518607,-563735,-564188,-552834,2,2,2,2
2025-09-03 13:28:10.519,-510306,-563940,-563999,-536333,2,2,2,2
2025-09-03 13:28:10.546,-518639,-572004,-564223,-552940,2,2,2,2
2025-09-03 13:28:10.573,-510347,-563965,-564126,-536382,2,2,2,2
2025-09-03 13:28:10.600,-518581,-563730,-572394,-552911,2,2,2,2
2025-09-03 13:28:10.628,-510111,-563769,-563963,-552945,2,2,2,2
2025-09-03 13:28:10.655,-518336,-563831,-572156,-552950,2,2,2,2
2025-09-03 13:28:10.682,-518346,-563484,-563944,-552605,2,2,2,2
2025-09-03 13:28:10.709,-518147,-563697,-572028,-552506,2,2,2,2
2025-09-03 13:28:10.737,-518166,-563699,-580300,-552820,2,2,2,2
2025-09-03 13:28:10.763,-518166,-563687,-563842,-552761,2,2,2,2
2025-09-03 13:28:10.790,-518246,-563735,-563938,-552862,2,2,2,2
2025-09-03 13:28:10.817,-518156,-563709,-580243,-552857,2,2,2,2
2025-09-03 13:28:10.845,-518341,-563574,-580110,-552709,2,2,2,2
2025-09-03 13:28:10.872,-518185,-563843,-580350,-552949,2,2,2,2
2025-09-03 13:28:10.900,-518376,-563703,-580157,-552833,2,2,2,2
2025-09-03 13:28:10.927,-518427,-572003,-564184,-552934,2,2,2,2
2025-09-03 13:28:10.955,-518390,-563725,-564111,-552931,2,2,2,2
2025-09-03 13:28:10.982,-518251,-563913,-563978,-536341,2,2,2,2
2025-09-03 13:28:11.008,-510095,-563702,-563837,-552912,2,2,2,2
2025-09-03 13:28:11.037,-518387,-571923,-563927,-552943,2,2,2,2
2025-09-03 13:28:11.064,-518322,-563704,-572025,-552927,2,2,2,2
2025-09-03 13:28:11.092,-518007,-580037,-563735,-536186,2,2,2,2
2025-09-03 13:28:11.119,-509851,-563479,-563853,-536297,2,2,2,2
2025-09-03 13:28:11.146,-518390,-563823,-572141,-552954,2,2,2,2
2025-09-03 13:28:11.172,-517927,-563614,-580160,-552478,2,2,2,2
2025-09-03 13:28:11.200,-518153,-563839,-580365,-552960,2,2,2,2
2025-09-03 13:28:11.227,-518286,-563742,-572046,-552913,2,2,2,2
2025-09-03 13:28:11.254,-518165,-563955,-580418,-552816,2,2,2,2
2025-09-03 13:28:11.281,-518020,-579889,-563593,-536220,2,2,2,2
2025-09-03 13:28:11.309,-518013,-563488,-563580,-536207,2,2,2,2
2025-09-03 13:28:11.335,-518129,-563701,-580089,-552450,2,2,2,2
2025-09-03 13:28:11.362,-518044,-571788,-563677,-552682,2,2,2,2
2025-09-03 13:28:11.391,-518124,-579982,-563690,-544505,2,2,2,2
2025-09-03 13:28:11.418,-518128,-563666,-563698,-536270,2,2,2,2
2025-09-03 13:28:11.446,-509831,-563511,-563591,-552655,2,2,2,2
2025-09-03 13:28:11.473,-509934,-563690,-563688,-552686,2,2,2,2
2025-09-03 13:28:11.500,-517915,-579868,-563478,-544353,2,2,2,2
2025-09-03 13:28:11.528,-517657,-563224,-563474,-552222,2,2,2,2
2025-09-03 13:28:11.556,-517991,-579908,-563553,-544353,2,2,2,2
2025-09-03 13:28:11.583,-518143,-563709,-563704,-536307,2,2,2,2
2025-09-03 13:28:11.610,-518028,-571771,-563518,-552580,2,2,2,2
2025-09-03 13:28:11.637,-517985,-579857,-563728,-544274,2,2,2,2
2025-09-03 13:28:11.664,-517993,-563470,-563488,-536114,2,2,2,2
2025-09-03 13:28:11.691,-517907,-579790,-563462,-544235,2,2,2,2
2025-09-03 13:28:11.718,-517904,-563690,-580104,-552686,2,2,2,2
2025-09-03 13:28:11.745,-517872,-563322,-579989,-552329,2,2,2,2
2025-09-03 13:28:11.773,-509814,-563692,-563732,-536317,2,2,2,2
2025-09-03 13:28:11.800,-518124,-563562,-563671,-552578,2,2,2,2
2025-09-03 13:28:11.827,-517908,-571785,-563710,-552603,2,2,2,2
2025-09-03 13:28:11.854,-517771,-563189,-563313,-535878,2,2,2,2
2025-09-03 13:28:11.882,-518115,-563472,-580278,-552572,2,2,2,2
2025-09-03 13:28:11.909,-518142,-563481,-580041,-552600,2,2,2,2
2025-09-03 13:28:11.935,-518023,-579737,-563567,-552466,2,2,2,2
2025-09-03 13:28:11.962,-517913,-563306,-579848,-552339,2,2,2,2
2025-09-03 13:28:11.990,-517889,-579841,-563694,-536168,2,2,2,2
2025-09-03 13:28:12.017,-518084,-563319,-563497,-552428,2,2,2,2
2025-09-03 13:28:12.044,-518042,-563323,-563590,-552448,2,2,2,2
2025-09-03 13:28:12.071,-517891,-563440,-563683,-536176,2,2,2,2
2025-09-03 13:28:12.098,-518120,-563406,-563591,-536085,2,2,2,2
2025-09-03 13:28:12.127,-518019,-563305,-563482,-552429,2,2,2,2
2025-09-03 13:28:12.155,-517906,-563443,-580077,-552565,2,2,2,2
2025-09-03 13:28:12.182,-517992,-563440,-563702,-536198,2,2,2,2
2025-09-03 13:28:12.209,-517855,-563305,-563501,-552448,2,2,2,2
2025-09-03 13:28:12.236,-518030,-571746,-563753,-552693,2,2,2,2
2025-09-03 13:28:12.264,-518043,-579901,-563846,-544265,2,2,2,2
2025-09-03 13:28:12.291,-518000,-579834,-563729,-536289,2,2,2,2
2025-09-03 13:28:12.319,-517858,-563302,-579976,-552205,2,2,2,2
2025-09-03 13:28:12.347,-518031,-563473,-563838,-552456,2,2,2,2
2025-09-03 13:28:12.374,-518121,-563227,-579973,-552458,2,2,2,2
2025-09-03 13:28:12.401,-517990,-563415,-563714,-536200,2,2,2,2
2025-09-03 13:28:12.428,-517891,-563253,-563689,-536177,2,2,2,2
2025-09-03 13:28:12.456,-517900,-563322,-580079,-552320,2,2,2,2
2025-09-03 13:28:12.482,-518094,-563452,-579914,-552434,2,2,2,2
2025-09-03 13:28:12.510,-517897,-579713,-563712,-544380,2,2,2,2
2025-09-03 13:28:12.537,-509825,-563449,-563810,-536309,2,2,2,2
2025-09-03 13:28:12.564,-518011,-563449,-563498,-552441,2,2,2,2
2025-09-03 13:28:12.592,-509928,-563234,-563613,-552483,2,2,2,2
2025-09-03 13:28:12.620,-517906,-563421,-563473,-535946,2,2,2,2
2025-09-03 13:28:12.647,-517924,-563437,-579864,-552340,2,2,2,2
2025-09-03 13:28:12.674,-518123,-563298,-563597,-552478,2,2,2,2
2025-09-03 13:28:12.701,-517893,-579716,-563683,-535933,2,2,2,2
2025-09-03 13:28:12.728,-517990,-563436,-563475,-552422,2,2,2,2
2025-09-03 13:28:12.755,-517759,-563200,-563560,-552447,2,2,2,2
2025-09-03 13:28:12.782,-509441,-563002,-563444,-552248,2,2,2,2
2025-09-03 13:28:12.809,-518014,-563442,-571677,-552434,2,2,2,2
2025-09-03 13:28:12.836,-517871,-563231,-563678,-552215,2,2,2,2
2025-09-03 13:28:12.864,-517856,-563207,-580019,-552202,2,2,2,2
2025-09-03 13:28:12.892,-517885,-563226,-563700,-535870,2,2,2,2
2025-09-03 13:28:12.919,-518088,-563439,-579894,-552427,2,2,2,2
2025-09-03 13:28:12.947,-509719,-563254,-563724,-536258,2,2,2,2
2025-09-03 13:28:12.974,-517904,-563317,-580151,-552597,2,2,2,2
2025-09-03 13:28:13.001,-518011,-563333,-563748,-552678,2,2,2,2
2025-09-03 13:28:13.028,-517985,-563229,-563703,-552578,2,2,2,2
2025-09-03 13:28:13.055,-518255,-579904,-563716,-544378,2,2,2,2
2025-09-03 13:28:13.082,-518024,-571525,-563762,-552673,2,2,2,2
2025-09-03 13:28:13.109,-518029,-579773,-563826,-536304,2,2,2,2
2025-09-03 13:28:13.138,-518035,-563414,-563825,-536306,2,2,2,2
2025-09-03 13:28:13.164,-518101,-563348,-580207,-552703,2,2,2,2
2025-09-03 13:28:13.192,-518133,-563429,-563920,-552470,2,2,2,2
2025-09-03 13:28:13.219,-518020,-563315,-580194,-552604,2,2,2,2
2025-09-03 13:28:13.246,-518040,-579771,-563842,-544497,2,2,2,2
2025-09-03 13:28:13.274,-518079,-563447,-579986,-552467,2,2,2,2
2025-09-03 13:28:13.301,-518093,-563444,-571785,-552459,2,2,2,2
2025-09-03 13:28:13.328,-509809,-563399,-563823,-536293,2,2,2,2
2025-09-03 13:28:13.356,-518157,-563567,-571912,-552651,2,2,2,2
2025-09-03 13:28:13.383,-518046,-563211,-563687,-552474,2,2,2,2
2025-09-03 13:28:13.410,-517997,-563412,-563821,-536254,2,2,2,2
2025-09-03 13:28:13.437,-518138,-563314,-563719,-552582,2,2,2,2
2025-09-03 13:28:13.464,-517896,-579712,-563474,-544132,2,2,2,2
2025-09-03 13:28:13.492,-518030,-563454,-563615,-536066,2,2,2,2
2025-09-03 13:28:13.520,-517633,-579447,-563473,-544112,2,2,2,2
2025-09-03 13:28:13.547,-518081,-563456,-579990,-552434,2,2,2,2
2025-09-03 13:28:13.574,-518005,-563442,-563848,-536260,2,2,2,2
2025-09-03 13:28:13.601,-518136,-563313,-580111,-552557,2,2,2,2
2025-09-03 13:28:13.628,-517992,-563416,-563585,-535989,2,2,2,2
2025-09-03 13:28:13.655,-517933,-563348,-580212,-552587,2,2,2,2
2025-09-03 13:28:13.682,-517909,-563347,-580137,-552563,2,2,2,2
2025-09-03 13:28:13.710,-509697,-563264,-563723,-536133,2,2,2,2
2025-09-03 13:28:13.737,-518122,-563298,-580038,-552433,2,2,2,2
2025-09-03 13:28:13.764,-518025,-571654,-563918,-552593,2,2,2,2
2025-09-03 13:28:13.792,-518011,-579838,-563819,-536198,2,2,2,2
2025-09-03 13:28:13.819,-509922,-563485,-563859,-552663,2,2,2,2
2025-09-03 13:28:13.846,-517918,-563433,-580109,-552475,2,2,2,2
2025-09-03 13:28:13.873,-509797,-563436,-563724,-536129,2,2,2,2
2025-09-03 13:28:13.900,-518142,-579713,-563701,-544248,2,2,2,2
2025-09-03 13:28:13.928,-518002,-571407,-563508,-552317,2,2,2,2
2025-09-03 13:28:13.955,-517778,-579663,-563606,-535960,2,2,2,2
2025-09-03 13:28:13.982,-518092,-563301,-579982,-552330,2,2,2,2
2025-09-03 13:28:14.010,-509829,-563243,-563601,-535871,2,2,2,2
2025-09-03 13:28:14.037,-518127,-563593,-563943,-552678,2,2,2,2
2025-09-03 13:28:14.063,-517889,-563358,-580090,-552437,2,2,2,2
2025-09-03 13:28:14.091,-517919,-579598,-563476,-544029,2,2,2,2
2025-09-03 13:28:14.119,-517899,-579588,-563710,-535824,2,2,2,2
2025-09-03 13:28:14.146,-517892,-563207,-563706,-552204,2,2,2,2
2025-09-03 13:28:14.173,-517986,-563235,-563461,-535878,2,2,2,2
2025-09-03 13:28:14.200,-509848,-563440,-563595,-536040,2,2,2,2
2025-09-03 13:28:14.226,-517634,-579635,-563448,-544004,2,2,2,2
2025-09-03 13:28:14.254,-509694,-563236,-563449,-535815,2,2,2,2
2025-09-03 13:28:14.281,-517813,-563186,-579706,-552146,2,2,2,2
2025-09-03 13:28:14.308,-517865,-563209,-579741,-552176,2,2,2,2
2025-09-03 13:28:14.336,-517789,-579836,-563595,-544160,2,2,2,2
2025-09-03 13:28:14.364,-517824,-563201,-571548,-552169,2,2,2,2
2025-09-03 13:28:14.391,-517635,-579663,-563468,-535816,2,2,2,2
2025-09-03 13:28:14.419,-517641,-571243,-563239,-551954,2,2,2,2
2025-09-03 13:28:14.446,-517654,-571522,-563517,-552310,2,2,2,2
2025-09-03 13:28:14.473,-517760,-579560,-563429,-543900,2,2,2,2
2025-09-03 13:28:14.500,-517677,-563087,-579791,-552068,2,2,2,2
2025-09-03 13:28:14.527,-517626,-562964,-563301,-535567,2,2,2,2
2025-09-03 13:28:14.554,-517791,-571391,-563461,-552187,2,2,2,2
2025-09-03 13:28:14.582,-509325,-563174,-563435,-552168,2,2,2,2
2025-09-03 13:28:14.610,-517763,-563436,-571883,-552423,2,2,2,2
2025-09-03 13:28:14.637,-517775,-563195,-579829,-552191,2,2,2,2
2025-09-03 13:28:14.665,-517833,-563173,-579824,-552177,2,2,2,2
2025-09-03 13:28:14.692,-517640,-563305,-579954,-552311,2,2,2,2
2025-09-03 13:28:14.719,-518037,-579828,-563711,-536057,2,2,2,2
2025-09-03 13:28:14.746,-518027,-563431,-563688,-552435,2,2,2,2
2025-09-03 13:28:14.774,-518115,-563449,-563711,-552439,2,2,2,2
2025-09-03 13:28:14.802,-517903,-563302,-563508,-552293,2,2,2,2
2025-09-03 13:28:14.829,-517785,-563175,-563443,-552172,2,2,2,2
2025-09-03 13:28:14.856,-517888,-563208,-563462,-535811,2,2,2,2
2025-09-03 13:28:14.885,-518007,-579713,-563579,-535928,2,2,2,2
2025-09-03 13:28:14.912,-517788,-563184,-563353,-535745,2,2,2,2
2025-09-03 13:28:14.939,-518132,-579791,-563683,-544229,2,2,2,2
2025-09-03 13:28:14.967,-518008,-563563,-563811,-552493,2,2,2,2
2025-09-03 13:28:14.994,-517932,-563558,-580164,-552548,2,2,2,2
2025-09-03 13:28:15.021,-518138,-563690,-580253,-552608,2,2,2,2
2025-09-03 13:28:15.049,-518206,-563565,-580138,-552561,2,2,2,2
2025-09-03 13:28:15.076,-509803,-563475,-563705,-536082,2,2,2,2
2025-09-03 13:28:15.103,-518152,-563699,-563865,-552698,2,2,2,2
2025-09-03 13:28:15.130,-517932,-563478,-580100,-552548,2,2,2,2
2025-09-03 13:28:15.157,-518145,-563693,-572058,-552699,2,2,2,2
2025-09-03 13:28:15.184,-517916,-579847,-563701,-544282,2,2,2,2
2025-09-03 13:28:15.212,-518196,-563477,-572157,-552482,2,2,2,2
2025-09-03 13:28:15.240,-517919,-563483,-563705,-536141,2,2,2,2
2025-09-03 13:28:15.267,-518119,-563439,-579988,-552465,2,2,2,2
2025-09-03 13:28:15.294,-510181,-563684,-563849,-536319,2,2,2,2
2025-09-03 13:28:15.322,-518118,-571895,-563908,-552449,2,2,2,2
2025-09-03 13:28:15.350,-518098,-563340,-563504,-552425,2,2,2,2
2025-09-03 13:28:15.377,-509799,-563509,-563740,-536275,2,2,2,2
2025-09-03 13:28:15.405,-518247,-571763,-563744,-552585,2,2,2,2
2025-09-03 13:28:15.432,-518148,-563480,-563725,-552506,2,2,2,2
2025-09-03 13:28:15.459,-518132,-563464,-580339,-552545,2,2,2,2
2025-09-03 13:28:15.486,-518072,-563706,-572136,-552450,2,2,2,2
2025-09-03 13:28:15.513,-517893,-563301,-563467,-552252,2,2,2,2
2025-09-03 13:28:15.539,-518011,-579765,-563559,-544148,2,2,2,2
2025-09-03 13:28:15.567,-518046,-563444,-571779,-552423,2,2,2,2
2025-09-03 13:28:15.594,-517866,-563451,-563688,-552448,2,2,2,2
2025-09-03 13:28:15.621,-518135,-563475,-580081,-552478,2,2,2,2
2025-09-03 13:28:15.649,-517945,-563355,-579953,-552341,2,2,2,2
2025-09-03 13:28:15.676,-518045,-563462,-563871,-536271,2,2,2,2
2025-09-03 13:28:15.704,-517900,-563570,-563731,-552483,2,2,2,2
2025-09-03 13:28:15.733,-517894,-563557,-580092,-552471,2,2,2,2
2025-09-03 13:28:15.760,-518014,-579817,-563592,-536038,2,2,2,2
2025-09-03 13:28:15.788,-518102,-563702,-580286,-552703,2,2,2,2
2025-09-03 13:28:15.816,-518125,-571658,-563711,-552467,2,2,2,2
2025-09-03 13:28:15.842,-518026,-563676,-563943,-536303,2,2,2,2
2025-09-03 13:28:15.869,-509711,-563234,-563479,-552232,2,2,2,2
2025-09-03 13:28:15.896,-517771,-579737,-563682,-544234,2,2,2,2
2025-09-03 13:28:15.924,-518015,-579987,-563855,-544414,2,2,2,2
2025-09-03 13:28:15.952,-517890,-563218,-579889,-552294,2,2,2,2
2025-09-03 13:28:15.979,-517909,-563328,-563560,-552256,2,2,2,2
2025-09-03 13:28:16.006,-517773,-579826,-563603,-536044,2,2,2,2
2025-09-03 13:28:16.034,-517887,-563232,-563463,-552217,2,2,2,2
2025-09-03 13:28:16.060,-517870,-579593,-563687,-544003,2,2,2,2
2025-09-03 13:28:16.088,-518019,-563348,-563574,-552413,2,2,2,2
2025-09-03 13:28:16.115,-517758,-563417,-563573,-535998,2,2,2,2
2025-09-03 13:28:16.142,-517781,-563442,-563659,-552432,2,2,2,2
2025-09-03 13:28:16.169,-517884,-563217,-563701,-535857,2,2,2,2
2025-09-03 13:28:16.196,-517912,-563476,-580104,-552474,2,2,2,2
2025-09-03 13:28:16.224,-518017,-563330,-563499,-552315,2,2,2,2
2025-09-03 13:28:16.252,-517998,-571518,-563490,-552321,2,2,2,2
2025-09-03 13:28:16.278,-509799,-563246,-563555,-535869,2,2,2,2
2025-09-03 13:28:16.306,-518127,-579821,-563696,-552449,2,2,2,2
2025-09-03 13:28:16.333,-517944,-563313,-579944,-552317,2,2,2,2
2025-09-03 13:28:16.361,-517896,-563216,-563464,-552207,2,2,2,2
2025-09-03 13:28:16.388,-518126,-563430,-563681,-552437,2,2,2,2
2025-09-03 13:28:16.416,-518113,-579786,-563615,-544242,2,2,2,2
2025-09-03 13:28:16.443,-517938,-563317,-563507,-552330,2,2,2,2
2025-09-03 13:28:16.470,-517952,-563594,-580238,-552680,2,2,2,2
2025-09-03 13:28:16.498,-518014,-563335,-563583,-552433,2,2,2,2
2025-09-03 13:28:16.526,-517906,-563233,-563466,-535929,2,2,2,2
2025-09-03 13:28:16.553,-518031,-571805,-563907,-552701,2,2,2,2
2025-09-03 13:28:16.580,-518019,-563598,-563754,-552678,2,2,2,2
2025-09-03 13:28:16.607,-518265,-563501,-563718,-536197,2,2,2,2
2025-09-03 13:28:16.635,-518095,-563579,-580202,-552673,2,2,2,2
2025-09-03 13:28:16.663,-517775,-571516,-563504,-552425,2,2,2,2
2025-09-03 13:28:16.691,-517935,-563482,-563725,-552576,2,2,2,2
2025-09-03 13:28:16.718,-518153,-563469,-580335,-552549,2,2,2,2
2025-09-03 13:28:16.746,-509793,-563485,-563709,-536200,2,2,2,2
2025-09-03 13:28:16.773,-518122,-563433,-563660,-552475,2,2,2,2
2025-09-03 13:28:16.800,-518017,-563254,-563485,-536040,2,2,2,2
2025-09-03 13:28:16.828,-518001,-563311,-563466,-552341,2,2,2,2
2025-09-03 13:28:16.854,-517761,-563304,-563482,-552350,2,2,2,2
2025-09-03 13:28:16.881,-509817,-563471,-563710,-536208,2,2,2,2
2025-09-03 13:28:16.908,-518115,-563520,-563831,-536271,2,2,2,2
2025-09-03 13:28:16.935,-517897,-563342,-571777,-552453,2,2,2,2
2025-09-03 13:28:16.962,-517953,-563439,-571896,-552251,2,2,2,2
2025-09-03 13:28:16.990,-509836,-563212,-563468,-552398,2,2,2,2
2025-09-03 13:28:17.018,-517994,-563432,-563690,-536192,2,2,2,2
2025-09-03 13:28:17.046,-518109,-563303,-563500,-552451,2,2,2,2
2025-09-03 13:28:17.073,-518104,-563307,-579911,-552449,2,2,2,2
2025-09-03 13:28:17.100,-517992,-563204,-563711,-552330,2,2,2,2
2025-09-03 13:28:17.127,-517929,-563204,-563469,-552335,2,2,2,2
2025-09-03 13:28:17.154,-518016,-579948,-563829,-544490,2,2,2,2
2025-09-03 13:28:17.181,-509595,-563417,-563603,-552196,2,2,2,2
2025-09-03 13:28:17.209,-517925,-563232,-579871,-552343,2,2,2,2
2025-09-03 13:28:17.236,-509798,-563504,-563742,-536269,2,2,2,2
2025-09-03 13:28:17.263,-517891,-563480,-563716,-536163,2,2,2,2
2025-09-03 13:28:17.289,-518371,-563709,-563937,-552697,2,2,2,2
2025-09-03 13:28:17.315,-509937,-563475,-563960,-536080,2,2,2,2
2025-09-03 13:28:17.343,-517865,-579610,-563467,-544255,2,2,2,2
2025-09-03 13:28:17.371,-509797,-563681,-563858,-536263,2,2,2,2
2025-09-03 13:28:17.398,-518011,-563448,-563701,-536001,2,2,2,2
2025-09-03 13:28:17.425,-517909,-563425,-571790,-552385,2,2,2,2
2025-09-03 13:28:17.453,-517820,-563308,-579854,-552202,2,2,2,2
2025-09-03 13:28:17.480,-517854,-563329,-579855,-552438,2,2,2,2
2025-09-03 13:28:17.507,-518005,-579841,-563600,-535934,2,2,2,2
2025-09-03 13:28:17.534,-517849,-563309,-563442,-552088,2,2,2,2
2025-09-03 13:28:17.562,-517763,-579697,-563432,-543879,2,2,2,2
2025-09-03 13:28:17.589,-517860,-579706,-563707,-544145,2,2,2,2
2025-09-03 13:28:17.616,-517762,-579650,-563681,-535917,2,2,2,2
2025-09-03 13:28:17.644,-517885,-579780,-563558,-535799,2,2,2,2
2025-09-03 13:28:17.672,-509685,-563425,-563470,-535779,2,2,2,2
2025-09-03 13:28:17.699,-509464,-563202,-563329,-535560,2,2,2,2
2025-09-03 13:28:17.727,-517883,-579785,-563480,-543980,2,2,2,2
2025-09-03 13:28:17.754,-518122,-563691,-580154,-552340,2,2,2,2
2025-09-03 13:28:17.781,-517735,-579643,-563608,-535837,2,2,2,2
2025-09-03 13:28:17.808,-517875,-579837,-563487,-535777,2,2,2,2
2025-09-03 13:28:17.834,-517784,-563443,-563478,-535946,2,2,2,2
2025-09-03 13:28:17.862,-517838,-563450,-579960,-552352,2,2,2,2
2025-09-03 13:28:17.888,-517889,-571679,-563669,-552429,2,2,2,2
2025-09-03 13:28:17.916,-517852,-563452,-579950,-552312,2,2,2,2
2025-09-03 13:28:17.944,-517747,-563337,-571653,-552176,2,2,2,2
2025-09-03 13:28:17.971,-517653,-563317,-563698,-552092,2,2,2,2
2025-09-03 13:28:17.998,-517792,-579840,-563572,-543774,2,2,2,2
2025-09-03 13:28:18.026,-517658,-579702,-563686,-535692,2,2,2,2
2025-09-03 13:28:18.054,-517870,-563486,-579966,-552294,2,2,2,2
2025-09-03 13:28:18.081,-517869,-579909,-563608,-544122,2,2,2,2
2025-09-03 13:28:18.110,-518025,-579846,-563809,-544017,2,2,2,2
2025-09-03 13:28:18.136,-518009,-580094,-563813,-535814,2,2,2,2
2025-09-03 13:28:18.163,-517876,-579968,-563691,-535948,2,2,2,2
2025-09-03 13:28:18.190,-517646,-563340,-580092,-552093,2,2,2,2
2025-09-03 13:28:18.217,-517769,-563215,-579970,-551966,2,2,2,2
2025-09-03 13:28:18.245,-517734,-563448,-563565,-552184,2,2,2,2
2025-09-03 13:28:18.272,-517610,-563312,-579773,-552050,2,2,2,2
2025-09-03 13:28:18.299,-517789,-579630,-563595,-535662,2,2,2,2
2025-09-03 13:28:18.326,-517744,-579789,-563469,-543991,2,2,2,2
2025-09-03 13:28:18.353,-517690,-563464,-563484,-552205,2,2,2,2
2025-09-03 13:28:18.380,-517636,-563357,-563425,-552160,2,2,2,2
2025-09-03 13:28:18.408,-517766,-563216,-563477,-551952,2,2,2,2
2025-09-03 13:28:18.434,-517733,-563456,-563698,-552180,2,2,2,2
2025-09-03 13:28:18.462,-517740,-563467,-563709,-552209,2,2,2,2
2025-09-03 13:28:18.489,-517871,-579974,-563579,-544154,2,2,2,2
2025-09-03 13:28:18.517,-517870,-563566,-571755,-552254,2,2,2,2
2025-09-03 13:28:18.544,-517887,-563517,-563595,-535952,2,2,2,2
2025-09-03 13:28:18.571,-518032,-580094,-563720,-544264,2,2,2,2
2025-09-03 13:28:18.599,-517876,-563482,-563561,-535927,2,2,2,2
2025-09-03 13:28:18.626,-509796,-563659,-563685,-552421,2,2,2,2
2025-09-03 13:28:18.653,-517916,-579979,-563613,-552421,2,2,2,2
2025-09-03 13:28:18.681,-517754,-579804,-563686,-535804,2,2,2,2
2025-09-03 13:28:18.709,-517746,-563338,-563602,-552157,2,2,2,2
2025-09-03 13:28:18.736,-517903,-563579,-563504,-552342,2,2,2,2
2025-09-03 13:28:18.763,-517865,-563461,-563463,-552227,2,2,2,2
2025-09-03 13:28:18.790,-509540,-563259,-563585,-552155,2,2,2,2
2025-09-03 13:28:18.818,-517899,-579871,-563561,-535945,2,2,2,2
2025-09-03 13:28:18.845,-517645,-563229,-571761,-552145,2,2,2,2
2025-09-03 13:28:18.873,-517655,-563231,-579697,-552088,2,2,2,2
2025-09-03 13:28:18.900,-517839,-563443,-579848,-552296,2,2,2,2
2025-09-03 13:28:18.926,-517785,-571546,-563690,-552195,2,2,2,2
2025-09-03 13:28:18.953,-517662,-579593,-563553,-535675,2,2,2,2
2025-09-03 13:28:18.981,-517653,-571648,-563483,-552053,2,2,2,2
2025-09-03 13:28:19.008,-517894,-579822,-563470,-535839,2,2,2,2
2025-09-03 13:28:19.036,-517862,-563397,-563613,-552175,2,2,2,2
2025-09-03 13:28:19.063,-509576,-563222,-563557,-552129,2,2,2,2
2025-09-03 13:28:19.089,-518011,-579825,-563703,-544030,2,2,2,2
2025-09-03 13:28:19.117,-517738,-579532,-563439,-543770,2,2,2,2
2025-09-03 13:28:19.144,-517530,-579349,-563224,-535411,2,2,2,2
2025-09-03 13:28:19.171,-517690,-563188,-579834,-551938,2,2,2,2
2025-09-03 13:28:19.198,-517637,-563307,-571526,-552150,2,2,2,2
2025-09-03 13:28:19.224,-517681,-563339,-579818,-552183,2,2,2,2
2025-09-03 13:28:19.252,-517752,-563342,-563430,-552171,2,2,2,2
2025-09-03 13:28:19.279,-509595,-563180,-563203,-551932,2,2,2,2
2025-09-03 13:28:19.306,-517877,-579588,-563214,-535568,2,2,2,2
2025-09-03 13:28:19.333,-517761,-579699,-563347,-535696,2,2,2,2
2025-09-03 13:28:19.361,-517733,-563211,-563306,-535619,2,2,2,2
2025-09-03 13:28:19.388,-517809,-563306,-571626,-552139,2,2,2,2
2025-09-03 13:28:19.415,-517857,-563316,-579775,-552083,2,2,2,2
2025-09-03 13:28:19.442,-517766,-563220,-563317,-551992,2,2,2,2
2025-09-03 13:28:19.469,-517880,-563327,-579778,-552086,2,2,2,2
2025-09-03 13:28:19.497,-518002,-563445,-563480,-551957,2,2,2,2
2025-09-03 13:28:19.524,-517861,-579645,-563331,-535670,2,2,2,2
2025-09-03 13:28:19.551,-517868,-563223,-563261,-552076,2,2,2,2
2025-09-03 13:28:19.578,-518012,-571534,-563468,-551953,2,2,2,2
2025-09-03 13:28:19.605,-517898,-563236,-563597,-535694,2,2,2,2
2025-09-03 13:28:19.633,-517759,-579456,-563453,-535536,2,2,2,2
2025-09-03 13:28:19.660,-517909,-563297,-571548,-551999,2,2,2,2
2025-09-03 13:28:19.688,-517642,-562948,-579707,-551796,2,2,2,2
2025-09-03 13:28:19.715,-517664,-562959,-579743,-551832,2,2,2,2
2025-09-03 13:28:19.743,-517784,-579457,-563210,-543738,2,2,2,2
2025-09-03 13:28:19.771,-517783,-563146,-563215,-535540,2,2,2,2
2025-09-03 13:28:19.799,-517874,-563178,-579780,-551707,2,2,2,2
2025-09-03 13:28:19.826,-517684,-563068,-579586,-551839,2,2,2,2
2025-09-03 13:28:19.854,-517870,-563165,-563324,-535557,2,2,2,2
2025-09-03 13:28:19.882,-517887,-563180,-563335,-551704,2,2,2,2
2025-09-03 13:28:19.908,-517840,-563087,-571496,-551929,2,2,2,2
2025-09-03 13:28:19.935,-517780,-563139,-563224,-535540,2,2,2,2
2025-09-03 13:28:19.964,-518008,-579628,-563449,-535778,2,2,2,2
2025-09-03 13:28:19.991,-517866,-563099,-563313,-551703,2,2,2,2
2025-09-03 13:28:20.019,-517860,-563138,-563306,-535566,2,2,2,2
2025-09-03 13:28:20.046,-517866,-563149,-563309,-535604,2,2,2,2
2025-09-03 13:28:20.073,-517634,-563156,-563329,-535409,2,2,2,2
2025-09-03 13:28:20.100,-518018,-571492,-563461,-552187,2,2,2,2
2025-09-03 13:28:20.127,-517891,-579528,-563325,-535672,2,2,2,2
2025-09-03 13:28:20.155,-517867,-563144,-563301,-535655,2,2,2,2
2025-09-03 13:28:20.182,-517682,-562974,-579821,-551928,2,2,2,2
2025-09-03 13:28:20.209,-517874,-563177,-563325,-535679,2,2,2,2
2025-09-03 13:28:20.237,-517791,-579486,-563298,-543870,2,2,2,2
2025-09-03 13:28:20.264,-517738,-563061,-563203,-551953,2,2,2,2
2025-09-03 13:28:20.291,-517892,-563446,-579975,-552078,2,2,2,2
2025-09-03 13:28:20.318,-518036,-563411,-563565,-535920,2,2,2,2
2025-09-03 13:28:20.346,-518104,-563334,-579908,-552038,2,2,2,2
2025-09-03 13:28:20.373,-509972,-563472,-563705,-552417,2,2,2,2
2025-09-03 13:28:20.400,-517898,-563178,-579812,-552066,2,2,2,2
2025-09-03 13:28:20.427,-517907,-563446,-580084,-552068,2,2,2,2
2025-09-03 13:28:20.455,-517791,-563051,-563311,-551931,2,2,2,2
2025-09-03 13:28:20.483,-517869,-563076,-563403,-552033,2,2,2,2
2025-09-03 13:28:20.510,-518119,-579727,-563592,-535837,2,2,2,2
2025-09-03 13:28:20.537,-509701,-563431,-563701,-551993,2,2,2,2
2025-09-03 13:28:20.564,-518146,-563355,-580073,-552323,2,2,2,2
2025-09-03 13:28:20.591,-518139,-563349,-563613,-552250,2,2,2,2
2025-09-03 13:28:20.618,-509946,-563400,-563597,-552249,2,2,2,2
2025-09-03 13:28:20.645,-518266,-563435,-571903,-552421,2,2,2,2
2025-09-03 13:28:20.671,-518120,-571417,-563491,-552204,2,2,2,2
2025-09-03 13:28:20.698,-518156,-563252,-563599,-535881,2,2,2,2
2025-09-03 13:28:20.725,-518143,-563299,-571780,-551967,2,2,2,2
2025-09-03 13:28:20.753,-518393,-579896,-563816,-544006,2,2,2,2
2025-09-03 13:28:20.781,-518146,-579639,-563558,-535819,2,2,2,2
2025-09-03 13:28:20.808,-518400,-579855,-563739,-535819,2,2,2,2
2025-09-03 13:28:20.836,-518167,-563220,-563488,-535860,2,2,2,2
2025-09-03 13:28:20.862,-509850,-563411,-563692,-535781,2,2,2,2
2025-09-03 13:28:20.890,-518136,-563083,-579820,-552166,2,2,2,2
2025-09-03 13:28:20.916,-517918,-563193,-563229,-535580,2,2,2,2
2025-09-03 13:28:20.944,-517991,-563190,-563558,-535563,2,2,2,2
2025-09-03 13:28:20.971,-517910,-579557,-563553,-535558,2,2,2,2
2025-09-03 13:28:20.998,-518126,-571273,-563463,-552164,2,2,2,2
2025-09-03 13:28:21.025,-518021,-579573,-563577,-543773,2,2,2,2
2025-09-03 13:28:21.053,-517893,-563074,-563204,-551900,2,2,2,2
2025-09-03 13:28:21.080,-518120,-563045,-579834,-552065,2,2,2,2
2025-09-03 13:28:21.107,-517915,-571272,-563224,-551908,2,2,2,2
2025-09-03 13:28:21.134,-518034,-563181,-563349,-551946,2,2,2,2
2025-09-03 13:28:21.161,-517903,-562968,-571404,-551740,2,2,2,2
2025-09-03 13:28:21.189,-517906,-562947,-563459,-535620,2,2,2,2
2025-09-03 13:28:21.216,-517967,-563043,-571415,-551877,2,2,2,2
2025-09-03 13:28:21.244,-509793,-562965,-563470,-535613,2,2,2,2
2025-09-03 13:28:21.272,-517874,-562844,-571538,-551684,2,2,2,2
2025-09-03 13:28:21.299,-518088,-563058,-563238,-551907,2,2,2,2
2025-09-03 13:28:21.325,-517903,-563191,-563451,-535609,2,2,2,2
2025-09-03 13:28:21.353,-518136,-563096,-579775,-551931,2,2,2,2
2025-09-03 13:28:21.379,-518095,-563069,-571875,-552181,2,2,2,2
2025-09-03 13:28:21.407,-518114,-563077,-580017,-552167,2,2,2,2
2025-09-03 13:28:21.435,-518138,-579472,-563435,-543754,2,2,2,2
2025-09-03 13:28:21.462,-518121,-563062,-579774,-551925,2,2,2,2
2025-09-03 13:28:21.490,-517901,-563083,-571643,-551966,2,2,2,2
2025-09-03 13:28:21.517,-518156,-579479,-563470,-543769,2,2,2,2
2025-09-03 13:28:21.544,-517910,-563173,-563482,-551978,2,2,2,2
2025-09-03 13:28:21.572,-517959,-563174,-571762,-551987,2,2,2,2
2025-09-03 13:28:21.599,-518137,-563084,-571647,-551940,2,2,2,2
2025-09-03 13:28:21.625,-517949,-562953,-579718,-551812,2,2,2,2
2025-09-03 13:28:21.653,-518302,-563213,-563654,-552074,2,2,2,2
2025-09-03 13:28:21.681,-518252,-571289,-563490,-551957,2,2,2,2
2025-09-03 13:28:21.709,-518169,-563067,-571650,-552191,2,2,2,2
2025-09-03 13:28:21.737,-509975,-562991,-563709,-552181,2,2,2,2
2025-09-03 13:28:21.765,-518385,-563221,-563614,-535695,2,2,2,2
2025-09-03 13:28:21.792,-509958,-563240,-563701,-535755,2,2,2,2
2025-09-03 13:28:21.820,-518192,-563340,-580154,-552199,2,2,2,2
2025-09-03 13:28:21.848,-518002,-563146,-563558,-535567,2,2,2,2
2025-09-03 13:28:21.875,-518150,-571235,-563701,-552080,2,2,2,2
2025-09-03 13:28:21.902,-509928,-563185,-563590,-535616,2,2,2,2
2025-09-03 13:28:21.930,-518016,-579512,-563564,-543739,2,2,2,2
2025-09-03 13:28:21.957,-518093,-563174,-579959,-551927,2,2,2,2
2025-09-03 13:28:21.984,-518033,-579534,-563578,-543754,2,2,2,2
2025-09-03 13:28:22.011,-518393,-563199,-563604,-551962,2,2,2,2
2025-09-03 13:28:22.038,-518154,-562945,-580039,-551964,2,2,2,2
2025-09-03 13:28:22.066,-518165,-563199,-563614,-551962,2,2,2,2
2025-09-03 13:28:22.093,-518148,-563102,-563656,-551921,2,2,2,2
2025-09-03 13:28:22.121,-518144,-563076,-579959,-551835,2,2,2,2
2025-09-03 13:28:22.149,-518138,-563008,-563573,-551877,2,2,2,2
2025-09-03 13:28:22.176,-518388,-562995,-563579,-535682,2,2,2,2
2025-09-03 13:28:22.203,-518369,-562976,-571680,-551985,2,2,2,2
2025-09-03 13:28:22.230,-518192,-563200,-580092,-551940,2,2,2,2
2025-09-03 13:28:22.257,-510100,-563237,-563739,-535583,2,2,2,2
2025-09-03 13:28:22.285,-518342,-563042,-579857,-552041,2,2,2,2
2025-09-03 13:28:22.312,-518148,-579524,-563601,-543717,2,2,2,2
2025-09-03 13:28:22.341,-518370,-571253,-563489,-552064,2,2,2,2
2025-09-03 13:28:22.367,-518384,-563052,-579959,-552070,2,2,2,2
2025-09-03 13:28:22.394,-518376,-563045,-579908,-552061,2,2,2,2
2025-09-03 13:28:22.422,-518296,-579347,-563479,-552056,2,2,2,2
2025-09-03 13:28:22.449,-518303,-562963,-563558,-552138,2,2,2,2
2025-09-03 13:28:22.477,-518391,-571254,-563655,-552163,2,2,2,2
2025-09-03 13:28:22.504,-518383,-563246,-563840,-535745,2,2,2,2
2025-09-03 13:28:22.532,-510195,-563243,-563829,-535777,2,2,2,2
2025-09-03 13:28:22.560,-518349,-563308,-580204,-552093,2,2,2,2
2025-09-03 13:28:22.587,-518286,-563217,-563731,-535676,2,2,2,2
2025-09-03 13:28:22.615,-518424,-563340,-580287,-552211,2,2,2,2
2025-09-03 13:28:22.642,-518400,-563306,-563910,-552184,2,2,2,2
2025-09-03 13:28:22.671,-518165,-579546,-563683,-535572,2,2,2,2
2025-09-03 13:28:22.698,-518431,-579770,-563945,-535916,2,2,2,2
2025-09-03 13:28:22.726,-518274,-579583,-563715,-543891,2,2,2,2
2025-09-03 13:28:22.754,-518371,-571503,-563763,-552186,2,2,2,2
2025-09-03 13:28:22.780,-518246,-563196,-563708,-552135,2,2,2,2
2025-09-03 13:28:22.808,-518278,-579607,-563728,-535705,2,2,2,2
2025-09-03 13:28:22.835,-518282,-563305,-563741,-552166,2,2,2,2
2025-09-03 13:28:22.862,-518152,-563093,-571807,-551960,2,2,2,2
2025-09-03 13:28:22.890,-518363,-563224,-580117,-552093,2,2,2,2
2025-09-03 13:28:22.917,-518213,-563172,-580079,-552043,2,2,2,2
2025-09-03 13:28:22.945,-518257,-563189,-563712,-552053,2,2,2,2
2025-09-03 13:28:22.973,-518383,-563050,-563598,-552179,2,2,2,2
2025-09-03 13:28:23.000,-518409,-563311,-572044,-552195,2,2,2,2
2025-09-03 13:28:23.027,-518537,-563444,-563737,-552390,2,2,2,2
2025-09-03 13:28:23.054,-518451,-563434,-580103,-552301,2,2,2,2
2025-09-03 13:28:23.081,-518426,-563407,-563869,-535868,2,2,2,2
2025-09-03 13:28:23.108,-518540,-563212,-571931,-552404,2,2,2,2
2025-09-03 13:28:23.134,-518401,-563256,-563850,-535815,2,2,2,2
2025-09-03 13:28:23.162,-518616,-563214,-580209,-552430,2,2,2,2
2025-09-03 13:28:23.189,-518408,-563332,-563862,-552218,2,2,2,2
2025-09-03 13:28:23.217,-518514,-571640,-563735,-552347,2,2,2,2
2025-09-03 13:28:23.243,-518464,-563218,-580158,-552447,2,2,2,2
2025-09-03 13:28:23.271,-518430,-563462,-564082,-552437,2,2,2,2
2025-09-03 13:28:23.298,-518626,-580034,-564218,-536194,2,2,2,2
2025-09-03 13:28:23.325,-510074,-563258,-563941,-535856,2,2,2,2
2025-09-03 13:28:23.353,-518383,-563183,-571925,-552165,2,2,2,2
2025-09-03 13:28:23.380,-518392,-563213,-563816,-552200,2,2,2,2
2025-09-03 13:28:23.407,-518151,-563229,-580212,-552219,2,2,2,2
2025-09-03 13:28:23.435,-509973,-563233,-563853,-535875,2,2,2,2
2025-09-03 13:28:23.462,-518259,-571270,-563694,-552092,2,2,2,2
2025-09-03 13:28:23.489,-518274,-563359,-571919,-552440,2,2,2,2
2025-09-03 13:28:23.517,-518377,-579588,-563832,-544102,2,2,2,2
2025-09-03 13:28:23.545,-518173,-563329,-580341,-552348,2,2,2,2
2025-09-03 13:28:23.572,-509956,-563253,-563847,-535933,2,2,2,2
2025-09-03 13:28:23.599,-517918,-563093,-580081,-552185,2,2,2,2
2025-09-03 13:28:23.626,-518152,-571251,-563652,-552056,2,2,2,2
2025-09-03 13:28:23.653,-518141,-563058,-579975,-552074,2,2,2,2
2025-09-03 13:28:23.680,-518004,-563173,-571651,-551945,2,2,2,2
2025-09-03 13:28:23.707,-517900,-563083,-563675,-552163,2,2,2,2
2025-09-03 13:28:23.734,-518036,-563044,-571765,-552130,2,2,2,2
2025-09-03 13:28:23.762,-509984,-563193,-563708,-552204,2,2,2,2
2025-09-03 13:28:23.790,-518048,-563065,-571783,-552143,2,2,2,2
2025-09-03 13:28:23.818,-517949,-562970,-579900,-552053,2,2,2,2
2025-09-03 13:28:23.845,-509842,-563147,-563591,-535741,2,2,2,2
2025-09-03 13:28:23.871,-518110,-563091,-579978,-552088,2,2,2,2
2025-09-03 13:28:23.899,-518137,-563196,-571885,-552188,2,2,2,2
2025-09-03 13:28:23.926,-517999,-563071,-563562,-552129,2,2,2,2
2025-09-03 13:28:23.953,-509921,-563189,-563588,-535787,2,2,2,2
2025-09-03 13:28:23.979,-518114,-562952,-563681,-551938,2,2,2,2
2025-09-03 13:28:24.007,-517913,-571259,-563470,-552046,2,2,2,2
2025-09-03 13:28:24.034,-518157,-571525,-563736,-552326,2,2,2,2
2025-09-03 13:28:24.061,-518029,-571369,-563650,-552174,2,2,2,2
2025-09-03 13:28:24.088,-518162,-579706,-563742,-544130,2,2,2,2
2025-09-03 13:28:24.116,-518127,-563213,-563697,-552236,2,2,2,2
2025-09-03 13:28:24.144,-518091,-563101,-579976,-552189,2,2,2,2
2025-09-03 13:28:24.173,-518115,-563194,-563688,-552217,2,2,2,2
2025-09-03 13:28:24.200,-517905,-562977,-563467,-535677,2,2,2,2
2025-09-03 13:28:24.227,-518129,-562959,-580093,-552047,2,2,2,2
2025-09-03 13:28:24.254,-517902,-579408,-563483,-535708,2,2,2,2
2025-09-03 13:28:24.280,-518003,-563099,-563601,-552202,2,2,2,2
2025-09-03 13:28:24.308,-518144,-563329,-563819,-552418,2,2,2,2
2025-09-03 13:28:24.336,-518126,-562999,-563476,-535731,2,2,2,2
2025-09-03 13:28:24.364,-518037,-563050,-563457,-551987,2,2,2,2
2025-09-03 13:28:24.390,-518154,-563337,-580201,-552344,2,2,2,2
2025-09-03 13:28:24.418,-518134,-579721,-563734,-544140,2,2,2,2
2025-09-03 13:28:24.444,-518012,-563297,-563690,-552219,2,2,2,2
2025-09-03 13:28:24.471,-518045,-579723,-563725,-535949,2,2,2,2
2025-09-03 13:28:24.498,-518121,-563347,-580119,-552352,2,2,2,2
2025-09-03 13:28:24.526,-518028,-571258,-563698,-552071,2,2,2,2
2025-09-03 13:28:24.553,-518118,-563172,-563488,-535795,2,2,2,2
2025-09-03 13:28:24.580,-518043,-563354,-563735,-552417,2,2,2,2
2025-09-03 13:28:24.608,-518005,-563057,-580091,-552063,2,2,2,2
2025-09-03 13:28:24.635,-518088,-563359,-580199,-552443,2,2,2,2
2025-09-03 13:28:24.662,-518009,-571522,-563721,-552344,2,2,2,2
2025-09-03 13:28:24.689,-518065,-563336,-571928,-552426,2,2,2,2
2025-09-03 13:28:24.716,-518141,-563179,-571783,-552216,2,2,2,2
2025-09-03 13:28:24.744,-517895,-563190,-579972,-552224,2,2,2,2
2025-09-03 13:28:24.772,-517890,-579583,-563589,-544024,2,2,2,2
2025-09-03 13:28:24.799,-510076,-563247,-563721,-552419,2,2,2,2
2025-09-03 13:28:24.826,-518201,-563305,-580333,-552337,2,2,2,2
2025-09-03 13:28:24.854,-518001,-563230,-563682,-552401,2,2,2,2
2025-09-03 13:28:24.881,-517908,-579577,-563595,-544131,2,2,2,2
2025-09-03 13:28:24.908,-517912,-563200,-563583,-535933,2,2,2,2
2025-09-03 13:28:24.935,-518032,-563056,-571897,-552185,2,2,2,2
2025-09-03 13:28:24.963,-518033,-563409,-563726,-535820,2,2,2,2
2025-09-03 13:28:24.991,-518128,-563182,-571752,-552239,2,2,2,2
2025-09-03 13:28:25.018,-518122,-579577,-563570,-535922,2,2,2,2
2025-09-03 13:28:25.045,-509681,-563183,-563559,-551983,2,2,2,2
2025-09-03 13:28:25.072,-518023,-563066,-571904,-552202,2,2,2,2
2025-09-03 13:28:25.099,-518008,-579402,-563459,-543987,2,2,2,2
2025-09-03 13:28:25.126,-518141,-579526,-563570,-535913,2,2,2,2
2025-09-03 13:28:25.154,-517790,-579550,-563568,-535663,2,2,2,2
2025-09-03 13:28:25.181,-517879,-563194,-580055,-552076,2,2,2,2
2025-09-03 13:28:25.208,-518129,-571394,-563654,-552313,2,2,2,2
2025-09-03 13:28:25.235,-518083,-563195,-579962,-552318,2,2,2,2
2025-09-03 13:28:25.263,-517894,-571153,-563671,-552090,2,2,2,2
2025-09-03 13:28:25.290,-518016,-563434,-580112,-552220,2,2,2,2
2025-09-03 13:28:25.318,-517908,-571533,-563707,-552444,2,2,2,2
2025-09-03 13:28:25.345,-517909,-563101,-580089,-552196,2,2,2,2
2025-09-03 13:28:25.374,-517747,-563193,-563467,-551964,2,2,2,2
2025-09-03 13:28:25.400,-517893,-563089,-563709,-552176,2,2,2,2
2025-09-03 13:28:25.427,-509718,-563179,-563479,-535810,2,2,2,2
2025-09-03 13:28:25.454,-518043,-571512,-563686,-552322,2,2,2,2
2025-09-03 13:28:25.480,-517917,-563439,-580210,-552193,2,2,2,2
2025-09-03 13:28:25.508,-517995,-579808,-563819,-536050,2,2,2,2
2025-09-03 13:28:25.535,-509712,-563406,-563732,-552411,2,2,2,2
2025-09-03 13:28:25.562,-517899,-563078,-579848,-552082,2,2,2,2
2025-09-03 13:28:25.589,-517884,-563070,-563464,-552084,2,2,2,2
2025-09-03 13:28:25.617,-517772,-563059,-563691,-551995,2,2,2,2
2025-09-03 13:28:25.644,-517924,-563193,-579971,-552210,2,2,2,2
2025-09-03 13:28:25.671,-517938,-563209,-579987,-552214,2,2,2,2
2025-09-03 13:28:25.698,-517883,-571384,-563517,-552191,2,2,2,2
2025-09-03 13:28:25.725,-517903,-563208,-579969,-552198,2,2,2,2
2025-09-03 13:28:25.753,-517748,-562996,-563689,-535674,2,2,2,2
2025-09-03 13:28:25.781,-517989,-579688,-563603,-544028,2,2,2,2
2025-09-03 13:28:25.809,-517889,-571643,-563731,-552342,2,2,2,2
2025-09-03 13:28:25.837,-517870,-563178,-563477,-552066,2,2,2,2
2025-09-03 13:28:25.862,-517732,-563043,-563652,-551938,2,2,2,2
2025-09-03 13:28:25.890,-517875,-571376,-563470,-552080,2,2,2,2
2025-09-03 13:28:25.917,-517753,-563053,-571775,-552189,2,2,2,2
2025-09-03 13:28:25.946,-517907,-563229,-579870,-552085,2,2,2,2
2025-09-03 13:28:25.974,-517896,-563301,-571670,-552137,2,2,2,2
2025-09-03 13:28:26.000,-517876,-563300,-579857,-552050,2,2,2,2
2025-09-03 13:28:26.028,-517655,-563074,-579883,-552075,2,2,2,2
2025-09-03 13:28:26.056,-517651,-579449,-563558,-543860,2,2,2,2
2025-09-03 13:28:26.084,-517639,-563053,-579854,-552043,2,2,2,2
2025-09-03 13:28:26.111,-518040,-579816,-563596,-535691,2,2,2,2
2025-09-03 13:28:26.139,-509593,-563180,-563357,-551894,2,2,2,2
2025-09-03 13:28:26.165,-517920,-563313,-579890,-551962,2,2,2,2
2025-09-03 13:28:26.192,-517909,-563232,-580096,-552189,2,2,2,2
2025-09-03 13:28:26.219,-517874,-563192,-563672,-552071,2,2,2,2
2025-09-03 13:28:26.247,-517916,-563225,-580097,-552166,2,2,2,2
2025-09-03 13:28:26.273,-517903,-571401,-563672,-552080,2,2,2,2
2025-09-03 13:28:26.300,-517778,-563154,-563488,-535605,2,2,2,2
2025-09-03 13:28:26.327,-517891,-563450,-563594,-552135,2,2,2,2
2025-09-03 13:28:26.355,-509815,-563239,-563711,-535797,2,2,2,2
2025-09-03 13:28:26.383,-517997,-579634,-563692,-543900,2,2,2,2
2025-09-03 13:28:26.411,-518150,-563410,-563835,-535860,2,2,2,2
2025-09-03 13:28:26.439,-518023,-563219,-571873,-552135,2,2,2,2
2025-09-03 13:28:26.466,-517881,-563075,-579893,-551936,2,2,2,2
2025-09-03 13:28:26.494,-517900,-563439,-563577,-551967,2,2,2,2
2025-09-03 13:28:26.521,-517904,-563441,-563583,-551967,2,2,2,2
2025-09-03 13:28:26.548,-517871,-563066,-563473,-551946,2,2,2,2
2025-09-03 13:28:26.576,-517930,-563443,-579904,-552058,2,2,2,2
2025-09-03 13:28:26.604,-518133,-563331,-571670,-551947,2,2,2,2
2025-09-03 13:28:26.631,-517987,-563429,-563574,-535665,2,2,2,2
2025-09-03 13:28:26.659,-518129,-563223,-580048,-552165,2,2,2,2
2025-09-03 13:28:26.686,-517893,-563311,-579851,-551940,2,2,2,2
2025-09-03 13:28:26.713,-518040,-563455,-563605,-535693,2,2,2,2
2025-09-03 13:28:26.741,-509981,-563258,-563743,-535822,2,2,2,2
2025-09-03 13:28:26.768,-509921,-563215,-563687,-535769,2,2,2,2
2025-09-03 13:28:26.795,-518206,-563359,-563762,-552314,2,2,2,2
2025-09-03 13:28:26.823,-518250,-579642,-563817,-535830,2,2,2,2
2025-09-03 13:28:26.850,-518133,-563445,-563698,-552158,2,2,2,2
2025-09-03 13:28:26.878,-518155,-563202,-571904,-552158,2,2,2,2
2025-09-03 13:28:26.905,-517989,-563228,-563487,-552190,2,2,2,2
2025-09-03 13:28:26.933,-518136,-563169,-580000,-552065,2,2,2,2
2025-09-03 13:28:26.959,-517912,-571390,-563691,-552081,2,2,2,2
2025-09-03 13:28:26.986,-517967,-563206,-579845,-552166,2,2,2,2
2025-09-03 13:28:27.013,-518163,-563359,-571876,-551987,2,2,2,2
2025-09-03 13:28:27.040,-510107,-563215,-563743,-552171,2,2,2,2
2025-09-03 13:28:27.068,-518272,-563450,-580090,-552072,2,2,2,2
2025-09-03 13:28:27.096,-518388,-563228,-580134,-552173,2,2,2,2
2025-09-03 13:28:27.123,-518376,-579637,-563736,-535787,2,2,2,2
2025-09-03 13:28:27.149,-518111,-563189,-579832,-551830,2,2,2,2
2025-09-03 13:28:27.177,-518249,-579700,-563580,-543758,2,2,2,2
2025-09-03 13:28:27.204,-518341,-563350,-580062,-552058,2,2,2,2
2025-09-03 13:28:27.232,-518119,-571380,-563711,-552081,2,2,2,2
2025-09-03 13:28:27.259,-518145,-563197,-571657,-552162,2,2,2,2
2025-09-03 13:28:27.285,-518045,-571276,-563427,-551804,2,2,2,2
2025-09-03 13:28:27.313,-518034,-562996,-563341,-535361,2,2,2,2
2025-09-03 13:28:27.341,-518048,-563057,-563408,-551790,2,2,2,2
2025-09-03 13:28:27.367,-517898,-579543,-563441,-535433,2,2,2,2
2025-09-03 13:28:27.394,-509977,-563434,-563713,-535765,2,2,2,2
2025-09-03 13:28:27.421,-518125,-579458,-563601,-543852,2,2,2,2
2025-09-03 13:28:27.448,-517901,-563072,-579814,-551810,2,2,2,2
2025-09-03 13:28:27.478,-518169,-563081,-563694,-552064,2,2,2,2
2025-09-03 13:28:27.504,-518132,-562974,-563584,-535610,2,2,2,2
2025-09-03 13:28:27.531,-517952,-563178,-579853,-551924,2,2,2,2
2025-09-03 13:28:27.559,-510112,-563209,-563483,-535563,2,2,2,2
2025-09-03 13:28:27.586,-518138,-579427,-563579,-543776,2,2,2,2
2025-09-03 13:28:27.613,-518267,-563094,-563694,-552163,2,2,2,2
2025-09-03 13:28:27.640,-518173,-563068,-563680,-552072,2,2,2,2
2025-09-03 13:28:27.668,-518092,-563173,-579840,-551926,2,2,2,2
2025-09-03 13:28:27.695,-518261,-563095,-563701,-552169,2,2,2,2
2025-09-03 13:28:27.723,-518188,-563090,-563700,-552091,2,2,2,2
2025-09-03 13:28:27.752,-518192,-563430,-580095,-552166,2,2,2,2
2025-09-03 13:28:27.779,-518255,-571368,-563706,-552169,2,2,2,2
2025-09-03 13:28:27.805,-518249,-571538,-563700,-552176,2,2,2,2
2025-09-03 13:28:27.833,-518252,-563350,-571891,-552179,2,2,2,2
2025-09-03 13:28:27.861,-518293,-563441,-563736,-535862,2,2,2,2
2025-09-03 13:28:27.888,-518203,-563177,-579846,-552185,2,2,2,2
2025-09-03 13:28:27.915,-518298,-563198,-563565,-551941,2,2,2,2
2025-09-03 13:28:27.941,-510200,-563211,-563576,-535667,2,2,2,2
2025-09-03 13:28:27.969,-518132,-562945,-571763,-551984,2,2,2,2
2025-09-03 13:28:27.997,-518156,-562956,-579959,-552051,2,2,2,2
2025-09-03 13:28:28.024,-518250,-563299,-563669,-552090,2,2,2,2
2025-09-03 13:28:28.052,-518270,-579460,-563696,-543992,2,2,2,2
2025-09-03 13:28:28.079,-518429,-563297,-563912,-552345,2,2,2,2
2025-09-03 13:28:28.107,-518428,-563302,-580227,-552344,2,2,2,2
2025-09-03 13:28:28.134,-518169,-563227,-563589,-535701,2,2,2,2
2025-09-03 13:28:28.161,-518247,-563299,-571792,-552150,2,2,2,2
2025-09-03 13:28:28.188,-518161,-571404,-563507,-552069,2,2,2,2
2025-09-03 13:28:28.215,-510050,-563221,-563588,-535750,2,2,2,2
2025-09-03 13:28:28.243,-518414,-571628,-563743,-552298,2,2,2,2
2025-09-03 13:28:28.270,-518292,-563263,-563692,-535786,2,2,2,2
2025-09-03 13:28:28.297,-518534,-563490,-563872,-536007,2,2,2,2
2025-09-03 13:28:28.324,-518675,-563685,-580429,-552561,2,2,2,2
2025-09-03 13:28:28.350,-518541,-579652,-563962,-536057,2,2,2,2
2025-09-03 13:28:28.378,-518536,-563496,-563956,-536016,2,2,2,2
2025-09-03 13:28:28.405,-518449,-563445,-580208,-552303,2,2,2,2
2025-09-03 13:28:28.433,-518636,-563337,-563968,-552194,2,2,2,2
2025-09-03 13:28:28.460,-518639,-563399,-563967,-535818,2,2,2,2
2025-09-03 13:28:28.488,-518370,-579720,-563710,-535804,2,2,2,2
2025-09-03 13:28:28.515,-518533,-563246,-563857,-552422,2,2,2,2
2025-09-03 13:28:28.542,-518408,-579823,-563822,-544113,2,2,2,2
2025-09-03 13:28:28.570,-518285,-563311,-563706,-552179,2,2,2,2
2025-09-03 13:28:28.597,-518517,-563232,-563862,-552390,2,2,2,2
2025-09-03 13:28:28.624,-518432,-579831,-563837,-544097,2,2,2,2
2025-09-03 13:28:28.652,-518422,-571642,-563754,-552296,2,2,2,2
2025-09-03 13:28:28.679,-518640,-571618,-563730,-552200,2,2,2,2
2025-09-03 13:28:28.708,-518474,-563231,-580234,-552323,2,2,2,2
2025-09-03 13:28:28.735,-518345,-563355,-571911,-552198,2,2,2,2
2025-09-03 13:28:28.762,-518428,-563451,-563764,-552306,2,2,2,2
2025-09-03 13:28:28.790,-518363,-563332,-580072,-552176,2,2,2,2
2025-09-03 13:28:28.816,-518642,-563354,-563959,-552441,2,2,2,2
2025-09-03 13:28:28.844,-518534,-563245,-563861,-535934,2,2,2,2
2025-09-03 13:28:28.871,-518407,-563447,-563723,-552196,2,2,2,2
2025-09-03 13:28:28.899,-509983,-563180,-563479,-535564,2,2,2,2
2025-09-03 13:28:28.925,-518514,-579641,-563821,-544113,2,2,2,2
2025-09-03 13:28:28.952,-510229,-563434,-563733,-535822,2,2,2,2
2025-09-03 13:28:28.980,-518425,-579788,-563718,-544011,2,2,2,2
2025-09-03 13:28:29.007,-510344,-563231,-563825,-535860,2,2,2,2
2025-09-03 13:28:29.035,-518164,-563184,-563458,-535605,2,2,2,2
2025-09-03 13:28:29.062,-518288,-563226,-563516,-552084,2,2,2,2
2025-09-03 13:28:29.089,-518202,-563190,-571668,-551964,2,2,2,2
2025-09-03 13:28:29.117,-518404,-563356,-571894,-552190,2,2,2,2
2025-09-03 13:28:29.145,-518150,-563099,-580092,-551938,2,2,2,2
2025-09-03 13:28:29.172,-518152,-563104,-563704,-552187,2,2,2,2
2025-09-03 13:28:29.200,-510184,-563008,-563601,-552161,2,2,2,2
2025-09-03 13:28:29.227,-518363,-563071,-563657,-552092,2,2,2,2
2025-09-03 13:28:29.255,-518347,-563304,-579953,-552061,2,2,2,2
2025-09-03 13:28:29.283,-518390,-563092,-571787,-552161,2,2,2,2
2025-09-03 13:28:29.310,-518140,-563065,-579640,-551827,2,2,2,2
2025-09-03 13:28:29.337,-518283,-579340,-563451,-543845,2,2,2,2
2025-09-03 13:28:29.364,-518369,-563051,-579880,-552055,2,2,2,2
2025-09-03 13:28:29.392,-518398,-563075,-571761,-552144,2,2,2,2
2025-09-03 13:28:29.418,-518397,-563329,-579937,-552076,2,2,2,2
2025-09-03 13:28:29.445,-518396,-571507,-563482,-552081,2,2,2,2
2025-09-03 13:28:29.473,-510345,-563212,-563706,-535845,2,2,2,2
2025-09-03 13:28:29.500,-518167,-579563,-563593,-543987,2,2,2,2
2025-09-03 13:28:29.528,-518263,-563215,-563699,-552041,2,2,2,2
2025-09-03 13:28:29.555,-518377,-563352,-563560,-552143,2,2,2,2
2025-09-03 13:28:29.581,-518498,-563477,-563931,-552214,2,2,2,2
2025-09-03 13:28:29.609,-518450,-563306,-580079,-552291,2,2,2,2
2025-09-03 13:28:29.637,-518551,-571544,-563740,-552345,2,2,2,2
2025-09-03 13:28:29.664,-518426,-563303,-580062,-552291,2,2,2,2
2025-09-03 13:28:29.691,-518499,-563305,-563699,-552248,2,2,2,2
2025-09-03 13:28:29.719,-518515,-563576,-572145,-552245,2,2,2,2
2025-09-03 13:28:29.746,-518423,-571745,-563915,-552223,2,2,2,2
2025-09-03 13:28:29.773,-518625,-579828,-563740,-535968,2,2,2,2
2025-09-03 13:28:29.801,-518534,-563357,-571902,-552251,2,2,2,2
2025-09-03 13:28:29.827,-518413,-563496,-563843,-535820,2,2,2,2
2025-09-03 13:28:29.854,-518638,-563479,-563745,-552432,2,2,2,2
2025-09-03 13:28:29.882,-518425,-563614,-563870,-552239,2,2,2,2
2025-09-03 13:28:29.909,-518686,-563605,-580305,-552561,2,2,2,2
2025-09-03 13:28:29.937,-518639,-563506,-563809,-535811,2,2,2,2
2025-09-03 13:28:29.964,-518518,-563708,-563938,-552249,2,2,2,2
2025-09-03 13:28:29.990,-518531,-563480,-563949,-535986,2,2,2,2
2025-09-03 13:28:30.018,-518422,-580086,-563859,-535931,2,2,2,2
2025-09-03 13:28:30.046,-518630,-563582,-580123,-552441,2,2,2,2
2025-09-03 13:28:30.073,-518516,-579850,-563686,-535937,2,2,2,2
2025-09-03 13:28:30.100,-518631,-563576,-580117,-552440,2,2,2,2
2025-09-03 13:28:30.128,-518383,-563401,-563484,-552191,2,2,2,2
2025-09-03 13:28:30.155,-518762,-563734,-563920,-552572,2,2,2,2
2025-09-03 13:28:30.183,-518468,-563706,-580205,-552292,2,2,2,2
2025-09-03 13:28:30.211,-518434,-563706,-580150,-552300,2,2,2,2
2025-09-03 13:28:30.238,-518622,-563572,-580338,-552418,2,2,2,2
2025-09-03 13:28:30.265,-518874,-563837,-563948,-552607,2,2,2,2
2025-09-03 13:28:30.293,-518448,-563460,-580217,-552301,2,2,2,2
2025-09-03 13:28:30.321,-518727,-563693,-580127,-552465,2,2,2,2
2025-09-03 13:28:30.349,-518636,-563574,-571880,-552412,2,2,2,2
2025-09-03 13:28:30.377,-518673,-563677,-563717,-536063,2,2,2,2
2025-09-03 13:28:30.405,-518462,-563478,-580137,-552303,2,2,2,2
2025-09-03 13:28:30.432,-518670,-563686,-563950,-552431,2,2,2,2
2025-09-03 13:28:30.459,-518893,-580227,-563857,-544394,2,2,2,2
2025-09-03 13:28:30.486,-510602,-563764,-563845,-536117,2,2,2,2
2025-09-03 13:28:30.513,-518763,-580116,-564065,-536067,2,2,2,2
2025-09-03 13:28:30.541,-518633,-563607,-563696,-552394,2,2,2,2
2025-09-03 13:28:30.567,-518529,-563566,-580229,-552221,2,2,2,2
2025-09-03 13:28:30.595,-510489,-563731,-563744,-536050,2,2,2,2
2025-09-03 13:28:30.622,-518650,-563465,-580107,-552420,2,2,2,2
2025-09-03 13:28:30.649,-518458,-563587,-563657,-552292,2,2,2,2
2025-09-03 13:28:30.676,-518813,-563961,-563945,-552654,2,2,2,2
2025-09-03 13:28:30.703,-518381,-563458,-579841,-552081,2,2,2,2
2025-09-03 13:28:30.730,-518609,-563614,-580070,-552297,2,2,2,2
2025-09-03 13:28:30.757,-518457,-563567,-579974,-552206,2,2,2,2
2025-09-03 13:28:30.784,-518540,-563589,-563616,-552218,2,2,2,2
2025-09-03 13:28:30.811,-518424,-579846,-563813,-544152,2,2,2,2
2025-09-03 13:28:30.839,-518539,-563598,-571889,-552215,2,2,2,2
2025-09-03 13:28:30.866,-518510,-579961,-563845,-535812,2,2,2,2
2025-09-03 13:28:30.892,-518655,-563708,-571918,-552388,2,2,2,2
2025-09-03 13:28:30.921,-518431,-563557,-579958,-552175,2,2,2,2
2025-09-03 13:28:30.948,-518420,-563475,-563491,-552094,2,2,2,2
2025-09-03 13:28:30.975,-518641,-580067,-563709,-544122,2,2,2,2
2025-09-03 13:28:31.003,-518515,-571677,-563654,-552184,2,2,2,2
2025-09-03 13:28:31.030,-518469,-563464,-579964,-552165,2,2,2,2
2025-09-03 13:28:31.056,-518628,-563518,-563715,-535870,2,2,2,2
2025-09-03 13:28:31.084,-518643,-579987,-563726,-544098,2,2,2,2
2025-09-03 13:28:31.111,-518535,-563482,-571801,-552176,2,2,2,2
2025-09-03 13:28:31.139,-518543,-563476,-563941,-552440,2,2,2,2
2025-09-03 13:28:31.167,-518519,-571654,-563928,-552430,2,2,2,2
2025-09-03 13:28:31.194,-518654,-563596,-580160,-552298,2,2,2,2
2025-09-03 13:28:31.221,-518642,-563573,-580099,-552218,2,2,2,2
2025-09-03 13:28:31.248,-518773,-563692,-572028,-552409,2,2,2,2
2025-09-03 13:28:31.276,-518410,-563574,-580107,-552316,2,2,2,2
2025-09-03 13:28:31.302,-518522,-580033,-563844,-544246,2,2,2,2
2025-09-03 13:28:31.330,-518520,-563604,-572017,-552415,2,2,2,2
2025-09-03 13:28:31.357,-518522,-563660,-563828,-536005,2,2,2,2
2025-09-03 13:28:31.385,-518610,-563360,-579983,-552187,2,2,2,2
2025-09-03 13:28:31.412,-518404,-563441,-580034,-552203,2,2,2,2
2025-09-03 13:28:31.439,-518657,-580090,-563963,-544025,2,2,2,2
2025-09-03 13:28:31.467,-510233,-563473,-563731,-535855,2,2,2,2
2025-09-03 13:28:31.495,-518647,-571622,-563686,-552199,2,2,2,2
2025-09-03 13:28:31.522,-518298,-571511,-563510,-552087,2,2,2,2
2025-09-03 13:28:31.550,-518501,-563205,-571659,-551982,2,2,2,2
2025-09-03 13:28:31.578,-518894,-563585,-580243,-552352,2,2,2,2
2025-09-03 13:28:31.605,-510356,-563502,-563834,-536007,2,2,2,2
2025-09-03 13:28:31.632,-518815,-579890,-563835,-535949,2,2,2,2
2025-09-03 13:28:31.659,-510564,-563697,-563964,-535820,2,2,2,2
2025-09-03 13:28:31.686,-518854,-563474,-580194,-552316,2,2,2,2
2025-09-03 13:28:31.714,-518656,-580043,-563852,-536050,2,2,2,2
2025-09-03 13:28:31.742,-518452,-563460,-580109,-552312,2,2,2,2
2025-09-03 13:28:31.769,-518675,-580074,-563948,-535834,2,2,2,2
2025-09-03 13:28:31.796,-518721,-563704,-580336,-552292,2,2,2,2
2025-09-03 13:28:31.824,-518673,-563688,-563950,-552219,2,2,2,2
2025-09-03 13:28:31.851,-518684,-563701,-563967,-536180,2,2,2,2
2025-09-03 13:28:31.878,-510468,-563663,-563947,-536090,2,2,2,2
2025-09-03 13:28:31.906,-518678,-563703,-580350,-552308,2,2,2,2
2025-09-03 13:28:31.934,-518703,-563716,-580365,-552585,2,2,2,2
2025-09-03 13:28:31.961,-518897,-563566,-563774,-552452,2,2,2,2
2025-09-03 13:28:31.988,-518911,-563563,-580227,-552468,2,2,2,2
2025-09-03 13:28:32.016,-518898,-571746,-563764,-552462,2,2,2,2
2025-09-03 13:28:32.042,-510709,-563496,-563850,-552458,2,2,2,2
2025-09-03 13:28:32.070,-518814,-563480,-563827,-552433,2,2,2,2
2025-09-03 13:28:32.097,-518812,-563485,-563821,-552430,2,2,2,2
2025-09-03 13:28:32.124,-518669,-563609,-572061,-552224,2,2,2,2
2025-09-03 13:28:32.151,-510582,-563705,-563717,-535860,2,2,2,2
2025-09-03 13:28:32.178,-518853,-563469,-580345,-552305,2,2,2,2
2025-09-03 13:28:32.206,-518812,-571677,-563732,-552336,2,2,2,2
2025-09-03 13:28:32.233,-518675,-571794,-563919,-552465,2,2,2,2
2025-09-03 13:28:32.261,-518659,-563587,-580221,-552453,2,2,2,2
2025-09-03 13:28:32.288,-518658,-563587,-563846,-552451,2,2,2,2
2025-09-03 13:28:32.316,-518857,-563819,-572190,-552693,2,2,2,2
2025-09-03 13:28:32.343,-518785,-571654,-563968,-552335,2,2,2,2
2025-09-03 13:28:32.370,-518777,-563720,-563977,-552664,2,2,2,2
2025-09-03 13:28:32.397,-518816,-563832,-564084,-552703,2,2,2,2
2025-09-03 13:28:32.424,-518812,-579946,-563812,-544242,2,2,2,2
2025-09-03 13:28:32.452,-518852,-563715,-580374,-552677,2,2,2,2
2025-09-03 13:28:32.480,-510620,-563497,-563824,-552429,2,2,2,2
2025-09-03 13:28:32.507,-518797,-580112,-563993,-536220,2,2,2,2
2025-09-03 13:28:32.535,-518685,-563615,-580338,-552562,2,2,2,2
2025-09-03 13:28:32.562,-518617,-563482,-580166,-552426,2,2,2,2
2025-09-03 13:28:32.589,-518701,-563460,-580110,-552338,2,2,2,2
2025-09-03 13:28:32.617,-518894,-563571,-563838,-552459,2,2,2,2
2025-09-03 13:28:32.644,-518852,-563464,-580120,-552419,2,2,2,2
2025-09-03 13:28:32.672,-518760,-571778,-563942,-552309,2,2,2,2
2025-09-03 13:28:32.700,-518680,-563570,-580326,-552305,2,2,2,2
2025-09-03 13:28:32.728,-518785,-580041,-563732,-544237,2,2,2,2
2025-09-03 13:28:32.755,-518625,-563460,-563833,-535824,2,2,2,2
2025-09-03 13:28:32.782,-518557,-579792,-563816,-536052,2,2,2,2
2025-09-03 13:28:32.810,-518692,-563577,-580345,-552573,2,2,2,2
2025-09-03 13:28:32.837,-518659,-563485,-580297,-552223,2,2,2,2
2025-09-03 13:28:32.865,-518650,-563468,-563937,-535879,2,2,2,2
2025-09-03 13:28:32.892,-518774,-563587,-571935,-552414,2,2,2,2
2025-09-03 13:28:32.920,-510695,-563461,-563867,-552464,2,2,2,2
2025-09-03 13:28:32.948,-518796,-563672,-563832,-536051,2,2,2,2
2025-09-03 13:28:32.975,-518586,-563440,-580217,-552434,2,2,2,2
2025-09-03 13:28:33.003,-518882,-579842,-563852,-536058,2,2,2,2
2025-09-03 13:28:33.029,-518863,-563462,-572046,-552450,2,2,2,2
2025-09-03 13:28:33.056,-518896,-563729,-564121,-552456,2,2,2,2
2025-09-03 13:28:33.084,-518648,-563557,-580288,-552213,2,2,2,2
2025-09-03 13:28:33.111,-518906,-563485,-580235,-552469,2,2,2,2
2025-09-03 13:28:33.137,-518773,-580068,-563716,-544153,2,2,2,2
2025-09-03 13:28:33.165,-518892,-579910,-563827,-536090,2,2,2,2
2025-09-03 13:28:33.192,-518551,-571663,-563745,-552445,2,2,2,2
2025-09-03 13:28:33.220,-518813,-579898,-563812,-544251,2,2,2,2
2025-09-03 13:28:33.248,-518547,-579856,-563728,-544248,2,2,2,2
2025-09-03 13:28:33.276,-518778,-563462,-572158,-552430,2,2,2,2
2025-09-03 13:28:33.303,-518708,-563466,-563957,-552352,2,2,2,2
2025-09-03 13:28:33.330,-518793,-563559,-572158,-552438,2,2,2,2
2025-09-03 13:28:33.357,-518525,-563487,-563715,-552445,2,2,2,2
2025-09-03 13:28:33.384,-518626,-563592,-563745,-552221,2,2,2,2
2025-09-03 13:28:33.412,-518544,-563259,-563465,-535822,2,2,2,2
2025-09-03 13:28:33.439,-518428,-571673,-563673,-552347,2,2,2,2
2025-09-03 13:28:33.466,-518508,-571494,-563682,-552177,2,2,2,2
2025-09-03 13:28:33.493,-518649,-563698,-563753,-552311,2,2,2,2
2025-09-03 13:28:33.521,-518644,-563685,-580122,-552310,2,2,2,2
2025-09-03 13:28:33.548,-518419,-571403,-563506,-552084,2,2,2,2
2025-09-03 13:28:33.575,-518425,-563461,-571766,-552418,2,2,2,2
2025-09-03 13:28:33.601,-518615,-563587,-580089,-552211,2,2,2,2
2025-09-03 13:28:33.628,-518527,-579938,-563599,-544237,2,2,2,2
2025-09-03 13:28:33.654,-510355,-563649,-563681,-536060,2,2,2,2
2025-09-03 13:28:33.681,-518759,-579871,-563844,-544226,2,2,2,2
2025-09-03 13:28:33.709,-518584,-563592,-580081,-552207,2,2,2,2
2025-09-03 13:28:33.736,-518622,-563597,-580107,-552290,2,2,2,2
2025-09-03 13:28:33.764,-518529,-579967,-563709,-544011,2,2,2,2
2025-09-03 13:28:33.792,-518630,-563608,-580114,-552297,2,2,2,2
2025-09-03 13:28:33.819,-518677,-563458,-580242,-552346,2,2,2,2
2025-09-03 13:28:33.846,-518677,-563695,-563852,-535945,2,2,2,2
2025-09-03 13:28:33.873,-518833,-563554,-572160,-552446,2,2,2,2
2025-09-03 13:28:33.902,-518757,-563702,-563864,-536033,2,2,2,2
2025-09-03 13:28:33.929,-518884,-579893,-563731,-536087,2,2,2,2
2025-09-03 13:28:33.955,-518889,-563842,-563999,-552554,2,2,2,2
2025-09-03 13:28:33.981,-518763,-563711,-563866,-536263,2,2,2,2
2025-09-03 13:28:34.010,-518909,-571772,-563732,-552569,2,2,2,2
2025-09-03 13:28:34.036,-518932,-563922,-564074,-536213,2,2,2,2
2025-09-03 13:28:34.064,-518938,-580280,-564079,-536295,2,2,2,2
2025-09-03 13:28:34.092,-510710,-563753,-563974,-536182,2,2,2,2
2025-09-03 13:28:34.120,-518906,-563845,-563972,-552491,2,2,2,2
2025-09-03 13:28:34.147,-519028,-563957,-572285,-552930,2,2,2,2
2025-09-03 13:28:34.174,-518911,-563509,-563714,-536167,2,2,2,2
2025-09-03 13:28:34.201,-518679,-563601,-563749,-552574,2,2,2,2
2025-09-03 13:28:34.229,-518882,-563739,-563951,-536068,2,2,2,2
2025-09-03 13:28:34.256,-519011,-580329,-564075,-536196,2,2,2,2
2025-09-03 13:28:34.284,-518725,-563684,-572027,-552648,2,2,2,2
2025-09-03 13:28:34.311,-519021,-563957,-564161,-552589,2,2,2,2
2025-09-03 13:28:34.339,-518899,-563839,-580366,-552456,2,2,2,2
2025-09-03 13:28:34.366,-518948,-563955,-580475,-552568,2,2,2,2
2025-09-03 13:28:34.393,-518925,-563950,-580427,-552558,2,2,2,2
2025-09-03 13:28:34.420,-518913,-563947,-572258,-552725,2,2,2,2
2025-09-03 13:28:34.447,-519139,-563844,-580594,-552688,2,2,2,2
2025-09-03 13:28:34.474,-518673,-580085,-563832,-536170,2,2,2,2
2025-09-03 13:28:34.503,-510477,-563700,-563823,-536126,2,2,2,2
2025-09-03 13:28:34.531,-518912,-563692,-563757,-552550,2,2,2,2
2025-09-03 13:28:34.557,-518903,-563937,-580456,-552476,2,2,2,2
2025-09-03 13:28:34.585,-518917,-580336,-564091,-552556,2,2,2,2
2025-09-03 13:28:34.612,-518761,-563724,-563926,-552572,2,2,2,2
2025-09-03 13:28:34.640,-510702,-563676,-563810,-536090,2,2,2,2
2025-09-03 13:28:34.667,-518712,-563737,-580280,-552585,2,2,2,2
2025-09-03 13:28:34.694,-518895,-572045,-563981,-552466,2,2,2,2
2025-09-03 13:28:34.723,-518942,-563960,-564025,-552558,2,2,2,2
2025-09-03 13:28:34.750,-518795,-563492,-563949,-536000,2,2,2,2
2025-09-03 13:28:34.777,-518725,-563712,-580243,-552319,2,2,2,2
2025-09-03 13:28:34.804,-518944,-563946,-564097,-536185,2,2,2,2
2025-09-03 13:28:34.833,-518883,-572031,-563984,-552697,2,2,2,2
2025-09-03 13:28:34.861,-518657,-563616,-563906,-552472,2,2,2,2
2025-09-03 13:28:34.887,-510622,-563753,-564072,-552450,2,2,2,2
2025-09-03 13:28:34.915,-518902,-563859,-580551,-552478,2,2,2,2
2025-09-03 13:28:34.941,-518931,-572155,-564215,-552596,2,2,2,2
2025-09-03 13:28:34.968,-518791,-563765,-563999,-536313,2,2,2,2
2025-09-03 13:28:34.996,-518922,-563957,-580546,-552570,2,2,2,2
2025-09-03 13:28:35.023,-518910,-563681,-563865,-552512,2,2,2,2
2025-09-03 13:28:35.050,-518815,-563660,-563832,-536091,2,2,2,2
2025-09-03 13:28:35.077,-518866,-563860,-580471,-552460,2,2,2,2
2025-09-03 13:28:35.104,-518904,-580047,-563862,-544373,2,2,2,2
2025-09-03 13:28:35.130,-518859,-563831,-564005,-552699,2,2,2,2
2025-09-03 13:28:35.156,-518903,-571801,-563927,-552553,2,2,2,2
2025-09-03 13:28:35.184,-518675,-563709,-563949,-552653,2,2,2,2
2025-09-03 13:28:35.212,-518777,-571748,-563720,-552432,2,2,2,2
2025-09-03 13:28:35.239,-518677,-563463,-563955,-535987,2,2,2,2
2025-09-03 13:28:35.267,-518621,-563610,-580292,-552293,2,2,2,2
2025-09-03 13:28:35.294,-518431,-579906,-563736,-544236,2,2,2,2
2025-09-03 13:28:35.321,-518417,-563475,-563734,-552349,2,2,2,2
2025-09-03 13:28:35.348,-510227,-563464,-563738,-536022,2,2,2,2
2025-09-03 13:28:35.375,-518437,-563483,-563752,-552434,2,2,2,2
2025-09-03 13:28:35.402,-510308,-563481,-563830,-536036,2,2,2,2
2025-09-03 13:28:35.430,-518906,-563692,-563980,-552572,2,2,2,2
2025-09-03 13:28:35.457,-518766,-563485,-563847,-536056,2,2,2,2
2025-09-03 13:28:35.484,-518763,-563469,-563840,-536047,2,2,2,2
2025-09-03 13:28:35.511,-518713,-563742,-580496,-552451,2,2,2,2
2025-09-03 13:28:35.538,-518676,-580083,-563822,-544230,2,2,2,2
2025-09-03 13:28:35.564,-518910,-563684,-563984,-536243,2,2,2,2
2025-09-03 13:28:35.591,-518885,-580226,-564215,-536175,2,2,2,2
2025-09-03 13:28:35.619,-518457,-563470,-580243,-552211,2,2,2,2
2025-09-03 13:28:35.647,-518674,-580091,-563834,-544229,2,2,2,2
2025-09-03 13:28:35.674,-518901,-579975,-564068,-552578,2,2,2,2
2025-09-03 13:28:35.702,-518658,-563609,-563771,-552336,2,2,2,2
2025-09-03 13:28:35.729,-518638,-563317,-580126,-552297,2,2,2,2
2025-09-03 13:28:35.758,-518777,-580092,-563945,-536054,2,2,2,2
2025-09-03 13:28:35.785,-518850,-563710,-580335,-552440,2,2,2,2
2025-09-03 13:28:35.812,-518881,-579880,-563987,-536162,2,2,2,2
2025-09-03 13:28:35.839,-518763,-563692,-563938,-536011,2,2,2,2
2025-09-03 13:28:35.866,-518503,-563439,-563869,-536060,2,2,2,2
2025-09-03 13:28:35.894,-510359,-563504,-563826,-536019,2,2,2,2
2025-09-03 13:28:35.920,-518797,-563572,-564013,-552587,2,2,2,2
2025-09-03 13:28:35.947,-518846,-563598,-572307,-552685,2,2,2,2
2025-09-03 13:28:35.974,-518669,-563464,-572186,-552498,2,2,2,2
2025-09-03 13:28:36.002,-518839,-563613,-580588,-552458,2,2,2,2
2025-09-03 13:28:36.029,-518717,-563610,-580552,-552683,2,2,2,2
2025-09-03 13:28:36.056,-518756,-563661,-564111,-536206,2,2,2,2
2025-09-03 13:28:36.084,-518754,-580281,-564105,-544395,2,2,2,2
2025-09-03 13:28:36.111,-518671,-563929,-564105,-536183,2,2,2,2
2025-09-03 13:28:36.138,-518550,-563564,-564002,-552461,2,2,2,2
2025-09-03 13:28:36.166,-518552,-579973,-564082,-536077,2,2,2,2
2025-09-03 13:28:36.194,-518671,-571915,-563972,-552602,2,2,2,2
2025-09-03 13:28:36.222,-518881,-572138,-564196,-552570,2,2,2,2
2025-09-03 13:28:36.250,-518773,-580297,-564091,-536067,2,2,2,2
2025-09-03 13:28:36.277,-518675,-563829,-564012,-552689,2,2,2,2
2025-09-03 13:28:36.304,-518673,-572043,-564286,-552700,2,2,2,2
2025-09-03 13:28:36.332,-518452,-563690,-580499,-552468,2,2,2,2
2025-09-03 13:28:36.358,-518689,-563950,-580561,-552449,2,2,2,2
2025-09-03 13:28:36.385,-518776,-580148,-564216,-544371,2,2,2,2
2025-09-03 13:28:36.413,-518654,-563924,-564081,-536309,2,2,2,2
2025-09-03 13:28:36.440,-518644,-563952,-580470,-552693,2,2,2,2
2025-09-03 13:28:36.468,-518588,-563869,-572282,-552687,2,2,2,2
2025-09-03 13:28:36.494,-518681,-563819,-580601,-552480,2,2,2,2
2025-09-03 13:28:36.522,-518594,-563606,-580464,-552327,2,2,2,2
2025-09-03 13:28:36.549,-518720,-563835,-580633,-552556,2,2,2,2
2025-09-03 13:28:36.577,-518683,-563845,-564254,-552552,2,2,2,2
2025-09-03 13:28:36.604,-518671,-563928,-564322,-536175,2,2,2,2
2025-09-03 13:28:36.631,-518626,-580164,-564204,-544509,2,2,2,2
2025-09-03 13:28:36.658,-518720,-563940,-572520,-552502,2,2,2,2
2025-09-03 13:28:36.685,-518650,-580306,-563985,-536082,2,2,2,2
2025-09-03 13:28:36.713,-518650,-580337,-564065,-544287,2,2,2,2
2025-09-03 13:28:36.741,-518508,-571914,-564165,-552589,2,2,2,2
2025-09-03 13:28:36.769,-518373,-563581,-563962,-552207,2,2,2,2
2025-09-03 13:28:36.796,-518638,-563855,-580368,-552477,2,2,2,2
2025-09-03 13:28:36.823,-518646,-563867,-563978,-552549,2,2,2,2
2025-09-03 13:28:36.850,-518627,-580303,-564221,-536163,2,2,2,2
2025-09-03 13:28:36.877,-518522,-580154,-564120,-544244,2,2,2,2
2025-09-03 13:28:36.904,-518381,-563607,-572181,-552240,2,2,2,2
2025-09-03 13:28:36.931,-518446,-563726,-564190,-552435,2,2,2,2
2025-09-03 13:28:36.959,-518291,-579891,-563976,-535822,2,2,2,2
2025-09-03 13:28:36.986,-518290,-563580,-572181,-552227,2,2,2,2
2025-09-03 13:28:37.014,-518422,-580101,-564127,-544409,2,2,2,2
2025-09-03 13:28:37.041,-518280,-563588,-563994,-552207,2,2,2,2
2025-09-03 13:28:37.069,-510224,-563715,-564119,-536035,2,2,2,2
2025-09-03 13:28:37.096,-518626,-563855,-580399,-552553,2,2,2,2
2025-09-03 13:28:37.123,-518422,-563724,-580590,-552684,2,2,2,2
2025-09-03 13:28:37.150,-518555,-563921,-564329,-552496,2,2,2,2
2025-09-03 13:28:37.177,-518786,-564091,-564248,-552745,2,2,2,2
2025-09-03 13:28:37.204,-518601,-563848,-564266,-552581,2,2,2,2
2025-09-03 13:28:37.230,-518537,-572043,-564021,-552576,2,2,2,2
2025-09-03 13:28:37.258,-518556,-563866,-572550,-552659,2,2,2,2
2025-09-03 13:28:37.286,-510333,-563909,-564070,-536142,2,2,2,2
2025-09-03 13:28:37.312,-510317,-563751,-563985,-552485,2,2,2,2
2025-09-03 13:28:37.341,-518555,-563862,-564171,-552599,2,2,2,2
2025-09-03 13:28:37.368,-518647,-563957,-580506,-552691,2,2,2,2
2025-09-03 13:28:37.396,-518385,-563689,-572394,-552442,2,2,2,2
2025-09-03 13:28:37.423,-518648,-563871,-580558,-552697,2,2,2,2
2025-09-03 13:28:37.450,-518501,-563733,-563996,-536095,2,2,2,2
2025-09-03 13:28:37.476,-518675,-563976,-564248,-552729,2,2,2,2
2025-09-03 13:28:37.504,-518500,-580158,-564343,-536167,2,2,2,2
2025-09-03 13:28:37.531,-518559,-580232,-564209,-544487,2,2,2,2
2025-09-03 13:28:37.557,-518644,-563872,-580615,-552450,2,2,2,2
2025-09-03 13:28:37.584,-518526,-580175,-564367,-544408,2,2,2,2
2025-09-03 13:28:37.611,-518513,-563740,-572543,-552649,2,2,2,2
2025-09-03 13:28:37.639,-518408,-580345,-564325,-544373,2,2,2,2
2025-09-03 13:28:37.666,-518637,-572145,-564254,-552734,2,2,2,2
2025-09-03 13:28:37.693,-518555,-563871,-564243,-552731,2,2,2,2
2025-09-03 13:28:37.720,-518413,-563743,-564116,-552678,2,2,2,2
2025-09-03 13:28:37.745,-518418,-572005,-564443,-552601,2,2,2,2
2025-09-03 13:28:37.772,-518460,-563845,-580863,-552710,2,2,2,2
2025-09-03 13:28:37.798,-518548,-563954,-564249,-536389,2,2,2,2
2025-09-03 13:28:37.826,-518404,-563810,-564451,-552671,2,2,2,2
2025-09-03 13:28:37.855,-518525,-563921,-564253,-536141,2,2,2,2
2025-09-03 13:28:37.883,-518522,-563838,-572672,-552724,2,2,2,2
2025-09-03 13:28:37.910,-518442,-563834,-564224,-552478,2,2,2,2
2025-09-03 13:28:37.937,-518515,-563824,-564227,-552464,2,2,2,2
2025-09-03 13:28:37.964,-518549,-580336,-564347,-544396,2,2,2,2
2025-09-03 13:28:37.990,-518595,-563847,-580679,-552565,2,2,2,2
2025-09-03 13:28:38.017,-518369,-563711,-580529,-552674,2,2,2,2
2025-09-03 13:28:38.045,-518271,-563670,-564089,-536185,2,2,2,2
2025-09-03 13:28:38.072,-518158,-563487,-563993,-536115,2,2,2,2
2025-09-03 13:28:38.099,-518152,-563555,-580370,-552458,2,2,2,2
2025-09-03 13:28:38.127,-518292,-571908,-564196,-552683,2,2,2,2
2025-09-03 13:28:38.154,-518354,-563458,-580581,-552419,2,2,2,2
2025-09-03 13:28:38.182,-518095,-563571,-572163,-552205,2,2,2,2
2025-09-03 13:28:38.210,-518091,-563561,-572154,-552197,2,2,2,2
2025-09-03 13:28:38.238,-518095,-563452,-580273,-552419,2,2,2,2
2025-09-03 13:28:38.265,-509969,-563519,-564077,-552227,2,2,2,2
2025-09-03 13:28:38.293,-517995,-579823,-563854,-535945,2,2,2,2
2025-09-03 13:28:38.320,-517926,-563349,-580238,-552305,2,2,2,2
2025-09-03 13:28:38.347,-509711,-563397,-563821,-552226,2,2,2,2
2025-09-03 13:28:38.375,-518111,-563473,-580335,-552422,2,2,2,2
2025-09-03 13:28:38.403,-518265,-563611,-564026,-552309,2,2,2,2
2025-09-03 13:28:38.430,-518176,-563650,-564075,-536132,2,2,2,2
2025-09-03 13:28:38.458,-518091,-563480,-580361,-552446,2,2,2,2
2025-09-03 13:28:38.486,-518151,-563564,-580431,-552216,2,2,2,2
2025-09-03 13:28:38.514,-510201,-563474,-563984,-552450,2,2,2,2
2025-09-03 13:28:38.541,-518190,-563601,-580482,-552308,2,2,2,2
2025-09-03 13:28:38.568,-510060,-563666,-564092,-535937,2,2,2,2
2025-09-03 13:28:38.596,-518246,-563659,-564071,-535882,2,2,2,2
2025-09-03 13:28:38.624,-518130,-563485,-563955,-552439,2,2,2,2
2025-09-03 13:28:38.651,-518160,-563573,-580353,-552204,2,2,2,2
2025-09-03 13:28:38.678,-518037,-579835,-563744,-535960,2,2,2,2
2025-09-03 13:28:38.706,-518111,-563476,-580215,-552421,2,2,2,2
2025-09-03 13:28:38.732,-518114,-563469,-571926,-552412,2,2,2,2
2025-09-03 13:28:38.760,-518203,-563681,-580328,-552326,2,2,2,2
2025-09-03 13:28:38.787,-518183,-563603,-580507,-552567,2,2,2,2
2025-09-03 13:28:38.813,-518166,-563492,-563835,-535818,2,2,2,2
2025-09-03 13:28:38.841,-517911,-563404,-563851,-535881,2,2,2,2
2025-09-03 13:28:38.870,-518085,-563432,-580098,-552331,2,2,2,2
2025-09-03 13:28:38.896,-518246,-563606,-572135,-552244,2,2,2,2
2025-09-03 13:28:38.923,-510061,-563673,-563938,-552248,2,2,2,2
2025-09-03 13:28:38.950,-518198,-563602,-580542,-552560,2,2,2,2
2025-09-03 13:28:38.978,-509961,-563516,-564103,-536140,2,2,2,2
2025-09-03 13:28:39.005,-518127,-563473,-580125,-552200,2,2,2,2
2025-09-03 13:28:39.033,-518128,-579854,-563739,-544252,2,2,2,2
2025-09-03 13:28:39.061,-518185,-563607,-580242,-552304,2,2,2,2
2025-09-03 13:28:39.089,-518149,-563575,-572276,-552466,2,2,2,2
2025-09-03 13:28:39.117,-518163,-563649,-564085,-536129,2,2,2,2
2025-09-03 13:28:39.144,-518291,-563719,-563971,-536305,2,2,2,2
2025-09-03 13:28:39.170,-518023,-563459,-572160,-552435,2,2,2,2
2025-09-03 13:28:39.198,-518391,-563578,-580404,-552564,2,2,2,2
2025-09-03 13:28:39.225,-518157,-579972,-564092,-544411,2,2,2,2
2025-09-03 13:28:39.252,-518399,-579975,-564101,-544413,2,2,2,2
2025-09-03 13:28:39.279,-518139,-579712,-563826,-544149,2,2,2,2
2025-09-03 13:28:39.306,-518300,-579863,-563977,-544378,2,2,2,2
2025-09-03 13:28:39.334,-518043,-571641,-563699,-552293,2,2,2,2
2025-09-03 13:28:39.361,-518268,-563691,-564195,-536124,2,2,2,2
2025-09-03 13:28:39.389,-518339,-563705,-580300,-552549,2,2,2,2
2025-09-03 13:28:39.417,-518278,-563705,-580596,-552564,2,2,2,2
2025-09-03 13:28:39.444,-518253,-580087,-564195,-544360,2,2,2,2
2025-09-03 13:28:39.472,-518161,-563656,-564081,-536068,2,2,2,2
2025-09-03 13:28:39.498,-518126,-579958,-563814,-544243,2,2,2,2
2025-09-03 13:28:39.525,-518242,-580038,-564105,-536092,2,2,2,2
2025-09-03 13:28:39.553,-518301,-579866,-563968,-544379,2,2,2,2
2025-09-03 13:28:39.580,-518388,-579950,-563993,-544411,2,2,2,2
2025-09-03 13:28:39.609,-518161,-563594,-563764,-552438,2,2,2,2
2025-09-03 13:28:39.637,-518243,-563657,-564080,-536070,2,2,2,2
2025-09-03 13:28:39.665,-518371,-563462,-572147,-552646,2,2,2,2
2025-09-03 13:28:39.693,-518302,-563461,-563956,-552508,2,2,2,2
2025-09-03 13:28:39.720,-518169,-571770,-563758,-552443,2,2,2,2
2025-09-03 13:28:39.748,-518248,-571806,-564032,-552459,2,2,2,2
2025-09-03 13:28:39.775,-509828,-563460,-563941,-552242,2,2,2,2
2025-09-03 13:28:39.802,-518244,-580031,-563845,-536096,2,2,2,2
2025-09-03 13:28:39.829,-518168,-563581,-563836,-552464,2,2,2,2
2025-09-03 13:28:39.857,-517919,-563415,-563596,-552216,2,2,2,2
2025-09-03 13:28:39.884,-518157,-563591,-580176,-552457,2,2,2,2
2025-09-03 13:28:39.911,-518092,-563461,-580292,-552322,2,2,2,2
2025-09-03 13:28:39.938,-518089,-563218,-580099,-552338,2,2,2,2
2025-09-03 13:28:39.965,-518135,-563566,-563727,-552436,2,2,2,2
2025-09-03 13:28:39.993,-510190,-563492,-563979,-552679,2,2,2,2
2025-09-03 13:28:40.020,-518269,-580034,-563844,-544358,2,2,2,2
2025-09-03 13:28:40.048,-518146,-563568,-580345,-552436,2,2,2,2
2025-09-03 13:28:40.076,-509816,-563426,-563834,-552238,2,2,2,2
2025-09-03 13:28:40.103,-518265,-563688,-572020,-552493,2,2,2,2
2025-09-03 13:28:40.131,-509978,-563673,-563825,-536103,2,2,2,2
2025-09-03 13:28:40.157,-517915,-579725,-563823,-535906,2,2,2,2
2025-09-03 13:28:40.184,-518116,-579639,-563700,-535958,2,2,2,2
2025-09-03 13:28:40.211,-518272,-563702,-563855,-552504,2,2,2,2
2025-09-03 13:28:40.238,-518168,-563656,-563991,-536067,2,2,2,2
2025-09-03 13:28:40.265,-518388,-563476,-563951,-552665,2,2,2,2
2025-09-03 13:28:40.292,-518365,-563479,-580355,-552594,2,2,2,2
2025-09-03 13:28:40.318,-518100,-563437,-580324,-552297,2,2,2,2
2025-09-03 13:28:40.346,-518276,-563614,-564168,-552559,2,2,2,2
2025-09-03 13:28:40.373,-518273,-563699,-572049,-552506,2,2,2,2
2025-09-03 13:28:40.400,-518382,-563480,-563976,-552605,2,2,2,2
2025-09-03 13:28:40.427,-518263,-563692,-580226,-552484,2,2,2,2
2025-09-03 13:28:40.454,-518288,-563723,-564126,-552502,2,2,2,2
2025-09-03 13:28:40.481,-518207,-563600,-572013,-552456,2,2,2,2
2025-09-03 13:28:40.508,-518134,-571747,-563954,-552346,2,2,2,2
2025-09-03 13:28:40.536,-517945,-563444,-580290,-552293,2,2,2,2
2025-09-03 13:28:40.563,-518258,-563691,-580209,-552471,2,2,2,2
2025-09-03 13:28:40.591,-518044,-563222,-563679,-552321,2,2,2,2
2025-09-03 13:28:40.618,-518114,-563493,-563948,-535947,2,2,2,2
2025-09-03 13:28:40.645,-518173,-563694,-564076,-536073,2,2,2,2
2025-09-03 13:28:40.673,-518381,-563584,-563962,-552667,2,2,2,2
2025-09-03 13:28:40.700,-518144,-580021,-563728,-544246,2,2,2,2
2025-09-03 13:28:40.728,-518268,-563460,-563834,-552483,2,2,2,2
2025-09-03 13:28:40.755,-518176,-563690,-572001,-552467,2,2,2,2
2025-09-03 13:28:40.783,-518300,-571772,-563953,-552587,2,2,2,2
2025-09-03 13:28:40.810,-517899,-563430,-563737,-552440,2,2,2,2
2025-09-03 13:28:40.838,-517948,-563484,-580281,-552290,2,2,2,2
2025-09-03 13:28:40.867,-517905,-563207,-579981,-552202,2,2,2,2
2025-09-03 13:28:40.895,-517856,-563356,-579856,-552094,2,2,2,2
2025-09-03 13:28:40.922,-517908,-563212,-563597,-535867,2,2,2,2
2025-09-03 13:28:40.949,-518133,-571623,-563746,-552423,2,2,2,2
2025-09-03 13:28:40.976,-517896,-563204,-579969,-552193,2,2,2,2
2025-09-03 13:28:41.003,-517908,-563479,-580238,-552205,2,2,2,2
2025-09-03 13:28:41.029,-509939,-563704,-563824,-536060,2,2,2,2
2025-09-03 13:28:41.057,-509944,-563696,-563840,-552436,2,2,2,2
2025-09-03 13:28:41.085,-518141,-563462,-580244,-552198,2,2,2,2
2025-09-03 13:28:41.113,-518090,-563356,-580123,-552335,2,2,2,2
2025-09-03 13:28:41.139,-518150,-563486,-563865,-536073,2,2,2,2
2025-09-03 13:28:41.166,-518295,-563701,-572260,-552672,2,2,2,2
2025-09-03 13:28:41.193,-518304,-563709,-564000,-536257,2,2,2,2
2025-09-03 13:28:41.220,-518278,-580278,-563974,-536199,2,2,2,2
2025-09-03 13:28:41.248,-518164,-563733,-580487,-552452,2,2,2,2
2025-09-03 13:28:41.275,-518157,-563724,-572276,-552455,2,2,2,2
2025-09-03 13:28:41.302,-518378,-563942,-563969,-552655,2,2,2,2
2025-09-03 13:28:41.330,-518418,-580117,-564000,-544495,2,2,2,2
2025-09-03 13:28:41.357,-518396,-563966,-580353,-552596,2,2,2,2
2025-09-03 13:28:41.385,-518252,-563755,-564081,-536069,2,2,2,2
2025-09-03 13:28:41.413,-518271,-563844,-572287,-552465,2,2,2,2
2025-09-03 13:28:41.440,-518547,-563926,-564116,-536352,2,2,2,2
2025-09-03 13:28:41.468,-518597,-563843,-580387,-552710,2,2,2,2
2025-09-03 13:28:41.494,-518401,-563973,-564219,-552897,2,2,2,2
2025-09-03 13:28:41.521,-518454,-563812,-572179,-552663,2,2,2,2
2025-09-03 13:28:41.550,-518596,-563852,-580429,-552683,2,2,2,2
2025-09-03 13:28:41.578,-518527,-572316,-564268,-552943,2,2,2,2
2025-09-03 13:28:41.604,-518548,-563926,-564069,-536311,2,2,2,2
2025-09-03 13:28:41.630,-518402,-563963,-580486,-552727,2,2,2,2
2025-09-03 13:28:41.657,-518425,-563982,-564192,-552821,2,2,2,2
2025-09-03 13:28:41.685,-518548,-580276,-563993,-544501,2,2,2,2
2025-09-03 13:28:41.713,-518634,-564193,-580705,-552959,2,2,2,2
2025-09-03 13:28:41.741,-518503,-563726,-564185,-552562,2,2,2,2
2025-09-03 13:28:41.768,-518464,-564065,-580536,-552829,2,2,2,2
2025-09-03 13:28:41.796,-518646,-580534,-564234,-536557,2,2,2,2
2025-09-03 13:28:41.823,-518631,-564096,-580585,-552853,2,2,2,2
2025-09-03 13:28:41.851,-518885,-564086,-564447,-552851,2,2,2,2
2025-09-03 13:28:41.878,-518512,-563955,-564066,-536381,2,2,2,2
2025-09-03 13:28:41.906,-518598,-563960,-564021,-552467,2,2,2,2
2025-09-03 13:28:41.933,-518629,-563741,-580492,-552555,2,2,2,2
2025-09-03 13:28:41.961,-518519,-563957,-580383,-552708,2,2,2,2
2025-09-03 13:28:41.989,-518532,-563721,-580475,-552466,2,2,2,2
2025-09-03 13:28:42.016,-518537,-572158,-564164,-552730,2,2,2,2
2025-09-03 13:28:42.043,-510239,-563937,-563989,-536322,2,2,2,2
2025-09-03 13:28:42.070,-518304,-572012,-563933,-552570,2,2,2,2
2025-09-03 13:28:42.097,-518422,-572059,-563979,-552681,2,2,2,2
2025-09-03 13:28:42.125,-518423,-563860,-564220,-552667,2,2,2,2
2025-09-03 13:28:42.153,-518445,-563953,-580377,-552695,2,2,2,2
2025-09-03 13:28:42.180,-518505,-563953,-564224,-536311,2,2,2,2
2025-09-03 13:28:42.208,-518599,-563831,-580488,-552580,2,2,2,2
2025-09-03 13:28:42.236,-518464,-563964,-572170,-552698,2,2,2,2
2025-09-03 13:28:42.263,-518633,-564025,-564088,-536439,2,2,2,2
2025-09-03 13:28:42.290,-518813,-564070,-564336,-552749,2,2,2,2
2025-09-03 13:28:42.317,-518764,-580368,-564213,-544754,2,2,2,2
2025-09-03 13:28:42.345,-518667,-564198,-580495,-552834,2,2,2,2
2025-09-03 13:28:42.372,-518447,-563972,-580547,-552682,2,2,2,2
2025-09-03 13:28:42.399,-518685,-564198,-564183,-552861,2,2,2,2
2025-09-03 13:28:42.426,-518541,-563999,-580369,-552731,2,2,2,2
2025-09-03 13:28:42.453,-518504,-572129,-564187,-552676,2,2,2,2
2025-09-03 13:28:42.481,-518680,-572293,-564165,-552829,2,2,2,2
2025-09-03 13:28:42.508,-518598,-563870,-563930,-552686,2,2,2,2
2025-09-03 13:28:42.535,-518638,-563962,-580338,-552453,2,2,2,2
2025-09-03 13:28:42.562,-518649,-563977,-580353,-552716,2,2,2,2
2025-09-03 13:28:42.588,-518477,-563837,-572278,-552651,2,2,2,2
2025-09-03 13:28:42.616,-518544,-563864,-572307,-552663,2,2,2,2
2025-09-03 13:28:42.642,-518643,-563961,-563957,-552698,2,2,2,2
2025-09-03 13:28:42.669,-518554,-563864,-564193,-552605,2,2,2,2
2025-09-03 13:28:42.696,-518420,-563747,-563988,-536079,2,2,2,2
2025-09-03 13:28:42.724,-518537,-580308,-563851,-536191,2,2,2,2
2025-09-03 13:28:42.752,-518634,-563969,-572400,-552659,2,2,2,2
2025-09-03 13:28:42.779,-518526,-580321,-564115,-536190,2,2,2,2
2025-09-03 13:28:42.806,-518662,-564070,-580410,-552711,2,2,2,2
2025-09-03 13:28:42.834,-518727,-564094,-580473,-552728,2,2,2,2
2025-09-03 13:28:42.861,-518452,-563830,-580475,-552462,2,2,2,2
2025-09-03 13:28:42.888,-518647,-563987,-580382,-552698,2,2,2,2
2025-09-03 13:28:42.915,-518631,-580362,-563973,-536224,2,2,2,2
2025-09-03 13:28:42.942,-518688,-564094,-580478,-552730,2,2,2,2
2025-09-03 13:28:42.970,-518461,-563868,-580589,-552561,2,2,2,2
2025-09-03 13:28:42.997,-518518,-563919,-564203,-536137,2,2,2,2
2025-09-03 13:28:43.034,-518414,-580109,-564097,-544506,2,2,2,2
2025-09-03 13:28:43.052,-518785,-580469,-564204,-544637,2,2,2,2
2025-09-03 13:28:43.077,-518432,-563731,-580484,-552475,2,2,2,2
2025-09-03 13:28:43.104,-518660,-563951,-564068,-536331,2,2,2,2
2025-09-03 13:28:43.132,-510447,-563930,-563987,-552695,2,2,2,2
2025-09-03 13:28:43.159,-518807,-564031,-564218,-536514,2,2,2,2
2025-09-03 13:28:43.187,-518675,-580300,-564094,-544529,2,2,2,2
2025-09-03 13:28:43.214,-518887,-572295,-564236,-552938,2,2,2,2
2025-09-03 13:28:43.242,-518863,-563993,-580595,-552841,2,2,2,2
2025-09-03 13:28:43.268,-518704,-563958,-580485,-552735,2,2,2,2
2025-09-03 13:28:43.296,-518683,-563854,-564080,-552702,2,2,2,2
2025-09-03 13:28:43.322,-518672,-563847,-580474,-552703,2,2,2,2
2025-09-03 13:28:43.350,-518629,-580148,-563960,-544398,2,2,2,2
2025-09-03 13:28:43.377,-518415,-572044,-564017,-552453,2,2,2,2
2025-09-03 13:28:43.405,-518540,-563701,-563949,-536177,2,2,2,2
2025-09-03 13:28:43.434,-510444,-563725,-563984,-552647,2,2,2,2
2025-09-03 13:28:43.461,-518631,-563964,-580607,-552577,2,2,2,2
2025-09-03 13:28:43.489,-518647,-580101,-563969,-544390,2,2,2,2
2025-09-03 13:28:43.516,-518688,-580221,-564087,-544504,2,2,2,2
2025-09-03 13:28:43.543,-518544,-563870,-564203,-552470,2,2,2,2
2025-09-03 13:28:43.570,-518418,-580198,-563996,-544396,2,2,2,2
2025-09-03 13:28:43.598,-518770,-572014,-564019,-552687,2,2,2,2
2025-09-03 13:28:43.625,-518674,-563735,-563987,-536258,2,2,2,2
2025-09-03 13:28:43.652,-518900,-580295,-564193,-544634,2,2,2,2
2025-09-03 13:28:43.679,-518864,-563830,-564027,-552720,2,2,2,2
2025-09-03 13:28:43.706,-518665,-580290,-564206,-536467,2,2,2,2
2025-09-03 13:28:43.733,-518660,-563858,-564125,-552767,2,2,2,2
2025-09-03 13:28:43.761,-518754,-580345,-564207,-544668,2,2,2,2
2025-09-03 13:28:43.788,-518698,-563944,-580560,-552602,2,2,2,2
2025-09-03 13:28:43.817,-510607,-563960,-564241,-536572,2,2,2,2
2025-09-03 13:28:43.844,-519029,-564122,-572659,-552945,2,2,2,2
2025-09-03 13:28:43.871,-518509,-580028,-563966,-544505,2,2,2,2
2025-09-03 13:28:43.898,-518758,-572041,-564214,-552679,2,2,2,2
2025-09-03 13:28:43.926,-510570,-563906,-564203,-536284,2,2,2,2
2025-09-03 13:28:43.953,-510475,-563746,-564089,-536262,2,2,2,2
2025-09-03 13:28:43.980,-510484,-563748,-564106,-536382,2,2,2,2
2025-09-03 13:28:44.007,-518881,-580318,-563984,-536317,2,2,2,2
2025-09-03 13:28:44.035,-518664,-571914,-564002,-552736,2,2,2,2
2025-09-03 13:28:44.063,-518926,-580366,-564343,-544613,2,2,2,2
2025-09-03 13:28:44.090,-519147,-564197,-564245,-552966,2,2,2,2
2025-09-03 13:28:44.118,-518685,-563811,-572303,-552768,2,2,2,2
2025-09-03 13:28:44.146,-518679,-563819,-564177,-552836,2,2,2,2
2025-09-03 13:28:44.173,-518781,-563855,-572414,-552937,2,2,2,2
2025-09-03 13:28:44.200,-518845,-563950,-572185,-552708,2,2,2,2
2025-09-03 13:28:44.227,-518706,-563831,-580510,-552597,2,2,2,2
2025-09-03 13:28:44.255,-518678,-563739,-564099,-536433,2,2,2,2
2025-09-03 13:28:44.283,-518683,-563810,-564174,-552812,2,2,2,2
2025-09-03 13:28:44.311,-518778,-580225,-564203,-552833,2,2,2,2
2025-09-03 13:28:44.338,-518693,-563744,-580484,-552727,2,2,2,2
2025-09-03 13:28:44.364,-510616,-563919,-564218,-536527,2,2,2,2
2025-09-03 13:28:44.392,-518658,-563704,-580391,-552460,2,2,2,2
2025-09-03 13:28:44.419,-518902,-563925,-564233,-536521,2,2,2,2
2025-09-03 13:28:44.447,-518894,-580237,-564240,-544744,2,2,2,2
2025-09-03 13:28:44.473,-510594,-563740,-564115,-552768,2,2,2,2
2025-09-03 13:28:44.501,-518659,-563933,-563988,-536329,2,2,2,2
2025-09-03 13:28:44.529,-518760,-580087,-564078,-536168,2,2,2,2
2025-09-03 13:28:44.557,-518654,-580030,-563978,-536076,2,2,2,2
2025-09-03 13:28:44.585,-518710,-563714,-580470,-552558,2,2,2,2
2025-09-03 13:28:44.612,-518766,-563720,-564011,-552574,2,2,2,2
2025-09-03 13:28:44.639,-518685,-580083,-563983,-536172,2,2,2,2
2025-09-03 13:28:44.666,-518775,-580117,-564074,-536208,2,2,2,2
2025-09-03 13:28:44.693,-518668,-580295,-563975,-536417,2,2,2,2
2025-09-03 13:28:44.720,-518771,-563712,-563994,-552570,2,2,2,2
2025-09-03 13:28:44.747,-518684,-563949,-563978,-536394,2,2,2,2
2025-09-03 13:28:44.775,-518682,-563687,-572168,-552499,2,2,2,2
2025-09-03 13:28:44.803,-518810,-563761,-564127,-536299,2,2,2,2
2025-09-03 13:28:44.830,-518795,-572012,-564174,-552687,2,2,2,2
2025-09-03 13:28:44.858,-518883,-580234,-564128,-536343,2,2,2,2
2025-09-03 13:28:44.885,-518890,-572044,-564205,-552810,2,2,2,2
2025-09-03 13:28:44.913,-518604,-563572,-580231,-552452,2,2,2,2
2025-09-03 13:28:44.939,-510716,-563941,-564218,-536448,2,2,2,2
2025-09-03 13:28:44.966,-518663,-563728,-580382,-552929,2,2,2,2
2025-09-03 13:28:44.993,-518688,-563757,-564089,-536324,2,2,2,2
2025-09-03 13:28:45.020,-518720,-563823,-572286,-552708,2,2,2,2
2025-09-03 13:28:45.046,-518902,-563720,-580409,-552858,2,2,2,2
2025-09-03 13:28:45.073,-518907,-563744,-572183,-552936,2,2,2,2
2025-09-03 13:28:45.101,-518785,-580289,-564127,-544641,2,2,2,2
2025-09-03 13:28:45.128,-518760,-563938,-564120,-536433,2,2,2,2
2025-09-03 13:28:45.157,-518788,-572134,-563969,-552860,2,2,2,2
2025-09-03 13:28:45.186,-518913,-564082,-580732,-552980,2,2,2,2
2025-09-03 13:28:45.213,-510586,-563966,-564237,-536567,2,2,2,2
2025-09-03 13:28:45.241,-518708,-563964,-580404,-552947,2,2,2,2
2025-09-03 13:28:45.268,-518850,-563968,-580392,-552706,2,2,2,2
2025-09-03 13:28:45.297,-519131,-563992,-564288,-552990,2,2,2,2
2025-09-03 13:28:45.324,-518706,-563975,-580717,-552973,2,2,2,2
2025-09-03 13:28:45.353,-518700,-563979,-580710,-552969,2,2,2,2
2025-09-03 13:28:45.380,-518913,-564110,-580816,-553110,2,2,2,2
2025-09-03 13:28:45.407,-519138,-564093,-580799,-553087,2,2,2,2
2025-09-03 13:28:45.435,-510846,-563990,-564362,-536606,2,2,2,2
2025-09-03 13:28:45.462,-518887,-572304,-564471,-553102,2,2,2,2
2025-09-03 13:28:45.488,-519147,-564199,-580860,-553191,2,2,2,2
2025-09-03 13:28:45.515,-518973,-564094,-580753,-553103,2,2,2,2
2025-09-03 13:28:45.543,-518681,-580420,-564358,-553069,2,2,2,2
2025-09-03 13:28:45.570,-518774,-580479,-564383,-553110,2,2,2,2
2025-09-03 13:28:45.598,-518907,-563969,-564328,-552979,2,2,2,2
2025-09-03 13:28:45.626,-518921,-564072,-572545,-553004,2,2,2,2
2025-09-03 13:28:45.653,-518661,-563984,-572534,-552994,2,2,2,2
2025-09-03 13:28:45.681,-510731,-563993,-564354,-553012,2,2,2,2
2025-09-03 13:28:45.708,-518781,-580278,-564229,-544755,2,2,2,2
2025-09-03 13:28:45.735,-518870,-563954,-580705,-552980,2,2,2,2
2025-09-03 13:28:45.762,-510599,-563936,-564321,-536584,2,2,2,2
2025-09-03 13:28:45.790,-518690,-563845,-580609,-552945,2,2,2,2
2025-09-03 13:28:45.816,-518767,-580323,-564251,-552976,2,2,2,2
2025-09-03 13:28:45.844,-518761,-564123,-572515,-552970,2,2,2,2
2025-09-03 13:28:45.871,-518688,-572052,-564235,-552967,2,2,2,2
2025-09-03 13:28:45.899,-518668,-563847,-580594,-552963,2,2,2,2
2025-09-03 13:28:45.925,-510214,-563907,-564220,-536572,2,2,2,2
2025-09-03 13:28:45.952,-518411,-580238,-563981,-544762,2,2,2,2
2025-09-03 13:28:45.980,-518607,-563820,-580590,-552858,2,2,2,2
2025-09-03 13:28:46.007,-518430,-563663,-564065,-552722,2,2,2,2
2025-09-03 13:28:46.034,-518407,-580214,-563983,-544762,2,2,2,2
2025-09-03 13:28:46.061,-518478,-563871,-572276,-552741,2,2,2,2
2025-09-03 13:28:46.088,-518425,-563906,-563985,-536326,2,2,2,2
2025-09-03 13:28:46.116,-518605,-563721,-580488,-552829,2,2,2,2
2025-09-03 13:28:46.142,-518383,-579893,-563959,-536305,2,2,2,2
2025-09-03 13:28:46.169,-518639,-563835,-580589,-552861,2,2,2,2
2025-09-03 13:28:46.196,-510323,-563722,-564097,-536398,2,2,2,2
2025-09-03 13:28:46.223,-510226,-563964,-564069,-536353,2,2,2,2
2025-09-03 13:28:46.250,-518416,-563720,-580454,-552734,2,2,2,2
2025-09-03 13:28:46.278,-510324,-563746,-564105,-536382,2,2,2,2
2025-09-03 13:28:46.306,-518201,-563574,-580276,-552592,2,2,2,2
2025-09-03 13:28:46.333,-518403,-563710,-563968,-552702,2,2,2,2
2025-09-03 13:28:46.360,-510222,-563734,-564069,-552737,2,2,2,2
2025-09-03 13:28:46.387,-518369,-563693,-572141,-552691,2,2,2,2
2025-09-03 13:28:46.415,-518386,-580102,-563973,-544514,2,2,2,2
2025-09-03 13:28:46.443,-518382,-580083,-563961,-536307,2,2,2,2
2025-09-03 13:28:46.469,-518408,-563722,-563995,-536380,2,2,2,2
2025-09-03 13:28:46.497,-518511,-563847,-564169,-552850,2,2,2,2
2025-09-03 13:28:46.525,-510179,-563715,-563959,-536336,2,2,2,2
2025-09-03 13:28:46.554,-510329,-563950,-564126,-536517,2,2,2,2
2025-09-03 13:28:46.582,-510455,-563773,-563995,-536433,2,2,2,2
2025-09-03 13:28:46.608,-518545,-572016,-563979,-552722,2,2,2,2
2025-09-03 13:28:46.635,-518518,-580375,-564200,-536568,2,2,2,2
2025-09-03 13:28:46.661,-510446,-563947,-564092,-536513,2,2,2,2
2025-09-03 13:28:46.689,-518607,-563937,-572259,-552763,2,2,2,2
2025-09-03 13:28:46.717,-518406,-563953,-564086,-536460,2,2,2,2
2025-09-03 13:28:46.743,-518427,-580347,-564112,-544670,2,2,2,2
2025-09-03 13:28:46.771,-518418,-563713,-580471,-552856,2,2,2,2
2025-09-03 13:28:46.798,-518606,-563861,-572167,-552726,2,2,2,2
2025-09-03 13:28:46.826,-518374,-563855,-563963,-552737,2,2,2,2
2025-09-03 13:28:46.854,-518424,-572168,-564167,-552854,2,2,2,2
2025-09-03 13:28:46.880,-518608,-563862,-580368,-552827,2,2,2,2
2025-09-03 13:28:46.908,-518417,-563971,-572270,-552925,2,2,2,2
2025-09-03 13:28:46.936,-518641,-580278,-563988,-536455,2,2,2,2
2025-09-03 13:28:46.963,-518517,-580475,-564207,-553060,2,2,2,2
2025-09-03 13:28:46.990,-518548,-580256,-563997,-544655,2,2,2,2
2025-09-03 13:28:47.017,-518432,-580173,-564203,-544610,2,2,2,2
2025-09-03 13:28:47.043,-518656,-563976,-564028,-552965,2,2,2,2
2025-09-03 13:28:47.071,-518627,-572148,-564008,-552944,2,2,2,2
2025-09-03 13:28:47.098,-518419,-572264,-564178,-552988,2,2,2,2
2025-09-03 13:28:47.125,-518597,-563956,-580358,-552859,2,2,2,2
2025-09-03 13:28:47.153,-518641,-563999,-572286,-552971,2,2,2,2
2025-09-03 13:28:47.180,-518421,-572314,-564206,-553080,2,2,2,2
2025-09-03 13:28:47.207,-518418,-564112,-572394,-553016,2,2,2,2
2025-09-03 13:28:47.235,-518409,-563774,-564112,-536387,2,2,2,2
2025-09-03 13:28:47.262,-518392,-563834,-572299,-552733,2,2,2,2
2025-09-03 13:28:47.290,-518559,-580366,-564342,-536585,2,2,2,2
2025-09-03 13:28:47.316,-518420,-580540,-564200,-536709,2,2,2,2
2025-09-03 13:28:47.343,-518415,-563849,-580553,-552854,2,2,2,2
2025-09-03 13:28:47.371,-510319,-564190,-564225,-536782,2,2,2,2
2025-09-03 13:28:47.398,-518644,-564111,-580547,-553104,2,2,2,2
2025-09-03 13:28:47.425,-518710,-564120,-580610,-553191,2,2,2,2
2025-09-03 13:28:47.452,-518803,-564230,-564343,-536905,2,2,2,2
2025-09-03 13:28:47.479,-518424,-564114,-572411,-553206,2,2,2,2
2025-09-03 13:28:47.507,-518557,-564079,-564355,-553172,2,2,2,2
2025-09-03 13:28:47.534,-518650,-572292,-564452,-553201,2,2,2,2
2025-09-03 13:28:47.561,-518627,-564079,-580511,-553185,2,2,2,2
2025-09-03 13:28:47.589,-518626,-572269,-564184,-553115,2,2,2,2
2025-09-03 13:28:47.616,-518525,-563986,-564335,-536654,2,2,2,2
2025-09-03 13:28:47.643,-518432,-564204,-580615,-552975,2,2,2,2
2025-09-03 13:28:47.669,-518590,-564095,-572309,-553180,2,2,2,2
2025-09-03 13:28:47.698,-518656,-564197,-564220,-536829,2,2,2,2
2025-09-03 13:28:47.724,-518539,-564086,-564094,-553168,2,2,2,2
2025-09-03 13:28:47.750,-518645,-572398,-564206,-552965,2,2,2,2
2025-09-03 13:28:47.777,-518410,-563982,-580623,-553061,2,2,2,2
2025-09-03 13:28:47.805,-518410,-563978,-564220,-536635,2,2,2,2
2025-09-03 13:28:47.832,-518404,-563991,-564215,-536637,2,2,2,2
2025-09-03 13:28:47.859,-510330,-564164,-564323,-536706,2,2,2,2
2025-09-03 13:28:47.886,-518303,-563963,-564118,-536562,2,2,2,2
2025-09-03 13:28:47.913,-518415,-564006,-564220,-536636,2,2,2,2
2025-09-03 13:28:47.940,-518362,-563954,-580569,-552946,2,2,2,2
2025-09-03 13:28:47.967,-518379,-563988,-580603,-552956,2,2,2,2
2025-09-03 13:28:47.994,-518549,-564211,-564113,-553180,2,2,2,2
2025-09-03 13:28:48.021,-518264,-563967,-563919,-552856,2,2,2,2
2025-09-03 13:28:48.049,-518184,-563958,-580289,-552831,2,2,2,2
2025-09-03 13:28:48.076,-518455,-564207,-580475,-553009,2,2,2,2
2025-09-03 13:28:48.103,-518388,-563842,-580370,-552720,2,2,2,2
2025-09-03 13:28:48.130,-518124,-563771,-563715,-536330,2,2,2,2
2025-09-03 13:28:48.158,-518245,-563947,-563773,-552820,2,2,2,2
2025-09-03 13:28:48.186,-518283,-580193,-563959,-544666,2,2,2,2
2025-09-03 13:28:48.214,-518172,-563948,-580232,-552828,2,2,2,2
2025-09-03 13:28:48.241,-518154,-563930,-563828,-536383,2,2,2,2
2025-09-03 13:28:48.269,-517988,-580102,-563856,-536199,2,2,2,2
2025-09-03 13:28:48.295,-518147,-563856,-563836,-552732,2,2,2,2
2025-09-03 13:28:48.323,-518125,-563513,-563739,-552449,2,2,2,2
2025-09-03 13:28:48.351,-517951,-563683,-572063,-552473,2,2,2,2
2025-09-03 13:28:48.378,-518029,-580153,-563723,-544399,2,2,2,2
2025-09-03 13:28:48.406,-517989,-563704,-563871,-536095,2,2,2,2
2025-09-03 13:28:48.433,-518048,-572027,-563745,-552674,2,2,2,2
2025-09-03 13:28:48.461,-517905,-563680,-563848,-536079,2,2,2,2
2025-09-03 13:28:48.488,-518144,-563863,-563770,-552716,2,2,2,2
2025-09-03 13:28:48.516,-518197,-563958,-572300,-552959,2,2,2,2
2025-09-03 13:28:48.543,-518166,-563951,-563752,-552718,2,2,2,2
2025-09-03 13:28:48.570,-518288,-563827,-563943,-552834,2,2,2,2
2025-09-03 13:28:48.598,-518139,-563689,-580127,-552449,2,2,2,2
2025-09-03 13:28:48.625,-518039,-563824,-563942,-552578,2,2,2,2
2025-09-03 13:28:48.652,-518141,-563956,-563733,-552686,2,2,2,2
2025-09-03 13:28:48.680,-518377,-563856,-580341,-552834,2,2,2,2
2025-09-03 13:28:48.707,-518254,-571927,-563763,-552723,2,2,2,2
2025-09-03 13:28:48.735,-518220,-563738,-572025,-552707,2,2,2,2
2025-09-03 13:28:48.762,-509842,-563775,-563859,-536107,2,2,2,2
2025-09-03 13:28:48.790,-518081,-563734,-580139,-552692,2,2,2,2
2025-09-03 13:28:48.817,-518148,-580282,-563866,-544374,2,2,2,2
2025-09-03 13:28:48.844,-518095,-563734,-580126,-552684,2,2,2,2
2025-09-03 13:28:48.871,-518262,-580348,-563953,-544390,2,2,2,2
2025-09-03 13:28:48.898,-518242,-580299,-563941,-544633,2,2,2,2
2025-09-03 13:28:48.925,-518387,-563834,-572023,-552693,2,2,2,2
2025-09-03 13:28:48.953,-518385,-564085,-580468,-552952,2,2,2,2
2025-09-03 13:28:48.980,-518265,-563954,-563937,-552754,2,2,2,2
2025-09-03 13:28:49.008,-518408,-564093,-564069,-552950,2,2,2,2
2025-09-03 13:28:49.035,-518241,-580230,-563820,-544515,2,2,2,2
2025-09-03 13:28:49.062,-518251,-563845,-563820,-552707,2,2,2,2
2025-09-03 13:28:49.090,-518533,-564110,-564123,-552748,2,2,2,2
2025-09-03 13:28:49.117,-518524,-580465,-564085,-536345,2,2,2,2
2025-09-03 13:28:49.145,-518377,-580340,-563959,-544659,2,2,2,2
2025-09-03 13:28:49.173,-518248,-580210,-563826,-544511,2,2,2,2
2025-09-03 13:28:49.200,-518251,-563814,-563826,-552710,2,2,2,2
2025-09-03 13:28:49.228,-518525,-564092,-564025,-552729,2,2,2,2
2025-09-03 13:28:49.254,-518525,-564073,-564026,-552716,2,2,2,2
2025-09-03 13:28:49.282,-518403,-572133,-563946,-552832,2,2,2,2
2025-09-03 13:28:49.309,-518515,-563990,-564079,-536322,2,2,2,2
2025-09-03 13:28:49.336,-518339,-563731,-563760,-552453,2,2,2,2
2025-09-03 13:28:49.364,-518383,-563831,-572046,-552489,2,2,2,2
2025-09-03 13:28:49.392,-518192,-563705,-580112,-552679,2,2,2,2
2025-09-03 13:28:49.420,-518287,-563725,-563740,-536312,2,2,2,2
2025-09-03 13:28:49.446,-518292,-580149,-563742,-536315,2,2,2,2
2025-09-03 13:28:49.473,-518522,-563963,-563972,-552857,2,2,2,2
2025-09-03 13:28:49.500,-518271,-580333,-563960,-536211,2,2,2,2
2025-09-03 13:28:49.528,-518296,-572155,-563737,-552678,2,2,2,2
2025-09-03 13:28:49.556,-518520,-580235,-563949,-544642,2,2,2,2
2025-09-03 13:28:49.583,-518416,-563810,-563851,-552728,2,2,2,2
2025-09-03 13:28:49.610,-518640,-563969,-564071,-536570,2,2,2,2
2025-09-03 13:28:49.637,-518463,-563850,-580303,-552841,2,2,2,2
2025-09-03 13:28:49.665,-518560,-563948,-563982,-552937,2,2,2,2
2025-09-03 13:28:49.692,-518250,-580233,-563942,-552577,2,2,2,2
2025-09-03 13:28:49.718,-518406,-580149,-563843,-544542,2,2,2,2
2025-09-03 13:28:49.746,-518536,-563910,-563966,-536463,2,2,2,2
2025-09-03 13:28:49.773,-518267,-572039,-563968,-552596,2,2,2,2
2025-09-03 13:28:49.801,-518533,-580232,-563958,-544653,2,2,2,2
2025-09-03 13:28:49.830,-518284,-563917,-563956,-536223,2,2,2,2
2025-09-03 13:28:49.856,-518539,-563861,-580342,-552933,2,2,2,2
2025-09-03 13:28:49.883,-518275,-580223,-563866,-536195,2,2,2,2
2025-09-03 13:28:49.911,-518639,-563950,-563986,-552706,2,2,2,2
2025-09-03 13:28:49.939,-518439,-563818,-580230,-552813,2,2,2,2
2025-09-03 13:28:49.967,-518417,-580114,-563836,-536429,2,2,2,2
2025-09-03 13:28:49.994,-510205,-563716,-563743,-552716,2,2,2,2
2025-09-03 13:28:50.021,-510085,-563908,-563868,-536274,2,2,2,2
2025-09-03 13:28:50.049,-518539,-563859,-572131,-552931,2,2,2,2
2025-09-03 13:28:50.075,-518358,-563868,-563954,-552681,2,2,2,2
2025-09-03 13:28:50.102,-518533,-580230,-563942,-544653,2,2,2,2
2025-09-03 13:28:50.129,-518498,-580402,-564099,-536417,2,2,2,2
2025-09-03 13:28:50.158,-518370,-563844,-580343,-552585,2,2,2,2
2025-09-03 13:28:50.184,-518351,-563849,-571905,-552662,2,2,2,2
2025-09-03 13:28:50.212,-518558,-580213,-563945,-544639,2,2,2,2
2025-09-03 13:28:50.240,-518364,-563744,-580323,-552555,2,2,2,2
2025-09-03 13:28:50.267,-518596,-563719,-580300,-552721,2,2,2,2
2025-09-03 13:28:50.295,-518650,-572026,-563965,-552847,2,2,2,2
2025-09-03 13:28:50.322,-518644,-563772,-563966,-536459,2,2,2,2
2025-09-03 13:28:50.350,-518541,-563973,-572300,-552712,2,2,2,2
2025-09-03 13:28:50.378,-518500,-580311,-563819,-536292,2,2,2,2
2025-09-03 13:28:50.406,-518264,-580088,-563832,-536318,2,2,2,2
2025-09-03 13:28:50.433,-518515,-563871,-563749,-552698,2,2,2,2
2025-09-03 13:28:50.460,-510205,-563734,-563939,-536109,2,2,2,2
2025-09-03 13:28:50.487,-518285,-580056,-563829,-536315,2,2,2,2
2025-09-03 13:28:50.515,-518462,-563827,-580103,-552601,2,2,2,2
2025-09-03 13:28:50.544,-518645,-563957,-563774,-552728,2,2,2,2
2025-09-03 13:28:50.571,-518455,-563845,-563726,-552601,2,2,2,2
2025-09-03 13:28:50.598,-518527,-572132,-563743,-552673,2,2,2,2
2025-09-03 13:28:50.625,-518393,-563726,-580227,-552468,2,2,2,2
2025-09-03 13:28:50.652,-518521,-563857,-563735,-552688,2,2,2,2
2025-09-03 13:28:50.681,-518443,-563845,-580368,-552863,2,2,2,2
2025-09-03 13:28:50.708,-518581,-563949,-580230,-552708,2,2,2,2
2025-09-03 13:28:50.736,-518536,-563862,-564017,-552935,2,2,2,2
2025-09-03 13:28:50.763,-518552,-580346,-564104,-544517,2,2,2,2
2025-09-03 13:28:50.790,-518758,-564165,-563999,-536465,2,2,2,2
2025-09-03 13:28:50.817,-518768,-564161,-563990,-536463,2,2,2,2
2025-09-03 13:28:50.845,-510231,-563747,-563949,-536359,2,2,2,2
2025-09-03 13:28:50.873,-518631,-563942,-580221,-552682,2,2,2,2
2025-09-03 13:28:50.901,-518557,-572053,-563999,-552863,2,2,2,2
2025-09-03 13:28:50.928,-518427,-571912,-563936,-552717,2,2,2,2
2025-09-03 13:28:50.955,-510337,-563776,-563984,-536456,2,2,2,2
2025-09-03 13:28:50.982,-518655,-580341,-563846,-536322,2,2,2,2
2025-09-03 13:28:51.009,-518627,-563872,-580483,-552945,2,2,2,2
2025-09-03 13:28:51.036,-518450,-563831,-580371,-552828,2,2,2,2
2025-09-03 13:28:51.064,-518418,-563718,-580334,-552805,2,2,2,2
2025-09-03 13:28:51.091,-518666,-564224,-564194,-552978,2,2,2,2
2025-09-03 13:28:51.119,-518897,-564216,-580509,-552962,2,2,2,2
2025-09-03 13:28:51.147,-518686,-580407,-564224,-544526,2,2,2,2
2025-09-03 13:28:51.174,-510215,-563949,-563951,-552714,2,2,2,2
2025-09-03 13:28:51.201,-518500,-563811,-563973,-552802,2,2,2,2
2025-09-03 13:28:51.229,-518641,-563954,-564189,-552946,2,2,2,2
2025-09-03 13:28:51.256,-518626,-572049,-563905,-552673,2,2,2,2
2025-09-03 13:28:51.283,-518464,-563708,-580339,-552459,2,2,2,2
2025-09-03 13:28:51.310,-518559,-572048,-563775,-552593,2,2,2,2
2025-09-03 13:28:51.337,-518665,-563944,-564199,-536525,2,2,2,2
2025-09-03 13:28:51.364,-518451,-563737,-580361,-552729,2,2,2,2
2025-09-03 13:28:51.391,-518641,-563851,-580279,-552601,2,2,2,2
2025-09-03 13:28:51.418,-518691,-563963,-580362,-552717,2,2,2,2
2025-09-03 13:28:51.445,-518461,-563726,-580381,-552808,2,2,2,2
2025-09-03 13:28:51.472,-518453,-563960,-563976,-552730,2,2,2,2
2025-09-03 13:28:51.499,-518427,-580299,-563964,-536330,2,2,2,2
2025-09-03 13:28:51.527,-518531,-563720,-563990,-536381,2,2,2,2
2025-09-03 13:28:51.554,-518415,-563843,-580274,-552603,2,2,2,2
2025-09-03 13:28:51.581,-518533,-563938,-563962,-552700,2,2,2,2
2025-09-03 13:28:51.609,-518889,-563976,-580457,-552719,2,2,2,2
2025-09-03 13:28:51.635,-518771,-580228,-564126,-544658,2,2,2,2
2025-09-03 13:28:51.663,-518648,-563730,-580198,-552465,2,2,2,2
2025-09-03 13:28:51.691,-510233,-563491,-563840,-552498,2,2,2,2
2025-09-03 13:28:51.719,-518900,-563972,-564004,-552711,2,2,2,2
2025-09-03 13:28:51.747,-518593,-563832,-580301,-552590,2,2,2,2
2025-09-03 13:28:51.774,-518411,-563727,-563835,-536115,2,2,2,2
2025-09-03 13:28:51.802,-518418,-580152,-563853,-536169,2,2,2,2
2025-09-03 13:28:51.828,-518724,-563736,-580504,-552836,2,2,2,2
2025-09-03 13:28:51.855,-518849,-563818,-580595,-552849,2,2,2,2
2025-09-03 13:28:51.883,-518698,-563740,-580579,-552826,2,2,2,2
2025-09-03 13:28:51.911,-518772,-580131,-564223,-536470,2,2,2,2
2025-09-03 13:28:51.937,-518554,-572045,-564002,-552681,2,2,2,2
2025-09-03 13:28:51.965,-518646,-580291,-564085,-544503,2,2,2,2
2025-09-03 13:28:51.991,-518837,-563848,-572190,-552930,2,2,2,2
2025-09-03 13:28:52.018,-518604,-563841,-580381,-552665,2,2,2,2
2025-09-03 13:28:52.046,-518507,-563737,-563968,-552561,2,2,2,2
2025-09-03 13:28:52.073,-518635,-579985,-563831,-544485,2,2,2,2
2025-09-03 13:28:52.101,-518416,-580048,-563868,-544262,2,2,2,2
2025-09-03 13:28:52.129,-518396,-563692,-580301,-552445,2,2,2,2
2025-09-03 13:28:52.156,-518404,-563709,-563936,-552699,2,2,2,2
2025-09-03 13:28:52.184,-518528,-563564,-563739,-552494,2,2,2,2
2025-09-03 13:28:52.211,-518392,-563690,-572051,-552408,2,2,2,2
2025-09-03 13:28:52.238,-518639,-563689,-572035,-552644,2,2,2,2
2025-09-03 13:28:52.265,-518593,-563603,-572009,-552489,2,2,2,2
2025-09-03 13:28:52.293,-518260,-579879,-563697,-536061,2,2,2,2
2025-09-03 13:28:52.319,-518408,-563699,-563838,-536206,2,2,2,2
2025-09-03 13:28:52.347,-518518,-563742,-563944,-536318,2,2,2,2
2025-09-03 13:28:52.374,-518401,-563696,-563836,-536244,2,2,2,2
2025-09-03 13:28:52.400,-518411,-563706,-580235,-552602,2,2,2,2
2025-09-03 13:28:52.429,-518427,-563743,-580287,-552684,2,2,2,2
2025-09-03 13:28:52.458,-518662,-563954,-580463,-552582,2,2,2,2
2025-09-03 13:28:52.486,-510323,-563746,-563937,-552697,2,2,2,2
2025-09-03 13:28:52.512,-518410,-563711,-580152,-552599,2,2,2,2
2025-09-03 13:28:52.537,-518633,-563610,-580109,-552556,2,2,2,2
2025-09-03 13:28:52.564,-518549,-563908,-563949,-536128,2,2,2,2
2025-09-03 13:28:52.591,-518691,-563726,-580481,-552700,2,2,2,2
2025-09-03 13:28:52.617,-518795,-563820,-564122,-552726,2,2,2,2
2025-09-03 13:28:52.645,-518680,-580334,-563983,-544657,2,2,2,2
2025-09-03 13:28:52.673,-510484,-563959,-563995,-536534,2,2,2,2
2025-09-03 13:28:52.700,-518661,-563943,-580381,-552568,2,2,2,2
2025-09-03 13:28:52.726,-518862,-563825,-580540,-552705,2,2,2,2
2025-09-03 13:28:52.753,-518659,-563872,-580374,-552818,2,2,2,2
2025-09-03 13:28:52.780,-518900,-563861,-580360,-552805,2,2,2,2
2025-09-03 13:28:52.808,-518907,-564208,-564249,-536447,2,2,2,2
2025-09-03 13:28:52.834,-518852,-564197,-580612,-552743,2,2,2,2
2025-09-03 13:28:52.863,-518698,-563830,-580556,-552700,2,2,2,2
2025-09-03 13:28:52.891,-518868,-563937,-580599,-552813,2,2,2,2
2025-09-03 13:28:52.917,-518718,-564083,-572289,-552954,2,2,2,2
2025-09-03 13:28:52.944,-518669,-564087,-572289,-552956,2,2,2,2
2025-09-03 13:28:52.971,-518708,-564126,-580591,-552808,2,2,2,2
2025-09-03 13:28:52.999,-518891,-580421,-564354,-544749,2,2,2,2
2025-09-03 13:28:53.026,-518671,-564094,-580512,-552715,2,2,2,2
2025-09-03 13:28:53.054,-518672,-563833,-564206,-552715,2,2,2,2
2025-09-03 13:28:53.081,-518912,-564085,-580588,-552721,2,2,2,2
2025-09-03 13:28:53.109,-518880,-563985,-564425,-552957,2,2,2,2
2025-09-03 13:28:53.135,-510476,-564164,-564232,-552756,2,2,2,2
2025-09-03 13:28:53.163,-510564,-563948,-564077,-536550,2,2,2,2
2025-09-03 13:28:53.190,-518658,-564175,-564232,-536452,2,2,2,2
2025-09-03 13:28:53.217,-518755,-563954,-564016,-552953,2,2,2,2
2025-09-03 13:28:53.245,-518627,-563825,-564217,-552757,2,2,2,2
2025-09-03 13:28:53.272,-518808,-564072,-564221,-552825,2,2,2,2
2025-09-03 13:28:53.299,-518911,-564185,-564340,-536464,2,2,2,2
2025-09-03 13:28:53.326,-518867,-564070,-580620,-553073,2,2,2,2
2025-09-03 13:28:53.354,-518773,-563990,-564200,-536334,2,2,2,2
2025-09-03 13:28:53.381,-518616,-563846,-580377,-552820,2,2,2,2
2025-09-03 13:28:53.409,-518645,-563942,-580529,-552934,2,2,2,2
2025-09-03 13:28:53.437,-510450,-563946,-564122,-552688,2,2,2,2
2025-09-03 13:28:53.463,-510327,-563767,-564091,-536513,2,2,2,2
2025-09-03 13:28:53.491,-518656,-580341,-564221,-536326,2,2,2,2
2025-09-03 13:28:53.518,-518701,-564074,-580722,-552801,2,2,2,2
2025-09-03 13:28:53.546,-518682,-580393,-564337,-536418,2,2,2,2
2025-09-03 13:28:53.572,-518762,-580426,-564349,-536351,2,2,2,2
2025-09-03 13:28:53.600,-518604,-563860,-580615,-552859,2,2,2,2
2025-09-03 13:28:53.627,-518676,-564076,-564442,-552806,2,2,2,2
2025-09-03 13:28:53.654,-518885,-563981,-564339,-536580,2,2,2,2
2025-09-03 13:28:53.682,-518779,-564207,-572424,-552927,2,2,2,2
2025-09-03 13:28:53.708,-518415,-563860,-564201,-552837,2,2,2,2
2025-09-03 13:28:53.735,-518646,-564071,-580739,-552806,2,2,2,2
2025-09-03 13:28:53.762,-518659,-564082,-580822,-552825,2,2,2,2
2025-09-03 13:28:53.789,-518878,-563978,-580722,-552979,2,2,2,2
2025-09-03 13:28:53.816,-518866,-563979,-580710,-552968,2,2,2,2
2025-09-03 13:28:53.843,-518527,-563946,-563997,-536341,2,2,2,2
2025-09-03 13:28:53.871,-518781,-580365,-564256,-552989,2,2,2,2
2025-09-03 13:28:53.899,-510440,-563995,-564359,-536513,2,2,2,2
2025-09-03 13:28:53.927,-518510,-580302,-563992,-544524,2,2,2,2
2025-09-03 13:28:53.954,-518526,-572160,-563982,-552720,2,2,2,2
2025-09-03 13:28:53.982,-518640,-563819,-580547,-552840,2,2,2,2
2025-09-03 13:28:54.008,-518382,-563840,-564165,-552589,2,2,2,2
2025-09-03 13:28:54.035,-518527,-580414,-564327,-544614,2,2,2,2
2025-09-03 13:28:54.062,-518651,-580317,-564128,-536563,2,2,2,2
2025-09-03 13:28:54.089,-518472,-563722,-572167,-552730,2,2,2,2
2025-09-03 13:28:54.116,-518466,-564065,-572435,-552718,2,2,2,2
2025-09-03 13:28:54.143,-518409,-563984,-564230,-552955,2,2,2,2
2025-09-03 13:28:54.170,-518609,-563871,-580507,-552853,2,2,2,2
2025-09-03 13:28:54.197,-509974,-563760,-563992,-552476,2,2,2,2
2025-09-03 13:28:54.225,-518510,-580534,-564328,-544618,2,2,2,2
2025-09-03 13:28:54.252,-518405,-564094,-580605,-552713,2,2,2,2
2025-09-03 13:28:54.279,-518409,-563865,-563983,-552728,2,2,2,2
2025-09-03 13:28:54.305,-518182,-563950,-580456,-552575,2,2,2,2
2025-09-03 13:28:54.333,-518282,-563735,-564188,-552674,2,2,2,2
2025-09-03 13:28:54.360,-518270,-571928,-563937,-552681,2,2,2,2
2025-09-03 13:28:54.388,-518124,-563598,-580103,-552471,2,2,2,2
2025-09-03 13:28:54.414,-510101,-563769,-563961,-552462,2,2,2,2
2025-09-03 13:28:54.442,-518274,-563740,-563939,-536309,2,2,2,2
2025-09-03 13:28:54.469,-518278,-563812,-564193,-552710,2,2,2,2
