Timestamp,Ch1,Ch2,Ch3,Ch4,Ch5,Ch6,Ch7,Ch8
2025-08-21 11:55:16.832,-394033,-425376,-427504,-431840,2,2,2,2
2025-08-21 11:55:16.833,-393998,-425441,-427500,-431773,2,2,2,2
2025-08-21 11:55:16.834,-393996,-425437,-427501,-448188,2,2,2,2
2025-08-21 11:55:16.834,-393975,-425416,-427417,-431814,2,2,2,2
2025-08-21 11:55:16.835,-393961,-425337,-427468,-431735,2,2,2,2
2025-08-21 11:55:16.836,-393954,-408883,-427399,-448116,2,2,2,2
2025-08-21 11:55:16.837,-393913,-425324,-443775,-431726,2,2,2,2
2025-08-21 11:55:16.837,-393962,-425274,-427400,-431680,2,2,2,2
2025-08-21 11:55:16.838,-393971,-425348,-443855,-431749,2,2,2,2
2025-08-21 11:55:16.839,-393981,-425359,-427482,-431761,2,2,2,2
2025-08-21 11:55:16.840,-393991,-425432,-427491,-448156,2,2,2,2
2025-08-21 11:55:16.841,-394001,-425374,-443882,-431842,2,2,2,2
2025-08-21 11:55:16.842,-394097,-425471,-427271,-431874,2,2,2,2
2025-08-21 11:55:16.843,-394182,-425490,-427288,-431893,2,2,2,2
2025-08-21 11:55:16.843,-394127,-425500,-427361,-448354,2,2,2,2
2025-08-21 11:55:16.844,-394195,-425569,-443745,-431971,2,2,2,2
2025-08-21 11:55:16.845,-394191,-425502,-443706,-431901,2,2,2,2
2025-08-21 11:55:16.846,-394124,-409114,-427287,-440088,2,2,2,2
2025-08-21 11:55:16.846,-394133,-425571,-427294,-431904,2,2,2,2
2025-08-21 11:55:16.847,-394177,-425581,-427370,-431914,2,2,2,2
2025-08-21 11:55:16.848,-394219,-425528,-427382,-448373,2,2,2,2
2025-08-21 11:55:16.849,-394218,-425590,-443769,-431988,2,2,2,2
2025-08-21 11:55:16.850,-394226,-409215,-427393,-440190,2,2,2,2
2025-08-21 11:55:16.851,-394217,-425594,-427383,-431926,2,2,2,2
2025-08-21 11:55:16.852,-394188,-425594,-427382,-431924,2,2,2,2
2025-08-21 11:55:16.852,-394234,-425607,-427459,-432004,2,2,2,2
2025-08-21 11:55:16.853,-394232,-425668,-427390,-448390,2,2,2,2
2025-08-21 11:55:16.854,-394217,-425588,-443761,-431987,2,2,2,2
2025-08-21 11:55:16.855,-394214,-409204,-427375,-440174,2,2,2,2
2025-08-21 11:55:16.856,-394209,-425589,-427373,-431917,2,2,2,2
2025-08-21 11:55:16.856,-394126,-425573,-427293,-431902,2,2,2,2
2025-08-21 11:55:16.857,-394125,-425507,-427362,-448288,2,2,2,2
2025-08-21 11:55:16.858,-394184,-425502,-443679,-431899,2,2,2,2
2025-08-21 11:55:16.859,-394116,-425500,-427292,-431898,2,2,2,2
2025-08-21 11:55:16.859,-394119,-425572,-427361,-431904,2,2,2,2
2025-08-21 11:55:16.859,-394121,-425579,-427299,-431970,2,2,2,2
2025-08-21 11:55:16.859,-394117,-425509,-427296,-448285,2,2,2,2
2025-08-21 11:55:16.860,-394177,-425572,-427293,-431898,2,2,2,2
2025-08-21 11:55:16.860,-394121,-409156,-427364,-440092,2,2,2,2
2025-08-21 11:55:16.860,-394120,-409117,-427293,-448282,2,2,2,2
2025-08-21 11:55:16.861,-394181,-425497,-443677,-431897,2,2,2,2
2025-08-21 11:55:16.861,-394120,-409115,-427294,-440093,2,2,2,2
2025-08-21 11:55:16.861,-394120,-425502,-427296,-431902,2,2,2,2
2025-08-21 11:55:16.862,-394177,-425496,-443674,-431897,2,2,2,2
2025-08-21 11:55:16.862,-394090,-409087,-427520,-448260,2,2,2,2
2025-08-21 11:55:16.862,-394001,-425446,-443879,-431853,2,2,2,2
2025-08-21 11:55:16.863,-393980,-425361,-443790,-431766,2,2,2,2
2025-08-21 11:55:16.863,-393878,-425321,-427373,-431663,2,2,2,2
2025-08-21 11:55:16.863,-393867,-425251,-427365,-448100,2,2,2,2
2025-08-21 11:55:16.863,-393837,-425226,-427274,-448007,2,2,2,2
2025-08-21 11:55:16.864,-393762,-425470,-443647,-431872,2,2,2,2
2025-08-21 11:55:16.864,-393849,-425234,-427280,-431639,2,2,2,2
2025-08-21 11:55:16.864,-393848,-425238,-427281,-431639,2,2,2,2
2025-08-21 11:55:16.865,-393858,-425242,-427286,-431643,2,2,2,2
2025-08-21 11:55:16.865,-393861,-425243,-427289,-448060,2,2,2,2
2025-08-21 11:55:16.865,-393861,-408855,-427289,-439831,2,2,2,2
2025-08-21 11:55:16.866,-393844,-408835,-427272,-439813,2,2,2,2
2025-08-21 11:55:16.866,-393840,-425466,-427263,-431617,2,2,2,2
2025-08-21 11:55:16.866,-393843,-425467,-427264,-431871,2,2,2,2
2025-08-21 11:55:16.866,-393841,-425463,-427265,-448252,2,2,2,2
2025-08-21 11:55:16.867,-393858,-425226,-427290,-448016,2,2,2,2
2025-08-21 11:55:16.867,-393937,-425244,-443726,-431716,2,2,2,2
2025-08-21 11:55:16.867,-393870,-408888,-427369,-439905,2,2,2,2
2025-08-21 11:55:16.868,-393870,-425240,-443747,-431644,2,2,2,2
2025-08-21 11:55:16.868,-393866,-425236,-427291,-431632,2,2,2,2
2025-08-21 11:55:16.868,-393860,-425233,-427287,-448014,2,2,2,2
2025-08-21 11:55:16.869,-393939,-425315,-443718,-431648,2,2,2,2
2025-08-21 11:55:16.869,-393869,-408893,-427290,-448025,2,2,2,2
2025-08-21 11:55:16.869,-393871,-408895,-427295,-448027,2,2,2,2
2025-08-21 11:55:16.870,-393869,-425245,-427294,-431643,2,2,2,2
2025-08-21 11:55:16.870,-393851,-425227,-427277,-431626,2,2,2,2
2025-08-21 11:55:16.870,-393786,-425220,-443659,-431623,2,2,2,2
2025-08-21 11:55:16.871,-393785,-425472,-443654,-431621,2,2,2,2
2025-08-21 11:55:16.871,-393855,-408841,-427279,-439822,2,2,2,2
2025-08-21 11:55:16.871,-393862,-425232,-427288,-431639,2,2,2,2
2025-08-21 11:55:16.871,-393854,-425227,-427278,-431631,2,2,2,2
2025-08-21 11:55:16.871,-393924,-425239,-443667,-431641,2,2,2,2
2025-08-21 11:55:16.872,-393867,-425248,-443675,-431713,2,2,2,2
2025-08-21 11:55:16.872,-393871,-425316,-443679,-431714,2,2,2,2
2025-08-21 11:55:16.872,-393848,-425240,-427279,-448013,2,2,2,2
2025-08-21 11:55:16.872,-393831,-425224,-427265,-431869,2,2,2,2
2025-08-21 11:55:16.872,-393751,-425464,-427249,-431852,2,2,2,2
2025-08-21 11:55:16.873,-393739,-425453,-427236,-431840,2,2,2,2
2025-08-21 11:55:16.873,-393976,-425370,-443534,-431756,2,2,2,2
2025-08-21 11:55:16.873,-393958,-425350,-427131,-431674,2,2,2,2
2025-08-21 11:55:16.873,-393881,-425336,-427119,-431662,2,2,2,2
2025-08-21 11:55:16.873,-393939,-425330,-427048,-431723,2,2,2,2
2025-08-21 11:55:16.873,-393875,-425325,-427045,-431722,2,2,2,2
2025-08-21 11:55:16.873,-393940,-425325,-443460,-431722,2,2,2,2
2025-08-21 11:55:16.874,-393958,-425342,-443510,-431743,2,2,2,2
2025-08-21 11:55:16.874,-393984,-408984,-427153,-439961,2,2,2,2
2025-08-21 11:55:16.874,-393737,-425376,-427162,-431842,2,2,2,2
2025-08-21 11:55:16.874,-393743,-425438,-427167,-448197,2,2,2,2
2025-08-21 11:55:16.874,-393751,-409063,-427241,-448240,2,2,2,2
2025-08-21 11:55:16.875,-393768,-425462,-443642,-431872,2,2,2,2
2025-08-21 11:55:16.875,-393779,-425217,-443654,-431625,2,2,2,2
2025-08-21 11:55:16.875,-393856,-425231,-427287,-431640,2,2,2,2
2025-08-21 11:55:16.875,-393869,-425240,-427361,-431648,2,2,2,2
2025-08-21 11:55:16.875,-393862,-425232,-443679,-431644,2,2,2,2
2025-08-21 11:55:16.875,-393857,-425226,-427291,-448056,2,2,2,2
2025-08-21 11:55:16.875,-393852,-408837,-427286,-439829,2,2,2,2
2025-08-21 11:55:16.876,-393858,-408843,-427296,-439838,2,2,2,2
2025-08-21 11:55:16.876,-393876,-408887,-427373,-448102,2,2,2,2
2025-08-21 11:55:16.876,-393910,-425241,-427372,-431652,2,2,2,2
2025-08-21 11:55:16.876,-393877,-425243,-427371,-448040,2,2,2,2
2025-08-21 11:55:16.876,-393852,-425222,-427284,-448014,2,2,2,2
2025-08-21 11:55:16.876,-393759,-425452,-443642,-431861,2,2,2,2
2025-08-21 11:55:16.877,-393748,-409025,-427246,-440038,2,2,2,2
2025-08-21 11:55:16.877,-393749,-425376,-443628,-431849,2,2,2,2
2025-08-21 11:55:16.877,-393755,-425445,-443630,-431858,2,2,2,2
2025-08-21 11:55:16.877,-393750,-425443,-427247,-431852,2,2,2,2
2025-08-21 11:55:16.877,-393755,-409065,-427253,-448238,2,2,2,2
2025-08-21 11:55:16.878,-393830,-425465,-427265,-431861,2,2,2,2
2025-08-21 11:55:16.878,-393842,-425220,-443660,-431870,2,2,2,2
2025-08-21 11:55:16.878,-393873,-425242,-427366,-431644,2,2,2,2
2025-08-21 11:55:16.878,-393938,-425242,-443686,-431642,2,2,2,2
2025-08-21 11:55:16.878,-393874,-425245,-427302,-431645,2,2,2,2
2025-08-21 11:55:16.878,-393865,-425235,-427361,-448025,2,2,2,2
2025-08-21 11:55:16.879,-393791,-425225,-443702,-431635,2,2,2,2
2025-08-21 11:55:16.879,-393859,-425223,-427284,-431630,2,2,2,2
2025-08-21 11:55:16.879,-393787,-425217,-427280,-431625,2,2,2,2
2025-08-21 11:55:16.879,-393834,-425462,-427268,-448255,2,2,2,2
2025-08-21 11:55:16.879,-393835,-425457,-427263,-448252,2,2,2,2
2025-08-21 11:55:16.880,-393763,-425449,-443637,-431865,2,2,2,2
2025-08-21 11:55:16.880,-393760,-409063,-427251,-440053,2,2,2,2
2025-08-21 11:55:16.880,-393791,-425450,-427250,-431861,2,2,2,2
2025-08-21 11:55:16.880,-393837,-425466,-427263,-431871,2,2,2,2
2025-08-21 11:55:16.880,-393834,-425462,-427256,-431868,2,2,2,2
2025-08-21 11:55:16.880,-393826,-425456,-427250,-448244,2,2,2,2
2025-08-21 11:55:16.881,-393830,-409073,-427250,-440060,2,2,2,2
2025-08-21 11:55:16.881,-393829,-425456,-427247,-431868,2,2,2,2
2025-08-21 11:55:16.881,-393805,-425467,-427255,-431618,2,2,2,2
2025-08-21 11:55:16.881,-393848,-425218,-427268,-431628,2,2,2,2
2025-08-21 11:55:16.881,-393845,-425219,-427269,-431628,2,2,2,2
2025-08-21 11:55:16.881,-393777,-425218,-443649,-431625,2,2,2,2
2025-08-21 11:55:16.882,-393774,-425467,-443647,-431623,2,2,2,2
2025-08-21 11:55:16.882,-393832,-409075,-427260,-448255,2,2,2,2
2025-08-21 11:55:16.882,-393761,-425451,-443638,-431867,2,2,2,2
2025-08-21 11:55:16.882,-393753,-425444,-427246,-431859,2,2,2,2
2025-08-21 11:55:16.882,-393740,-425430,-427164,-448226,2,2,2,2
2025-08-21 11:55:16.882,-393964,-425334,-443511,-431752,2,2,2,2
2025-08-21 11:55:16.883,-393887,-425258,-427111,-448123,2,2,2,2
2025-08-21 11:55:16.883,-393881,-425254,-427110,-448116,2,2,2,2
2025-08-21 11:55:16.883,-393937,-425246,-443489,-431721,2,2,2,2
2025-08-21 11:55:16.883,-393842,-425212,-427264,-431627,2,2,2,2
2025-08-21 11:55:16.883,-393774,-425204,-443639,-431620,2,2,2,2
2025-08-21 11:55:16.883,-393839,-408820,-427254,-448007,2,2,2,2
2025-08-21 11:55:16.884,-393845,-425212,-443646,-431632,2,2,2,2
2025-08-21 11:55:16.884,-393844,-408831,-427261,-439823,2,2,2,2
2025-08-21 11:55:16.884,-393834,-408823,-427249,-431619,2,2,2,2
2025-08-21 11:55:16.884,-393757,-425198,-427237,-431607,2,2,2,2
2025-08-21 11:55:16.884,-393754,-425193,-427230,-431604,2,2,2,2
2025-08-21 11:55:16.884,-393759,-425198,-427234,-447992,2,2,2,2
2025-08-21 11:55:16.885,-393760,-425198,-427235,-447992,2,2,2,2
2025-08-21 11:55:16.885,-393766,-425209,-443594,-431613,2,2,2,2
2025-08-21 11:55:16.885,-393834,-408829,-427249,-439813,2,2,2,2
2025-08-21 11:55:16.885,-393845,-425225,-427009,-431633,2,2,2,2
2025-08-21 11:55:16.885,-393853,-425234,-427022,-431642,2,2,2,2
2025-08-21 11:55:16.885,-393852,-425233,-427017,-448053,2,2,2,2
2025-08-21 11:55:16.886,-393791,-425235,-443398,-431636,2,2,2,2
2025-08-21 11:55:16.886,-393845,-408842,-427261,-448009,2,2,2,2
2025-08-21 11:55:16.886,-393845,-408837,-427261,-448006,2,2,2,2
2025-08-21 11:55:16.886,-393802,-425209,-427252,-431613,2,2,2,2
2025-08-21 11:55:16.886,-393827,-425200,-427249,-431605,2,2,2,2
2025-08-21 11:55:16.886,-393783,-425220,-443400,-431625,2,2,2,2
2025-08-21 11:55:16.887,-393925,-425237,-443446,-431641,2,2,2,2
2025-08-21 11:55:16.887,-393865,-408891,-427030,-439835,2,2,2,2
2025-08-21 11:55:16.887,-393866,-425243,-427027,-431645,2,2,2,2
2025-08-21 11:55:16.887,-393868,-425236,-427030,-431642,2,2,2,2
2025-08-21 11:55:16.887,-393788,-425220,-443401,-431627,2,2,2,2
2025-08-21 11:55:16.887,-393849,-425214,-427012,-448004,2,2,2,2
2025-08-21 11:55:16.888,-393841,-425209,-443646,-431613,2,2,2,2
2025-08-21 11:55:16.888,-393842,-425212,-427264,-431617,2,2,2,2
2025-08-21 11:55:16.888,-393850,-425220,-427022,-448012,2,2,2,2
2025-08-21 11:55:16.889,-393844,-425221,-427019,-431628,2,2,2,2
2025-08-21 11:55:16.889,-393790,-425231,-427033,-431638,2,2,2,2
2025-08-21 11:55:16.889,-393863,-425244,-427105,-448029,2,2,2,2
2025-08-21 11:55:16.889,-393787,-425234,-443417,-431638,2,2,2,2
2025-08-21 11:55:16.889,-393845,-408840,-427026,-439825,2,2,2,2
2025-08-21 11:55:16.889,-393843,-408837,-427024,-439824,2,2,2,2
2025-08-21 11:55:16.890,-393790,-425235,-427035,-431644,2,2,2,2
2025-08-21 11:55:16.890,-393880,-425325,-427062,-431732,2,2,2,2
2025-08-21 11:55:16.890,-393975,-425355,-443574,-431769,2,2,2,2
2025-08-21 11:55:16.890,-393741,-425441,-443628,-431858,2,2,2,2
2025-08-21 11:55:16.891,-393752,-409070,-427255,-440064,2,2,2,2
2025-08-21 11:55:16.891,-393827,-409081,-427268,-439819,2,2,2,2
2025-08-21 11:55:16.891,-393829,-425471,-427269,-431632,2,2,2,2
2025-08-21 11:55:16.891,-393841,-425226,-427280,-431641,2,2,2,2
2025-08-21 11:55:16.891,-393847,-425231,-427286,-448060,2,2,2,2
2025-08-21 11:55:16.891,-393858,-425240,-427295,-431654,2,2,2,2
2025-08-21 11:55:16.892,-393871,-425317,-427370,-431662,2,2,2,2
2025-08-21 11:55:16.892,-393888,-425330,-427385,-431677,2,2,2,2
2025-08-21 11:55:16.892,-393956,-425333,-427320,-431742,2,2,2,2
2025-08-21 11:55:16.892,-393973,-425348,-443849,-431756,2,2,2,2
2025-08-21 11:55:16.892,-393969,-425345,-443847,-431749,2,2,2,2
2025-08-21 11:55:16.892,-393975,-408969,-427405,-448137,2,2,2,2
2025-08-21 11:55:16.893,-393977,-425413,-427403,-448136,2,2,2,2
2025-08-21 11:55:16.893,-393953,-425264,-427379,-448051,2,2,2,2
2025-08-21 11:55:16.893,-393954,-425328,-427379,-431669,2,2,2,2
2025-08-21 11:55:16.893,-393952,-425326,-427311,-431729,2,2,2,2
2025-08-21 11:55:16.893,-393958,-425332,-443764,-431734,2,2,2,2
2025-08-21 11:55:16.894,-393965,-425342,-443775,-431744,2,2,2,2
2025-08-21 11:55:16.894,-393952,-425338,-443772,-431740,2,2,2,2
2025-08-21 11:55:16.894,-393883,-408948,-427387,-439929,2,2,2,2
2025-08-21 11:55:16.894,-393954,-425337,-427325,-431739,2,2,2,2
2025-08-21 11:55:16.894,-393970,-425353,-427470,-431754,2,2,2,2
2025-08-21 11:55:16.894,-393973,-425420,-427412,-448178,2,2,2,2
2025-08-21 11:55:16.895,-393953,-425335,-443776,-431743,2,2,2,2
2025-08-21 11:55:16.895,-393956,-425337,-427396,-431680,2,2,2,2
2025-08-21 11:55:16.895,-393888,-425337,-427398,-431809,2,2,2,2
2025-08-21 11:55:16.895,-393923,-425341,-427400,-431811,2,2,2,2
2025-08-21 11:55:16.895,-393961,-425280,-427401,-448132,2,2,2,2
2025-08-21 11:55:16.895,-393963,-425343,-443782,-431748,2,2,2,2
2025-08-21 11:55:16.895,-393946,-425325,-443764,-431730,2,2,2,2
2025-08-21 11:55:16.896,-393872,-408863,-427367,-439912,2,2,2,2
2025-08-21 11:55:16.896,-393865,-425241,-427361,-431647,2,2,2,2
2025-08-21 11:55:16.896,-393868,-425244,-427365,-448064,2,2,2,2
2025-08-21 11:55:16.896,-393878,-425320,-427310,-431724,2,2,2,2
2025-08-21 11:55:16.896,-393965,-425409,-427399,-448194,2,2,2,2
2025-08-21 11:55:16.896,-393990,-425371,-443843,-431766,2,2,2,2
2025-08-21 11:55:16.897,-393994,-425372,-427496,-431832,2,2,2,2
2025-08-21 11:55:16.898,-393996,-425441,-427503,-431838,2,2,2,2
2025-08-21 11:55:16.898,-394012,-425455,-427517,-431856,2,2,2,2
2025-08-21 11:55:16.898,-394088,-425464,-427270,-448250,2,2,2,2
2025-08-21 11:55:16.898,-394010,-425451,-427516,-431856,2,2,2,2
2025-08-21 11:55:16.898,-393994,-409028,-427506,-440038,2,2,2,2
2025-08-21 11:55:16.899,-393981,-409052,-427495,-448151,2,2,2,2
2025-08-21 11:55:16.899,-393967,-425357,-427479,-431754,2,2,2,2
2025-08-21 11:55:16.899,-393960,-425411,-427402,-431811,2,2,2,2
2025-08-21 11:55:16.899,-393956,-425339,-443781,-431745,2,2,2,2
2025-08-21 11:55:16.900,-393946,-425328,-443706,-431736,2,2,2,2
2025-08-21 11:55:16.900,-393859,-408887,-427363,-448098,2,2,2,2
2025-08-21 11:55:16.900,-393771,-425470,-443658,-431629,2,2,2,2
2025-08-21 11:55:16.900,-393831,-425463,-427269,-431622,2,2,2,2
2025-08-21 11:55:16.900,-393831,-425457,-427268,-448004,2,2,2,2
2025-08-21 11:55:16.900,-393770,-425459,-443653,-431618,2,2,2,2
2025-08-21 11:55:16.901,-393835,-425463,-427270,-448002,2,2,2,2
2025-08-21 11:55:16.901,-393855,-408845,-427293,-448026,2,2,2,2
2025-08-21 11:55:16.901,-393937,-425246,-443757,-431724,2,2,2,2
2025-08-21 11:55:16.901,-393964,-425334,-427402,-431815,2,2,2,2
2025-08-21 11:55:16.901,-393966,-425334,-443850,-431750,2,2,2,2
2025-08-21 11:55:16.902,-393966,-408884,-427401,-448132,2,2,2,2
2025-08-21 11:55:16.902,-393925,-425325,-443778,-431740,2,2,2,2
2025-08-21 11:55:16.902,-393956,-408944,-427395,-431746,2,2,2,2
2025-08-21 11:55:16.902,-393970,-408953,-427407,-439954,2,2,2,2
2025-08-21 11:55:16.902,-393969,-425333,-427405,-431824,2,2,2,2
2025-08-21 11:55:16.902,-393959,-425329,-427463,-431755,2,2,2,2
2025-08-21 11:55:16.903,-393953,-425259,-427391,-448131,2,2,2,2
2025-08-21 11:55:16.903,-393938,-425245,-443761,-431732,2,2,2,2
2025-08-21 11:55:16.903,-393844,-425467,-427273,-431639,2,2,2,2
2025-08-21 11:55:16.903,-393853,-425471,-427275,-431643,2,2,2,2
2025-08-21 11:55:16.903,-393863,-425226,-427289,-431720,2,2,2,2
2025-08-21 11:55:16.904,-393853,-425217,-427282,-448065,2,2,2,2
2025-08-21 11:55:16.904,-393786,-425217,-443664,-431647,2,2,2,2
2025-08-21 11:55:16.904,-393857,-408844,-427290,-448099,2,2,2,2
2025-08-21 11:55:16.904,-393877,-425245,-427377,-431670,2,2,2,2
2025-08-21 11:55:16.904,-393959,-425321,-427328,-431748,2,2,2,2
2025-08-21 11:55:16.904,-393989,-425415,-427423,-448227,2,2,2,2
2025-08-21 11:55:16.905,-394008,-425372,-443893,-431865,2,2,2,2
2025-08-21 11:55:16.905,-394023,-425448,-443656,-431878,2,2,2,2
2025-08-21 11:55:16.905,-394087,-409039,-427279,-440074,2,2,2,2
2025-08-21 11:55:16.905,-394083,-425452,-427279,-431878,2,2,2,2
2025-08-21 11:55:16.905,-394022,-425454,-443661,-431878,2,2,2,2
2025-08-21 11:55:16.905,-394096,-425461,-427286,-448269,2,2,2,2
2025-08-21 11:55:16.906,-394180,-425479,-443717,-431902,2,2,2,2
2025-08-21 11:55:16.906,-394126,-409105,-427371,-440163,2,2,2,2
2025-08-21 11:55:16.906,-394122,-425483,-427298,-431901,2,2,2,2
2025-08-21 11:55:16.906,-394063,-425456,-427269,-431879,2,2,2,2
2025-08-21 11:55:16.907,-394000,-425364,-427493,-431849,2,2,2,2
2025-08-21 11:55:16.907,-393969,-425272,-427398,-448202,2,2,2,2
2025-08-21 11:55:16.907,-393959,-425329,-443708,-431747,2,2,2,2
2025-08-21 11:55:16.907,-393960,-408912,-427389,-439937,2,2,2,2
2025-08-21 11:55:16.907,-393921,-425318,-427381,-431674,2,2,2,2
2025-08-21 11:55:16.908,-393881,-425246,-427311,-431729,2,2,2,2
2025-08-21 11:55:16.908,-393791,-425219,-443703,-431635,2,2,2,2
2025-08-21 11:55:16.908,-393846,-409083,-427278,-439818,2,2,2,2
2025-08-21 11:55:16.908,-393849,-408835,-427280,-448016,2,2,2,2
2025-08-21 11:55:16.908,-393843,-425471,-427273,-431628,2,2,2,2
2025-08-21 11:55:16.909,-393868,-408857,-427365,-431717,2,2,2,2
2025-08-21 11:55:16.909,-393870,-425241,-427366,-431658,2,2,2,2
2025-08-21 11:55:16.909,-393861,-408852,-427294,-448097,2,2,2,2
2025-08-21 11:55:16.910,-393862,-425241,-427363,-448102,2,2,2,2
2025-08-21 11:55:16.910,-393942,-425323,-443764,-431736,2,2,2,2
2025-08-21 11:55:16.910,-393887,-408908,-427383,-439931,2,2,2,2
2025-08-21 11:55:16.910,-393938,-425247,-427303,-431727,2,2,2,2
2025-08-21 11:55:16.910,-393865,-408854,-427365,-448105,2,2,2,2
2025-08-21 11:55:16.911,-393866,-425241,-427368,-448113,2,2,2,2
2025-08-21 11:55:16.911,-393869,-425245,-427367,-448050,2,2,2,2
2025-08-21 11:55:16.911,-393860,-408850,-427292,-439912,2,2,2,2
2025-08-21 11:55:16.911,-393866,-425241,-427362,-431664,2,2,2,2
2025-08-21 11:55:16.911,-393879,-425321,-427312,-431742,2,2,2,2
2025-08-21 11:55:16.911,-393886,-425263,-427381,-448130,2,2,2,2
2025-08-21 11:55:16.912,-393933,-425247,-443750,-431726,2,2,2,2
2025-08-21 11:55:16.912,-393792,-425234,-443706,-431647,2,2,2,2
2025-08-21 11:55:16.912,-393868,-408890,-427368,-439912,2,2,2,2
2025-08-21 11:55:16.912,-393910,-425248,-427375,-431665,2,2,2,2
2025-08-21 11:55:16.912,-393888,-425322,-427320,-431738,2,2,2,2
2025-08-21 11:55:16.912,-393972,-425280,-427402,-448138,2,2,2,2
2025-08-21 11:55:16.913,-393980,-425350,-443789,-431760,2,2,2,2
2025-08-21 11:55:16.913,-393975,-408956,-427399,-439943,2,2,2,2
2025-08-21 11:55:16.913,-393967,-425330,-427390,-431680,2,2,2,2
2025-08-21 11:55:16.913,-393933,-425327,-443772,-431676,2,2,2,2
2025-08-21 11:55:16.913,-393886,-425248,-427309,-431726,2,2,2,2
2025-08-21 11:55:16.913,-393938,-425236,-443716,-431715,2,2,2,2
2025-08-21 11:55:16.914,-393936,-425231,-443715,-431647,2,2,2,2
2025-08-21 11:55:16.914,-393872,-408882,-427367,-448097,2,2,2,2
2025-08-21 11:55:16.914,-393908,-425240,-427375,-431654,2,2,2,2
2025-08-21 11:55:16.914,-393960,-425260,-427389,-431674,2,2,2,2
2025-08-21 11:55:16.914,-393961,-425328,-427461,-431739,2,2,2,2
2025-08-21 11:55:16.915,-393956,-425258,-427391,-448115,2,2,2,2
2025-08-21 11:55:16.915,-393918,-425315,-443769,-431723,2,2,2,2
2025-08-21 11:55:16.915,-393966,-425275,-427403,-448193,2,2,2,2
2025-08-21 11:55:16.915,-393993,-425363,-427495,-431771,2,2,2,2
2025-08-21 11:55:16.915,-394011,-425376,-427507,-431853,2,2,2,2
2025-08-21 11:55:16.915,-394009,-425439,-427504,-448236,2,2,2,2
2025-08-21 11:55:16.916,-393995,-425369,-443877,-431844,2,2,2,2
2025-08-21 11:55:16.916,-393998,-409021,-427496,-440040,2,2,2,2
2025-08-21 11:55:16.916,-394007,-425444,-427508,-431857,2,2,2,2
2025-08-21 11:55:16.916,-394016,-425455,-427520,-431869,2,2,2,2
2025-08-21 11:55:16.916,-394084,-409079,-427272,-448260,2,2,2,2
2025-08-21 11:55:16.917,-394132,-409185,-427374,-440163,2,2,2,2
2025-08-21 11:55:16.917,-394048,-425483,-443670,-431883,2,2,2,2
2025-08-21 11:55:16.917,-394099,-425468,-443653,-431871,2,2,2,2
2025-08-21 11:55:16.917,-394088,-425456,-427513,-448248,2,2,2,2
2025-08-21 11:55:16.917,-394013,-425446,-443886,-431855,2,2,2,2
2025-08-21 11:55:16.918,-393997,-425367,-427490,-431846,2,2,2,2
2025-08-21 11:55:16.918,-394001,-425370,-427497,-431853,2,2,2,2
2025-08-21 11:55:16.918,-394004,-425442,-427504,-448242,2,2,2,2
2025-08-21 11:55:16.918,-394010,-425446,-443890,-431863,2,2,2,2
2025-08-21 11:55:16.918,-394012,-425449,-443897,-431869,2,2,2,2
2025-08-21 11:55:16.918,-394016,-409032,-427515,-440061,2,2,2,2
2025-08-21 11:55:16.919,-394081,-425444,-427518,-431868,2,2,2,2
2025-08-21 11:55:16.919,-394081,-425445,-427518,-431869,2,2,2,2
2025-08-21 11:55:16.919,-394081,-425443,-427516,-448252,2,2,2,2
2025-08-21 11:55:16.919,-394018,-425445,-443899,-431867,2,2,2,2
2025-08-21 11:55:16.919,-394012,-409059,-427510,-440056,2,2,2,2
2025-08-21 11:55:16.920,-394002,-409019,-427502,-448237,2,2,2,2
2025-08-21 11:55:16.920,-393987,-425426,-427490,-448225,2,2,2,2
2025-08-21 11:55:16.920,-393957,-425334,-427460,-431749,2,2,2,2
2025-08-21 11:55:16.920,-393877,-425257,-427384,-448114,2,2,2,2
2025-08-21 11:55:16.921,-393929,-425242,-443720,-431720,2,2,2,2
2025-08-21 11:55:16.921,-393859,-425233,-427295,-431650,2,2,2,2
2025-08-21 11:55:16.921,-393866,-425239,-427364,-431656,2,2,2,2
2025-08-21 11:55:16.921,-393863,-425237,-427295,-431714,2,2,2,2
2025-08-21 11:55:16.922,-393876,-425253,-427372,-448080,2,2,2,2
2025-08-21 11:55:16.922,-393887,-408944,-427382,-439932,2,2,2,2
2025-08-21 11:55:16.922,-393948,-425322,-443694,-431734,2,2,2,2
2025-08-21 11:55:16.922,-393960,-408946,-427382,-448127,2,2,2,2
2025-08-21 11:55:16.923,-393970,-425337,-443775,-431812,2,2,2,2
2025-08-21 11:55:16.923,-393994,-425358,-443795,-431769,2,2,2,2
2025-08-21 11:55:16.923,-393992,-425418,-427411,-448215,2,2,2,2
2025-08-21 11:55:16.923,-393990,-425350,-443825,-431765,2,2,2,2
2025-08-21 11:55:16.924,-393982,-425344,-427467,-431761,2,2,2,2
2025-08-21 11:55:16.924,-393974,-425271,-427396,-448135,2,2,2,2
2025-08-21 11:55:16.924,-393963,-425326,-443770,-431740,2,2,2,2
2025-08-21 11:55:16.925,-393885,-425250,-427369,-431659,2,2,2,2
2025-08-21 11:55:16.925,-393938,-425240,-443678,-431647,2,2,2,2
2025-08-21 11:55:16.925,-393872,-408852,-427291,-448029,2,2,2,2
2025-08-21 11:55:16.925,-393877,-425242,-427363,-448069,2,2,2,2
2025-08-21 11:55:16.926,-393932,-425237,-443678,-431643,2,2,2,2
2025-08-21 11:55:16.926,-393845,-409083,-427273,-431624,2,2,2,2
2025-08-21 11:55:16.926,-393835,-425453,-427262,-431869,2,2,2,2
2025-08-21 11:55:16.926,-393760,-425376,-427250,-431859,2,2,2,2
2025-08-21 11:55:16.927,-393827,-425445,-427254,-448247,2,2,2,2
2025-08-21 11:55:16.927,-393752,-425373,-443598,-431852,2,2,2,2
2025-08-21 11:55:16.927,-393738,-408975,-427167,-440034,2,2,2,2
2025-08-21 11:55:16.928,-393750,-425373,-427243,-431856,2,2,2,2
2025-08-21 11:55:16.928,-393840,-425466,-427275,-448011,2,2,2,2
2025-08-21 11:55:16.928,-393866,-425229,-427295,-448062,2,2,2,2
2025-08-21 11:55:16.928,-393868,-425233,-427362,-448033,2,2,2,2
2025-08-21 11:55:16.929,-393934,-425236,-443715,-431717,2,2,2,2
2025-08-21 11:55:16.929,-393909,-425248,-427370,-431662,2,2,2,2
2025-08-21 11:55:16.929,-393922,-425324,-427381,-431673,2,2,2,2
2025-08-21 11:55:16.930,-393966,-425338,-427459,-431754,2,2,2,2
2025-08-21 11:55:16.930,-393977,-425278,-427401,-448144,2,2,2,2
2025-08-21 11:55:16.930,-393992,-408973,-427413,-439963,2,2,2,2
2025-08-21 11:55:16.931,-394007,-409016,-427423,-440037,2,2,2,2
2025-08-21 11:55:16.931,-394013,-409055,-427494,-448234,2,2,2,2
2025-08-21 11:55:16.931,-393996,-425359,-443797,-431771,2,2,2,2
2025-08-21 11:55:16.931,-393978,-425413,-427401,-431821,2,2,2,2
2025-08-21 11:55:16.932,-393969,-425279,-427395,-431816,2,2,2,2
2025-08-21 11:55:16.932,-393972,-425347,-443843,-431755,2,2,2,2
2025-08-21 11:55:16.932,-393969,-408965,-427399,-448142,2,2,2,2
2025-08-21 11:55:16.932,-393963,-425345,-443778,-431754,2,2,2,2
2025-08-21 11:55:16.933,-393960,-425345,-427392,-431814,2,2,2,2
2025-08-21 11:55:16.933,-393972,-425355,-427463,-431759,2,2,2,2
2025-08-21 11:55:16.933,-393980,-425428,-427410,-448152,2,2,2,2
2025-08-21 11:55:16.933,-393999,-425447,-443878,-431849,2,2,2,2
2025-08-21 11:55:16.934,-394081,-409076,-427508,-440052,2,2,2,2
2025-08-21 11:55:16.934,-394012,-425455,-427500,-431850,2,2,2,2
2025-08-21 11:55:16.934,-394000,-425444,-427488,-431774,2,2,2,2
2025-08-21 11:55:16.935,-393998,-425441,-427423,-448188,2,2,2,2
2025-08-21 11:55:16.935,-394002,-425449,-443847,-431851,2,2,2,2
2025-08-21 11:55:16.935,-394081,-409077,-427514,-440060,2,2,2,2
2025-08-21 11:55:16.936,-394059,-425474,-427272,-431880,2,2,2,2
2025-08-21 11:55:16.936,-394106,-425493,-427292,-448312,2,2,2,2
2025-08-21 11:55:16.936,-394113,-425501,-427363,-448322,2,2,2,2
2025-08-21 11:55:16.936,-394046,-425495,-443712,-431904,2,2,2,2
2025-08-21 11:55:16.937,-394116,-409146,-427363,-440166,2,2,2,2
2025-08-21 11:55:16.937,-394126,-409127,-427371,-448369,2,2,2,2
2025-08-21 11:55:16.937,-394121,-425569,-443748,-431983,2,2,2,2
2025-08-21 11:55:16.938,-394133,-425510,-427364,-448310,2,2,2,2
2025-08-21 11:55:16.938,-394208,-425580,-443690,-432000,2,2,2,2
2025-08-21 11:55:16.938,-394218,-409205,-427382,-448394,2,2,2,2
2025-08-21 11:55:16.938,-394181,-425584,-427384,-432075,2,2,2,2
2025-08-21 11:55:16.939,-394140,-425577,-427311,-432004,2,2,2,2
2025-08-21 11:55:16.939,-394139,-425512,-427371,-448452,2,2,2,2
2025-08-21 11:55:16.939,-394212,-425586,-427380,-432073,2,2,2,2
2025-08-21 11:55:16.939,-394212,-425584,-427317,-432006,2,2,2,2
2025-08-21 11:55:16.940,-394210,-409134,-427380,-448385,2,2,2,2
2025-08-21 11:55:16.940,-394210,-425586,-427321,-432007,2,2,2,2
2025-08-21 11:55:16.940,-394214,-425534,-427397,-432076,2,2,2,2
2025-08-21 11:55:16.941,-394211,-425597,-443844,-432010,2,2,2,2
2025-08-21 11:55:16.941,-394144,-425596,-427458,-432007,2,2,2,2
2025-08-21 11:55:16.941,-394213,-425534,-427398,-448397,2,2,2,2
2025-08-21 11:55:16.941,-394207,-425587,-443774,-432010,2,2,2,2
2025-08-21 11:55:16.942,-394162,-425571,-427379,-431929,2,2,2,2
2025-08-21 11:55:16.942,-394110,-425486,-427292,-431971,2,2,2,2
2025-08-21 11:55:16.942,-394107,-425479,-427285,-448286,2,2,2,2
2025-08-21 11:55:16.943,-394030,-425464,-443655,-431887,2,2,2,2
2025-08-21 11:55:16.943,-394084,-409038,-427519,-440064,2,2,2,2
2025-08-21 11:55:16.943,-394090,-409075,-427519,-440068,2,2,2,2
2025-08-21 11:55:16.943,-394090,-425461,-427520,-431877,2,2,2,2
2025-08-21 11:55:16.944,-394015,-425456,-427511,-431868,2,2,2,2
2025-08-21 11:55:16.944,-394006,-425445,-427503,-448242,2,2,2,2
2025-08-21 11:55:16.944,-394002,-409059,-427499,-440046,2,2,2,2
2025-08-21 11:55:16.945,-394012,-425448,-427509,-431862,2,2,2,2
2025-08-21 11:55:16.945,-394081,-425448,-427512,-431868,2,2,2,2
2025-08-21 11:55:16.945,-394016,-425449,-427513,-431873,2,2,2,2
2025-08-21 11:55:16.945,-394097,-425462,-427275,-448307,2,2,2,2
2025-08-21 11:55:16.946,-394040,-425469,-443702,-431900,2,2,2,2
2025-08-21 11:55:16.946,-394101,-409083,-427288,-448288,2,2,2,2
2025-08-21 11:55:16.946,-394095,-425467,-427283,-431903,2,2,2,2
2025-08-21 11:55:16.946,-394085,-425460,-427273,-431894,2,2,2,2
2025-08-21 11:55:16.947,-394097,-409090,-427285,-440096,2,2,2,2
2025-08-21 11:55:16.947,-394028,-425467,-443668,-431899,2,2,2,2
2025-08-21 11:55:16.947,-394091,-409083,-427284,-448280,2,2,2,2
2025-08-21 11:55:16.948,-394097,-425478,-427293,-431900,2,2,2,2
2025-08-21 11:55:16.948,-394093,-425479,-427291,-448280,2,2,2,2
2025-08-21 11:55:16.948,-394092,-425477,-427291,-448282,2,2,2,2
2025-08-21 11:55:16.949,-394036,-425485,-443713,-431904,2,2,2,2
2025-08-21 11:55:16.949,-394035,-425483,-427294,-431901,2,2,2,2
2025-08-21 11:55:16.949,-394095,-425479,-427288,-448315,2,2,2,2
2025-08-21 11:55:16.950,-394041,-425489,-443679,-431972,2,2,2,2
2025-08-21 11:55:16.950,-394083,-425473,-427270,-431887,2,2,2,2
2025-08-21 11:55:16.950,-394043,-425467,-427519,-431881,2,2,2,2
2025-08-21 11:55:16.950,-394016,-409083,-427268,-448271,2,2,2,2
2025-08-21 11:55:16.951,-394007,-425455,-427515,-448263,2,2,2,2
2025-08-21 11:55:16.951,-393990,-425436,-427495,-431862,2,2,2,2
2025-08-21 11:55:16.951,-393984,-425367,-427491,-431858,2,2,2,2
2025-08-21 11:55:16.951,-393976,-425360,-427483,-431852,2,2,2,2
2025-08-21 11:55:16.952,-393975,-425422,-427419,-448234,2,2,2,2
2025-08-21 11:55:16.952,-393978,-425360,-443838,-431857,2,2,2,2
2025-08-21 11:55:16.952,-393962,-408958,-427406,-439965,2,2,2,2
2025-08-21 11:55:16.953,-393961,-425341,-427403,-431833,2,2,2,2
2025-08-21 11:55:16.953,-393981,-425362,-443873,-431852,2,2,2,2
2025-08-21 11:55:16.953,-393990,-425434,-427501,-448245,2,2,2,2
2025-08-21 11:55:16.953,-393981,-425367,-443844,-431855,2,2,2,2
2025-08-21 11:55:16.954,-393968,-408973,-427413,-440037,2,2,2,2
2025-08-21 11:55:16.954,-393963,-408965,-427404,-448155,2,2,2,2
2025-08-21 11:55:16.955,-393928,-425348,-427403,-431829,2,2,2,2
2025-08-21 11:55:16.955,-393884,-425337,-427325,-431753,2,2,2,2
2025-08-21 11:55:16.956,-393863,-425253,-427373,-448117,2,2,2,2
2025-08-21 11:55:16.956,-393776,-425233,-443710,-431647,2,2,2,2
2025-08-21 11:55:16.956,-393750,-409082,-427271,-439815,2,2,2,2
2025-08-21 11:55:16.956,-393737,-425451,-427255,-431868,2,2,2,2
2025-08-21 11:55:16.957,-393981,-425370,-427241,-431857,2,2,2,2
2025-08-21 11:55:16.957,-393976,-425427,-427239,-448206,2,2,2,2
2025-08-21 11:55:16.957,-393977,-425364,-443592,-431851,2,2,2,2
2025-08-21 11:55:16.958,-393978,-425364,-443624,-431857,2,2,2,2
2025-08-21 11:55:16.958,-393979,-408976,-427240,-448243,2,2,2,2
2025-08-21 11:55:16.958,-393978,-425359,-427240,-431859,2,2,2,2
2025-08-21 11:55:16.958,-393981,-425365,-427246,-431867,2,2,2,2
2025-08-21 11:55:16.958,-393975,-425355,-443589,-431859,2,2,2,2
2025-08-21 11:55:16.959,-393962,-425279,-427160,-448228,2,2,2,2
2025-08-21 11:55:16.959,-393885,-408883,-427149,-448153,2,2,2,2
2025-08-21 11:55:16.959,-393936,-425320,-443522,-431759,2,2,2,2
2025-08-21 11:55:16.960,-393862,-425248,-427124,-431813,2,2,2,2
2025-08-21 11:55:16.960,-393934,-425318,-443448,-431751,2,2,2,2
2025-08-21 11:55:16.960,-393878,-408879,-427136,-448140,2,2,2,2
2025-08-21 11:55:16.960,-393922,-425338,-443531,-431767,2,2,2,2
2025-08-21 11:55:16.960,-393885,-408945,-427138,-439953,2,2,2,2
2025-08-21 11:55:16.961,-393958,-408948,-427142,-431765,2,2,2,2
2025-08-21 11:55:16.961,-393972,-425350,-427156,-431847,2,2,2,2
2025-08-21 11:55:16.961,-393984,-425362,-427232,-431857,2,2,2,2
2025-08-21 11:55:16.961,-393741,-425435,-427242,-448252,2,2,2,2
2025-08-21 11:55:16.961,-393747,-425376,-443634,-431620,2,2,2,2
2025-08-21 11:55:16.962,-393830,-425460,-427275,-431645,2,2,2,2
2025-08-21 11:55:16.962,-393855,-425226,-427305,-431730,2,2,2,2
2025-08-21 11:55:16.962,-393875,-425315,-427328,-431750,2,2,2,2
2025-08-21 11:55:16.962,-393955,-425267,-427404,-448181,2,2,2,2
2025-08-21 11:55:16.963,-393969,-425347,-443830,-431842,2,2,2,2
2025-08-21 11:55:16.963,-393995,-425369,-427504,-431866,2,2,2,2
2025-08-21 11:55:16.963,-394002,-425373,-427510,-431876,2,2,2,2
2025-08-21 11:55:16.963,-394006,-425444,-427515,-431880,2,2,2,2
2025-08-21 11:55:16.964,-394006,-425447,-427520,-448268,2,2,2,2
2025-08-21 11:55:16.964,-394000,-409061,-427518,-431884,2,2,2,2
2025-08-21 11:55:16.964,-394003,-425445,-443900,-431882,2,2,2,2
2025-08-21 11:55:16.964,-393994,-409024,-427506,-440060,2,2,2,2
2025-08-21 11:55:16.965,-393976,-425363,-427491,-431853,2,2,2,2
2025-08-21 11:55:16.965,-393961,-425351,-427478,-431776,2,2,2,2
2025-08-21 11:55:16.965,-393954,-425409,-427408,-448186,2,2,2,2
2025-08-21 11:55:16.965,-393960,-425355,-443830,-431775,2,2,2,2
2025-08-21 11:55:16.966,-393878,-408954,-427397,-439948,2,2,2,2
2025-08-21 11:55:16.966,-393869,-408882,-427385,-448131,2,2,2,2
2025-08-21 11:55:16.966,-393909,-425338,-443776,-431816,2,2,2,2
2025-08-21 11:55:16.966,-393888,-425347,-427464,-431761,2,2,2,2
2025-08-21 11:55:16.967,-393962,-425363,-443829,-431775,2,2,2,2
2025-08-21 11:55:16.967,-393962,-408975,-427415,-439966,2,2,2,2
2025-08-21 11:55:16.967,-393967,-408972,-427419,-448159,2,2,2,2
2025-08-21 11:55:16.967,-393982,-425369,-427497,-431852,2,2,2,2
2025-08-21 11:55:16.968,-393979,-425366,-427493,-431852,2,2,2,2
2025-08-21 11:55:16.968,-393981,-425367,-443843,-431854,2,2,2,2
2025-08-21 11:55:16.968,-393986,-425438,-427498,-431858,2,2,2,2
2025-08-21 11:55:16.968,-393993,-425446,-443890,-431867,2,2,2,2
2025-08-21 11:55:16.969,-393994,-425447,-427510,-431870,2,2,2,2
2025-08-21 11:55:16.969,-393988,-425373,-427507,-431866,2,2,2,2
2025-08-21 11:55:16.969,-393999,-425445,-427515,-448263,2,2,2,2
2025-08-21 11:55:16.970,-393998,-425446,-443894,-431881,2,2,2,2
2025-08-21 11:55:16.970,-393990,-425374,-427504,-431877,2,2,2,2
2025-08-21 11:55:16.970,-393977,-425357,-427491,-431860,2,2,2,2
2025-08-21 11:55:16.970,-393961,-425340,-427473,-431843,2,2,2,2
2025-08-21 11:55:16.971,-393961,-425278,-427409,-448228,2,2,2,2
2025-08-21 11:55:16.971,-393957,-408955,-427409,-440038,2,2,2,2
2025-08-21 11:55:16.971,-393952,-425334,-427472,-431846,2,2,2,2
2025-08-21 11:55:16.971,-393881,-408877,-427399,-448159,2,2,2,2
2025-08-21 11:55:16.972,-393941,-425319,-443780,-431769,2,2,2,2
2025-08-21 11:55:16.972,-393948,-425325,-443785,-431772,2,2,2,2
2025-08-21 11:55:16.972,-393962,-408957,-427413,-440040,2,2,2,2
2025-08-21 11:55:16.972,-393965,-425345,-427413,-431850,2,2,2,2
2025-08-21 11:55:16.973,-393977,-425360,-427488,-431858,2,2,2,2
2025-08-21 11:55:16.973,-393993,-425439,-427504,-448256,2,2,2,2
2025-08-21 11:55:16.973,-393987,-425372,-443887,-431868,2,2,2,2
2025-08-21 11:55:16.974,-393976,-408974,-427493,-431858,2,2,2,2
2025-08-21 11:55:16.974,-393956,-425339,-427412,-431838,2,2,2,2
2025-08-21 11:55:16.974,-393867,-425316,-427324,-431752,2,2,2,2
2025-08-21 11:55:16.974,-393848,-425233,-427365,-448113,2,2,2,2
2025-08-21 11:55:16.974,-393840,-425226,-427292,-448075,2,2,2,2
2025-08-21 11:55:16.975,-393775,-425227,-443705,-431724,2,2,2,2
2025-08-21 11:55:16.975,-393851,-408852,-427364,-448122,2,2,2,2
2025-08-21 11:55:16.975,-393868,-425318,-427378,-431820,2,2,2,2
2025-08-21 11:55:16.975,-393907,-425325,-443768,-431829,2,2,2,2
2025-08-21 11:55:16.976,-393934,-425324,-443707,-431766,2,2,2,2
2025-08-21 11:55:16.976,-393869,-408934,-427386,-439955,2,2,2,2
2025-08-21 11:55:16.976,-393867,-408898,-427385,-448144,2,2,2,2
2025-08-21 11:55:16.977,-393907,-425317,-427392,-431829,2,2,2,2
2025-08-21 11:55:16.977,-393877,-425257,-427398,-448214,2,2,2,2
2025-08-21 11:55:16.977,-393864,-425248,-427387,-431813,2,2,2,2
2025-08-21 11:55:16.978,-393937,-425317,-427460,-431753,2,2,2,2
2025-08-21 11:55:16.978,-393945,-425325,-443782,-431756,2,2,2,2
2025-08-21 11:55:16.978,-393914,-425323,-443782,-431754,2,2,2,2
2025-08-21 11:55:16.979,-393873,-425257,-427392,-431812,2,2,2,2
2025-08-21 11:55:16.979,-393880,-408881,-427400,-448138,2,2,2,2
2025-08-21 11:55:16.979,-393954,-408959,-427411,-448148,2,2,2,2
2025-08-21 11:55:16.979,-393964,-425415,-427423,-448156,2,2,2,2
2025-08-21 11:55:16.980,-393976,-425365,-427500,-431849,2,2,2,2
2025-08-21 11:55:16.980,-393983,-425368,-443885,-431853,2,2,2,2
2025-08-21 11:55:16.980,-393999,-425443,-443901,-431871,2,2,2,2
2025-08-21 11:55:16.980,-393992,-425443,-427516,-431866,2,2,2,2
2025-08-21 11:55:16.981,-393969,-425422,-427494,-448230,2,2,2,2
2025-08-21 11:55:16.981,-393948,-425331,-443792,-431758,2,2,2,2
2025-08-21 11:55:16.981,-393953,-408947,-427410,-439951,2,2,2,2
2025-08-21 11:55:16.982,-393871,-425314,-427388,-431673,2,2,2,2
2025-08-21 11:55:16.982,-393860,-425237,-427310,-431725,2,2,2,2
2025-08-21 11:55:16.982,-393853,-425235,-427370,-448078,2,2,2,2
2025-08-21 11:55:16.982,-393775,-425222,-443679,-431718,2,2,2,2
2025-08-21 11:55:16.983,-393756,-409075,-427278,-431639,2,2,2,2
2025-08-21 11:55:16.983,-393744,-409031,-427265,-448010,2,2,2,2
2025-08-21 11:55:16.983,-393740,-425445,-427263,-431623,2,2,2,2
2025-08-21 11:55:16.983,-393984,-425368,-427249,-431867,2,2,2,2
2025-08-21 11:55:16.984,-393975,-425421,-427238,-448241,2,2,2,2
2025-08-21 11:55:16.984,-393982,-408981,-427246,-440053,2,2,2,2
2025-08-21 11:55:16.984,-393730,-425437,-427253,-448248,2,2,2,2
2025-08-21 11:55:16.985,-393975,-425367,-427248,-431857,2,2,2,2
2025-08-21 11:55:16.985,-393950,-425344,-443542,-431768,2,2,2,2
2025-08-21 11:55:16.985,-393875,-425271,-427150,-448204,2,2,2,2
2025-08-21 11:55:16.985,-393943,-425338,-443605,-431762,2,2,2,2
2025-08-21 11:55:16.986,-393888,-408961,-427165,-448160,2,2,2,2
2025-08-21 11:55:16.986,-393927,-425354,-427235,-431847,2,2,2,2
2025-08-21 11:55:16.986,-393979,-425371,-427250,-431858,2,2,2,2
2025-08-21 11:55:16.986,-393734,-425440,-427256,-448252,2,2,2,2
2025-08-21 11:55:16.987,-393737,-425443,-443640,-431619,2,2,2,2
2025-08-21 11:55:16.987,-393749,-425450,-427265,-431633,2,2,2,2
2025-08-21 11:55:16.987,-393759,-409075,-427273,-448028,2,2,2,2
2025-08-21 11:55:16.987,-393767,-425469,-443666,-431716,2,2,2,2
2025-08-21 11:55:16.988,-393833,-425471,-427285,-448069,2,2,2,2
2025-08-21 11:55:16.988,-393833,-425471,-427284,-431655,2,2,2,2
2025-08-21 11:55:16.988,-393763,-425467,-443663,-431647,2,2,2,2
2025-08-21 11:55:16.988,-393831,-409085,-427283,-448097,2,2,2,2
2025-08-21 11:55:16.989,-393807,-425219,-443672,-431653,2,2,2,2
2025-08-21 11:55:16.989,-393931,-425313,-443762,-431740,2,2,2,2
2025-08-21 11:55:16.989,-393982,-425369,-427502,-431859,2,2,2,2
2025-08-21 11:55:16.990,-394002,-409074,-427268,-448264,2,2,2,2
2025-08-21 11:55:16.990,-394008,-425468,-427279,-448307,2,2,2,2
2025-08-21 11:55:16.990,-394009,-425471,-443666,-431896,2,2,2,2
2025-08-21 11:55:16.991,-394088,-425486,-427365,-431914,2,2,2,2
2025-08-21 11:55:16.991,-394086,-425486,-427304,-431973,2,2,2,2
2025-08-21 11:55:16.991,-394082,-425480,-427305,-431973,2,2,2,2
2025-08-21 11:55:16.991,-394015,-425474,-427363,-448320,2,2,2,2
2025-08-21 11:55:16.992,-394007,-409082,-427286,-448281,2,2,2,2
2025-08-21 11:55:16.992,-393978,-425370,-427511,-431868,2,2,2,2
2025-08-21 11:55:16.992,-393955,-425350,-427491,-431844,2,2,2,2
2025-08-21 11:55:16.993,-393854,-425248,-427388,-448126,2,2,2,2
2025-08-21 11:55:16.993,-393766,-425226,-443715,-431717,2,2,2,2
2025-08-21 11:55:16.993,-393754,-425470,-443709,-431643,2,2,2,2
2025-08-21 11:55:16.993,-393739,-409037,-427275,-439819,2,2,2,2
2025-08-21 11:55:16.994,-393733,-425446,-427267,-431622,2,2,2,2
2025-08-21 11:55:16.994,-393975,-425429,-427248,-448249,2,2,2,2
2025-08-21 11:55:16.994,-393953,-425410,-427162,-448196,2,2,2,2
2025-08-21 11:55:16.994,-393955,-425352,-443581,-431851,2,2,2,2
2025-08-21 11:55:16.995,-393960,-408972,-427168,-440048,2,2,2,2
2025-08-21 11:55:16.995,-393927,-425350,-443544,-431853,2,2,2,2
2025-08-21 11:55:16.995,-393976,-425362,-427238,-431864,2,2,2,2
2025-08-21 11:55:16.995,-393984,-425373,-427248,-431871,2,2,2,2
2025-08-21 11:55:16.996,-393971,-425360,-443622,-431862,2,2,2,2
2025-08-21 11:55:16.996,-393972,-425363,-427242,-431866,2,2,2,2
2025-08-21 11:55:16.996,-393749,-409073,-427269,-439833,2,2,2,2
2025-08-21 11:55:16.996,-393800,-425224,-427293,-431663,2,2,2,2
2025-08-21 11:55:16.997,-393775,-425233,-443748,-431734,2,2,2,2
2025-08-21 11:55:16.997,-393792,-425317,-443770,-431753,2,2,2,2
2025-08-21 11:55:16.997,-393855,-425255,-427389,-431821,2,2,2,2
2025-08-21 11:55:16.997,-393787,-425317,-443704,-431750,2,2,2,2
2025-08-21 11:55:16.998,-393838,-408855,-427371,-448124,2,2,2,2
2025-08-21 11:55:16.998,-393759,-425224,-427292,-448075,2,2,2,2
2025-08-21 11:55:16.999,-393751,-425469,-427281,-431643,2,2,2,2
2025-08-21 11:55:16.999,-393755,-425468,-427283,-431646,2,2,2,2
2025-08-21 11:55:16.999,-393760,-425224,-427291,-448102,2,2,2,2
2025-08-21 11:55:16.999,-393770,-425234,-443755,-431729,2,2,2,2
2025-08-21 11:55:17.000,-393840,-425239,-427378,-431668,2,2,2,2
2025-08-21 11:55:17.000,-393828,-425227,-427369,-431660,2,2,2,2
2025-08-21 11:55:17.000,-393751,-425468,-427292,-431648,2,2,2,2
2025-08-21 11:55:17.001,-393743,-425458,-427284,-448054,2,2,2,2
2025-08-21 11:55:17.001,-393743,-409069,-427275,-439828,2,2,2,2
2025-08-21 11:55:17.001,-393737,-425453,-427269,-431628,2,2,2,2
2025-08-21 11:55:17.002,-393984,-425448,-427266,-431625,2,2,2,2
2025-08-21 11:55:17.002,-393977,-425445,-427265,-431621,2,2,2,2
2025-08-21 11:55:17.002,-393976,-425441,-443644,-431617,2,2,2,2
2025-08-21 11:55:17.002,-393971,-425372,-443633,-431867,2,2,2,2
2025-08-21 11:55:17.003,-393980,-409033,-427261,-439815,2,2,2,2
2025-08-21 11:55:17.003,-393981,-409066,-427261,-448008,2,2,2,2
2025-08-21 11:55:17.003,-393974,-425443,-427254,-431871,2,2,2,2
2025-08-21 11:55:17.003,-393982,-425452,-427264,-448010,2,2,2,2
2025-08-21 11:55:17.004,-393736,-425459,-443656,-431635,2,2,2,2
2025-08-21 11:55:17.004,-393752,-408835,-427288,-439908,2,2,2,2
2025-08-21 11:55:17.004,-393782,-425218,-427282,-431649,2,2,2,2
2025-08-21 11:55:17.004,-393738,-425459,-427267,-431639,2,2,2,2
2025-08-21 11:55:17.005,-393737,-425450,-427261,-431633,2,2,2,2
2025-08-21 11:55:17.005,-393733,-425448,-427259,-448013,2,2,2,2
2025-08-21 11:55:17.005,-393976,-425374,-427249,-431617,2,2,2,2
2025-08-21 11:55:17.005,-393983,-409030,-427256,-439816,2,2,2,2
2025-08-21 11:55:17.006,-393739,-425459,-427270,-431640,2,2,2,2
2025-08-21 11:55:17.006,-393755,-425224,-427282,-431655,2,2,2,2
2025-08-21 11:55:17.007,-393742,-425469,-443653,-431639,2,2,2,2
2025-08-21 11:55:17.007,-393982,-425455,-427253,-448005,2,2,2,2
2025-08-21 11:55:17.007,-393972,-425449,-443631,-431872,2,2,2,2
2025-08-21 11:55:17.008,-393962,-425432,-427236,-448245,2,2,2,2
2025-08-21 11:55:17.008,-393936,-425369,-427239,-431861,2,2,2,2
2025-08-21 11:55:17.008,-393961,-425361,-427237,-431853,2,2,2,2
2025-08-21 11:55:17.008,-393959,-425419,-427168,-448235,2,2,2,2
2025-08-21 11:55:17.009,-393968,-425362,-443626,-431861,2,2,2,2
2025-08-21 11:55:17.009,-393975,-409015,-427248,-440060,2,2,2,2
2025-08-21 11:55:17.009,-393983,-425373,-427257,-431619,2,2,2,2
2025-08-21 11:55:17.009,-393973,-425368,-427251,-431869,2,2,2,2
2025-08-21 11:55:17.010,-393970,-409045,-427247,-448250,2,2,2,2
2025-08-21 11:55:17.010,-393970,-425366,-443600,-431868,2,2,2,2
2025-08-21 11:55:17.010,-393974,-425368,-443634,-431871,2,2,2,2
2025-08-21 11:55:17.010,-393982,-409059,-427260,-439818,2,2,2,2
2025-08-21 11:55:17.011,-393736,-425459,-427269,-431637,2,2,2,2
2025-08-21 11:55:17.011,-393735,-425458,-427270,-431636,2,2,2,2
2025-08-21 11:55:17.011,-393743,-425470,-427281,-448060,2,2,2,2
2025-08-21 11:55:17.011,-393743,-425471,-443669,-431643,2,2,2,2
2025-08-21 11:55:17.012,-393862,-425331,-427468,-431756,2,2,2,2
2025-08-21 11:55:17.012,-393910,-425347,-427418,-431838,2,2,2,2
2025-08-21 11:55:17.012,-393872,-425340,-427476,-431769,2,2,2,2
2025-08-21 11:55:17.013,-393851,-425253,-427390,-448130,2,2,2,2
2025-08-21 11:55:17.013,-393830,-425230,-427368,-431661,2,2,2,2
2025-08-21 11:55:17.013,-393749,-409087,-427290,-439836,2,2,2,2
2025-08-21 11:55:17.013,-393752,-425219,-427292,-431650,2,2,2,2
2025-08-21 11:55:17.014,-393832,-425232,-427303,-431731,2,2,2,2
2025-08-21 11:55:17.014,-393875,-425263,-427402,-448209,2,2,2,2
2025-08-21 11:55:17.014,-393935,-425323,-443781,-431758,2,2,2,2
2025-08-21 11:55:17.015,-393863,-408900,-427392,-448134,2,2,2,2
2025-08-21 11:55:17.015,-393860,-425248,-443776,-431748,2,2,2,2
2025-08-21 11:55:17.015,-393862,-425248,-427457,-431749,2,2,2,2
2025-08-21 11:55:17.015,-393867,-425251,-427397,-448134,2,2,2,2
2025-08-21 11:55:17.016,-393791,-425242,-443774,-431746,2,2,2,2
2025-08-21 11:55:17.016,-393845,-408882,-427374,-448119,2,2,2,2
2025-08-21 11:55:17.016,-393832,-408836,-427291,-448103,2,2,2,2
2025-08-21 11:55:17.016,-393787,-425466,-443664,-431640,2,2,2,2
2025-08-21 11:55:17.017,-393746,-425456,-427267,-431628,2,2,2,2
2025-08-21 11:55:17.017,-393729,-425376,-443640,-431868,2,2,2,2
2025-08-21 11:55:17.017,-393976,-409018,-427252,-448241,2,2,2,2
2025-08-21 11:55:17.018,-393735,-425451,-427269,-431618,2,2,2,2
2025-08-21 11:55:17.018,-393828,-425222,-427361,-448061,2,2,2,2
2025-08-21 11:55:17.018,-393869,-425330,-427407,-431818,2,2,2,2
2025-08-21 11:55:17.019,-393939,-425334,-427477,-431760,2,2,2,2
2025-08-21 11:55:17.019,-393867,-425326,-427471,-431757,2,2,2,2
2025-08-21 11:55:17.019,-393932,-425323,-443788,-431758,2,2,2,2
2025-08-21 11:55:17.020,-393864,-425256,-427402,-431820,2,2,2,2
2025-08-21 11:55:17.020,-393871,-425323,-427407,-431830,2,2,2,2
2025-08-21 11:55:17.020,-393865,-425318,-427464,-431760,2,2,2,2
2025-08-21 11:55:17.020,-393865,-425256,-427401,-448142,2,2,2,2
2025-08-21 11:55:17.021,-393930,-425322,-443785,-431758,2,2,2,2
2025-08-21 11:55:17.021,-393861,-408932,-427394,-431752,2,2,2,2
2025-08-21 11:55:17.021,-393846,-425238,-427383,-431809,2,2,2,2
2025-08-21 11:55:17.021,-393840,-425232,-427312,-431737,2,2,2,2
2025-08-21 11:55:17.022,-393845,-425238,-427314,-431738,2,2,2,2
2025-08-21 11:55:17.022,-393849,-425238,-427379,-448123,2,2,2,2
2025-08-21 11:55:17.022,-393926,-425316,-443777,-431753,2,2,2,2
2025-08-21 11:55:17.022,-393863,-408903,-427393,-439948,2,2,2,2
2025-08-21 11:55:17.023,-393855,-425314,-427383,-431814,2,2,2,2
2025-08-21 11:55:17.023,-393827,-425224,-427365,-448080,2,2,2,2
2025-08-21 11:55:17.023,-393737,-425457,-427277,-448023,2,2,2,2
2025-08-21 11:55:17.024,-393964,-425370,-443637,-431871,2,2,2,2
2025-08-21 11:55:17.024,-393916,-425353,-427239,-431857,2,2,2,2
2025-08-21 11:55:17.024,-393873,-425277,-427163,-448228,2,2,2,2
2025-08-21 11:55:17.024,-393868,-425333,-427219,-431774,2,2,2,2
2025-08-21 11:55:17.025,-393876,-425274,-427157,-448195,2,2,2,2
2025-08-21 11:55:17.025,-393956,-425353,-427236,-431856,2,2,2,2
2025-08-21 11:55:17.025,-393962,-408975,-427241,-440055,2,2,2,2
2025-08-21 11:55:17.025,-393978,-409055,-427256,-448003,2,2,2,2
2025-08-21 11:55:17.026,-393735,-425451,-443654,-431635,2,2,2,2
2025-08-21 11:55:17.026,-393750,-409085,-427285,-439909,2,2,2,2
2025-08-21 11:55:17.026,-393841,-425242,-427373,-431675,2,2,2,2
2025-08-21 11:55:17.026,-393852,-425316,-427384,-431812,2,2,2,2
2025-08-21 11:55:17.027,-393855,-425319,-427328,-431752,2,2,2,2
2025-08-21 11:55:17.027,-393926,-425330,-443790,-431763,2,2,2,2
2025-08-21 11:55:17.027,-393874,-425340,-427482,-431776,2,2,2,2
2025-08-21 11:55:17.028,-393869,-425338,-427414,-431835,2,2,2,2
2025-08-21 11:55:17.028,-393857,-425264,-427405,-448145,2,2,2,2
2025-08-21 11:55:17.028,-393855,-425320,-427461,-431759,2,2,2,2
2025-08-21 11:55:17.028,-393861,-425263,-427401,-448185,2,2,2,2
2025-08-21 11:55:17.029,-393956,-425364,-427498,-431868,2,2,2,2
2025-08-21 11:55:17.029,-393973,-425446,-443901,-431887,2,2,2,2
2025-08-21 11:55:17.029,-393995,-425466,-427280,-431903,2,2,2,2
2025-08-21 11:55:17.030,-393998,-425467,-427280,-448319,2,2,2,2
2025-08-21 11:55:17.030,-394006,-425479,-427289,-431912,2,2,2,2
2025-08-21 11:55:17.030,-394008,-425481,-443709,-431978,2,2,2,2
2025-08-21 11:55:17.030,-394015,-409101,-427363,-440170,2,2,2,2
2025-08-21 11:55:17.031,-394033,-425470,-427284,-431902,2,2,2,2
2025-08-21 11:55:17.031,-394006,-425478,-427289,-448327,2,2,2,2
2025-08-21 11:55:17.031,-394015,-425487,-427362,-448335,2,2,2,2
2025-08-21 11:55:17.031,-394015,-425487,-443717,-431982,2,2,2,2
2025-08-21 11:55:17.032,-394010,-409101,-427361,-440170,2,2,2,2
2025-08-21 11:55:17.032,-393984,-425458,-427272,-431887,2,2,2,2
2025-08-21 11:55:17.032,-393932,-425370,-443893,-431867,2,2,2,2
2025-08-21 11:55:17.033,-393955,-425360,-443851,-431858,2,2,2,2
2025-08-21 11:55:17.033,-393885,-408964,-427492,-440043,2,2,2,2
2025-08-21 11:55:17.033,-393953,-408963,-427494,-448235,2,2,2,2
2025-08-21 11:55:17.033,-393924,-425352,-427495,-431853,2,2,2,2
2025-08-21 11:55:17.034,-393884,-425345,-427488,-431849,2,2,2,2
2025-08-21 11:55:17.034,-393877,-425342,-427414,-431846,2,2,2,2
2025-08-21 11:55:17.034,-393941,-425345,-427477,-431845,2,2,2,2
2025-08-21 11:55:17.035,-393866,-408887,-427399,-448151,2,2,2,2
2025-08-21 11:55:17.035,-393864,-425267,-427391,-448179,2,2,2,2
2025-08-21 11:55:17.035,-393875,-425278,-427407,-431846,2,2,2,2
2025-08-21 11:55:17.036,-393950,-425354,-443870,-431859,2,2,2,2
2025-08-21 11:55:17.036,-393960,-425362,-427501,-431871,2,2,2,2
2025-08-21 11:55:17.036,-393954,-425423,-427501,-448257,2,2,2,2
2025-08-21 11:55:17.036,-393952,-425357,-443884,-431871,2,2,2,2
2025-08-21 11:55:17.037,-393877,-425409,-427492,-448247,2,2,2,2
2025-08-21 11:55:17.037,-393873,-425341,-427489,-431861,2,2,2,2
2025-08-21 11:55:17.037,-393923,-425322,-427473,-431842,2,2,2,2
2025-08-21 11:55:17.037,-393857,-425261,-427410,-448226,2,2,2,2
2025-08-21 11:55:17.038,-393785,-425322,-443788,-431774,2,2,2,2
2025-08-21 11:55:17.038,-393864,-408952,-427414,-440045,2,2,2,2
2025-08-21 11:55:17.038,-393880,-408967,-427493,-440057,2,2,2,2
2025-08-21 11:55:17.038,-393886,-425358,-427497,-431864,2,2,2,2
2025-08-21 11:55:17.039,-393883,-425357,-427492,-431860,2,2,2,2
2025-08-21 11:55:17.039,-393877,-425412,-427491,-448238,2,2,2,2
2025-08-21 11:55:17.039,-393942,-425347,-443873,-431852,2,2,2,2
2025-08-21 11:55:17.039,-393861,-408945,-427408,-439965,2,2,2,2
2025-08-21 11:55:17.040,-393848,-425315,-427393,-431823,2,2,2,2
2025-08-21 11:55:17.040,-393857,-425325,-427463,-431767,2,2,2,2
2025-08-21 11:55:17.040,-393868,-425337,-427472,-431775,2,2,2,2
2025-08-21 11:55:17.040,-393933,-425339,-443793,-431776,2,2,2,2
2025-08-21 11:55:17.041,-393854,-408876,-427396,-448151,2,2,2,2
2025-08-21 11:55:17.041,-393852,-425321,-427394,-431827,2,2,2,2
2025-08-21 11:55:17.041,-393847,-425318,-427328,-431763,2,2,2,2
2025-08-21 11:55:17.042,-393852,-425261,-427396,-448181,2,2,2,2
2025-08-21 11:55:17.042,-393788,-425322,-443845,-431763,2,2,2,2
2025-08-21 11:55:17.042,-393854,-408940,-427400,-439955,2,2,2,2
2025-08-21 11:55:17.042,-393859,-425329,-427405,-431832,2,2,2,2
2025-08-21 11:55:17.043,-393875,-425342,-427481,-431846,2,2,2,2
2025-08-21 11:55:17.043,-393883,-425416,-427423,-448236,2,2,2,2
2025-08-21 11:55:17.043,-393791,-425325,-443783,-431762,2,2,2,2
2025-08-21 11:55:17.044,-393844,-408900,-427388,-439943,2,2,2,2
2025-08-21 11:55:17.044,-393842,-425314,-427324,-431751,2,2,2,2
2025-08-21 11:55:17.044,-393780,-425320,-443777,-431757,2,2,2,2
2025-08-21 11:55:17.045,-393867,-425276,-427413,-431843,2,2,2,2
2025-08-21 11:55:17.045,-393867,-425340,-427413,-431845,2,2,2,2
2025-08-21 11:55:17.045,-393871,-408887,-427411,-448229,2,2,2,2
2025-08-21 11:55:17.045,-393912,-425336,-443798,-431850,2,2,2,2
2025-08-21 11:55:17.046,-393953,-425345,-443807,-431860,2,2,2,2
2025-08-21 11:55:17.046,-393959,-408965,-427489,-440061,2,2,2,2
2025-08-21 11:55:17.046,-393952,-425344,-443868,-431862,2,2,2,2
2025-08-21 11:55:17.046,-393959,-425352,-427493,-431871,2,2,2,2
2025-08-21 11:55:17.047,-393888,-425410,-427489,-448251,2,2,2,2
2025-08-21 11:55:17.047,-393886,-425412,-427490,-448253,2,2,2,2
2025-08-21 11:55:17.047,-393887,-408966,-427489,-440061,2,2,2,2
2025-08-21 11:55:17.048,-393857,-425324,-427395,-431840,2,2,2,2
2025-08-21 11:55:17.048,-393837,-425236,-427375,-448132,2,2,2,2
2025-08-21 11:55:17.048,-393743,-425462,-443666,-431719,2,2,2,2
2025-08-21 11:55:17.048,-393982,-425376,-443646,-431636,2,2,2,2
2025-08-21 11:55:17.049,-393970,-408979,-427251,-439819,2,2,2,2
2025-08-21 11:55:17.049,-393970,-425359,-427248,-431628,2,2,2,2
2025-08-21 11:55:17.049,-393970,-425362,-427247,-431632,2,2,2,2
2025-08-21 11:55:17.049,-393982,-425369,-427256,-431643,2,2,2,2
2025-08-21 11:55:17.050,-393732,-425439,-427260,-448066,2,2,2,2
2025-08-21 11:55:17.050,-393748,-425452,-443657,-431720,2,2,2,2
2025-08-21 11:55:17.050,-393757,-425462,-427281,-431664,2,2,2,2
2025-08-21 11:55:17.050,-393758,-425468,-427284,-431664,2,2,2,2
2025-08-21 11:55:17.051,-393756,-425467,-427283,-431727,2,2,2,2
2025-08-21 11:55:17.051,-393837,-425233,-427365,-448062,2,2,2,2
2025-08-21 11:55:17.051,-393869,-408950,-427399,-439968,2,2,2,2
2025-08-21 11:55:17.052,-393954,-425361,-427489,-431867,2,2,2,2
2025-08-21 11:55:17.052,-393967,-425372,-427502,-431876,2,2,2,2
2025-08-21 11:55:17.052,-393954,-425358,-427489,-431861,2,2,2,2
2025-08-21 11:55:17.052,-393885,-425414,-427419,-448239,2,2,2,2
2025-08-21 11:55:17.053,-393934,-425340,-443826,-431842,2,2,2,2
2025-08-21 11:55:17.053,-393868,-408952,-427410,-439967,2,2,2,2
2025-08-21 11:55:17.053,-393868,-408893,-427417,-448160,2,2,2,2
2025-08-21 11:55:17.053,-393871,-425346,-427483,-431843,2,2,2,2
2025-08-21 11:55:17.054,-393874,-425411,-427417,-448194,2,2,2,2
2025-08-21 11:55:17.054,-393943,-425352,-443838,-431847,2,2,2,2
2025-08-21 11:55:17.054,-393955,-425364,-443885,-431860,2,2,2,2
2025-08-21 11:55:17.054,-393975,-425445,-427266,-431880,2,2,2,2
2025-08-21 11:55:17.055,-393987,-425459,-443663,-431895,2,2,2,2
2025-08-21 11:55:17.055,-393972,-409062,-427269,-440076,2,2,2,2
2025-08-21 11:55:17.055,-393990,-425461,-427289,-431900,2,2,2,2
2025-08-21 11:55:17.056,-393999,-425468,-427302,-431973,2,2,2,2
2025-08-21 11:55:17.056,-394083,-425488,-427386,-448377,2,2,2,2
2025-08-21 11:55:17.056,-394013,-425483,-443768,-431992,2,2,2,2
2025-08-21 11:55:17.057,-394081,-425486,-427382,-432065,2,2,2,2
2025-08-21 11:55:17.057,-394000,-425473,-427302,-431984,2,2,2,2
2025-08-21 11:55:17.057,-393978,-409067,-427280,-448286,2,2,2,2
2025-08-21 11:55:17.057,-393954,-425364,-443896,-431878,2,2,2,2
2025-08-21 11:55:17.058,-393885,-408964,-427496,-448251,2,2,2,2
2025-08-21 11:55:17.058,-393880,-425342,-427490,-431858,2,2,2,2
2025-08-21 11:55:17.058,-393958,-425360,-427505,-431875,2,2,2,2
2025-08-21 11:55:17.059,-393886,-425418,-427496,-448255,2,2,2,2
2025-08-21 11:55:17.059,-393938,-425338,-443836,-431854,2,2,2,2
2025-08-21 11:55:17.059,-393956,-425348,-427503,-431862,2,2,2,2
2025-08-21 11:55:17.060,-393963,-425353,-427511,-431869,2,2,2,2
2025-08-21 11:55:17.060,-393978,-425368,-443654,-431883,2,2,2,2
2025-08-21 11:55:17.060,-393989,-425443,-427286,-448318,2,2,2,2
2025-08-21 11:55:17.060,-393982,-425373,-443697,-431896,2,2,2,2
2025-08-21 11:55:17.061,-393980,-408991,-427280,-440089,2,2,2,2
2025-08-21 11:55:17.061,-393984,-425376,-427282,-431899,2,2,2,2
2025-08-21 11:55:17.061,-393983,-425375,-427276,-431896,2,2,2,2
2025-08-21 11:55:17.061,-393991,-425451,-427284,-448321,2,2,2,2
2025-08-21 11:55:17.062,-394003,-425461,-427296,-448300,2,2,2,2
2025-08-21 11:55:17.062,-394015,-425476,-443698,-431992,2,2,2,2
2025-08-21 11:55:17.062,-394085,-409101,-427387,-440191,2,2,2,2
2025-08-21 11:55:17.062,-394064,-425495,-427402,-432076,2,2,2,2
2025-08-21 11:55:17.063,-394181,-425578,-443805,-432031,2,2,2,2
2025-08-21 11:55:17.063,-394131,-425526,-427497,-448492,2,2,2,2
2025-08-21 11:55:17.063,-394195,-425585,-443850,-432107,2,2,2,2
2025-08-21 11:55:17.063,-394199,-425590,-443887,-432112,2,2,2,2
2025-08-21 11:55:17.064,-394209,-425598,-427508,-432121,2,2,2,2
2025-08-21 11:55:17.064,-394212,-425604,-443892,-432124,2,2,2,2
2025-08-21 11:55:17.064,-394143,-425665,-427506,-448508,2,2,2,2
2025-08-21 11:55:17.065,-394215,-409223,-427512,-440066,2,2,2,2
2025-08-21 11:55:17.065,-394217,-409292,-427516,-448261,2,2,2,2
2025-08-21 11:55:17.065,-394188,-425614,-427513,-431878,2,2,2,2
2025-08-21 11:55:17.065,-394223,-425621,-427518,-431883,2,2,2,2
2025-08-21 11:55:17.066,-394236,-425701,-427527,-448283,2,2,2,2
2025-08-21 11:55:17.066,-393985,-425708,-443920,-431970,2,2,2,2
2025-08-21 11:55:17.066,-394226,-425701,-427524,-431895,2,2,2,2
2025-08-21 11:55:17.066,-394142,-409297,-427508,-448261,2,2,2,2
2025-08-21 11:55:17.067,-394122,-425533,-427489,-448463,2,2,2,2
2025-08-21 11:55:17.067,-394045,-425579,-443825,-432028,2,2,2,2
2025-08-21 11:55:17.067,-394097,-425499,-427393,-432076,2,2,2,2
2025-08-21 11:55:17.067,-394014,-425486,-443697,-431997,2,2,2,2
2025-08-21 11:55:17.068,-394007,-425481,-427307,-431987,2,2,2,2
2025-08-21 11:55:17.068,-393999,-425474,-427300,-431976,2,2,2,2
2025-08-21 11:55:17.068,-393983,-425457,-443672,-431893,2,2,2,2
2025-08-21 11:55:17.069,-393866,-425341,-427422,-431837,2,2,2,2
2025-08-21 11:55:17.069,-393860,-425335,-427481,-431769,2,2,2,2
2025-08-21 11:55:17.069,-393858,-425267,-427412,-448151,2,2,2,2
2025-08-21 11:55:17.069,-393861,-425269,-427413,-448185,2,2,2,2
2025-08-21 11:55:17.070,-393928,-425330,-443828,-431766,2,2,2,2
2025-08-21 11:55:17.070,-393845,-408898,-427394,-439937,2,2,2,2
2025-08-21 11:55:17.070,-393755,-425227,-427373,-431658,2,2,2,2
2025-08-21 11:55:17.070,-393738,-425467,-427290,-431647,2,2,2,2
2025-08-21 11:55:17.071,-393981,-425459,-427274,-448054,2,2,2,2
2025-08-21 11:55:17.071,-393730,-425468,-443698,-431646,2,2,2,2
2025-08-21 11:55:17.071,-393742,-408839,-427292,-439915,2,2,2,2
2025-08-21 11:55:17.071,-393828,-408892,-427378,-448128,2,2,2,2
2025-08-21 11:55:17.072,-393799,-425245,-427380,-431680,2,2,2,2
2025-08-21 11:55:17.072,-393828,-425244,-427376,-448128,2,2,2,2
2025-08-21 11:55:17.072,-393833,-425250,-427379,-448133,2,2,2,2
2025-08-21 11:55:17.072,-393774,-425317,-443772,-431756,2,2,2,2
2025-08-21 11:55:17.073,-393843,-408904,-427395,-439954,2,2,2,2
2025-08-21 11:55:17.073,-393769,-425247,-443773,-431752,2,2,2,2
2025-08-21 11:55:17.073,-393777,-425226,-443752,-431729,2,2,2,2
2025-08-21 11:55:17.074,-393743,-425219,-427364,-448042,2,2,2,2
2025-08-21 11:55:17.074,-393733,-425464,-427291,-431648,2,2,2,2
2025-08-21 11:55:17.074,-393736,-425464,-427294,-431648,2,2,2,2
2025-08-21 11:55:17.074,-393780,-425219,-427370,-431654,2,2,2,2
2025-08-21 11:55:17.075,-393835,-425247,-427461,-431745,2,2,2,2
2025-08-21 11:55:17.075,-393871,-425350,-427501,-431847,2,2,2,2
2025-08-21 11:55:17.075,-393887,-425365,-427518,-431867,2,2,2,2
2025-08-21 11:55:17.075,-393946,-425362,-427515,-431864,2,2,2,2
2025-08-21 11:55:17.076,-393888,-409050,-427519,-448250,2,2,2,2
2025-08-21 11:55:17.076,-393946,-425362,-443895,-431855,2,2,2,2
2025-08-21 11:55:17.076,-393872,-425413,-427505,-431848,2,2,2,2
2025-08-21 11:55:17.077,-393924,-425337,-443879,-431773,2,2,2,2
2025-08-21 11:55:17.077,-393866,-425342,-443883,-431842,2,2,2,2
2025-08-21 11:55:17.077,-393870,-425409,-427506,-448202,2,2,2,2
2025-08-21 11:55:17.077,-393935,-425344,-443892,-431851,2,2,2,2
2025-08-21 11:55:17.078,-393857,-408950,-427497,-431776,2,2,2,2
2025-08-21 11:55:17.078,-393846,-425325,-427489,-431769,2,2,2,2
2025-08-21 11:55:17.078,-393833,-425248,-427479,-431755,2,2,2,2
2025-08-21 11:55:17.078,-393825,-425235,-427398,-448125,2,2,2,2
2025-08-21 11:55:17.079,-393762,-425238,-443778,-431741,2,2,2,2
2025-08-21 11:55:17.079,-393757,-425234,-443771,-431734,2,2,2,2
2025-08-21 11:55:17.079,-393751,-408845,-427384,-439921,2,2,2,2
2025-08-21 11:55:17.079,-393751,-425229,-427387,-431666,2,2,2,2
2025-08-21 11:55:17.080,-393753,-425231,-427323,-431736,2,2,2,2
2025-08-21 11:55:17.080,-393746,-425223,-427381,-448115,2,2,2,2
2025-08-21 11:55:17.080,-393754,-425235,-443775,-431741,2,2,2,2
2025-08-21 11:55:17.080,-393759,-408857,-427391,-439935,2,2,2,2
2025-08-21 11:55:17.081,-393741,-408838,-427370,-448109,2,2,2,2
2025-08-21 11:55:17.081,-393741,-425472,-427364,-448103,2,2,2,2
2025-08-21 11:55:17.081,-393743,-425221,-427306,-431722,2,2,2,2
2025-08-21 11:55:17.081,-393754,-425232,-427386,-448120,2,2,2,2
2025-08-21 11:55:17.082,-393769,-425247,-443785,-431751,2,2,2,2
2025-08-21 11:55:17.082,-393850,-425329,-427418,-431833,2,2,2,2
2025-08-21 11:55:17.082,-393915,-425359,-427517,-431866,2,2,2,2
2025-08-21 11:55:17.082,-393973,-425447,-427290,-431892,2,2,2,2
2025-08-21 11:55:17.083,-393975,-409072,-427292,-440091,2,2,2,2
2025-08-21 11:55:17.083,-393966,-425448,-443666,-431890,2,2,2,2
2025-08-21 11:55:17.083,-393966,-409029,-427280,-448272,2,2,2,2
2025-08-21 11:55:17.084,-393931,-425375,-427275,-431884,2,2,2,2
2025-08-21 11:55:17.084,-393959,-425375,-443660,-431880,2,2,2,2
2025-08-21 11:55:17.084,-393882,-425428,-427519,-431866,2,2,2,2
2025-08-21 11:55:17.084,-393958,-425370,-443653,-431872,2,2,2,2
2025-08-21 11:55:17.085,-393966,-425372,-427274,-431873,2,2,2,2
2025-08-21 11:55:17.085,-393974,-425437,-427279,-448261,2,2,2,2
2025-08-21 11:55:17.085,-393982,-425449,-443669,-431886,2,2,2,2
2025-08-21 11:55:17.085,-393985,-425456,-427292,-448310,2,2,2,2
2025-08-21 11:55:17.086,-394004,-425481,-427373,-431915,2,2,2,2
2025-08-21 11:55:17.086,-394001,-425481,-443691,-431974,2,2,2,2
2025-08-21 11:55:17.086,-393993,-409091,-427367,-448353,2,2,2,2
2025-08-21 11:55:17.086,-393997,-425476,-443756,-431972,2,2,2,2
2025-08-21 11:55:17.087,-393996,-425478,-443760,-431978,2,2,2,2
2025-08-21 11:55:17.087,-394002,-409095,-427380,-431983,2,2,2,2
2025-08-21 11:55:17.087,-394001,-425481,-427383,-431921,2,2,2,2
2025-08-21 11:55:17.087,-393995,-425473,-427310,-431977,2,2,2,2
2025-08-21 11:55:17.088,-394007,-425479,-427385,-448370,2,2,2,2
2025-08-21 11:55:17.088,-394029,-425571,-443789,-432010,2,2,2,2
2025-08-21 11:55:17.088,-394102,-425582,-427411,-432081,2,2,2,2
2025-08-21 11:55:17.089,-394086,-425499,-427394,-431935,2,2,2,2
2025-08-21 11:55:17.089,-394003,-425480,-427376,-448331,2,2,2,2
2025-08-21 11:55:17.089,-393985,-425462,-443678,-431896,2,2,2,2
2025-08-21 11:55:17.089,-393977,-425450,-443704,-431893,2,2,2,2
2025-08-21 11:55:17.090,-393957,-408982,-427272,-440068,2,2,2,2
2025-08-21 11:55:17.090,-393928,-425370,-427274,-431875,2,2,2,2
2025-08-21 11:55:17.090,-393963,-425373,-427275,-431879,2,2,2,2
2025-08-21 11:55:17.090,-393960,-425436,-427273,-448259,2,2,2,2
2025-08-21 11:55:17.091,-393954,-425437,-427270,-448255,2,2,2,2
2025-08-21 11:55:17.091,-393958,-409026,-427273,-440065,2,2,2,2
2025-08-21 11:55:17.091,-393958,-425442,-427270,-431871,2,2,2,2
2025-08-21 11:55:17.091,-393926,-425443,-427269,-431871,2,2,2,2
2025-08-21 11:55:17.092,-393887,-425370,-427518,-431867,2,2,2,2
2025-08-21 11:55:17.092,-393941,-425358,-443893,-431855,2,2,2,2
2025-08-21 11:55:17.092,-393874,-425415,-427501,-431848,2,2,2,2
2025-08-21 11:55:17.092,-393934,-425347,-443881,-431844,2,2,2,2
2025-08-21 11:55:17.093,-393872,-408967,-427499,-448227,2,2,2,2
2025-08-21 11:55:17.093,-393875,-425420,-427506,-448200,2,2,2,2
2025-08-21 11:55:17.093,-393882,-425363,-427512,-431855,2,2,2,2
2025-08-21 11:55:17.093,-393953,-425433,-427518,-448245,2,2,2,2
2025-08-21 11:55:17.094,-393961,-425441,-443653,-431871,2,2,2,2
2025-08-21 11:55:17.094,-393930,-425445,-427272,-431876,2,2,2,2
2025-08-21 11:55:17.094,-393959,-425443,-427272,-448257,2,2,2,2
2025-08-21 11:55:17.094,-393955,-425375,-427274,-431868,2,2,2,2
2025-08-21 11:55:17.095,-393956,-425442,-427277,-448252,2,2,2,2
2025-08-21 11:55:17.095,-393885,-409021,-427272,-440052,2,2,2,2
2025-08-21 11:55:17.095,-393931,-425355,-427510,-431775,2,2,2,2
2025-08-21 11:55:17.095,-393856,-408891,-427495,-448146,2,2,2,2
2025-08-21 11:55:17.096,-393850,-425331,-443808,-431756,2,2,2,2
2025-08-21 11:55:17.096,-393845,-425259,-427416,-431818,2,2,2,2
2025-08-21 11:55:17.096,-393787,-425329,-443868,-431762,2,2,2,2
2025-08-21 11:55:17.097,-393843,-408904,-427410,-448140,2,2,2,2
2025-08-21 11:55:17.097,-393842,-425255,-427408,-448139,2,2,2,2
2025-08-21 11:55:17.097,-393777,-425319,-443794,-431755,2,2,2,2
2025-08-21 11:55:17.098,-393831,-425243,-427399,-431678,2,2,2,2
2025-08-21 11:55:17.098,-393832,-408855,-427398,-448126,2,2,2,2
2025-08-21 11:55:17.098,-393831,-408853,-427398,-448123,2,2,2,2
2025-08-21 11:55:17.098,-393764,-425236,-443782,-431734,2,2,2,2
2025-08-21 11:55:17.099,-393748,-425228,-443705,-431723,2,2,2,2
2025-08-21 11:55:17.099,-393748,-425226,-427387,-431661,2,2,2,2
2025-08-21 11:55:17.099,-393825,-425246,-427466,-431737,2,2,2,2
2025-08-21 11:55:17.100,-393842,-425265,-427418,-448141,2,2,2,2
2025-08-21 11:55:17.100,-393922,-425348,-443881,-431773,2,2,2,2
2025-08-21 11:55:17.100,-393871,-408982,-427516,-431856,2,2,2,2
2025-08-21 11:55:17.100,-393878,-425442,-427275,-431866,2,2,2,2
2025-08-21 11:55:17.101,-393888,-425452,-427283,-431874,2,2,2,2
2025-08-21 11:55:17.101,-393963,-425462,-427292,-431878,2,2,2,2
2025-08-21 11:55:17.101,-393977,-425475,-427365,-448305,2,2,2,2
2025-08-21 11:55:17.101,-393977,-425470,-443713,-431887,2,2,2,2
2025-08-21 11:55:17.102,-393980,-409086,-427366,-440081,2,2,2,2
2025-08-21 11:55:17.102,-393981,-409089,-427367,-448275,2,2,2,2
2025-08-21 11:55:17.102,-393984,-425472,-427305,-431892,2,2,2,2
2025-08-21 11:55:17.102,-393989,-425475,-427372,-448310,2,2,2,2
2025-08-21 11:55:17.103,-394000,-425481,-443766,-431971,2,2,2,2
2025-08-21 11:55:17.103,-394007,-409105,-427387,-440172,2,2,2,2
2025-08-21 11:55:17.103,-393999,-425478,-427378,-431906,2,2,2,2
2025-08-21 11:55:17.103,-393993,-425473,-427312,-431901,2,2,2,2
2025-08-21 11:55:17.104,-393993,-425469,-427312,-431898,2,2,2,2
2025-08-21 11:55:17.104,-394003,-425479,-427388,-448323,2,2,2,2
2025-08-21 11:55:17.104,-394009,-425481,-443712,-431975,2,2,2,2
2025-08-21 11:55:17.104,-393989,-409077,-427370,-440084,2,2,2,2
2025-08-21 11:55:17.105,-393973,-425449,-427289,-431881,2,2,2,2
2025-08-21 11:55:17.105,-393974,-425455,-427292,-431884,2,2,2,2
2025-08-21 11:55:17.105,-393968,-425453,-427293,-448263,2,2,2,2
2025-08-21 11:55:17.105,-393955,-425441,-443698,-431868,2,2,2,2
2025-08-21 11:55:17.106,-393949,-425369,-443658,-431860,2,2,2,2
2025-08-21 11:55:17.106,-393920,-425374,-443661,-431868,2,2,2,2
2025-08-21 11:55:17.106,-393925,-425375,-443664,-431870,2,2,2,2
2025-08-21 11:55:17.106,-393961,-425442,-427283,-431877,2,2,2,2
2025-08-21 11:55:17.107,-393956,-425441,-427277,-448258,2,2,2,2
2025-08-21 11:55:17.107,-393881,-425366,-427265,-431861,2,2,2,2
2025-08-21 11:55:17.107,-393859,-408960,-427499,-448227,2,2,2,2
2025-08-21 11:55:17.107,-393855,-425335,-427491,-431837,2,2,2,2
2025-08-21 11:55:17.108,-393788,-425332,-443803,-431769,2,2,2,2
2025-08-21 11:55:17.108,-393835,-425316,-427400,-431812,2,2,2,2
2025-08-21 11:55:17.108,-393756,-425241,-427386,-431670,2,2,2,2
2025-08-21 11:55:17.108,-393751,-425234,-443698,-431727,2,2,2,2
2025-08-21 11:55:17.109,-393760,-408854,-427385,-448118,2,2,2,2
2025-08-21 11:55:17.109,-393764,-425237,-443772,-431732,2,2,2,2
2025-08-21 11:55:17.109,-393839,-425250,-427401,-448063,2,2,2,2
2025-08-21 11:55:17.110,-393847,-425321,-427412,-431818,2,2,2,2
2025-08-21 11:55:17.110,-393854,-425263,-427420,-448180,2,2,2,2
2025-08-21 11:55:17.110,-393866,-425340,-427492,-431838,2,2,2,2
2025-08-21 11:55:17.110,-393929,-425334,-443805,-431768,2,2,2,2
2025-08-21 11:55:17.111,-393844,-408900,-427408,-448132,2,2,2,2
2025-08-21 11:55:17.111,-393768,-425241,-427466,-431742,2,2,2,2
2025-08-21 11:55:17.111,-393759,-425234,-427461,-431737,2,2,2,2
2025-08-21 11:55:17.112,-393738,-425472,-427380,-448070,2,2,2,2
2025-08-21 11:55:17.112,-393979,-425459,-427365,-431638,2,2,2,2
2025-08-21 11:55:17.112,-393966,-409062,-427287,-439819,2,2,2,2
2025-08-21 11:55:17.112,-393960,-425371,-427280,-431617,2,2,2,2
2025-08-21 11:55:17.113,-393888,-425358,-427270,-431862,2,2,2,2
2025-08-21 11:55:17.113,-393961,-425360,-443655,-431866,2,2,2,2
2025-08-21 11:55:17.113,-393966,-425362,-443659,-431865,2,2,2,2
2025-08-21 11:55:17.114,-393887,-425348,-427257,-431853,2,2,2,2
2025-08-21 11:55:17.114,-393915,-425343,-443634,-431849,2,2,2,2
2025-08-21 11:55:17.114,-393961,-425359,-427265,-431863,2,2,2,2
2025-08-21 11:55:17.114,-393984,-425446,-427287,-448013,2,2,2,2
2025-08-21 11:55:17.115,-393730,-425452,-443711,-431634,2,2,2,2
2025-08-21 11:55:17.115,-393735,-425460,-427363,-431638,2,2,2,2
2025-08-21 11:55:17.115,-393737,-425463,-427364,-431638,2,2,2,2
2025-08-21 11:55:17.115,-393734,-425463,-427302,-431633,2,2,2,2
2025-08-21 11:55:17.116,-393737,-425467,-427372,-448052,2,2,2,2
2025-08-21 11:55:17.116,-393738,-425469,-443726,-431637,2,2,2,2
2025-08-21 11:55:17.116,-393730,-425461,-443724,-431631,2,2,2,2
2025-08-21 11:55:17.116,-393978,-409036,-427361,-448004,2,2,2,2
2025-08-21 11:55:17.117,-393984,-425459,-427364,-431627,2,2,2,2
2025-08-21 11:55:17.117,-393745,-425220,-427380,-448059,2,2,2,2
2025-08-21 11:55:17.117,-393753,-425230,-427384,-448068,2,2,2,2
2025-08-21 11:55:17.117,-393756,-425231,-443768,-431717,2,2,2,2
2025-08-21 11:55:17.118,-393751,-408845,-427381,-439839,2,2,2,2
2025-08-21 11:55:17.118,-393744,-408838,-427375,-448023,2,2,2,2
2025-08-21 11:55:17.118,-393742,-425218,-443755,-431636,2,2,2,2
2025-08-21 11:55:17.119,-393729,-425460,-427293,-431627,2,2,2,2
2025-08-21 11:55:17.119,-393984,-425461,-443678,-431628,2,2,2,2
2025-08-21 11:55:17.119,-393733,-409085,-427366,-448017,2,2,2,2
2025-08-21 11:55:17.119,-393981,-425462,-443678,-431626,2,2,2,2
2025-08-21 11:55:17.120,-393953,-425363,-427261,-431854,2,2,2,2
2025-08-21 11:55:17.120,-393865,-425278,-427237,-448217,2,2,2,2
2025-08-21 11:55:17.120,-393855,-425331,-427166,-431822,2,2,2,2
2025-08-21 11:55:17.120,-393785,-425330,-427227,-431752,2,2,2,2
2025-08-21 11:55:17.121,-393852,-425276,-427234,-448140,2,2,2,2
2025-08-21 11:55:17.121,-393931,-425355,-443633,-431774,2,2,2,2
2025-08-21 11:55:17.121,-393882,-425436,-427260,-431852,2,2,2,2
2025-08-21 11:55:17.122,-393946,-425375,-427260,-431852,2,2,2,2
2025-08-21 11:55:17.122,-393875,-425369,-427255,-431847,2,2,2,2
2025-08-21 11:55:17.122,-393886,-425448,-427267,-448247,2,2,2,2
2025-08-21 11:55:17.122,-393979,-425471,-443675,-431631,2,2,2,2
2025-08-21 11:55:17.123,-393741,-408846,-427376,-431648,2,2,2,2
2025-08-21 11:55:17.123,-393785,-425239,-427390,-431662,2,2,2,2
2025-08-21 11:55:17.123,-393826,-425245,-427460,-431734,2,2,2,2
2025-08-21 11:55:17.123,-393834,-425254,-427402,-448126,2,2,2,2
2025-08-21 11:55:17.124,-393843,-425267,-427418,-448141,2,2,2,2
2025-08-21 11:55:17.124,-393854,-408954,-427493,-439958,2,2,2,2
2025-08-21 11:55:17.124,-393931,-425350,-443894,-431842,2,2,2,2
2025-08-21 11:55:17.124,-393857,-425339,-427499,-431831,2,2,2,2
2025-08-21 11:55:17.125,-393805,-425321,-443798,-431748,2,2,2,2
2025-08-21 11:55:17.125,-393833,-425250,-427410,-448064,2,2,2,2
2025-08-21 11:55:17.125,-393772,-425316,-443829,-431747,2,2,2,2
2025-08-21 11:55:17.125,-393839,-408938,-427418,-439943,2,2,2,2
2025-08-21 11:55:17.126,-393842,-408912,-427421,-448138,2,2,2,2
2025-08-21 11:55:17.126,-393839,-425324,-427475,-431749,2,2,2,2
2025-08-21 11:55:17.126,-393840,-425320,-427472,-431747,2,2,2,2
2025-08-21 11:55:17.126,-393834,-425251,-427403,-448127,2,2,2,2
2025-08-21 11:55:17.127,-393834,-425316,-427405,-431680,2,2,2,2
2025-08-21 11:55:17.127,-393844,-408879,-427419,-448140,2,2,2,2
2025-08-21 11:55:17.127,-393850,-425331,-427490,-431824,2,2,2,2
2025-08-21 11:55:17.127,-393850,-425329,-427486,-431756,2,2,2,2
2025-08-21 11:55:17.128,-393832,-408892,-427408,-439924,2,2,2,2
2025-08-21 11:55:17.128,-393759,-425239,-443849,-431722,2,2,2,2
2025-08-21 11:55:17.128,-393833,-408895,-427409,-448111,2,2,2,2
2025-08-21 11:55:17.129,-393841,-425253,-427419,-448121,2,2,2,2
2025-08-21 11:55:17.129,-393921,-425335,-443853,-431758,2,2,2,2
2025-08-21 11:55:17.129,-393863,-425278,-427508,-448214,2,2,2,2
2025-08-21 11:55:17.129,-393862,-425346,-427512,-431830,2,2,2,2
2025-08-21 11:55:17.130,-393934,-425354,-427266,-431772,2,2,2,2
2025-08-21 11:55:17.130,-393882,-425371,-427283,-431851,2,2,2,2
2025-08-21 11:55:17.130,-393963,-425454,-443746,-431867,2,2,2,2
2025-08-21 11:55:17.131,-393966,-425459,-427365,-431869,2,2,2,2
2025-08-21 11:55:17.131,-393966,-425455,-427296,-431870,2,2,2,2
2025-08-21 11:55:17.131,-393958,-409066,-427286,-448248,2,2,2,2
2025-08-21 11:55:17.131,-393973,-425465,-427365,-448260,2,2,2,2
2025-08-21 11:55:17.132,-393988,-425481,-443760,-431891,2,2,2,2
2025-08-21 11:55:17.132,-393993,-425488,-427385,-431899,2,2,2,2
2025-08-21 11:55:17.132,-393994,-425487,-427386,-431900,2,2,2,2
2025-08-21 11:55:17.132,-393993,-425485,-427321,-431903,2,2,2,2
2025-08-21 11:55:17.133,-394007,-425499,-427467,-431986,2,2,2,2
2025-08-21 11:55:17.133,-394008,-425497,-443786,-431987,2,2,2,2
2025-08-21 11:55:17.133,-394092,-409160,-427417,-440198,2,2,2,2
2025-08-21 11:55:17.134,-394105,-425584,-427489,-432079,2,2,2,2
2025-08-21 11:55:17.134,-394113,-425600,-443880,-432024,2,2,2,2
2025-08-21 11:55:17.134,-394112,-425665,-427500,-448434,2,2,2,2
2025-08-21 11:55:17.134,-394126,-425673,-427513,-448477,2,2,2,2
2025-08-21 11:55:17.135,-394197,-425615,-443903,-432098,2,2,2,2
2025-08-21 11:55:17.135,-394138,-409271,-427528,-448488,2,2,2,2
2025-08-21 11:55:17.135,-394138,-425623,-427529,-432107,2,2,2,2
2025-08-21 11:55:17.135,-394121,-425606,-427511,-432029,2,2,2,2
2025-08-21 11:55:17.136,-394113,-425531,-427500,-448466,2,2,2,2
2025-08-21 11:55:17.136,-394190,-425605,-443894,-432029,2,2,2,2
2025-08-21 11:55:17.136,-394142,-409274,-427529,-440307,2,2,2,2
2025-08-21 11:55:17.136,-394144,-409309,-427533,-448506,2,2,2,2
2025-08-21 11:55:17.137,-394127,-425618,-427518,-432110,2,2,2,2
2025-08-21 11:55:17.137,-394119,-425674,-427510,-448447,2,2,2,2
2025-08-21 11:55:17.137,-394116,-425668,-427504,-432091,2,2,2,2
2025-08-21 11:55:17.137,-394043,-425595,-443877,-432021,2,2,2,2
2025-08-21 11:55:17.138,-394108,-409147,-427491,-448404,2,2,2,2
2025-08-21 11:55:17.138,-394024,-425573,-443789,-432002,2,2,2,2
2025-08-21 11:55:17.139,-394013,-425495,-427392,-431924,2,2,2,2
2025-08-21 11:55:17.139,-394082,-425500,-427401,-448379,2,2,2,2
2025-08-21 11:55:17.139,-394015,-425495,-427391,-448374,2,2,2,2
2025-08-21 11:55:17.139,-393993,-425472,-443753,-431904,2,2,2,2
2025-08-21 11:55:17.140,-393979,-425459,-427289,-431894,2,2,2,2
2025-08-21 11:55:17.140,-393974,-425454,-427283,-431893,2,2,2,2
2025-08-21 11:55:17.140,-393975,-425459,-427286,-431896,2,2,2,2
2025-08-21 11:55:17.141,-393988,-425472,-427364,-448322,2,2,2,2
2025-08-21 11:55:17.141,-393988,-425469,-443683,-431969,2,2,2,2
2025-08-21 11:55:17.141,-393977,-409082,-427296,-440091,2,2,2,2
2025-08-21 11:55:17.141,-393975,-425466,-427362,-431898,2,2,2,2
2025-08-21 11:55:17.142,-393972,-425469,-427301,-431898,2,2,2,2
2025-08-21 11:55:17.142,-393977,-425473,-427370,-448315,2,2,2,2
2025-08-21 11:55:17.142,-393958,-425454,-427291,-448263,2,2,2,2
2025-08-21 11:55:17.142,-393924,-425355,-443896,-431844,2,2,2,2
2025-08-21 11:55:17.143,-393850,-408963,-427504,-439967,2,2,2,2
2025-08-21 11:55:17.143,-393844,-425345,-443885,-431772,2,2,2,2
2025-08-21 11:55:17.143,-393752,-425319,-427472,-431743,2,2,2,2
2025-08-21 11:55:17.143,-393740,-425235,-427389,-448078,2,2,2,2
2025-08-21 11:55:17.144,-393979,-425220,-443725,-431644,2,2,2,2
2025-08-21 11:55:17.144,-393959,-425459,-427290,-431621,2,2,2,2
2025-08-21 11:55:17.144,-393869,-425366,-427263,-431852,2,2,2,2
2025-08-21 11:55:17.144,-393858,-425354,-427249,-431841,2,2,2,2
2025-08-21 11:55:17.145,-393846,-425346,-427238,-431768,2,2,2,2
2025-08-21 11:55:17.145,-393847,-408965,-427242,-439958,2,2,2,2
2025-08-21 11:55:17.145,-393926,-425364,-443641,-431845,2,2,2,2
2025-08-21 11:55:17.145,-393860,-409016,-427260,-440040,2,2,2,2
2025-08-21 11:55:17.146,-393861,-425370,-427260,-431849,2,2,2,2
2025-08-21 11:55:17.146,-393932,-425373,-443646,-431850,2,2,2,2
2025-08-21 11:55:17.146,-393883,-425452,-427278,-431864,2,2,2,2
2025-08-21 11:55:17.147,-393957,-425461,-443674,-431872,2,2,2,2
2025-08-21 11:55:17.147,-393967,-425469,-427364,-448011,2,2,2,2
2025-08-21 11:55:17.147,-393735,-425237,-443773,-431717,2,2,2,2
2025-08-21 11:55:17.148,-393829,-408944,-427414,-431744,2,2,2,2
2025-08-21 11:55:17.148,-393841,-408956,-427491,-439944,2,2,2,2
2025-08-21 11:55:17.148,-393845,-425346,-427494,-431759,2,2,2,2
2025-08-21 11:55:17.148,-393834,-425270,-427416,-448132,2,2,2,2
2025-08-21 11:55:17.149,-393769,-425330,-443794,-431746,2,2,2,2
2025-08-21 11:55:17.149,-393757,-425253,-427398,-431667,2,2,2,2
2025-08-21 11:55:17.149,-393749,-425244,-427388,-431656,2,2,2,2
2025-08-21 11:55:17.149,-393754,-425247,-427459,-431728,2,2,2,2
2025-08-21 11:55:17.150,-393760,-425315,-427462,-431732,2,2,2,2
2025-08-21 11:55:17.150,-393825,-425316,-427461,-431733,2,2,2,2
2025-08-21 11:55:17.150,-393774,-425332,-443827,-431747,2,2,2,2
2025-08-21 11:55:17.150,-393851,-408961,-427424,-439955,2,2,2,2
2025-08-21 11:55:17.151,-393857,-425351,-427492,-431831,2,2,2,2
2025-08-21 11:55:17.151,-393856,-425350,-427491,-431831,2,2,2,2
2025-08-21 11:55:17.151,-393856,-425411,-427492,-448182,2,2,2,2
2025-08-21 11:55:17.151,-393923,-425350,-443878,-431770,2,2,2,2
2025-08-21 11:55:17.152,-393925,-425354,-443847,-431773,2,2,2,2
2025-08-21 11:55:17.152,-393846,-408953,-427414,-439949,2,2,2,2
2025-08-21 11:55:17.152,-393808,-425334,-427408,-431816,2,2,2,2
2025-08-21 11:55:17.152,-393851,-425343,-427487,-431761,2,2,2,2
2025-08-21 11:55:17.153,-393869,-425424,-427504,-448192,2,2,2,2
2025-08-21 11:55:17.153,-393934,-425359,-443853,-431843,2,2,2,2
2025-08-21 11:55:17.153,-393864,-408968,-427491,-439963,2,2,2,2
2025-08-21 11:55:17.154,-393867,-425357,-427498,-431838,2,2,2,2
2025-08-21 11:55:17.154,-393918,-425375,-443900,-431855,2,2,2,2
2025-08-21 11:55:17.154,-393954,-425447,-427519,-431859,2,2,2,2
2025-08-21 11:55:17.155,-393946,-425443,-443902,-431859,2,2,2,2
2025-08-21 11:55:17.155,-393887,-409032,-427266,-440056,2,2,2,2
2025-08-21 11:55:17.155,-393879,-425443,-427514,-431859,2,2,2,2
2025-08-21 11:55:17.155,-393869,-425372,-427503,-431852,2,2,2,2
2025-08-21 11:55:17.156,-393857,-425423,-427492,-448191,2,2,2,2
2025-08-21 11:55:17.156,-393854,-425419,-427489,-431833,2,2,2,2
2025-08-21 11:55:17.156,-393858,-409040,-427494,-448155,2,2,2,2
2025-08-21 11:55:17.156,-393859,-409044,-427493,-448154,2,2,2,2
2025-08-21 11:55:17.156,-393870,-425374,-443891,-431847,2,2,2,2
2025-08-21 11:55:17.157,-393847,-425355,-427489,-431833,2,2,2,2
2025-08-21 11:55:17.157,-393778,-425354,-443875,-431773,2,2,2,2
2025-08-21 11:55:17.157,-393825,-425339,-427475,-431760,2,2,2,2
2025-08-21 11:55:17.158,-393747,-425264,-427400,-448135,2,2,2,2
2025-08-21 11:55:17.158,-393745,-425316,-427397,-431809,2,2,2,2
2025-08-21 11:55:17.159,-393984,-425241,-427317,-431731,2,2,2,2
2025-08-21 11:55:17.159,-393982,-425237,-443757,-431727,2,2,2,2
2025-08-21 11:55:17.159,-393734,-425246,-443765,-431737,2,2,2,2
2025-08-21 11:55:17.159,-393747,-425321,-443776,-431746,2,2,2,2
2025-08-21 11:55:17.160,-393754,-408947,-427400,-439943,2,2,2,2
2025-08-21 11:55:17.160,-393834,-409028,-427416,-448147,2,2,2,2
2025-08-21 11:55:17.160,-393850,-425359,-427494,-431774,2,2,2,2
2025-08-21 11:55:17.160,-393859,-425438,-427506,-448206,2,2,2,2
2025-08-21 11:55:17.161,-393922,-425374,-443888,-431849,2,2,2,2
2025-08-21 11:55:17.161,-393856,-425372,-427503,-431843,2,2,2,2
2025-08-21 11:55:17.161,-393851,-408973,-427492,-439963,2,2,2,2
2025-08-21 11:55:17.161,-393852,-425352,-427423,-431837,2,2,2,2
2025-08-21 11:55:17.162,-393857,-425356,-427493,-431842,2,2,2,2
2025-08-21 11:55:17.162,-393863,-425425,-427495,-448225,2,2,2,2
2025-08-21 11:55:17.162,-393786,-425351,-443832,-431762,2,2,2,2
2025-08-21 11:55:17.162,-393759,-408909,-427387,-439926,2,2,2,2
2025-08-21 11:55:17.163,-393734,-425240,-427366,-431648,2,2,2,2
2025-08-21 11:55:17.163,-393973,-425227,-443672,-431633,2,2,2,2
2025-08-21 11:55:17.163,-393960,-425218,-427277,-431624,2,2,2,2
2025-08-21 11:55:17.163,-393958,-425472,-427275,-448006,2,2,2,2
2025-08-21 11:55:17.164,-393959,-425472,-443663,-431628,2,2,2,2
2025-08-21 11:55:17.164,-393972,-425224,-427295,-431644,2,2,2,2
2025-08-21 11:55:17.164,-393730,-425235,-427375,-448110,2,2,2,2
2025-08-21 11:55:17.164,-393741,-425245,-427320,-431736,2,2,2,2
2025-08-21 11:55:17.165,-393758,-425261,-427396,-448136,2,2,2,2
2025-08-21 11:55:17.165,-393771,-425336,-443856,-431762,2,2,2,2
2025-08-21 11:55:17.165,-393786,-425349,-427485,-431844,2,2,2,2
2025-08-21 11:55:17.165,-393856,-409038,-427492,-448233,2,2,2,2
2025-08-21 11:55:17.166,-393858,-425362,-443876,-431851,2,2,2,2
2025-08-21 11:55:17.166,-393921,-425359,-443873,-431852,2,2,2,2
2025-08-21 11:55:17.166,-393855,-425414,-427422,-448234,2,2,2,2
2025-08-21 11:55:17.166,-393779,-425341,-443859,-431842,2,2,2,2
2025-08-21 11:55:17.167,-393836,-408949,-427402,-448152,2,2,2,2
2025-08-21 11:55:17.167,-393849,-425412,-427416,-448231,2,2,2,2
2025-08-21 11:55:17.167,-393929,-425367,-443882,-431864,2,2,2,2
2025-08-21 11:55:17.168,-393989,-425491,-427365,-431923,2,2,2,2
2025-08-21 11:55:17.168,-394009,-425574,-427321,-432004,2,2,2,2
2025-08-21 11:55:17.168,-394016,-409131,-427389,-448392,2,2,2,2
2025-08-21 11:55:17.168,-394010,-425574,-443766,-432002,2,2,2,2
2025-08-21 11:55:17.169,-394014,-409202,-427390,-440203,2,2,2,2
2025-08-21 11:55:17.169,-394011,-425581,-427388,-432072,2,2,2,2
2025-08-21 11:55:17.169,-394009,-425576,-427324,-432005,2,2,2,2
2025-08-21 11:55:17.170,-394000,-425500,-427380,-448380,2,2,2,2
2025-08-21 11:55:17.170,-393993,-425493,-443754,-431988,2,2,2,2
2025-08-21 11:55:17.170,-393992,-409107,-427367,-431985,2,2,2,2
2025-08-21 11:55:17.170,-393994,-425494,-427370,-431920,2,2,2,2
2025-08-21 11:55:17.171,-393981,-425480,-427294,-431970,2,2,2,2
2025-08-21 11:55:17.171,-393973,-425474,-427286,-448313,2,2,2,2
2025-08-21 11:55:17.171,-393971,-425473,-427282,-448307,2,2,2,2
2025-08-21 11:55:17.171,-393976,-425476,-443699,-431894,2,2,2,2
2025-08-21 11:55:17.172,-393989,-409140,-427361,-440166,2,2,2,2
2025-08-21 11:55:17.172,-393992,-425491,-443745,-431979,2,2,2,2
2025-08-21 11:55:17.172,-393981,-425483,-427286,-431972,2,2,2,2
2025-08-21 11:55:17.172,-393989,-425491,-427363,-448335,2,2,2,2
2025-08-21 11:55:17.173,-393996,-425502,-443721,-431989,2,2,2,2
2025-08-21 11:55:17.173,-393995,-409146,-427367,-448367,2,2,2,2
2025-08-21 11:55:17.173,-393989,-409140,-427295,-448360,2,2,2,2
2025-08-21 11:55:17.173,-393983,-425486,-427290,-431908,2,2,2,2
2025-08-21 11:55:17.174,-393990,-425496,-443752,-431983,2,2,2,2
2025-08-21 11:55:17.174,-393989,-425497,-427369,-431920,2,2,2,2
2025-08-21 11:55:17.174,-393988,-425494,-443683,-431981,2,2,2,2
2025-08-21 11:55:17.174,-393982,-409140,-427290,-440169,2,2,2,2
2025-08-21 11:55:17.175,-393985,-409110,-427293,-448363,2,2,2,2
2025-08-21 11:55:17.175,-393998,-425502,-427368,-448372,2,2,2,2
2025-08-21 11:55:17.175,-393987,-425489,-427293,-431911,2,2,2,2
2025-08-21 11:55:17.176,-393969,-425472,-427278,-431896,2,2,2,2
2025-08-21 11:55:17.176,-393928,-425468,-443657,-431890,2,2,2,2
2025-08-21 11:55:17.176,-393915,-425451,-443899,-431878,2,2,2,2
2025-08-21 11:55:17.176,-393873,-425373,-427504,-431863,2,2,2,2
2025-08-21 11:55:17.177,-393855,-425350,-427423,-431843,2,2,2,2
2025-08-21 11:55:17.177,-393786,-425347,-427484,-431774,2,2,2,2
2025-08-21 11:55:17.177,-393850,-425413,-427421,-448158,2,2,2,2
2025-08-21 11:55:17.178,-393860,-425428,-427498,-448201,2,2,2,2
2025-08-21 11:55:17.178,-393869,-408988,-427505,-431857,2,2,2,2
2025-08-21 11:55:17.178,-393874,-425436,-427506,-431861,2,2,2,2
2025-08-21 11:55:17.178,-393943,-425444,-427512,-431867,2,2,2,2
2025-08-21 11:55:17.179,-393874,-425442,-427511,-431869,2,2,2,2
2025-08-21 11:55:17.179,-393933,-425373,-443889,-431865,2,2,2,2
2025-08-21 11:55:17.179,-393932,-425370,-443882,-431863,2,2,2,2
2025-08-21 11:55:17.179,-393951,-425455,-443901,-431882,2,2,2,2
2025-08-21 11:55:17.180,-393885,-425453,-427512,-431878,2,2,2,2
2025-08-21 11:55:17.180,-393879,-425447,-427508,-431869,2,2,2,2
2025-08-21 11:55:17.180,-393861,-425432,-427493,-448239,2,2,2,2
2025-08-21 11:55:17.180,-393859,-425429,-427492,-448204,2,2,2,2
2025-08-21 11:55:17.181,-393790,-425360,-443834,-431845,2,2,2,2
2025-08-21 11:55:17.181,-393850,-425357,-427415,-431841,2,2,2,2
2025-08-21 11:55:17.181,-393851,-425360,-427418,-431844,2,2,2,2
2025-08-21 11:55:17.181,-393801,-425338,-443785,-431824,2,2,2,2
2025-08-21 11:55:17.182,-393753,-425261,-427389,-448135,2,2,2,2
2025-08-21 11:55:17.182,-393739,-425249,-427377,-448060,2,2,2,2
2025-08-21 11:55:17.182,-393980,-408848,-427296,-439913,2,2,2,2
2025-08-21 11:55:17.182,-393971,-408843,-427290,-448098,2,2,2,2
2025-08-21 11:55:17.183,-393731,-425240,-427370,-431665,2,2,2,2
2025-08-21 11:55:17.183,-393748,-425319,-443768,-431749,2,2,2,2
2025-08-21 11:55:17.183,-393757,-425260,-427393,-448204,2,2,2,2
2025-08-21 11:55:17.183,-393759,-425327,-427393,-431822,2,2,2,2
2025-08-21 11:55:17.184,-393780,-425351,-427479,-431843,2,2,2,2
2025-08-21 11:55:17.184,-393870,-425442,-427509,-431869,2,2,2,2
2025-08-21 11:55:17.184,-393953,-425456,-427273,-431885,2,2,2,2
2025-08-21 11:55:17.185,-393984,-425482,-427295,-431908,2,2,2,2
2025-08-21 11:55:17.185,-393988,-425486,-443682,-431976,2,2,2,2
2025-08-21 11:55:17.185,-393994,-409137,-427366,-448368,2,2,2,2
2025-08-21 11:55:17.185,-394004,-425504,-427382,-448379,2,2,2,2
2025-08-21 11:55:17.186,-394083,-425582,-427459,-432008,2,2,2,2
2025-08-21 11:55:17.186,-394091,-425527,-427401,-448462,2,2,2,2
2025-08-21 11:55:17.186,-394101,-425606,-427409,-432089,2,2,2,2
2025-08-21 11:55:17.186,-394107,-425614,-427479,-432032,2,2,2,2
2025-08-21 11:55:17.187,-394101,-425670,-427408,-448413,2,2,2,2
2025-08-21 11:55:17.187,-394119,-425680,-427420,-432111,2,2,2,2
2025-08-21 11:55:17.188,-394195,-425628,-427497,-432122,2,2,2,2
2025-08-21 11:55:17.188,-394142,-425702,-427511,-448263,2,2,2,2
2025-08-21 11:55:17.188,-394211,-425708,-427523,-448272,2,2,2,2
2025-08-21 11:55:17.188,-394205,-425705,-443904,-431884,2,2,2,2
2025-08-21 11:55:17.189,-394132,-425694,-427513,-431876,2,2,2,2
2025-08-21 11:55:17.189,-394166,-425630,-427514,-431874,2,2,2,2
2025-08-21 11:55:17.189,-394124,-409267,-427506,-448505,2,2,2,2
2025-08-21 11:55:17.189,-394110,-425672,-427491,-448493,2,2,2,2
2025-08-21 11:55:17.190,-394040,-425606,-443807,-432104,2,2,2,2
2025-08-21 11:55:17.190,-394095,-409216,-427408,-440223,2,2,2,2
2025-08-21 11:55:17.190,-394083,-409168,-427390,-440206,2,2,2,2
2025-08-21 11:55:17.190,-394000,-425504,-427372,-431932,2,2,2,2
2025-08-21 11:55:17.191,-393977,-409098,-427285,-448359,2,2,2,2
2025-08-21 11:55:17.191,-393966,-425471,-427274,-448288,2,2,2,2
2025-08-21 11:55:17.191,-393955,-425463,-443652,-431894,2,2,2,2
2025-08-21 11:55:17.191,-393881,-409070,-427518,-440079,2,2,2,2
2025-08-21 11:55:17.192,-393879,-425449,-427517,-431885,2,2,2,2
2025-08-21 11:55:17.192,-393883,-425457,-427269,-448306,2,2,2,2
2025-08-21 11:55:17.192,-393967,-425475,-427290,-431970,2,2,2,2
2025-08-21 11:55:17.192,-393978,-425484,-443749,-431978,2,2,2,2
2025-08-21 11:55:17.193,-393971,-409092,-427292,-431969,2,2,2,2
2025-08-21 11:55:17.193,-393962,-425469,-427282,-431897,2,2,2,2
2025-08-21 11:55:17.193,-393923,-425461,-427277,-431895,2,2,2,2
2025-08-21 11:55:17.193,-393954,-425458,-427277,-431896,2,2,2,2
2025-08-21 11:55:17.194,-393974,-409094,-427296,-440169,2,2,2,2
2025-08-21 11:55:17.194,-393990,-409143,-427379,-448379,2,2,2,2
2025-08-21 11:55:17.194,-394009,-425575,-427396,-432077,2,2,2,2
2025-08-21 11:55:17.195,-394055,-425587,-443794,-432022,2,2,2,2
2025-08-21 11:55:17.195,-394114,-425678,-427503,-448494,2,2,2,2
2025-08-21 11:55:17.195,-394181,-425622,-443893,-432118,2,2,2,2
2025-08-21 11:55:17.196,-394110,-425612,-427498,-432110,2,2,2,2
2025-08-21 11:55:17.196,-394112,-425609,-443878,-432109,2,2,2,2
2025-08-21 11:55:17.196,-394108,-425602,-427486,-432107,2,2,2,2
2025-08-21 11:55:17.196,-394101,-425530,-427412,-448454,2,2,2,2
2025-08-21 11:55:17.197,-394089,-425583,-427402,-432091,2,2,2,2
2025-08-21 11:55:17.197,-394087,-409165,-427401,-448414,2,2,2,2
2025-08-21 11:55:17.197,-394083,-409132,-427396,-448410,2,2,2,2
2025-08-21 11:55:17.197,-394041,-425571,-443770,-432016,2,2,2,2
2025-08-21 11:55:17.198,-394003,-425569,-443764,-432009,2,2,2,2
2025-08-21 11:55:17.198,-394003,-425570,-427382,-432075,2,2,2,2
2025-08-21 11:55:17.198,-394014,-425583,-443844,-432021,2,2,2,2
2025-08-21 11:55:17.198,-394082,-409203,-427402,-448409,2,2,2,2
2025-08-21 11:55:17.199,-394087,-425528,-427409,-448413,2,2,2,2
2025-08-21 11:55:17.199,-394095,-425665,-427419,-448455,2,2,2,2
2025-08-21 11:55:17.199,-394140,-425707,-427528,-431884,2,2,2,2
2025-08-21 11:55:17.200,-394214,-425719,-427538,-431897,2,2,2,2
2025-08-21 11:55:17.200,-394223,-425474,-427546,-431969,2,2,2,2
2025-08-21 11:55:17.200,-394226,-425480,-443934,-431973,2,2,2,2
2025-08-21 11:55:17.200,-394219,-425728,-443961,-431903,2,2,2,2
2025-08-21 11:55:17.201,-394213,-409338,-427537,-440089,2,2,2,2
2025-08-21 11:55:17.201,-394203,-425713,-427534,-431888,2,2,2,2
2025-08-21 11:55:17.201,-394209,-409335,-427539,-448275,2,2,2,2
2025-08-21 11:55:17.201,-394137,-425716,-427535,-448269,2,2,2,2
2025-08-21 11:55:17.202,-394188,-425704,-443906,-431875,2,2,2,2
2025-08-21 11:55:17.202,-394109,-409237,-427502,-440308,2,2,2,2
2025-08-21 11:55:17.202,-394101,-425616,-427495,-432109,2,2,2,2
2025-08-21 11:55:17.202,-394099,-425613,-427492,-432108,2,2,2,2
2025-08-21 11:55:17.203,-394083,-425592,-427475,-432024,2,2,2,2
2025-08-21 11:55:17.203,-393999,-425512,-427391,-448389,2,2,2,2
2025-08-21 11:55:17.203,-393988,-425501,-443764,-431996,2,2,2,2
2025-08-21 11:55:17.203,-393991,-425570,-443701,-431998,2,2,2,2
2025-08-21 11:55:17.204,-393980,-425495,-427368,-431920,2,2,2,2
2025-08-21 11:55:17.204,-393964,-425475,-427291,-448317,2,2,2,2
2025-08-21 11:55:17.204,-393967,-425473,-427290,-448283,2,2,2,2
2025-08-21 11:55:17.205,-393953,-425459,-443660,-431885,2,2,2,2
2025-08-21 11:55:17.205,-393926,-425466,-427283,-431891,2,2,2,2
2025-08-21 11:55:17.205,-393932,-425473,-427291,-431893,2,2,2,2
2025-08-21 11:55:17.208,-393968,-425474,-427296,-431898,2,2,2,2
2025-08-21 11:55:17.209,-393960,-425467,-427293,-448276,2,2,2,2
2025-08-21 11:55:17.209,-393966,-425474,-427299,-431900,2,2,2,2
2025-08-21 11:55:17.209,-393984,-425488,-427309,-431977,2,2,2,2
2025-08-21 11:55:17.209,-394007,-409126,-427396,-448385,2,2,2,2
2025-08-21 11:55:17.209,-394031,-425594,-443805,-432027,2,2,2,2
2025-08-21 11:55:17.210,-394101,-425665,-427489,-432098,2,2,2,2
2025-08-21 11:55:17.210,-394094,-425527,-427419,-432091,2,2,2,2
2025-08-21 11:55:17.210,-394042,-425606,-443880,-432105,2,2,2,2
2025-08-21 11:55:17.210,-394117,-409297,-427511,-448504,2,2,2,2
2025-08-21 11:55:17.210,-394188,-425628,-443907,-431874,2,2,2,2
2025-08-21 11:55:17.210,-394046,-425621,-443896,-432120,2,2,2,2
2025-08-21 11:55:17.211,-394118,-425697,-427521,-432128,2,2,2,2
2025-08-21 11:55:17.211,-394130,-425709,-427532,-448266,2,2,2,2
2025-08-21 11:55:17.211,-394120,-425698,-427520,-432126,2,2,2,2
2025-08-21 11:55:17.211,-394044,-425618,-443886,-432111,2,2,2,2
2025-08-21 11:55:17.211,-394014,-425589,-427474,-432020,2,2,2,2
2025-08-21 11:55:17.212,-394008,-425583,-427405,-432078,2,2,2,2
2025-08-21 11:55:17.212,-394085,-425591,-427481,-432025,2,2,2,2
2025-08-21 11:55:17.212,-394091,-425534,-427489,-448450,2,2,2,2
2025-08-21 11:55:17.212,-394024,-425599,-443839,-432098,2,2,2,2
2025-08-21 11:55:17.213,-394011,-409200,-427410,-440210,2,2,2,2
2025-08-21 11:55:17.213,-393989,-425495,-427390,-431930,2,2,2,2
2025-08-21 11:55:17.214,-393980,-425485,-427316,-431985,2,2,2,2
2025-08-21 11:55:17.216,-394003,-425510,-427407,-448392,2,2,2,2
2025-08-21 11:55:17.217,-394032,-425604,-443890,-432101,2,2,2,2
2025-08-21 11:55:17.218,-394103,-409232,-427516,-440303,2,2,2,2
2025-08-21 11:55:17.219,-394119,-425699,-427530,-431873,2,2,2,2
2025-08-21 11:55:17.220,-394132,-425711,-427541,-431887,2,2,2,2
2025-08-21 11:55:17.221,-394125,-425706,-427532,-448267,2,2,2,2
2025-08-21 11:55:17.221,-394183,-425701,-443910,-431876,2,2,2,2
2025-08-21 11:55:17.222,-394111,-425631,-427514,-432125,2,2,2,2
2025-08-21 11:55:17.222,-394105,-425626,-427510,-432119,2,2,2,2
2025-08-21 11:55:17.222,-394109,-425625,-427509,-432120,2,2,2,2
2025-08-21 11:55:17.223,-394104,-425619,-427500,-432113,2,2,2,2
2025-08-21 11:55:17.223,-394033,-425606,-443836,-432102,2,2,2,2
2025-08-21 11:55:17.224,-394013,-409205,-427402,-440209,2,2,2,2
2025-08-21 11:55:17.224,-393999,-425575,-427390,-432068,2,2,2,2
2025-08-21 11:55:17.226,-393992,-425503,-443767,-431997,2,2,2,2
2025-08-21 11:55:17.227,-393989,-425498,-427389,-431934,2,2,2,2
2025-08-21 11:55:17.228,-393991,-425504,-443841,-432005,2,2,2,2
2025-08-21 11:55:17.229,-393999,-425578,-427465,-432015,2,2,2,2
2025-08-21 11:55:17.230,-394033,-425580,-443785,-432019,2,2,2,2
2025-08-21 11:55:17.231,-394007,-409200,-427413,-432029,2,2,2,2
2025-08-21 11:55:17.232,-394084,-425599,-427495,-432110,2,2,2,2
2025-08-21 11:55:17.233,-394102,-425618,-427513,-431875,2,2,2,2
2025-08-21 11:55:17.234,-394100,-425679,-427510,-448257,2,2,2,2
2025-08-21 11:55:17.234,-394098,-425679,-427511,-448261,2,2,2,2
2025-08-21 11:55:17.235,-394105,-425611,-427504,-431878,2,2,2,2
2025-08-21 11:55:17.236,-394045,-425620,-427506,-431887,2,2,2,2
2025-08-21 11:55:17.236,-394111,-425623,-427508,-431888,2,2,2,2
2025-08-21 11:55:17.237,-394180,-425628,-443897,-431888,2,2,2,2
2025-08-21 11:55:17.237,-394045,-425621,-443856,-431877,2,2,2,2
2025-08-21 11:55:17.238,-394104,-409232,-427501,-440065,2,2,2,2
2025-08-21 11:55:17.239,-394098,-425608,-427492,-432122,2,2,2,2
2025-08-21 11:55:17.239,-394094,-425602,-427490,-432117,2,2,2,2
2025-08-21 11:55:17.240,-394084,-425526,-427418,-448454,2,2,2,2
2025-08-21 11:55:17.241,-394017,-425579,-443794,-432097,2,2,2,2
2025-08-21 11:55:17.242,-394010,-425576,-443790,-432029,2,2,2,2
2025-08-21 11:55:17.243,-394046,-425580,-427411,-432099,2,2,2,2
2025-08-21 11:55:17.244,-394114,-425618,-427512,-431879,2,2,2,2
2025-08-21 11:55:17.245,-394215,-425721,-427549,-431982,2,2,2,2
2025-08-21 11:55:17.245,-394230,-425480,-427627,-448382,2,2,2,2
2025-08-21 11:55:17.246,-394233,-409100,-427631,-440195,2,2,2,2
2025-08-21 11:55:17.247,-394236,-409101,-427635,-440196,2,2,2,2
2025-08-21 11:55:17.247,-393992,-425496,-427648,-432081,2,2,2,2
2025-08-21 11:55:17.248,-394040,-425580,-427668,-432100,2,2,2,2
2025-08-21 11:55:17.248,-394011,-425518,-427669,-448484,2,2,2,2
2025-08-21 11:55:17.248,-394081,-425523,-427671,-448488,2,2,2,2
2025-08-21 11:55:17.249,-394006,-425572,-444040,-432027,2,2,2,2
2025-08-21 11:55:17.249,-393989,-409137,-427640,-440203,2,2,2,2
2025-08-21 11:55:17.250,-394238,-425483,-427636,-448389,2,2,2,2
2025-08-21 11:55:17.250,-394000,-425503,-427714,-432022,2,2,2,2
2025-08-21 11:55:17.250,-394240,-425493,-427639,-432073,2,2,2,2
2025-08-21 11:55:17.251,-394235,-425485,-427630,-432065,2,2,2,2
2025-08-21 11:55:17.251,-394236,-409103,-427628,-448383,2,2,2,2
2025-08-21 11:55:17.251,-394239,-425492,-427631,-448387,2,2,2,2
2025-08-21 11:55:17.252,-394004,-409160,-427644,-440212,2,2,2,2
2025-08-21 11:55:17.252,-394002,-425581,-427647,-432084,2,2,2,2
2025-08-21 11:55:17.252,-393999,-425580,-427583,-432020,2,2,2,2
2025-08-21 11:55:17.252,-394007,-425523,-427657,-448416,2,2,2,2
2025-08-21 11:55:17.252,-394021,-425600,-444089,-432110,2,2,2,2
2025-08-21 11:55:17.253,-394000,-425581,-427660,-432091,2,2,2,2
2025-08-21 11:55:17.253,-394240,-425573,-427714,-432016,2,2,2,2
2025-08-21 11:55:17.253,-394227,-425496,-427574,-432003,2,2,2,2
2025-08-21 11:55:17.253,-394213,-425478,-427620,-448371,2,2,2,2
2025-08-21 11:55:17.254,-394193,-425713,-443957,-431972,2,2,2,2
2025-08-21 11:55:17.254,-394114,-409248,-427525,-440083,2,2,2,2
2025-08-21 11:55:17.254,-394106,-425620,-427514,-431882,2,2,2,2
2025-08-21 11:55:17.254,-394063,-425610,-427503,-432122,2,2,2,2
2025-08-21 11:55:17.254,-394014,-425595,-427487,-432101,2,2,2,2
2025-08-21 11:55:17.255,-394019,-425599,-443873,-432106,2,2,2,2
2025-08-21 11:55:17.255,-394019,-425600,-443838,-432103,2,2,2,2
2025-08-21 11:55:17.255,-394015,-409209,-427418,-440290,2,2,2,2
2025-08-21 11:55:17.255,-394044,-425592,-427416,-432095,2,2,2,2
2025-08-21 11:55:17.255,-394013,-425592,-427479,-432029,2,2,2,2
2025-08-21 11:55:17.255,-394106,-425678,-427501,-432117,2,2,2,2
2025-08-21 11:55:17.256,-394036,-425606,-443880,-432113,2,2,2,2
2025-08-21 11:55:17.256,-394091,-425600,-427424,-432106,2,2,2,2
2025-08-21 11:55:17.256,-394107,-425617,-443889,-432122,2,2,2,2
2025-08-21 11:55:17.256,-394130,-425706,-427527,-431886,2,2,2,2
2025-08-21 11:55:17.256,-394138,-425710,-427531,-448275,2,2,2,2
2025-08-21 11:55:17.256,-394199,-425715,-443916,-431892,2,2,2,2
2025-08-21 11:55:17.257,-394141,-409341,-427540,-448285,2,2,2,2
2025-08-21 11:55:17.257,-394213,-425473,-427543,-448355,2,2,2,2
2025-08-21 11:55:17.257,-394215,-425728,-427540,-431972,2,2,2,2
2025-08-21 11:55:17.257,-394142,-425718,-427531,-448317,2,2,2,2
2025-08-21 11:55:17.257,-394194,-425706,-443906,-431893,2,2,2,2
2025-08-21 11:55:17.257,-394191,-425699,-427518,-431890,2,2,2,2
2025-08-21 11:55:17.258,-394118,-409306,-427510,-448267,2,2,2,2
2025-08-21 11:55:17.258,-394118,-425619,-443892,-431879,2,2,2,2
2025-08-21 11:55:17.258,-394115,-409234,-427505,-440070,2,2,2,2
2025-08-21 11:55:17.258,-394120,-425687,-427514,-448268,2,2,2,2
2025-08-21 11:55:17.258,-394186,-425628,-443901,-431884,2,2,2,2
2025-08-21 11:55:17.258,-394107,-409229,-427505,-448509,2,2,2,2
2025-08-21 11:55:17.259,-394021,-425594,-443802,-432105,2,2,2,2
2025-08-21 11:55:17.259,-394011,-425589,-443791,-432032,2,2,2,2
2025-08-21 11:55:17.259,-394088,-425599,-427420,-432109,2,2,2,2
2025-08-21 11:55:17.259,-394086,-425599,-427487,-432111,2,2,2,2
2025-08-21 11:55:17.259,-394016,-425593,-427483,-432103,2,2,2,2
2025-08-21 11:55:17.259,-394021,-425598,-443805,-432107,2,2,2,2
2025-08-21 11:55:17.260,-394111,-409273,-427506,-448260,2,2,2,2
2025-08-21 11:55:17.260,-394113,-425627,-427505,-431877,2,2,2,2
2025-08-21 11:55:17.260,-394112,-425625,-427498,-431876,2,2,2,2
2025-08-21 11:55:17.260,-394115,-425696,-427498,-448267,2,2,2,2
2025-08-21 11:55:17.260,-394200,-425717,-443904,-431901,2,2,2,2
2025-08-21 11:55:17.261,-394217,-409096,-427540,-431985,2,2,2,2
2025-08-21 11:55:17.261,-393989,-425570,-427631,-432076,2,2,2,2
2025-08-21 11:55:17.261,-394013,-425593,-427720,-432099,2,2,2,2
2025-08-21 11:55:17.261,-394018,-425594,-444042,-432100,2,2,2,2
2025-08-21 11:55:17.261,-394014,-425524,-427656,-448449,2,2,2,2
2025-08-21 11:55:17.261,-394036,-425613,-444097,-432120,2,2,2,2
2025-08-21 11:55:17.262,-394119,-409281,-427764,-440331,2,2,2,2
2025-08-21 11:55:17.262,-394136,-425711,-427526,-448541,2,2,2,2
2025-08-21 11:55:17.262,-394130,-425708,-427525,-432153,2,2,2,2
2025-08-21 11:55:17.262,-394126,-425704,-427776,-448565,2,2,2,2
2025-08-21 11:55:17.262,-394117,-425696,-427768,-448525,2,2,2,2
2025-08-21 11:55:17.262,-394040,-425618,-444139,-432125,2,2,2,2
2025-08-21 11:55:17.263,-394086,-409220,-427675,-448496,2,2,2,2
2025-08-21 11:55:17.263,-394045,-425595,-427671,-432109,2,2,2,2
2025-08-21 11:55:17.263,-394005,-425585,-444048,-432099,2,2,2,2
2025-08-21 11:55:17.263,-393989,-425506,-427647,-448469,2,2,2,2
2025-08-21 11:55:17.263,-394237,-425501,-444024,-432012,2,2,2,2
2025-08-21 11:55:17.263,-394235,-409145,-427635,-440201,2,2,2,2
2025-08-21 11:55:17.264,-394225,-409107,-427628,-448385,2,2,2,2
2025-08-21 11:55:17.264,-394220,-425486,-444007,-431996,2,2,2,2
2025-08-21 11:55:17.264,-394140,-425478,-427541,-431918,2,2,2,2
2025-08-21 11:55:17.264,-394186,-425714,-443904,-431899,2,2,2,2
2025-08-21 11:55:17.264,-394110,-409311,-427508,-448269,2,2,2,2
2025-08-21 11:55:17.264,-394100,-425622,-443887,-431878,2,2,2,2
2025-08-21 11:55:17.265,-394037,-425626,-443892,-431880,2,2,2,2
2025-08-21 11:55:17.265,-394031,-425617,-443880,-432124,2,2,2,2
2025-08-21 11:55:17.265,-394032,-425613,-427493,-432118,2,2,2,2
2025-08-21 11:55:17.265,-394099,-425676,-427492,-448498,2,2,2,2
2025-08-21 11:55:17.265,-394046,-425622,-443886,-432125,2,2,2,2
2025-08-21 11:55:17.266,-394202,-425710,-443915,-431893,2,2,2,2
2025-08-21 11:55:17.266,-394220,-425473,-427550,-431909,2,2,2,2
2025-08-21 11:55:17.266,-394232,-425484,-427622,-431923,2,2,2,2
2025-08-21 11:55:17.266,-394229,-425480,-427554,-431983,2,2,2,2
2025-08-21 11:55:17.266,-394211,-425720,-427538,-431903,2,2,2,2
2025-08-21 11:55:17.266,-394193,-425701,-443902,-431886,2,2,2,2
2025-08-21 11:55:17.267,-394191,-425632,-443897,-431879,2,2,2,2
2025-08-21 11:55:17.267,-394122,-425623,-427507,-432128,2,2,2,2
2025-08-21 11:55:17.267,-394102,-425603,-427489,-432108,2,2,2,2
2025-08-21 11:55:17.267,-394085,-425526,-427410,-448481,2,2,2,2
2025-08-21 11:55:17.267,-393992,-425499,-427381,-448388,2,2,2,2
2025-08-21 11:55:17.267,-393977,-425484,-443717,-431989,2,2,2,2
2025-08-21 11:55:17.268,-393971,-409098,-427363,-440174,2,2,2,2
2025-08-21 11:55:17.268,-393959,-425470,-427287,-431903,2,2,2,2
2025-08-21 11:55:17.268,-393957,-425466,-427282,-431899,2,2,2,2
2025-08-21 11:55:17.268,-393966,-425474,-427288,-448325,2,2,2,2
2025-08-21 11:55:17.268,-393956,-425461,-443660,-431894,2,2,2,2
2025-08-21 11:55:17.268,-393945,-425448,-443651,-431886,2,2,2,2
2025-08-21 11:55:17.268,-393888,-409036,-427274,-448275,2,2,2,2
2025-08-21 11:55:17.269,-393970,-425471,-427363,-431908,2,2,2,2
2025-08-21 11:55:17.269,-393974,-425480,-427374,-448300,2,2,2,2
2025-08-21 11:55:17.269,-393974,-425482,-427372,-448302,2,2,2,2
2025-08-21 11:55:17.269,-393973,-425480,-443723,-431983,2,2,2,2
2025-08-21 11:55:17.269,-393984,-409138,-427382,-440192,2,2,2,2
2025-08-21 11:55:17.269,-393999,-425504,-443783,-432015,2,2,2,2
2025-08-21 11:55:17.270,-394081,-425521,-427414,-448447,2,2,2,2
2025-08-21 11:55:17.270,-394213,-425721,-427545,-431911,2,2,2,2
2025-08-21 11:55:17.270,-394220,-425473,-427554,-431984,2,2,2,2
2025-08-21 11:55:17.270,-394213,-409339,-427544,-448362,2,2,2,2
2025-08-21 11:55:17.270,-394176,-425723,-443924,-431912,2,2,2,2
2025-08-21 11:55:17.271,-394139,-425720,-427546,-431912,2,2,2,2
2025-08-21 11:55:17.271,-394140,-425719,-427540,-431911,2,2,2,2
2025-08-21 11:55:17.271,-394214,-425727,-427552,-431984,2,2,2,2
2025-08-21 11:55:17.271,-394178,-425724,-427552,-431920,2,2,2,2
2025-08-21 11:55:17.271,-394206,-425722,-443965,-431980,2,2,2,2
2025-08-21 11:55:17.272,-394225,-425486,-427626,-431936,2,2,2,2
2025-08-21 11:55:17.272,-394231,-425493,-427565,-432006,2,2,2,2
2025-08-21 11:55:17.272,-393986,-425571,-444023,-432022,2,2,2,2
2025-08-21 11:55:17.272,-393987,-425505,-427640,-448441,2,2,2,2
2025-08-21 11:55:17.272,-393991,-425576,-444031,-432029,2,2,2,2
2025-08-21 11:55:17.272,-393999,-425519,-427657,-432101,2,2,2,2
2025-08-21 11:55:17.272,-394008,-409145,-427666,-448492,2,2,2,2
2025-08-21 11:55:17.273,-394081,-425598,-427740,-432121,2,2,2,2
2025-08-21 11:55:17.273,-394101,-425678,-427761,-448525,2,2,2,2
2025-08-21 11:55:17.273,-394191,-425704,-443911,-432225,2,2,2,2
2025-08-21 11:55:17.273,-394217,-409346,-427549,-440436,2,2,2,2
2025-08-21 11:55:17.273,-394225,-409354,-427622,-440443,2,2,2,2
2025-08-21 11:55:17.273,-394231,-425742,-427567,-432253,2,2,2,2
2025-08-21 11:55:17.274,-394220,-425734,-427619,-448628,2,2,2,2
2025-08-21 11:55:17.274,-394222,-425734,-427622,-448567,2,2,2,2
2025-08-21 11:55:17.274,-394216,-425731,-443969,-432242,2,2,2,2
2025-08-21 11:55:17.274,-394142,-409338,-427541,-440427,2,2,2,2
2025-08-21 11:55:17.274,-394139,-425721,-427536,-432167,2,2,2,2
2025-08-21 11:55:17.274,-394128,-425708,-427522,-448537,2,2,2,2
2025-08-21 11:55:17.275,-394114,-425627,-427762,-432137,2,2,2,2
2025-08-21 11:55:17.275,-394095,-425535,-427672,-448495,2,2,2,2
2025-08-21 11:55:17.275,-394005,-425569,-444029,-432014,2,2,2,2
2025-08-21 11:55:17.275,-394240,-425485,-427629,-431931,2,2,2,2
2025-08-21 11:55:17.275,-394230,-425477,-427621,-431923,2,2,2,2
2025-08-21 11:55:17.275,-394221,-425723,-427546,-431981,2,2,2,2
2025-08-21 11:55:17.276,-394122,-409244,-427512,-440075,2,2,2,2
2025-08-21 11:55:17.276,-394181,-425619,-443886,-432128,2,2,2,2
2025-08-21 11:55:17.276,-394123,-409305,-427510,-448261,2,2,2,2
2025-08-21 11:55:17.276,-394161,-425629,-443898,-431882,2,2,2,2
2025-08-21 11:55:17.276,-394047,-425613,-443883,-432120,2,2,2,2
2025-08-21 11:55:17.277,-394108,-425674,-427498,-448496,2,2,2,2
2025-08-21 11:55:17.277,-394188,-425629,-443900,-432127,2,2,2,2
2025-08-21 11:55:17.277,-394142,-425713,-427533,-431889,2,2,2,2
2025-08-21 11:55:17.277,-394217,-425478,-427546,-448356,2,2,2,2
2025-08-21 11:55:17.277,-394222,-425486,-443933,-431974,2,2,2,2
2025-08-21 11:55:17.277,-394127,-409291,-427521,-440071,2,2,2,2
2025-08-21 11:55:17.278,-394121,-425700,-427515,-431876,2,2,2,2
2025-08-21 11:55:17.278,-394127,-425708,-427525,-431884,2,2,2,2
2025-08-21 11:55:17.278,-394183,-425701,-443907,-431879,2,2,2,2
2025-08-21 11:55:17.278,-394183,-425700,-443906,-431877,2,2,2,2
2025-08-21 11:55:17.278,-394123,-425705,-427527,-431883,2,2,2,2
2025-08-21 11:55:17.278,-394126,-425706,-427530,-431886,2,2,2,2
2025-08-21 11:55:17.279,-394137,-425718,-427541,-431896,2,2,2,2
2025-08-21 11:55:17.279,-394135,-425713,-427535,-431892,2,2,2,2
2025-08-21 11:55:17.279,-394183,-425702,-443905,-431878,2,2,2,2
2025-08-21 11:55:17.279,-394121,-425630,-427509,-432126,2,2,2,2
2025-08-21 11:55:17.279,-394118,-425629,-427508,-432124,2,2,2,2
2025-08-21 11:55:17.280,-394013,-425521,-427403,-448436,2,2,2,2
2025-08-21 11:55:17.280,-394010,-425587,-443791,-432023,2,2,2,2
2025-08-21 11:55:17.280,-394014,-425588,-443856,-432023,2,2,2,2
2025-08-21 11:55:17.280,-394040,-425581,-443786,-432082,2,2,2,2
2025-08-21 11:55:17.280,-393987,-425496,-427380,-431933,2,2,2,2
2025-08-21 11:55:17.280,-393972,-425482,-427302,-431984,2,2,2,2
2025-08-21 11:55:17.280,-393966,-425479,-427363,-448299,2,2,2,2
2025-08-21 11:55:17.281,-393963,-425474,-427292,-431972,2,2,2,2
2025-08-21 11:55:17.281,-393953,-409081,-427285,-440091,2,2,2,2
2025-08-21 11:55:17.281,-393883,-409074,-427280,-448280,2,2,2,2
2025-08-21 11:55:17.281,-393942,-425453,-443658,-431891,2,2,2,2
2025-08-21 11:55:17.281,-393933,-425447,-443649,-431886,2,2,2,2
2025-08-21 11:55:17.282,-393875,-425450,-427269,-431890,2,2,2,2
2025-08-21 11:55:17.282,-393948,-425458,-443665,-431901,2,2,2,2
2025-08-21 11:55:17.282,-393954,-409078,-427288,-448357,2,2,2,2
2025-08-21 11:55:17.282,-393954,-409075,-427288,-431900,2,2,2,2
2025-08-21 11:55:17.282,-393963,-425466,-427293,-431906,2,2,2,2
2025-08-21 11:55:17.282,-393935,-425469,-443677,-431905,2,2,2,2
2025-08-21 11:55:17.283,-393961,-425467,-427290,-431899,2,2,2,2
2025-08-21 11:55:17.283,-393955,-425461,-427285,-448314,2,2,2,2
2025-08-21 11:55:17.283,-393945,-425456,-443659,-431895,2,2,2,2
2025-08-21 11:55:17.283,-393881,-409073,-427270,-448279,2,2,2,2
2025-08-21 11:55:17.283,-393957,-425473,-427281,-431906,2,2,2,2
2025-08-21 11:55:17.283,-393964,-425484,-427295,-431982,2,2,2,2
2025-08-21 11:55:17.284,-393973,-425492,-427370,-448374,2,2,2,2
2025-08-21 11:55:17.284,-394000,-425579,-443781,-432018,2,2,2,2
2025-08-21 11:55:17.284,-394009,-409201,-427395,-448408,2,2,2,2
2025-08-21 11:55:17.284,-394043,-425591,-427396,-432094,2,2,2,2
2025-08-21 11:55:17.284,-394012,-425533,-427397,-448449,2,2,2,2
2025-08-21 11:55:17.284,-394011,-425533,-427397,-448448,2,2,2,2
2025-08-21 11:55:17.285,-394018,-425600,-443788,-432102,2,2,2,2
2025-08-21 11:55:17.285,-394013,-409208,-427400,-440224,2,2,2,2
2025-08-21 11:55:17.285,-394013,-409144,-427401,-448412,2,2,2,2
2025-08-21 11:55:17.285,-393993,-425578,-443772,-432011,2,2,2,2
2025-08-21 11:55:17.285,-393888,-425470,-427282,-431907,2,2,2,2
2025-08-21 11:55:17.286,-393953,-425470,-443665,-431974,2,2,2,2
2025-08-21 11:55:17.286,-393957,-409092,-427281,-448360,2,2,2,2
2025-08-21 11:55:17.286,-393920,-425473,-443657,-431909,2,2,2,2
2025-08-21 11:55:17.286,-393888,-425475,-427275,-431972,2,2,2,2
2025-08-21 11:55:17.286,-393954,-425477,-427279,-448289,2,2,2,2
2025-08-21 11:55:17.286,-393959,-425481,-427284,-431909,2,2,2,2
2025-08-21 11:55:17.287,-393968,-425490,-427291,-431981,2,2,2,2
2025-08-21 11:55:17.287,-393969,-425492,-427290,-448363,2,2,2,2
2025-08-21 11:55:17.287,-393956,-425483,-427282,-448321,2,2,2,2
2025-08-21 11:55:17.287,-393967,-425488,-427291,-431916,2,2,2,2
2025-08-21 11:55:17.287,-393994,-425574,-427315,-432011,2,2,2,2
2025-08-21 11:55:17.287,-394094,-425669,-427413,-448459,2,2,2,2
2025-08-21 11:55:17.288,-394126,-425697,-427507,-448265,2,2,2,2
2025-08-21 11:55:17.288,-394198,-425707,-443900,-431892,2,2,2,2
2025-08-21 11:55:17.288,-394138,-409328,-427523,-440087,2,2,2,2
2025-08-21 11:55:17.288,-394126,-425701,-427510,-431886,2,2,2,2
2025-08-21 11:55:17.288,-394107,-425623,-427490,-432126,2,2,2,2
2025-08-21 11:55:17.288,-394095,-425674,-427412,-448498,2,2,2,2
2025-08-21 11:55:17.289,-394024,-425601,-443787,-432107,2,2,2,2
2025-08-21 11:55:17.289,-394094,-409220,-427408,-440301,2,2,2,2
2025-08-21 11:55:17.289,-394093,-409219,-427412,-440299,2,2,2,2
2025-08-21 11:55:17.289,-394087,-425604,-427411,-432100,2,2,2,2
2025-08-21 11:55:17.289,-394013,-425595,-427466,-432026,2,2,2,2
2025-08-21 11:55:17.289,-394003,-425519,-427389,-448459,2,2,2,2
2025-08-21 11:55:17.290,-393985,-425569,-443725,-431998,2,2,2,2
2025-08-21 11:55:17.290,-393976,-409113,-427366,-440185,2,2,2,2
2025-08-21 11:55:17.290,-393971,-425490,-427362,-431924,2,2,2,2
2025-08-21 11:55:17.290,-393968,-425484,-427292,-431987,2,2,2,2
2025-08-21 11:55:17.290,-393957,-425478,-427285,-431979,2,2,2,2
2025-08-21 11:55:17.290,-393959,-425478,-427289,-448330,2,2,2,2
2025-08-21 11:55:17.291,-393958,-425476,-443700,-431975,2,2,2,2
2025-08-21 11:55:17.291,-393933,-425487,-427292,-431919,2,2,2,2
2025-08-21 11:55:17.291,-393928,-425484,-427290,-431919,2,2,2,2
2025-08-21 11:55:17.291,-393962,-425484,-427292,-431985,2,2,2,2
2025-08-21 11:55:17.291,-393971,-409138,-427296,-440181,2,2,2,2
2025-08-21 11:55:17.291,-393975,-425490,-443682,-431989,2,2,2,2
2025-08-21 11:55:17.292,-393982,-409138,-427364,-448375,2,2,2,2
2025-08-21 11:55:17.292,-393990,-425501,-427376,-448385,2,2,2,2
2025-08-21 11:55:17.292,-394087,-425665,-427407,-448477,2,2,2,2
2025-08-21 11:55:17.292,-394012,-425591,-443781,-432018,2,2,2,2
2025-08-21 11:55:17.292,-394006,-425587,-427457,-432018,2,2,2,2
2025-08-21 11:55:17.293,-394008,-425526,-427397,-448438,2,2,2,2
2025-08-21 11:55:17.293,-393997,-425580,-443772,-432010,2,2,2,2
2025-08-21 11:55:17.293,-393993,-409195,-427391,-440201,2,2,2,2
2025-08-21 11:55:17.293,-393989,-425577,-427323,-432006,2,2,2,2
2025-08-21 11:55:17.293,-393975,-425498,-427311,-431993,2,2,2,2
2025-08-21 11:55:17.293,-393969,-425494,-443752,-431988,2,2,2,2
2025-08-21 11:55:17.294,-393974,-425500,-443755,-431991,2,2,2,2
2025-08-21 11:55:17.294,-393981,-425575,-427376,-431934,2,2,2,2
2025-08-21 11:55:17.294,-393992,-425586,-427389,-432071,2,2,2,2
2025-08-21 11:55:17.294,-393996,-425595,-427328,-432016,2,2,2,2
2025-08-21 11:55:17.294,-393979,-425582,-427318,-432002,2,2,2,2
2025-08-21 11:55:17.295,-393980,-425581,-443767,-432002,2,2,2,2
2025-08-21 11:55:17.295,-393983,-409162,-427387,-440195,2,2,2,2
2025-08-21 11:55:17.295,-393986,-425578,-427387,-432068,2,2,2,2
2025-08-21 11:55:17.295,-394000,-425591,-443780,-432015,2,2,2,2
2025-08-21 11:55:17.295,-393996,-425523,-427394,-448397,2,2,2,2
2025-08-21 11:55:17.295,-393991,-425580,-443773,-432007,2,2,2,2
2025-08-21 11:55:17.296,-393995,-425585,-443843,-432009,2,2,2,2
2025-08-21 11:55:17.296,-393991,-409161,-427390,-448389,2,2,2,2
2025-08-21 11:55:17.296,-393985,-425504,-427381,-431933,2,2,2,2
2025-08-21 11:55:17.296,-393987,-425504,-427313,-431998,2,2,2,2
2025-08-21 11:55:17.297,-393995,-425509,-427382,-448452,2,2,2,2
2025-08-21 11:55:17.297,-394012,-425588,-443784,-432021,2,2,2,2
2025-08-21 11:55:17.297,-394085,-409212,-427406,-440219,2,2,2,2
2025-08-21 11:55:17.297,-394052,-425596,-427406,-432094,2,2,2,2
2025-08-21 11:55:17.298,-394005,-425582,-443777,-432013,2,2,2,2
2025-08-21 11:55:17.298,-394099,-425679,-427422,-432112,2,2,2,2
2025-08-21 11:55:17.298,-394042,-425622,-443875,-432118,2,2,2,2
2025-08-21 11:55:17.299,-394102,-425614,-427485,-432118,2,2,2,2
2025-08-21 11:55:17.299,-394025,-425601,-443793,-432106,2,2,2,2
2025-08-21 11:55:17.300,-393995,-425572,-427383,-432069,2,2,2,2
2025-08-21 11:55:17.300,-393984,-425500,-427313,-432001,2,2,2,2
2025-08-21 11:55:17.300,-393980,-425499,-427371,-448384,2,2,2,2
2025-08-21 11:55:17.300,-393965,-425485,-427291,-448371,2,2,2,2
2025-08-21 11:55:17.301,-393951,-425474,-443663,-431973,2,2,2,2
2025-08-21 11:55:17.301,-393954,-425476,-427281,-431910,2,2,2,2
2025-08-21 11:55:17.301,-393882,-425472,-427278,-431904,2,2,2,2
2025-08-21 11:55:17.301,-393956,-425482,-427287,-431972,2,2,2,2
2025-08-21 11:55:17.302,-393974,-425501,-427370,-448375,2,2,2,2
2025-08-21 11:55:17.302,-393992,-409197,-427388,-440206,2,2,2,2
2025-08-21 11:55:17.302,-393997,-409199,-427393,-440209,2,2,2,2
2025-08-21 11:55:17.302,-394000,-409201,-427396,-440216,2,2,2,2
2025-08-21 11:55:17.303,-393986,-425570,-427382,-432076,2,2,2,2
2025-08-21 11:55:17.303,-393982,-425500,-443761,-432009,2,2,2,2
2025-08-21 11:55:17.303,-393977,-425494,-427368,-448387,2,2,2,2
2025-08-21 11:55:17.303,-393982,-425495,-427372,-432067,2,2,2,2
2025-08-21 11:55:17.304,-393994,-409160,-427384,-440204,2,2,2,2
2025-08-21 11:55:17.304,-394009,-425594,-427461,-432027,2,2,2,2
2025-08-21 11:55:17.304,-394098,-425620,-443805,-432115,2,2,2,2
2025-08-21 11:55:17.305,-394101,-425688,-427489,-448504,2,2,2,2
2025-08-21 11:55:17.305,-394023,-425606,-427473,-432107,2,2,2,2
2025-08-21 11:55:17.305,-394013,-425592,-427463,-432100,2,2,2,2
2025-08-21 11:55:17.306,-394041,-425582,-427397,-432093,2,2,2,2
2025-08-21 11:55:17.306,-394010,-425581,-427463,-432031,2,2,2,2
2025-08-21 11:55:17.306,-394015,-409200,-427403,-440224,2,2,2,2
2025-08-21 11:55:17.306,-394084,-425590,-427406,-432096,2,2,2,2
2025-08-21 11:55:17.306,-394011,-425584,-427461,-432022,2,2,2,2
2025-08-21 11:55:17.307,-394012,-409137,-427395,-448402,2,2,2,2
2025-08-21 11:55:17.307,-394012,-425585,-443781,-432016,2,2,2,2
2025-08-21 11:55:17.307,-394081,-409207,-427403,-440215,2,2,2,2
2025-08-21 11:55:17.308,-394022,-425598,-443859,-432032,2,2,2,2
2025-08-21 11:55:17.308,-394014,-425526,-427405,-448404,2,2,2,2
2025-08-21 11:55:17.308,-394004,-425515,-427394,-448393,2,2,2,2
2025-08-21 11:55:17.308,-394006,-425584,-443776,-432014,2,2,2,2
2025-08-21 11:55:17.309,-393970,-409099,-427293,-440168,2,2,2,2
2025-08-21 11:55:17.309,-393925,-425471,-427281,-431900,2,2,2,2
2025-08-21 11:55:17.309,-393864,-425447,-427513,-431873,2,2,2,2
2025-08-21 11:55:17.310,-393782,-425364,-443878,-431859,2,2,2,2
2025-08-21 11:55:17.310,-393782,-425363,-443849,-431862,2,2,2,2
2025-08-21 11:55:17.310,-393866,-409025,-427513,-440069,2,2,2,2
2025-08-21 11:55:17.310,-393874,-425446,-427517,-431880,2,2,2,2
2025-08-21 11:55:17.311,-393876,-425450,-427520,-431882,2,2,2,2
2025-08-21 11:55:17.311,-393883,-425456,-427268,-448271,2,2,2,2
2025-08-21 11:55:17.311,-393883,-425456,-427269,-448272,2,2,2,2
2025-08-21 11:55:17.311,-393888,-409082,-427277,-440093,2,2,2,2
2025-08-21 11:55:17.312,-393961,-425469,-427283,-431905,2,2,2,2
2025-08-21 11:55:17.312,-393971,-425476,-427290,-431913,2,2,2,2
2025-08-21 11:55:17.312,-393984,-425492,-427306,-431992,2,2,2,2
2025-08-21 11:55:17.312,-393976,-425486,-427296,-448332,2,2,2,2
2025-08-21 11:55:17.313,-393965,-425476,-443704,-431904,2,2,2,2
2025-08-21 11:55:17.313,-393960,-425470,-443665,-431899,2,2,2,2
2025-08-21 11:55:17.313,-393962,-409087,-427286,-448286,2,2,2,2
2025-08-21 11:55:17.313,-393974,-425486,-443748,-431978,2,2,2,2
2025-08-21 11:55:17.314,-393979,-425489,-427366,-448329,2,2,2,2
2025-08-21 11:55:17.314,-393959,-425468,-427280,-431892,2,2,2,2
2025-08-21 11:55:17.314,-393940,-425451,-443651,-431877,2,2,2,2
2025-08-21 11:55:17.314,-393863,-409021,-427510,-448252,2,2,2,2
2025-08-21 11:55:17.315,-393863,-425374,-427511,-431872,2,2,2,2
2025-08-21 11:55:17.315,-393875,-425452,-427268,-431885,2,2,2,2
2025-08-21 11:55:17.316,-393949,-425465,-427281,-431899,2,2,2,2
2025-08-21 11:55:17.316,-393965,-425481,-427361,-448328,2,2,2,2
2025-08-21 11:55:17.316,-393985,-425504,-443764,-431993,2,2,2,2
2025-08-21 11:55:17.317,-394000,-409203,-427386,-440193,2,2,2,2
2025-08-21 11:55:17.317,-393990,-425581,-427317,-431993,2,2,2,2
2025-08-21 11:55:17.317,-393984,-425504,-427305,-431986,2,2,2,2
2025-08-21 11:55:17.317,-393996,-425515,-427381,-448383,2,2,2,2
2025-08-21 11:55:17.318,-394006,-425527,-427390,-448395,2,2,2,2
2025-08-21 11:55:17.318,-394014,-425602,-427402,-432086,2,2,2,2
2025-08-21 11:55:17.318,-394087,-425609,-427411,-432095,2,2,2,2
2025-08-21 11:55:17.318,-394082,-425602,-427469,-432027,2,2,2,2
2025-08-21 11:55:17.319,-394013,-425596,-427462,-432017,2,2,2,2
2025-08-21 11:55:17.319,-394026,-425611,-443790,-432026,2,2,2,2
2025-08-21 11:55:17.319,-394095,-409231,-427412,-440220,2,2,2,2
2025-08-21 11:55:17.320,-394104,-409276,-427424,-448486,2,2,2,2
2025-08-21 11:55:17.320,-394105,-425697,-427493,-432105,2,2,2,2
2025-08-21 11:55:17.320,-394024,-425612,-443791,-432026,2,2,2,2
2025-08-21 11:55:17.321,-394035,-425626,-443836,-432104,2,2,2,2
2025-08-21 11:55:17.321,-394118,-409325,-427502,-448506,2,2,2,2
2025-08-21 11:55:17.321,-394172,-425473,-427525,-431884,2,2,2,2
2025-08-21 11:55:17.321,-394213,-425482,-427534,-431893,2,2,2,2
2025-08-21 11:55:17.322,-394211,-425479,-443911,-431892,2,2,2,2
2025-08-21 11:55:17.322,-394220,-425489,-427537,-431902,2,2,2,2
2025-08-21 11:55:17.322,-393988,-409127,-427623,-448377,2,2,2,2
2025-08-21 11:55:17.323,-393989,-425581,-444010,-431998,2,2,2,2
2025-08-21 11:55:17.323,-394230,-425507,-427546,-431914,2,2,2,2
2025-08-21 11:55:17.323,-394236,-425574,-443935,-431984,2,2,2,2
2025-08-21 11:55:17.324,-394227,-425502,-427542,-431975,2,2,2,2
2025-08-21 11:55:17.324,-394212,-425489,-427529,-431898,2,2,2,2
2025-08-21 11:55:17.324,-394213,-425489,-443919,-431903,2,2,2,2
2025-08-21 11:55:17.325,-394140,-425473,-427522,-431892,2,2,2,2
2025-08-21 11:55:17.325,-394133,-425720,-427512,-431882,2,2,2,2
2025-08-21 11:55:17.325,-394131,-409332,-427509,-448259,2,2,2,2
2025-08-21 11:55:17.325,-394131,-425719,-427514,-448259,2,2,2,2
2025-08-21 11:55:17.326,-394201,-425726,-443907,-431883,2,2,2,2
2025-08-21 11:55:17.326,-394144,-409091,-427529,-440080,2,2,2,2
2025-08-21 11:55:17.326,-394138,-425476,-427530,-431885,2,2,2,2
2025-08-21 11:55:17.326,-394133,-425726,-427524,-431881,2,2,2,2
2025-08-21 11:55:17.327,-394139,-425473,-427531,-448268,2,2,2,2
2025-08-21 11:55:17.327,-394213,-425483,-443927,-431895,2,2,2,2
2025-08-21 11:55:17.327,-394228,-409115,-427625,-440169,2,2,2,2
2025-08-21 11:55:17.327,-394229,-409148,-427624,-440170,2,2,2,2
2025-08-21 11:55:17.328,-394191,-425491,-427547,-431906,2,2,2,2
2025-08-21 11:55:17.328,-394227,-425492,-427547,-448357,2,2,2,2
2025-08-21 11:55:17.328,-394229,-425497,-443936,-431977,2,2,2,2
2025-08-21 11:55:17.328,-394233,-425500,-443968,-431981,2,2,2,2
2025-08-21 11:55:17.329,-394227,-409143,-427547,-440165,2,2,2,2
2025-08-21 11:55:17.329,-394225,-425491,-443927,-431903,2,2,2,2
2025-08-21 11:55:17.329,-394191,-425484,-443923,-431901,2,2,2,2
2025-08-21 11:55:17.330,-394209,-425728,-427525,-448266,2,2,2,2
2025-08-21 11:55:17.330,-394137,-409338,-427518,-448259,2,2,2,2
2025-08-21 11:55:17.330,-394210,-425476,-427525,-431883,2,2,2,2
2025-08-21 11:55:17.330,-394216,-425483,-427529,-448276,2,2,2,2
2025-08-21 11:55:17.331,-394225,-425488,-427532,-431901,2,2,2,2
2025-08-21 11:55:17.331,-394227,-425485,-427534,-431898,2,2,2,2
2025-08-21 11:55:17.331,-394223,-425477,-427528,-431887,2,2,2,2
2025-08-21 11:55:17.331,-394228,-425484,-427532,-431893,2,2,2,2
2025-08-21 11:55:17.332,-394225,-409103,-427532,-448283,2,2,2,2
2025-08-21 11:55:17.332,-394224,-425491,-443953,-431897,2,2,2,2
2025-08-21 11:55:17.332,-394214,-425484,-427530,-431886,2,2,2,2
2025-08-21 11:55:17.333,-394202,-425727,-443903,-432124,2,2,2,2
2025-08-21 11:55:17.333,-394142,-425476,-427526,-431875,2,2,2,2
2025-08-21 11:55:17.333,-394142,-425727,-427526,-448263,2,2,2,2
2025-08-21 11:55:17.333,-394207,-425474,-443912,-431883,2,2,2,2
2025-08-21 11:55:17.334,-394099,-425697,-427421,-432097,2,2,2,2
2025-08-21 11:55:17.334,-394083,-425616,-427406,-432085,2,2,2,2
2025-08-21 11:55:17.334,-394003,-425598,-427325,-432005,2,2,2,2
2025-08-21 11:55:17.335,-393993,-425521,-427374,-448379,2,2,2,2
2025-08-21 11:55:17.335,-393976,-425503,-443678,-431981,2,2,2,2
2025-08-21 11:55:17.335,-393957,-409101,-427280,-440090,2,2,2,2
2025-08-21 11:55:17.335,-393968,-425496,-427289,-431903,2,2,2,2
2025-08-21 11:55:17.336,-393979,-425570,-427303,-431976,2,2,2,2
2025-08-21 11:55:17.336,-393989,-425514,-427374,-448304,2,2,2,2
2025-08-21 11:55:17.336,-393992,-425581,-443762,-431988,2,2,2,2
2025-08-21 11:55:17.336,-393993,-425586,-443765,-431997,2,2,2,2
2025-08-21 11:55:17.337,-393982,-409161,-427371,-440177,2,2,2,2
2025-08-21 11:55:17.337,-393976,-425504,-443748,-431978,2,2,2,2
2025-08-21 11:55:17.337,-393978,-425502,-427296,-431978,2,2,2,2
2025-08-21 11:55:17.337,-393979,-425501,-427294,-448333,2,2,2,2
2025-08-21 11:55:17.338,-393974,-425489,-443703,-431972,2,2,2,2
2025-08-21 11:55:17.338,-393973,-409102,-427285,-448287,2,2,2,2
2025-08-21 11:55:17.338,-393971,-409103,-427284,-448282,2,2,2,2
2025-08-21 11:55:17.338,-393929,-425480,-443660,-431891,2,2,2,2
2025-08-21 11:55:17.339,-393871,-425451,-427509,-431866,2,2,2,2
2025-08-21 11:55:17.339,-393944,-425461,-443904,-431876,2,2,2,2
2025-08-21 11:55:17.339,-393873,-409075,-427514,-448255,2,2,2,2
2025-08-21 11:55:17.340,-393864,-425446,-427500,-431855,2,2,2,2
2025-08-21 11:55:17.340,-393930,-425451,-443856,-431857,2,2,2,2
2025-08-21 11:55:17.340,-393859,-425449,-427497,-431849,2,2,2,2
2025-08-21 11:55:17.341,-393922,-425446,-427496,-431845,2,2,2,2
2025-08-21 11:55:17.341,-393859,-425446,-427496,-448195,2,2,2,2
2025-08-21 11:55:17.341,-393862,-425450,-427498,-448196,2,2,2,2
2025-08-21 11:55:17.341,-393789,-425441,-443844,-431773,2,2,2,2
2025-08-21 11:55:17.342,-393846,-425435,-427419,-431831,2,2,2,2
2025-08-21 11:55:17.342,-393841,-425368,-427420,-431827,2,2,2,2
2025-08-21 11:55:17.342,-393825,-425352,-427470,-431749,2,2,2,2
2025-08-21 11:55:17.342,-393754,-425410,-427398,-448129,2,2,2,2
2025-08-21 11:55:17.343,-393737,-425331,-443763,-431730,2,2,2,2
2025-08-21 11:55:17.343,-393976,-408895,-427294,-439906,2,2,2,2
2025-08-21 11:55:17.343,-393966,-408889,-427284,-439837,2,2,2,2
2025-08-21 11:55:17.343,-393963,-425240,-427285,-431644,2,2,2,2
2025-08-21 11:55:17.344,-393961,-425233,-427281,-431641,2,2,2,2
2025-08-21 11:55:17.344,-393978,-425249,-427362,-431655,2,2,2,2
2025-08-21 11:55:17.344,-393735,-425262,-427377,-448054,2,2,2,2
2025-08-21 11:55:17.344,-393736,-408945,-427377,-439929,2,2,2,2
2025-08-21 11:55:17.345,-393752,-408962,-427389,-448133,2,2,2,2
2025-08-21 11:55:17.345,-393756,-425348,-427327,-431748,2,2,2,2
2025-08-21 11:55:17.345,-393738,-425324,-427304,-431726,2,2,2,2
2025-08-21 11:55:17.345,-393739,-425260,-427366,-448047,2,2,2,2
2025-08-21 11:55:17.346,-393744,-425330,-427370,-431664,2,2,2,2
2025-08-21 11:55:17.346,-393752,-425276,-427379,-448118,2,2,2,2
2025-08-21 11:55:17.346,-393803,-425357,-427400,-431812,2,2,2,2
2025-08-21 11:55:17.346,-393849,-425372,-427480,-431762,2,2,2,2
2025-08-21 11:55:17.347,-393932,-425451,-427498,-431847,2,2,2,2
2025-08-21 11:55:17.347,-393926,-425442,-443877,-431841,2,2,2,2
2025-08-21 11:55:17.347,-393860,-409056,-427493,-448227,2,2,2,2
2025-08-21 11:55:17.348,-393862,-425445,-427495,-448203,2,2,2,2
2025-08-21 11:55:17.348,-393868,-409072,-427504,-440053,2,2,2,2
2025-08-21 11:55:17.348,-393872,-409078,-427506,-431866,2,2,2,2
2025-08-21 11:55:17.348,-393884,-425469,-427512,-431877,2,2,2,2
2025-08-21 11:55:17.349,-393884,-425471,-427517,-431876,2,2,2,2
2025-08-21 11:55:17.349,-393956,-425477,-427269,-448263,2,2,2,2
2025-08-21 11:55:17.349,-393941,-425461,-443892,-431864,2,2,2,2
2025-08-21 11:55:17.350,-393833,-408967,-427398,-439945,2,2,2,2
2025-08-21 11:55:17.350,-393833,-425350,-427461,-431751,2,2,2,2
2025-08-21 11:55:17.350,-393840,-425361,-427471,-431759,2,2,2,2
2025-08-21 11:55:17.350,-393846,-425430,-427408,-448177,2,2,2,2
2025-08-21 11:55:17.351,-393842,-425427,-427406,-448207,2,2,2,2
2025-08-21 11:55:17.351,-393843,-409012,-427408,-448143,2,2,2,2
2025-08-21 11:55:17.351,-393853,-425376,-427420,-431834,2,2,2,2
2025-08-21 11:55:17.351,-393855,-425441,-427487,-431768,2,2,2,2
2025-08-21 11:55:17.352,-393832,-425355,-427466,-431749,2,2,2,2
2025-08-21 11:55:17.352,-393746,-425329,-443761,-431723,2,2,2,2
2025-08-21 11:55:17.352,-393741,-425324,-443723,-431720,2,2,2,2
2025-08-21 11:55:17.352,-393748,-408948,-427378,-439925,2,2,2,2
2025-08-21 11:55:17.353,-393741,-408878,-427374,-448110,2,2,2,2
2025-08-21 11:55:17.353,-393740,-425260,-427368,-448077,2,2,2,2
2025-08-21 11:55:17.353,-393748,-425333,-443763,-431734,2,2,2,2
2025-08-21 11:55:17.354,-393771,-425355,-443850,-431754,2,2,2,2
2025-08-21 11:55:17.354,-393843,-425359,-427473,-431756,2,2,2,2
2025-08-21 11:55:17.354,-393801,-425351,-443786,-431809,2,2,2,2
2025-08-21 11:55:17.354,-393833,-425350,-427468,-431745,2,2,2,2
2025-08-21 11:55:17.355,-393853,-409016,-427422,-448154,2,2,2,2
2025-08-21 11:55:17.355,-393856,-409021,-427491,-448155,2,2,2,2
2025-08-21 11:55:17.355,-393872,-425455,-427507,-448233,2,2,2,2
2025-08-21 11:55:17.356,-393942,-425466,-443900,-431861,2,2,2,2
2025-08-21 11:55:17.356,-393951,-425477,-443655,-431872,2,2,2,2
2025-08-21 11:55:17.356,-393962,-425488,-427283,-431886,2,2,2,2
2025-08-21 11:55:17.356,-393962,-425490,-427285,-431893,2,2,2,2
2025-08-21 11:55:17.357,-393964,-425489,-427289,-431890,2,2,2,2
2025-08-21 11:55:17.357,-393972,-425493,-427294,-448310,2,2,2,2
2025-08-21 11:55:17.357,-393975,-409111,-427296,-431895,2,2,2,2
2025-08-21 11:55:17.358,-393993,-425581,-427376,-431911,2,2,2,2
2025-08-21 11:55:17.358,-393998,-409140,-427379,-448365,2,2,2,2
2025-08-21 11:55:17.358,-393990,-425521,-427372,-448363,2,2,2,2
2025-08-21 11:55:17.358,-393985,-425516,-427367,-448330,2,2,2,2
2025-08-21 11:55:17.359,-393976,-425573,-443713,-431974,2,2,2,2
2025-08-21 11:55:17.359,-393972,-425503,-427292,-431903,2,2,2,2
2025-08-21 11:55:17.359,-393984,-425575,-427365,-431909,2,2,2,2
2025-08-21 11:55:17.359,-393996,-425590,-427312,-431982,2,2,2,2
2025-08-21 11:55:17.360,-393999,-425526,-427378,-448334,2,2,2,2
2025-08-21 11:55:17.360,-394011,-425533,-427390,-448314,2,2,2,2
2025-08-21 11:55:17.360,-394026,-425607,-443851,-432008,2,2,2,2
2025-08-21 11:55:17.360,-394096,-425611,-427408,-432081,2,2,2,2
2025-08-21 11:55:17.361,-394096,-425610,-427472,-432015,2,2,2,2
2025-08-21 11:55:17.361,-394091,-425609,-427471,-432013,2,2,2,2
2025-08-21 11:55:17.361,-394098,-425679,-427413,-448435,2,2,2,2
2025-08-21 11:55:17.361,-394043,-425628,-443841,-432031,2,2,2,2
2025-08-21 11:55:17.362,-394104,-409272,-427422,-440218,2,2,2,2
2025-08-21 11:55:17.362,-394096,-409298,-427415,-448403,2,2,2,2
2025-08-21 11:55:17.362,-394052,-425599,-443781,-432004,2,2,2,2
2025-08-21 11:55:17.363,-394004,-425519,-427377,-431923,2,2,2,2
2025-08-21 11:55:17.363,-394003,-425576,-443691,-431984,2,2,2,2
2025-08-21 11:55:17.363,-393992,-409147,-427294,-448355,2,2,2,2
2025-08-21 11:55:17.363,-393935,-425477,-443657,-431885,2,2,2,2
2025-08-21 11:55:17.364,-393880,-425457,-427512,-431863,2,2,2,2
2025-08-21 11:55:17.364,-393871,-425441,-427501,-431850,2,2,2,2
2025-08-21 11:55:17.364,-393933,-425375,-427501,-431849,2,2,2,2
2025-08-21 11:55:17.365,-393860,-425435,-427492,-448226,2,2,2,2
2025-08-21 11:55:17.365,-393789,-425364,-443805,-431768,2,2,2,2
2025-08-21 11:55:17.365,-393850,-425418,-427412,-431824,2,2,2,2
2025-08-21 11:55:17.366,-393787,-425354,-427476,-431763,2,2,2,2
2025-08-21 11:55:17.366,-393853,-425418,-427414,-448182,2,2,2,2
2025-08-21 11:55:17.366,-393845,-425416,-427414,-448182,2,2,2,2
2025-08-21 11:55:17.366,-393787,-425358,-443804,-431766,2,2,2,2
2025-08-21 11:55:17.367,-393843,-408961,-427405,-439947,2,2,2,2
2025-08-21 11:55:17.367,-393835,-425335,-427458,-431741,2,2,2,2
2025-08-21 11:55:17.367,-393844,-425342,-427462,-431746,2,2,2,2
2025-08-21 11:55:17.367,-393845,-425279,-427400,-448131,2,2,2,2
2025-08-21 11:55:17.368,-393770,-425334,-443773,-431741,2,2,2,2
2025-08-21 11:55:17.368,-393760,-408906,-427377,-439925,2,2,2,2
2025-08-21 11:55:17.368,-393760,-408903,-427371,-439923,2,2,2,2
2025-08-21 11:55:17.368,-393759,-425319,-427369,-431667,2,2,2,2
2025-08-21 11:55:17.369,-393757,-425320,-427306,-431730,2,2,2,2
2025-08-21 11:55:17.369,-393755,-425322,-443724,-431730,2,2,2,2
2025-08-21 11:55:17.369,-393738,-425242,-443707,-431714,2,2,2,2
2025-08-21 11:55:17.369,-393979,-408842,-427280,-439829,2,2,2,2
2025-08-21 11:55:17.370,-393966,-425468,-427266,-431627,2,2,2,2
2025-08-21 11:55:17.370,-393961,-425470,-427263,-431624,2,2,2,2
2025-08-21 11:55:17.370,-393965,-425219,-427267,-431627,2,2,2,2
2025-08-21 11:55:17.370,-393971,-425225,-427274,-448019,2,2,2,2
2025-08-21 11:55:17.371,-393977,-425232,-443697,-431640,2,2,2,2
2025-08-21 11:55:17.371,-393969,-425225,-427275,-431629,2,2,2,2
2025-08-21 11:55:17.371,-393977,-425234,-427281,-431633,2,2,2,2
2025-08-21 11:55:17.371,-393979,-425238,-427286,-431636,2,2,2,2
2025-08-21 11:55:17.372,-393729,-425242,-427292,-448055,2,2,2,2
2025-08-21 11:55:17.372,-393744,-425319,-443688,-431648,2,2,2,2
2025-08-21 11:55:17.372,-393772,-425341,-443710,-431737,2,2,2,2
2025-08-21 11:55:17.372,-393862,-425370,-427418,-431823,2,2,2,2
2025-08-21 11:55:17.373,-393907,-425446,-443881,-431836,2,2,2,2
2025-08-21 11:55:17.373,-393883,-425456,-427505,-448231,2,2,2,2
2025-08-21 11:55:17.373,-393957,-425468,-427517,-448246,2,2,2,2
2025-08-21 11:55:17.373,-393964,-425479,-443652,-431868,2,2,2,2
2025-08-21 11:55:17.374,-393967,-425482,-427275,-431872,2,2,2,2
2025-08-21 11:55:17.374,-393974,-425489,-427288,-431884,2,2,2,2
2025-08-21 11:55:17.374,-393971,-425489,-443670,-431886,2,2,2,2
2025-08-21 11:55:17.375,-393953,-425475,-427268,-431871,2,2,2,2
2025-08-21 11:55:17.375,-393954,-409094,-427271,-448260,2,2,2,2
2025-08-21 11:55:17.375,-393882,-409083,-427519,-448250,2,2,2,2
2025-08-21 11:55:17.375,-393912,-425466,-443902,-431863,2,2,2,2
2025-08-21 11:55:17.376,-393939,-425459,-443895,-431859,2,2,2,2
2025-08-21 11:55:17.376,-393865,-425449,-427498,-431850,2,2,2,2
2025-08-21 11:55:17.376,-393929,-425453,-443884,-431851,2,2,2,2
2025-08-21 11:55:17.376,-393865,-425459,-427506,-431857,2,2,2,2
2025-08-21 11:55:17.377,-393861,-425457,-427504,-448240,2,2,2,2
2025-08-21 11:55:17.377,-393964,-425486,-427274,-431879,2,2,2,2
2025-08-21 11:55:17.378,-393968,-425485,-427275,-431879,2,2,2,2
2025-08-21 11:55:17.378,-393966,-425483,-427274,-448261,2,2,2,2
2025-08-21 11:55:17.378,-393963,-425475,-427267,-448256,2,2,2,2
2025-08-21 11:55:17.378,-393954,-425464,-443897,-431863,2,2,2,2
2025-08-21 11:55:17.379,-393961,-409088,-427267,-440065,2,2,2,2
2025-08-21 11:55:17.379,-393982,-425492,-427291,-431896,2,2,2,2
2025-08-21 11:55:17.379,-393984,-425494,-427297,-431897,2,2,2,2
2025-08-21 11:55:17.379,-393990,-425501,-427302,-431903,2,2,2,2
2025-08-21 11:55:17.380,-394004,-425514,-427379,-448299,2,2,2,2
2025-08-21 11:55:17.380,-394014,-425584,-427386,-431924,2,2,2,2
2025-08-21 11:55:17.380,-394010,-409162,-427378,-440176,2,2,2,2
2025-08-21 11:55:17.380,-394095,-409147,-427393,-448389,2,2,2,2
2025-08-21 11:55:17.381,-394111,-425612,-427472,-432024,2,2,2,2
2025-08-21 11:55:17.381,-394187,-425622,-443833,-432098,2,2,2,2
2025-08-21 11:55:17.381,-394193,-425629,-443844,-432109,2,2,2,2
2025-08-21 11:55:17.381,-394196,-425629,-443880,-432110,2,2,2,2
2025-08-21 11:55:17.382,-394127,-409304,-427493,-448490,2,2,2,2
2025-08-21 11:55:17.383,-394179,-425611,-443871,-432031,2,2,2,2
2025-08-21 11:55:17.383,-394103,-425665,-427411,-448402,2,2,2,2
2025-08-21 11:55:17.383,-394059,-425591,-427400,-432072,2,2,2,2
2025-08-21 11:55:17.383,-394032,-425591,-443788,-432012,2,2,2,2
2025-08-21 11:55:17.384,-394198,-425698,-427504,-432115,2,2,2,2
2025-08-21 11:55:17.384,-394142,-425706,-427513,-432122,2,2,2,2
2025-08-21 11:55:17.384,-394211,-425711,-427515,-432122,2,2,2,2
2025-08-21 11:55:17.385,-394209,-425716,-427513,-448507,2,2,2,2
2025-08-21 11:55:17.385,-394139,-409326,-427501,-440307,2,2,2,2
2025-08-21 11:55:17.385,-394136,-409317,-427495,-440301,2,2,2,2
2025-08-21 11:55:17.385,-394209,-425710,-427504,-432120,2,2,2,2
2025-08-21 11:55:17.386,-394224,-425727,-427520,-431882,2,2,2,2
2025-08-21 11:55:17.386,-394233,-425479,-427532,-448271,2,2,2,2
2025-08-21 11:55:17.386,-393996,-425494,-443931,-431903,2,2,2,2
2025-08-21 11:55:17.386,-393999,-425498,-443967,-431903,2,2,2,2
2025-08-21 11:55:17.387,-393999,-409153,-427620,-440164,2,2,2,2
2025-08-21 11:55:17.387,-394013,-425580,-427572,-431987,2,2,2,2
2025-08-21 11:55:17.387,-394084,-425527,-427646,-448378,2,2,2,2
2025-08-21 11:55:17.387,-394083,-425533,-427647,-448380,2,2,2,2
2025-08-21 11:55:17.388,-394029,-425609,-444041,-432008,2,2,2,2
2025-08-21 11:55:17.388,-394103,-409265,-427661,-448398,2,2,2,2
2025-08-21 11:55:17.388,-394103,-409232,-427657,-448395,2,2,2,2
2025-08-21 11:55:17.388,-394062,-425606,-427643,-431936,2,2,2,2
2025-08-21 11:55:17.389,-394084,-425530,-427632,-448373,2,2,2,2
2025-08-21 11:55:17.389,-394023,-425598,-444019,-431992,2,2,2,2
2025-08-21 11:55:17.389,-394035,-425612,-444031,-432002,2,2,2,2
2025-08-21 11:55:17.389,-394099,-409229,-427647,-440193,2,2,2,2
2025-08-21 11:55:17.390,-394058,-425607,-427638,-431929,2,2,2,2
2025-08-21 11:55:17.390,-393999,-425515,-427617,-448318,2,2,2,2
2025-08-21 11:55:17.390,-394006,-425517,-427620,-431907,2,2,2,2
2025-08-21 11:55:17.391,-393997,-425571,-443934,-431901,2,2,2,2
2025-08-21 11:55:17.391,-393996,-425501,-443927,-431895,2,2,2,2
2025-08-21 11:55:17.391,-393992,-425497,-443924,-431890,2,2,2,2
2025-08-21 11:55:17.392,-393991,-425497,-427537,-448273,2,2,2,2
2025-08-21 11:55:17.392,-394005,-425571,-427545,-431898,2,2,2,2
2025-08-21 11:55:17.392,-394010,-425574,-427551,-431903,2,2,2,2
2025-08-21 11:55:17.392,-393986,-425489,-427531,-448267,2,2,2,2
2025-08-21 11:55:17.393,-394220,-425727,-443901,-432122,2,2,2,2
2025-08-21 11:55:17.393,-394133,-425704,-427497,-432102,2,2,2,2
2025-08-21 11:55:17.393,-394114,-425620,-427411,-432079,2,2,2,2
2025-08-21 11:55:17.393,-394035,-425604,-427459,-432000,2,2,2,2
2025-08-21 11:55:17.394,-394099,-409287,-427392,-448381,2,2,2,2
2025-08-21 11:55:17.394,-394001,-425572,-443707,-431900,2,2,2,2
2025-08-21 11:55:17.394,-393995,-409185,-427287,-440089,2,2,2,2
2025-08-21 11:55:17.395,-393985,-425500,-427284,-431891,2,2,2,2
2025-08-21 11:55:17.395,-393976,-425491,-427279,-448265,2,2,2,2
2025-08-21 11:55:17.395,-393984,-425497,-427283,-448269,2,2,2,2
2025-08-21 11:55:17.395,-393987,-425497,-443668,-431884,2,2,2,2
2025-08-21 11:55:17.396,-393994,-425498,-443708,-431889,2,2,2,2
2025-08-21 11:55:17.396,-393999,-425571,-427299,-431898,2,2,2,2
2025-08-21 11:55:17.396,-394034,-425575,-427364,-431905,2,2,2,2
2025-08-21 11:55:17.396,-394007,-425581,-427308,-431977,2,2,2,2
2025-08-21 11:55:17.397,-394001,-425510,-427366,-448320,2,2,2,2
2025-08-21 11:55:17.397,-393998,-409149,-427364,-440092,2,2,2,2
2025-08-21 11:55:17.397,-394003,-409153,-427374,-440161,2,2,2,2
2025-08-21 11:55:17.397,-394008,-425571,-427382,-431907,2,2,2,2
2025-08-21 11:55:17.398,-394000,-425501,-427371,-431895,2,2,2,2
2025-08-21 11:55:17.398,-394006,-425573,-443726,-431900,2,2,2,2
2025-08-21 11:55:17.398,-394008,-425514,-427379,-448289,2,2,2,2
2025-08-21 11:55:17.398,-394013,-425584,-443767,-431973,2,2,2,2
2025-08-21 11:55:17.399,-394015,-409203,-427381,-440164,2,2,2,2
2025-08-21 11:55:17.399,-394007,-425574,-427307,-431899,2,2,2,2
2025-08-21 11:55:17.399,-394009,-425578,-427310,-431900,2,2,2,2
2025-08-21 11:55:17.399,-394084,-425525,-427385,-448331,2,2,2,2
2025-08-21 11:55:17.400,-394097,-425536,-427402,-431929,2,2,2,2
2025-08-21 11:55:17.400,-394121,-425626,-427489,-432080,2,2,2,2
2025-08-21 11:55:17.400,-394135,-409320,-427503,-448413,2,2,2,2
2025-08-21 11:55:17.400,-394143,-425710,-427507,-432098,2,2,2,2
2025-08-21 11:55:17.401,-394209,-425711,-443890,-432032,2,2,2,2
2025-08-21 11:55:17.401,-394194,-425698,-443878,-432018,2,2,2,2
2025-08-21 11:55:17.401,-394141,-409293,-427507,-448415,2,2,2,2
2025-08-21 11:55:17.402,-394223,-425726,-427524,-448501,2,2,2,2
2025-08-21 11:55:17.402,-394238,-425488,-427541,-448266,2,2,2,2
2025-08-21 11:55:17.402,-394233,-425485,-427536,-431876,2,2,2,2
2025-08-21 11:55:17.403,-394223,-425482,-427528,-432126,2,2,2,2
2025-08-21 11:55:17.403,-394209,-425724,-443897,-432115,2,2,2,2
2025-08-21 11:55:17.403,-394196,-425705,-443883,-432102,2,2,2,2
2025-08-21 11:55:17.404,-394093,-409217,-427398,-440190,2,2,2,2
2025-08-21 11:55:17.404,-394008,-409128,-427375,-448361,2,2,2,2
2025-08-21 11:55:17.404,-393993,-425493,-427293,-431893,2,2,2,2
2025-08-21 11:55:17.404,-393990,-425493,-427292,-448305,2,2,2,2
2025-08-21 11:55:17.405,-394000,-425571,-443746,-431896,2,2,2,2
2025-08-21 11:55:17.405,-394008,-425575,-427368,-431902,2,2,2,2
2025-08-21 11:55:17.405,-394000,-425501,-427362,-431892,2,2,2,2
2025-08-21 11:55:17.405,-394034,-425570,-427366,-431896,2,2,2,2
2025-08-21 11:55:17.406,-394005,-425574,-427303,-431899,2,2,2,2
2025-08-21 11:55:17.406,-394090,-425533,-427389,-431925,2,2,2,2
2025-08-21 11:55:17.406,-394029,-425595,-443707,-431990,2,2,2,2
2025-08-21 11:55:17.407,-394016,-425584,-427377,-431913,2,2,2,2
2025-08-21 11:55:17.407,-394013,-425514,-427373,-448325,2,2,2,2
2025-08-21 11:55:17.407,-394008,-425574,-427305,-431903,2,2,2,2
2025-08-21 11:55:17.408,-394001,-425500,-427362,-448279,2,2,2,2
2025-08-21 11:55:17.408,-394000,-425569,-443718,-431896,2,2,2,2
2025-08-21 11:55:17.408,-393994,-425496,-427296,-448274,2,2,2,2
2025-08-21 11:55:17.408,-393998,-425496,-427363,-448280,2,2,2,2
2025-08-21 11:55:17.408,-394010,-425572,-443758,-431970,2,2,2,2
2025-08-21 11:55:17.409,-394006,-425573,-427307,-431970,2,2,2,2
2025-08-21 11:55:17.409,-393985,-409103,-427287,-440079,2,2,2,2
2025-08-21 11:55:17.409,-393975,-409093,-427277,-448262,2,2,2,2
2025-08-21 11:55:17.410,-393969,-425472,-443656,-431875,2,2,2,2
2025-08-21 11:55:17.410,-393973,-409094,-427273,-440068,2,2,2,2
2025-08-21 11:55:17.410,-393979,-409098,-427281,-440074,2,2,2,2
2025-08-21 11:55:17.410,-393983,-425487,-427286,-431888,2,2,2,2
2025-08-21 11:55:17.411,-393987,-425495,-427293,-431894,2,2,2,2
2025-08-21 11:55:17.411,-393993,-425498,-443677,-431894,2,2,2,2
2025-08-21 11:55:17.411,-393980,-425485,-427280,-431883,2,2,2,2
2025-08-21 11:55:17.412,-393876,-425443,-427498,-431840,2,2,2,2
2025-08-21 11:55:17.412,-393855,-425363,-427481,-431761,2,2,2,2
2025-08-21 11:55:17.412,-393840,-409025,-427402,-448128,2,2,2,2
2025-08-21 11:55:17.412,-393844,-425279,-427400,-448128,2,2,2,2
2025-08-21 11:55:17.413,-393784,-425345,-443786,-431745,2,2,2,2
2025-08-21 11:55:17.413,-393853,-425346,-427407,-431814,2,2,2,2
2025-08-21 11:55:17.413,-393862,-425358,-427421,-431827,2,2,2,2
2025-08-21 11:55:17.413,-393868,-425366,-427494,-431772,2,2,2,2
2025-08-21 11:55:17.414,-393876,-425435,-427501,-448195,2,2,2,2
2025-08-21 11:55:17.414,-393929,-425364,-443840,-431769,2,2,2,2
2025-08-21 11:55:17.414,-393930,-425367,-443841,-431771,2,2,2,2
2025-08-21 11:55:17.414,-393875,-409023,-427496,-440035,2,2,2,2
2025-08-21 11:55:17.415,-393869,-425367,-427489,-431835,2,2,2,2
2025-08-21 11:55:17.415,-393861,-425420,-427414,-448183,2,2,2,2
2025-08-21 11:55:17.415,-393788,-425343,-443790,-431756,2,2,2,2
2025-08-21 11:55:17.416,-393851,-408959,-427405,-439948,2,2,2,2
2025-08-21 11:55:17.416,-393868,-425357,-443799,-431771,2,2,2,2
2025-08-21 11:55:17.416,-393932,-425451,-443892,-431865,2,2,2,2
2025-08-21 11:55:17.416,-393993,-425484,-427285,-431892,2,2,2,2
2025-08-21 11:55:17.417,-394003,-425497,-427363,-448286,2,2,2,2
2025-08-21 11:55:17.417,-394001,-409147,-427362,-448283,2,2,2,2
2025-08-21 11:55:17.417,-393999,-409147,-427294,-448283,2,2,2,2
2025-08-21 11:55:17.417,-393993,-425492,-427287,-431892,2,2,2,2
2025-08-21 11:55:17.418,-394005,-425504,-427299,-431971,2,2,2,2
2025-08-21 11:55:17.418,-394085,-425585,-427381,-431924,2,2,2,2
2025-08-21 11:55:17.418,-394086,-425586,-427385,-431931,2,2,2,2
2025-08-21 11:55:17.418,-394033,-425598,-427463,-432011,2,2,2,2
2025-08-21 11:55:17.419,-394111,-409289,-427412,-448408,2,2,2,2
2025-08-21 11:55:17.419,-394121,-425685,-427495,-432102,2,2,2,2
2025-08-21 11:55:17.420,-394189,-425626,-443883,-432106,2,2,2,2
2025-08-21 11:55:17.420,-394143,-425703,-427515,-448510,2,2,2,2
2025-08-21 11:55:17.420,-394224,-425723,-427530,-448271,2,2,2,2
2025-08-21 11:55:17.420,-393988,-425485,-443934,-431969,2,2,2,2
2025-08-21 11:55:17.421,-394084,-425583,-427714,-432002,2,2,2,2
2025-08-21 11:55:17.421,-394106,-425605,-427672,-432089,2,2,2,2
2025-08-21 11:55:17.422,-394116,-425680,-427748,-448414,2,2,2,2
2025-08-21 11:55:17.422,-394112,-425678,-427748,-448444,2,2,2,2
2025-08-21 11:55:17.422,-394115,-409230,-427747,-440221,2,2,2,2
2025-08-21 11:55:17.423,-394117,-409230,-427751,-440289,2,2,2,2
2025-08-21 11:55:17.423,-394112,-425614,-427748,-432093,2,2,2,2
2025-08-21 11:55:17.423,-394098,-425603,-427672,-432079,2,2,2,2
2025-08-21 11:55:17.423,-394030,-425600,-444082,-432008,2,2,2,2
2025-08-21 11:55:17.423,-394031,-425604,-444053,-432012,2,2,2,2
2025-08-21 11:55:17.424,-394104,-409230,-427676,-432023,2,2,2,2
2025-08-21 11:55:17.424,-394106,-409231,-427672,-440214,2,2,2,2
2025-08-21 11:55:17.424,-394108,-425615,-427734,-432020,2,2,2,2
2025-08-21 11:55:17.425,-394094,-425599,-427718,-432002,2,2,2,2
2025-08-21 11:55:17.425,-394087,-425527,-427643,-448380,2,2,2,2
2025-08-21 11:55:17.425,-394082,-425520,-427637,-431928,2,2,2,2
2025-08-21 11:55:17.425,-394043,-425580,-427630,-431922,2,2,2,2
2025-08-21 11:55:17.425,-394004,-425569,-427627,-431909,2,2,2,2
2025-08-21 11:55:17.425,-394003,-425501,-427562,-431903,2,2,2,2
2025-08-21 11:55:17.426,-394221,-425723,-443915,-432126,2,2,2,2
2025-08-21 11:55:17.426,-394209,-425708,-443901,-432116,2,2,2,2
2025-08-21 11:55:17.426,-394140,-409286,-427516,-448495,2,2,2,2
2025-08-21 11:55:17.427,-394126,-425692,-427505,-448483,2,2,2,2
2025-08-21 11:55:17.427,-394117,-425685,-427499,-448473,2,2,2,2
2025-08-21 11:55:17.427,-394101,-425674,-427424,-448464,2,2,2,2
2025-08-21 11:55:17.427,-394024,-425597,-443791,-432002,2,2,2,2
2025-08-21 11:55:17.428,-394007,-425577,-427323,-431982,2,2,2,2
2025-08-21 11:55:17.428,-393989,-425490,-443755,-431900,2,2,2,2
2025-08-21 11:55:17.428,-393989,-425489,-443753,-431901,2,2,2,2
2025-08-21 11:55:17.429,-394009,-409196,-427386,-440179,2,2,2,2
2025-08-21 11:55:17.429,-394099,-409283,-427413,-448400,2,2,2,2
2025-08-21 11:55:17.429,-394114,-425616,-427493,-432028,2,2,2,2
2025-08-21 11:55:17.429,-394131,-425696,-427510,-448489,2,2,2,2
2025-08-21 11:55:17.430,-394195,-425697,-443894,-432104,2,2,2,2
2025-08-21 11:55:17.430,-394124,-425628,-427505,-432098,2,2,2,2
2025-08-21 11:55:17.430,-394126,-425627,-427505,-432098,2,2,2,2
2025-08-21 11:55:17.430,-394124,-425623,-427501,-432099,2,2,2,2
2025-08-21 11:55:17.431,-394114,-425611,-427490,-432024,2,2,2,2
2025-08-21 11:55:17.431,-394177,-425608,-443841,-432019,2,2,2,2
2025-08-21 11:55:17.431,-394042,-425599,-443834,-432011,2,2,2,2
2025-08-21 11:55:17.431,-394104,-409215,-427413,-440201,2,2,2,2
2025-08-21 11:55:17.432,-394118,-425619,-427490,-432086,2,2,2,2
2025-08-21 11:55:17.432,-394127,-425694,-427498,-448447,2,2,2,2
2025-08-21 11:55:17.432,-394122,-425618,-427492,-432025,2,2,2,2
2025-08-21 11:55:17.432,-394122,-425681,-427424,-448473,2,2,2,2
2025-08-21 11:55:17.433,-394183,-425614,-443836,-432021,2,2,2,2
2025-08-21 11:55:17.433,-394104,-425601,-427410,-432072,2,2,2,2
2025-08-21 11:55:17.433,-394055,-425580,-427388,-431925,2,2,2,2
2025-08-21 11:55:17.433,-394002,-425495,-443751,-431902,2,2,2,2
2025-08-21 11:55:17.434,-393994,-425488,-427361,-448312,2,2,2,2
2025-08-21 11:55:17.434,-393983,-425476,-427285,-431883,2,2,2,2
2025-08-21 11:55:17.434,-393970,-409081,-427270,-440059,2,2,2,2
2025-08-21 11:55:17.434,-393974,-409085,-427275,-448258,2,2,2,2
2025-08-21 11:55:17.435,-393936,-425460,-443649,-431862,2,2,2,2
2025-08-21 11:55:17.435,-393968,-425458,-427520,-448249,2,2,2,2
2025-08-21 11:55:17.435,-394003,-425497,-427369,-431911,2,2,2,2
2025-08-21 11:55:17.436,-393993,-409137,-427362,-448283,2,2,2,2
2025-08-21 11:55:17.436,-393981,-425478,-443676,-431889,2,2,2,2
2025-08-21 11:55:17.436,-393981,-425479,-427289,-431885,2,2,2,2
2025-08-21 11:55:17.437,-393957,-425464,-427266,-431868,2,2,2,2
2025-08-21 11:55:17.437,-393963,-409084,-427267,-448254,2,2,2,2
2025-08-21 11:55:17.437,-393965,-409088,-427271,-448258,2,2,2,2
2025-08-21 11:55:17.437,-393954,-425464,-427515,-448244,2,2,2,2
2025-08-21 11:55:17.438,-393884,-425453,-427501,-431847,2,2,2,2
2025-08-21 11:55:17.438,-393880,-425443,-427497,-431841,2,2,2,2
2025-08-21 11:55:17.438,-393865,-425364,-427482,-431768,2,2,2,2
2025-08-21 11:55:17.439,-393863,-425424,-427418,-448182,2,2,2,2
2025-08-21 11:55:17.439,-393924,-425358,-443833,-431766,2,2,2,2
2025-08-21 11:55:17.439,-393792,-425355,-443831,-431762,2,2,2,2
2025-08-21 11:55:17.439,-393850,-408966,-427409,-439946,2,2,2,2
2025-08-21 11:55:17.440,-393836,-425331,-427457,-431739,2,2,2,2
2025-08-21 11:55:17.440,-393829,-425260,-427386,-448118,2,2,2,2
2025-08-21 11:55:17.440,-393758,-425252,-427375,-448078,2,2,2,2
2025-08-21 11:55:17.441,-393746,-425242,-443714,-431647,2,2,2,2
2025-08-21 11:55:17.441,-393983,-408843,-427284,-439823,2,2,2,2
2025-08-21 11:55:17.441,-393983,-425226,-427283,-431621,2,2,2,2
2025-08-21 11:55:17.441,-393731,-425233,-427290,-431627,2,2,2,2
2025-08-21 11:55:17.442,-393982,-425223,-427286,-431622,2,2,2,2
2025-08-21 11:55:17.442,-393983,-425218,-443666,-431621,2,2,2,2
2025-08-21 11:55:17.443,-393729,-408837,-427284,-448001,2,2,2,2
2025-08-21 11:55:17.443,-393978,-408833,-427278,-448249,2,2,2,2
2025-08-21 11:55:17.443,-393735,-425232,-427291,-431618,2,2,2,2
2025-08-21 11:55:17.443,-393743,-425243,-427297,-431624,2,2,2,2
2025-08-21 11:55:17.443,-393759,-425323,-443763,-431642,2,2,2,2
2025-08-21 11:55:17.444,-393833,-425271,-427391,-431653,2,2,2,2
2025-08-21 11:55:17.444,-393775,-425341,-443712,-431723,2,2,2,2
2025-08-21 11:55:17.444,-393854,-409032,-427404,-448120,2,2,2,2
2025-08-21 11:55:17.444,-393955,-425456,-427503,-448223,2,2,2,2
2025-08-21 11:55:17.445,-393974,-425470,-427268,-431858,2,2,2,2
2025-08-21 11:55:17.445,-393987,-425483,-427283,-448254,2,2,2,2
2025-08-21 11:55:17.445,-393996,-425496,-427293,-448265,2,2,2,2
2025-08-21 11:55:17.445,-393993,-425494,-443672,-431880,2,2,2,2
2025-08-21 11:55:17.446,-393997,-425497,-427297,-431883,2,2,2,2
2025-08-21 11:55:17.446,-394000,-425497,-427297,-431885,2,2,2,2
2025-08-21 11:55:17.446,-394085,-409129,-427380,-448287,2,2,2,2
2025-08-21 11:55:17.447,-394086,-425511,-427376,-448321,2,2,2,2
2025-08-21 11:55:17.447,-394086,-425511,-427377,-431907,2,2,2,2
2025-08-21 11:55:17.447,-394008,-409117,-427365,-440088,2,2,2,2
2025-08-21 11:55:17.447,-393999,-425493,-427296,-431892,2,2,2,2
2025-08-21 11:55:17.448,-393982,-425478,-427285,-431878,2,2,2,2
2025-08-21 11:55:17.448,-393997,-425492,-443749,-431894,2,2,2,2
2025-08-21 11:55:17.448,-394018,-425578,-443774,-431983,2,2,2,2
2025-08-21 11:55:17.449,-394099,-409214,-427410,-440191,2,2,2,2
2025-08-21 11:55:17.449,-394100,-425603,-427476,-431999,2,2,2,2
2025-08-21 11:55:17.449,-394093,-425600,-427471,-431993,2,2,2,2
2025-08-21 11:55:17.449,-394082,-425523,-427394,-448333,2,2,2,2
2025-08-21 11:55:17.450,-394086,-425524,-427393,-431919,2,2,2,2
2025-08-21 11:55:17.450,-394087,-425584,-427393,-431917,2,2,2,2
2025-08-21 11:55:17.450,-394085,-425584,-427389,-431913,2,2,2,2
2025-08-21 11:55:17.450,-394015,-425580,-427319,-431972,2,2,2,2
2025-08-21 11:55:17.451,-394003,-425569,-427308,-431902,2,2,2,2
2025-08-21 11:55:17.451,-394006,-425572,-443697,-431972,2,2,2,2
2025-08-21 11:55:17.451,-393996,-425501,-443722,-431899,2,2,2,2
2025-08-21 11:55:17.451,-393988,-409138,-427296,-448274,2,2,2,2
2025-08-21 11:55:17.452,-393989,-425486,-427291,-448270,2,2,2,2
2025-08-21 11:55:17.452,-393990,-425486,-427290,-448271,2,2,2,2
2025-08-21 11:55:17.452,-393995,-425493,-427361,-448307,2,2,2,2
2025-08-21 11:55:17.452,-394004,-425571,-443724,-431969,2,2,2,2
2025-08-21 11:55:17.453,-393996,-425498,-427301,-431900,2,2,2,2
2025-08-21 11:55:17.453,-393997,-425503,-443752,-431903,2,2,2,2
2025-08-21 11:55:17.453,-394033,-425503,-443751,-431903,2,2,2,2
2025-08-21 11:55:17.454,-394001,-409185,-427371,-431904,2,2,2,2
2025-08-21 11:55:17.454,-394003,-425502,-427309,-431904,2,2,2,2
2025-08-21 11:55:17.454,-393995,-409144,-427370,-448280,2,2,2,2
2025-08-21 11:55:17.454,-393989,-425486,-427364,-431892,2,2,2,2
2025-08-21 11:55:17.455,-393980,-425476,-443675,-431884,2,2,2,2
2025-08-21 11:55:17.455,-393967,-425462,-427277,-431869,2,2,2,2
2025-08-21 11:55:17.456,-393888,-425448,-427515,-431854,2,2,2,2
2025-08-21 11:55:17.456,-393956,-425453,-427518,-431857,2,2,2,2
2025-08-21 11:55:17.456,-393953,-425454,-427516,-431854,2,2,2,2
2025-08-21 11:55:17.457,-393955,-409076,-427520,-440046,2,2,2,2
2025-08-21 11:55:17.457,-393966,-425473,-427273,-431863,2,2,2,2
2025-08-21 11:55:17.457,-393976,-425487,-427284,-431873,2,2,2,2
2025-08-21 11:55:17.457,-393970,-425481,-427278,-431865,2,2,2,2
2025-08-21 11:55:17.457,-393964,-425473,-427269,-448243,2,2,2,2
2025-08-21 11:55:17.458,-393971,-425475,-443661,-431866,2,2,2,2
2025-08-21 11:55:17.458,-393979,-425481,-427284,-431873,2,2,2,2
2025-08-21 11:55:17.458,-393933,-425469,-427271,-431860,2,2,2,2
2025-08-21 11:55:17.459,-393955,-425466,-427520,-431851,2,2,2,2
2025-08-21 11:55:17.459,-393970,-425480,-427273,-448246,2,2,2,2
2025-08-21 11:55:17.459,-393987,-409142,-427286,-440070,2,2,2,2
2025-08-21 11:55:17.459,-393997,-409150,-427292,-440080,2,2,2,2
2025-08-21 11:55:17.459,-394000,-409153,-427295,-448274,2,2,2,2
2025-08-21 11:55:17.460,-393995,-425502,-443676,-431889,2,2,2,2
2025-08-21 11:55:17.460,-393997,-425504,-427289,-448272,2,2,2,2
2025-08-21 11:55:17.460,-394013,-425580,-427366,-431903,2,2,2,2
2025-08-21 11:55:17.461,-394044,-425606,-427460,-431996,2,2,2,2
2025-08-21 11:55:17.461,-394185,-425617,-443794,-432011,2,2,2,2
2025-08-21 11:55:17.461,-394196,-425630,-443805,-432022,2,2,2,2
2025-08-21 11:55:17.462,-394138,-425693,-427491,-432095,2,2,2,2
2025-08-21 11:55:17.462,-394128,-425621,-427485,-432026,2,2,2,2
2025-08-21 11:55:17.462,-394115,-409290,-427413,-448403,2,2,2,2
2025-08-21 11:55:17.462,-394101,-425665,-427400,-448389,2,2,2,2
2025-08-21 11:55:17.463,-394027,-425598,-443779,-432000,2,2,2,2
2025-08-21 11:55:17.463,-394104,-425611,-427406,-432079,2,2,2,2
2025-08-21 11:55:17.463,-394125,-425626,-427492,-432101,2,2,2,2
2025-08-21 11:55:17.463,-394214,-425718,-427521,-432126,2,2,2,2
2025-08-21 11:55:17.464,-393985,-425485,-427542,-448274,2,2,2,2
2025-08-21 11:55:17.464,-394007,-425575,-444018,-431974,2,2,2,2
2025-08-21 11:55:17.464,-394029,-425595,-444041,-431993,2,2,2,2
2025-08-21 11:55:17.464,-394110,-409220,-427672,-440199,2,2,2,2
2025-08-21 11:55:17.465,-394109,-425605,-427673,-432072,2,2,2,2
2025-08-21 11:55:17.465,-394098,-425527,-427661,-448377,2,2,2,2
2025-08-21 11:55:17.465,-394088,-425509,-427648,-448326,2,2,2,2
2025-08-21 11:55:17.465,-393996,-425485,-443975,-431883,2,2,2,2
2025-08-21 11:55:17.466,-394236,-409339,-427541,-440067,2,2,2,2
2025-08-21 11:55:17.466,-394191,-425715,-443916,-432124,2,2,2,2
2025-08-21 11:55:17.466,-394220,-425713,-427528,-432121,2,2,2,2
2025-08-21 11:55:17.466,-394222,-425709,-427528,-432121,2,2,2,2
2025-08-21 11:55:17.467,-394219,-425708,-427529,-448503,2,2,2,2
2025-08-21 11:55:17.467,-394211,-409283,-427520,-440302,2,2,2,2
2025-08-21 11:55:17.467,-394139,-409273,-427509,-440289,2,2,2,2
2025-08-21 11:55:17.467,-394163,-425620,-427500,-432090,2,2,2,2
2025-08-21 11:55:17.468,-394119,-425612,-427490,-432018,2,2,2,2
2025-08-21 11:55:17.468,-394117,-425677,-427424,-432080,2,2,2,2
2025-08-21 11:55:17.468,-394115,-425679,-427423,-432078,2,2,2,2
2025-08-21 11:55:17.468,-394192,-425631,-443889,-432027,2,2,2,2
2025-08-21 11:55:17.469,-394136,-409321,-427513,-448486,2,2,2,2
2025-08-21 11:55:17.469,-394236,-425479,-427548,-448266,2,2,2,2
2025-08-21 11:55:17.470,-393990,-425488,-443943,-431893,2,2,2,2
2025-08-21 11:55:17.470,-394229,-425474,-427546,-448265,2,2,2,2
2025-08-21 11:55:17.470,-394227,-425476,-427545,-448263,2,2,2,2
2025-08-21 11:55:17.470,-394239,-425489,-444006,-431891,2,2,2,2
2025-08-21 11:55:17.471,-394009,-425575,-427578,-431978,2,2,2,2
2025-08-21 11:55:17.471,-394014,-425579,-427579,-431983,2,2,2,2
2025-08-21 11:55:17.472,-394005,-409122,-427637,-448355,2,2,2,2
2025-08-21 11:55:17.472,-394008,-425573,-444023,-431973,2,2,2,2
2025-08-21 11:55:17.473,-394012,-409194,-427639,-440169,2,2,2,2
2025-08-21 11:55:17.473,-394016,-409194,-427644,-440170,2,2,2,2
2025-08-21 11:55:17.473,-394008,-425570,-427637,-431909,2,2,2,2
2025-08-21 11:55:17.473,-393987,-425486,-427555,-431892,2,2,2,2
2025-08-21 11:55:17.474,-394232,-425478,-443932,-431880,2,2,2,2
2025-08-21 11:55:17.474,-394232,-425476,-443929,-431879,2,2,2,2
2025-08-21 11:55:17.474,-394000,-409150,-427630,-440162,2,2,2,2
2025-08-21 11:55:17.474,-394005,-425577,-427574,-431979,2,2,2,2
2025-08-21 11:55:17.474,-393994,-425503,-427566,-431904,2,2,2,2
2025-08-21 11:55:17.475,-393994,-425502,-427628,-448320,2,2,2,2
2025-08-21 11:55:17.475,-394002,-425510,-427635,-448299,2,2,2,2
2025-08-21 11:55:17.475,-393995,-425502,-427631,-431911,2,2,2,2
2025-08-21 11:55:17.476,-393985,-409138,-427620,-448284,2,2,2,2
2025-08-21 11:55:17.477,-393988,-425491,-427556,-431904,2,2,2,2
2025-08-21 11:55:17.477,-393987,-425483,-427555,-431900,2,2,2,2
2025-08-21 11:55:17.477,-393986,-425485,-443972,-431897,2,2,2,2
2025-08-21 11:55:17.477,-394236,-425478,-443962,-431891,2,2,2,2
2025-08-21 11:55:17.478,-394231,-409342,-427540,-440075,2,2,2,2
2025-08-21 11:55:17.478,-394227,-409341,-427537,-448265,2,2,2,2
2025-08-21 11:55:17.478,-394239,-425478,-427550,-448309,2,2,2,2
2025-08-21 11:55:17.479,-394236,-425478,-427617,-431891,2,2,2,2
2025-08-21 11:55:17.479,-394238,-425481,-443940,-431893,2,2,2,2
2025-08-21 11:55:17.479,-393985,-425482,-444007,-431895,2,2,2,2
2025-08-21 11:55:17.480,-393991,-425488,-444012,-431899,2,2,2,2
2025-08-21 11:55:17.480,-394083,-409201,-427652,-448374,2,2,2,2
2025-08-21 11:55:17.480,-394014,-425578,-427581,-431980,2,2,2,2
2025-08-21 11:55:17.480,-394041,-425569,-427639,-431906,2,2,2,2
2025-08-21 11:55:17.481,-394002,-425500,-444019,-431898,2,2,2,2
2025-08-21 11:55:17.481,-394081,-425577,-427652,-431915,2,2,2,2
2025-08-21 11:55:17.481,-394014,-425573,-427652,-431914,2,2,2,2
2025-08-21 11:55:17.481,-394002,-425498,-427575,-431971,2,2,2,2
2025-08-21 11:55:17.481,-393996,-425487,-427564,-431894,2,2,2,2
2025-08-21 11:55:17.482,-394127,-425687,-427506,-432096,2,2,2,2
2025-08-21 11:55:17.482,-394127,-425624,-427507,-432096,2,2,2,2
2025-08-21 11:55:17.482,-394133,-425692,-427508,-448452,2,2,2,2
2025-08-21 11:55:17.482,-394125,-425681,-427497,-448442,2,2,2,2
2025-08-21 11:55:17.482,-394125,-425677,-427495,-448442,2,2,2,2
2025-08-21 11:55:17.483,-394178,-425602,-443836,-432013,2,2,2,2
2025-08-21 11:55:17.483,-394118,-425607,-427421,-432079,2,2,2,2
2025-08-21 11:55:17.483,-394117,-425607,-427418,-432080,2,2,2,2
2025-08-21 11:55:17.483,-394105,-425593,-427466,-432002,2,2,2,2
2025-08-21 11:55:17.484,-394094,-425512,-427387,-448369,2,2,2,2
2025-08-21 11:55:17.484,-394015,-409144,-427372,-440096,2,2,2,2
2025-08-21 11:55:17.484,-394013,-409113,-427374,-440095,2,2,2,2
2025-08-21 11:55:17.484,-394015,-409149,-427378,-448286,2,2,2,2
2025-08-21 11:55:17.485,-394043,-425501,-443762,-431903,2,2,2,2
2025-08-21 11:55:17.485,-394004,-425495,-427372,-448282,2,2,2,2
2025-08-21 11:55:17.485,-393998,-425489,-443750,-431893,2,2,2,2
2025-08-21 11:55:17.486,-393994,-425486,-443715,-431893,2,2,2,2
2025-08-21 11:55:17.486,-394000,-409141,-427373,-440092,2,2,2,2
2025-08-21 11:55:17.486,-394014,-425576,-443779,-431981,2,2,2,2
2025-08-21 11:55:17.486,-394093,-425594,-427477,-431997,2,2,2,2
2025-08-21 11:55:17.487,-394209,-425703,-443906,-432106,2,2,2,2
2025-08-21 11:55:17.487,-394223,-409334,-427538,-448504,2,2,2,2
2025-08-21 11:55:17.487,-394220,-409331,-427533,-448498,2,2,2,2
2025-08-21 11:55:17.487,-394186,-425711,-443913,-432112,2,2,2,2
2025-08-21 11:55:17.488,-394225,-425719,-443929,-432124,2,2,2,2
2025-08-21 11:55:17.488,-394217,-425709,-427536,-432114,2,2,2,2
2025-08-21 11:55:17.488,-394222,-425715,-427542,-432119,2,2,2,2
2025-08-21 11:55:17.489,-394190,-425719,-427544,-432122,2,2,2,2
2025-08-21 11:55:17.490,-394234,-425479,-427552,-448260,2,2,2,2
2025-08-21 11:55:17.490,-393991,-425489,-427628,-431892,2,2,2,2
2025-08-21 11:55:17.490,-394009,-425569,-427583,-431973,2,2,2,2
2025-08-21 11:55:17.490,-394021,-425581,-444045,-431986,2,2,2,2
2025-08-21 11:55:17.490,-394030,-425595,-444058,-431997,2,2,2,2
2025-08-21 11:55:17.491,-394127,-425683,-427763,-432091,2,2,2,2
2025-08-21 11:55:17.491,-394138,-425626,-427766,-432030,2,2,2,2
2025-08-21 11:55:17.491,-394137,-425625,-427766,-432029,2,2,2,2
2025-08-21 11:55:17.491,-394140,-425692,-427765,-448446,2,2,2,2
2025-08-21 11:55:17.492,-394201,-425622,-444142,-432025,2,2,2,2
2025-08-21 11:55:17.492,-394130,-425613,-427749,-432084,2,2,2,2
2025-08-21 11:55:17.492,-394126,-409221,-427677,-440205,2,2,2,2
2025-08-21 11:55:17.492,-394122,-425604,-427676,-432076,2,2,2,2
2025-08-21 11:55:17.493,-394123,-425672,-427746,-448398,2,2,2,2
2025-08-21 11:55:17.493,-394181,-425605,-444091,-432009,2,2,2,2
2025-08-21 11:55:17.493,-394179,-425600,-444089,-432003,2,2,2,2
2025-08-21 11:55:17.493,-394111,-409214,-427666,-440189,2,2,2,2
2025-08-21 11:55:17.494,-394097,-425587,-427654,-431921,2,2,2,2
2025-08-21 11:55:17.494,-394090,-425514,-427646,-448330,2,2,2,2
2025-08-21 11:55:17.494,-394009,-425498,-427566,-431899,2,2,2,2
2025-08-21 11:55:17.494,-394004,-425495,-443981,-431895,2,2,2,2
2025-08-21 11:55:17.495,-394083,-409187,-427648,-440166,2,2,2,2
2025-08-21 11:55:17.495,-394058,-425575,-427655,-431915,2,2,2,2
2025-08-21 11:55:17.495,-394111,-425598,-427678,-432066,2,2,2,2
2025-08-21 11:55:17.495,-394138,-425624,-427765,-432032,2,2,2,2
2025-08-21 11:55:17.496,-394212,-425700,-427776,-448460,2,2,2,2
2025-08-21 11:55:17.496,-394215,-409287,-427523,-440305,2,2,2,2
2025-08-21 11:55:17.496,-394236,-409338,-427543,-440323,2,2,2,2
2025-08-21 11:55:17.496,-394251,-425737,-427620,-432145,2,2,2,2
2025-08-21 11:55:17.497,-394255,-425744,-444010,-432152,2,2,2,2
2025-08-21 11:55:17.497,-394249,-425739,-427620,-432146,2,2,2,2
2025-08-21 11:55:17.497,-394232,-425722,-427538,-448513,2,2,2,2
2025-08-21 11:55:17.497,-394221,-425710,-443912,-432122,2,2,2,2
2025-08-21 11:55:17.498,-394215,-425702,-427774,-432113,2,2,2,2
2025-08-21 11:55:17.498,-394215,-425699,-427771,-432110,2,2,2,2
2025-08-21 11:55:17.498,-394216,-425701,-427774,-448495,2,2,2,2
2025-08-21 11:55:17.499,-394220,-425708,-427521,-432118,2,2,2,2
2025-08-21 11:55:17.499,-394218,-425708,-427773,-448499,2,2,2,2
2025-08-21 11:55:17.499,-394211,-409316,-427765,-448490,2,2,2,2
2025-08-21 11:55:17.499,-394204,-425630,-444141,-432100,2,2,2,2
2025-08-21 11:55:17.500,-394180,-425609,-444091,-432018,2,2,2,2
2025-08-21 11:55:17.500,-394030,-425587,-427718,-431998,2,2,2,2
2025-08-21 11:55:17.500,-394021,-425579,-443966,-431990,2,2,2,2
2025-08-21 11:55:17.500,-394094,-409139,-427656,-448385,2,2,2,2
2025-08-21 11:55:17.501,-394016,-425508,-427644,-448374,2,2,2,2
2025-08-21 11:55:17.501,-394000,-409108,-427625,-440164,2,2,2,2
2025-08-21 11:55:17.501,-393988,-409094,-427618,-431891,2,2,2,2
2025-08-21 11:55:17.501,-393986,-425476,-427617,-431887,2,2,2,2
2025-08-21 11:55:17.504,-394240,-425476,-427549,-431883,2,2,2,2
2025-08-21 11:55:17.504,-394232,-425724,-443924,-431876,2,2,2,2
2025-08-21 11:55:17.505,-394220,-425710,-443912,-432119,2,2,2,2
2025-08-21 11:55:17.505,-394226,-409329,-427533,-440310,2,2,2,2
2025-08-21 11:55:17.505,-394222,-425711,-427531,-432114,2,2,2,2
2025-08-21 11:55:17.505,-394214,-425708,-427526,-432109,2,2,2,2
2025-08-21 11:55:17.506,-394213,-425712,-427526,-448462,2,2,2,2
2025-08-21 11:55:17.506,-394213,-425710,-427524,-448496,2,2,2,2
2025-08-21 11:55:17.506,-394132,-425625,-427507,-432092,2,2,2,2
2025-08-21 11:55:17.506,-394131,-425623,-427508,-432093,2,2,2,2
2025-08-21 11:55:17.506,-394177,-425700,-427523,-432105,2,2,2,2
2025-08-21 11:55:17.506,-394221,-425709,-427533,-432115,2,2,2,2
2025-08-21 11:55:17.507,-394240,-425727,-443969,-431878,2,2,2,2
2025-08-21 11:55:17.507,-393990,-425479,-443975,-431886,2,2,2,2
2025-08-21 11:55:17.507,-393991,-409099,-427625,-440081,2,2,2,2
2025-08-21 11:55:17.507,-393992,-409098,-427627,-448275,2,2,2,2
2025-08-21 11:55:17.507,-394083,-425510,-427651,-431923,2,2,2,2
2025-08-21 11:55:17.508,-394018,-425573,-443968,-431985,2,2,2,2
2025-08-21 11:55:17.508,-394035,-425492,-444015,-431902,2,2,2,2
2025-08-21 11:55:17.508,-393990,-425480,-444001,-431885,2,2,2,2
2025-08-21 11:55:17.508,-394236,-425727,-443932,-431876,2,2,2,2
2025-08-21 11:55:17.508,-394219,-425715,-427532,-432119,2,2,2,2
2025-08-21 11:55:17.509,-394139,-425631,-427518,-432102,2,2,2,2
2025-08-21 11:55:17.509,-394131,-425684,-427511,-448412,2,2,2,2
2025-08-21 11:55:17.509,-394180,-425608,-443879,-432014,2,2,2,2
2025-08-21 11:55:17.509,-394108,-409217,-427423,-440196,2,2,2,2
2025-08-21 11:55:17.509,-394107,-425532,-427423,-432066,2,2,2,2
2025-08-21 11:55:17.509,-394095,-425583,-427411,-431927,2,2,2,2
2025-08-21 11:55:17.510,-394098,-425585,-427476,-431990,2,2,2,2
2025-08-21 11:55:17.510,-394177,-425598,-443838,-432000,2,2,2,2
2025-08-21 11:55:17.510,-394134,-409238,-427501,-432025,2,2,2,2
2025-08-21 11:55:17.511,-394138,-425624,-427504,-432090,2,2,2,2
2025-08-21 11:55:17.511,-394144,-425627,-427510,-432028,2,2,2,2
2025-08-21 11:55:17.511,-394142,-425625,-427509,-432025,2,2,2,2
2025-08-21 11:55:17.511,-394127,-425674,-427496,-448396,2,2,2,2
2025-08-21 11:55:17.512,-394180,-425599,-443841,-432003,2,2,2,2
2025-08-21 11:55:17.512,-394117,-425600,-427490,-432071,2,2,2,2
2025-08-21 11:55:17.512,-394103,-425591,-427416,-431935,2,2,2,2
2025-08-21 11:55:17.512,-394100,-425588,-427477,-431995,2,2,2,2
2025-08-21 11:55:17.513,-394098,-425527,-427417,-448378,2,2,2,2
2025-08-21 11:55:17.513,-394044,-425598,-443876,-432004,2,2,2,2
2025-08-21 11:55:17.513,-394113,-409220,-427496,-440202,2,2,2,2
2025-08-21 11:55:17.513,-394112,-409214,-427495,-448392,2,2,2,2
2025-08-21 11:55:17.514,-394120,-425601,-427502,-432078,2,2,2,2
2025-08-21 11:55:17.514,-394111,-425530,-427494,-448454,2,2,2,2
2025-08-21 11:55:17.514,-394095,-425517,-427417,-448310,2,2,2,2
2025-08-21 11:55:17.515,-394023,-425578,-443825,-431983,2,2,2,2
2025-08-21 11:55:17.515,-394012,-409149,-427395,-440161,2,2,2,2
2025-08-21 11:55:17.516,-393997,-425487,-443762,-431887,2,2,2,2
2025-08-21 11:55:17.516,-393987,-425475,-443751,-431877,2,2,2,2
2025-08-21 11:55:17.516,-393988,-425475,-427366,-431881,2,2,2,2
2025-08-21 11:55:17.516,-393982,-409082,-427361,-448253,2,2,2,2
2025-08-21 11:55:17.517,-393986,-425471,-427302,-431872,2,2,2,2
2025-08-21 11:55:17.517,-394035,-425489,-443769,-431888,2,2,2,2
2025-08-21 11:55:17.517,-393990,-425478,-427374,-431883,2,2,2,2
2025-08-21 11:55:17.517,-393985,-425472,-427366,-431876,2,2,2,2
2025-08-21 11:55:17.518,-393982,-425469,-427301,-431871,2,2,2,2
2025-08-21 11:55:17.518,-393988,-425472,-427372,-448260,2,2,2,2
2025-08-21 11:55:17.518,-393987,-425465,-443718,-431868,2,2,2,2
2025-08-21 11:55:17.519,-393995,-425474,-427374,-431874,2,2,2,2
2025-08-21 11:55:17.519,-393991,-425470,-427309,-431875,2,2,2,2
2025-08-21 11:55:17.519,-394009,-425488,-427392,-448307,2,2,2,2
2025-08-21 11:55:17.519,-394087,-425499,-427402,-448322,2,2,2,2
2025-08-21 11:55:17.519,-394030,-425571,-443796,-431976,2,2,2,2
2025-08-21 11:55:17.520,-394088,-409119,-427406,-440165,2,2,2,2
2025-08-21 11:55:17.520,-394090,-425573,-427476,-431978,2,2,2,2
2025-08-21 11:55:17.520,-394057,-425579,-427414,-431920,2,2,2,2
2025-08-21 11:55:17.520,-394086,-425580,-427478,-431986,2,2,2,2
2025-08-21 11:55:17.521,-394010,-425508,-427403,-448330,2,2,2,2
2025-08-21 11:55:17.521,-394013,-409158,-427405,-440174,2,2,2,2
2025-08-21 11:55:17.521,-394085,-409165,-427413,-440183,2,2,2,2
2025-08-21 11:55:17.521,-394085,-425580,-427410,-431926,2,2,2,2
2025-08-21 11:55:17.522,-394081,-425572,-427465,-431982,2,2,2,2
2025-08-21 11:55:17.522,-394015,-425510,-427403,-448300,2,2,2,2
2025-08-21 11:55:17.522,-394016,-425514,-427406,-448300,2,2,2,2
2025-08-21 11:55:17.522,-394009,-425575,-443846,-431972,2,2,2,2
2025-08-21 11:55:17.523,-394015,-409163,-427400,-448357,2,2,2,2
2025-08-21 11:55:17.523,-394101,-425599,-427487,-431993,2,2,2,2
2025-08-21 11:55:17.523,-394117,-425618,-427505,-432012,2,2,2,2
2025-08-21 11:55:17.523,-394128,-425688,-427512,-448466,2,2,2,2
2025-08-21 11:55:17.524,-394133,-425623,-427514,-432083,2,2,2,2
2025-08-21 11:55:17.524,-394135,-409300,-427514,-448403,2,2,2,2
2025-08-21 11:55:17.524,-394129,-409294,-427507,-448396,2,2,2,2
2025-08-21 11:55:17.524,-394193,-425614,-443895,-432015,2,2,2,2
2025-08-21 11:55:17.525,-394194,-425612,-443893,-432011,2,2,2,2
2025-08-21 11:55:17.525,-394202,-425622,-427515,-432019,2,2,2,2
2025-08-21 11:55:17.525,-394207,-425630,-443901,-432028,2,2,2,2
2025-08-21 11:55:17.525,-394209,-409308,-427518,-448413,2,2,2,2
2025-08-21 11:55:17.526,-394209,-425694,-427521,-448443,2,2,2,2
2025-08-21 11:55:17.526,-394213,-425694,-427524,-448480,2,2,2,2
2025-08-21 11:55:17.526,-394141,-425697,-427520,-432096,2,2,2,2
2025-08-21 11:55:17.527,-394212,-425710,-427527,-432105,2,2,2,2
2025-08-21 11:55:17.527,-394219,-425719,-443920,-432113,2,2,2,2
2025-08-21 11:55:17.527,-394228,-425723,-443931,-432119,2,2,2,2
2025-08-21 11:55:17.528,-394234,-409342,-427546,-440312,2,2,2,2
2025-08-21 11:55:17.528,-394239,-425474,-427550,-432119,2,2,2,2
2025-08-21 11:55:17.528,-394240,-425476,-427552,-432122,2,2,2,2
2025-08-21 11:55:17.528,-393990,-425479,-427619,-448509,2,2,2,2
2025-08-21 11:55:17.529,-393987,-425476,-427551,-448506,2,2,2,2
2025-08-21 11:55:17.529,-393985,-425473,-427545,-432115,2,2,2,2
2025-08-21 11:55:17.529,-393989,-425478,-427546,-432119,2,2,2,2
2025-08-21 11:55:17.529,-393996,-425484,-427619,-432127,2,2,2,2
2025-08-21 11:55:17.530,-393994,-425482,-427557,-432128,2,2,2,2
2025-08-21 11:55:17.530,-393996,-425482,-443979,-431874,2,2,2,2
2025-08-21 11:55:17.530,-393986,-425482,-443976,-431873,2,2,2,2
2025-08-21 11:55:17.530,-393985,-409098,-427626,-440320,2,2,2,2
2025-08-21 11:55:17.531,-394002,-409114,-427649,-448276,2,2,2,2
2025-08-21 11:55:17.531,-394008,-425501,-427654,-448316,2,2,2,2
2025-08-21 11:55:17.531,-394012,-425504,-427650,-448284,2,2,2,2
2025-08-21 11:55:17.532,-394009,-425504,-443967,-431899,2,2,2,2
2025-08-21 11:55:17.532,-394009,-425502,-427582,-431899,2,2,2,2
2025-08-21 11:55:17.532,-394012,-425504,-427647,-448286,2,2,2,2
2025-08-21 11:55:17.532,-393999,-425495,-444019,-431890,2,2,2,2
2025-08-21 11:55:17.533,-394235,-425476,-427620,-448512,2,2,2,2
2025-08-21 11:55:17.533,-394240,-425484,-427563,-431879,2,2,2,2
2025-08-21 11:55:17.533,-394001,-409154,-427649,-440095,2,2,2,2
2025-08-21 11:55:17.533,-394084,-409143,-427669,-448373,2,2,2,2
2025-08-21 11:55:17.534,-394027,-425597,-444063,-431996,2,2,2,2
2025-08-21 11:55:17.534,-394095,-425531,-427748,-432066,2,2,2,2
2025-08-21 11:55:17.534,-394103,-425534,-427753,-432071,2,2,2,2
2025-08-21 11:55:17.534,-394106,-425601,-427757,-432077,2,2,2,2
2025-08-21 11:55:17.535,-394112,-409283,-427759,-448399,2,2,2,2
2025-08-21 11:55:17.535,-394189,-425611,-444152,-432021,2,2,2,2
2025-08-21 11:55:17.535,-394113,-409215,-427758,-432008,2,2,2,2
2025-08-21 11:55:17.536,-394111,-425594,-427755,-432067,2,2,2,2
2025-08-21 11:55:17.536,-394120,-425535,-427765,-448394,2,2,2,2
2025-08-21 11:55:17.536,-394122,-425599,-427765,-432011,2,2,2,2
2025-08-21 11:55:17.536,-394125,-425670,-427769,-448396,2,2,2,2
2025-08-21 11:55:17.537,-394110,-425591,-427755,-432074,2,2,2,2
2025-08-21 11:55:17.537,-394011,-425492,-427656,-431909,2,2,2,2
2025-08-21 11:55:17.537,-394239,-425721,-427565,-431877,2,2,2,2
2025-08-21 11:55:17.538,-394230,-425712,-427618,-448502,2,2,2,2
2025-08-21 11:55:17.538,-394212,-409248,-427534,-440295,2,2,2,2
2025-08-21 11:55:17.538,-394205,-425623,-443915,-432097,2,2,2,2
2025-08-21 11:55:17.538,-394210,-409277,-427539,-448487,2,2,2,2
2025-08-21 11:55:17.539,-394143,-425628,-427536,-432100,2,2,2,2
2025-08-21 11:55:17.539,-394141,-425689,-427536,-448482,2,2,2,2
2025-08-21 11:55:17.539,-394217,-425701,-427549,-448462,2,2,2,2
2025-08-21 11:55:17.539,-394231,-425716,-443980,-432124,2,2,2,2
2025-08-21 11:55:17.540,-394225,-409294,-427623,-440312,2,2,2,2
2025-08-21 11:55:17.540,-394225,-425717,-444009,-432118,2,2,2,2
2025-08-21 11:55:17.540,-393993,-425487,-444033,-431887,2,2,2,2
2025-08-21 11:55:17.541,-393994,-425493,-427654,-431894,2,2,2,2
2025-08-21 11:55:17.541,-393993,-409138,-427647,-448273,2,2,2,2
2025-08-21 11:55:17.541,-394001,-409150,-427654,-448277,2,2,2,2
2025-08-21 11:55:17.541,-394050,-425580,-427670,-431909,2,2,2,2
2025-08-21 11:55:17.542,-394085,-425581,-427736,-431975,2,2,2,2
2025-08-21 11:55:17.542,-394085,-425577,-427670,-431913,2,2,2,2
2025-08-21 11:55:17.542,-394008,-425501,-427660,-431905,2,2,2,2
2025-08-21 11:55:17.542,-393987,-425481,-427573,-431886,2,2,2,2
2025-08-21 11:55:17.543,-394221,-409334,-427550,-448502,2,2,2,2
2025-08-21 11:55:17.543,-394132,-425698,-427530,-432096,2,2,2,2
2025-08-21 11:55:17.544,-394184,-425624,-443904,-432019,2,2,2,2
2025-08-21 11:55:17.544,-394116,-425681,-427516,-448397,2,2,2,2
2025-08-21 11:55:17.544,-394113,-425674,-427512,-448393,2,2,2,2
2025-08-21 11:55:17.544,-394048,-425608,-443893,-432007,2,2,2,2
2025-08-21 11:55:17.545,-394113,-409221,-427505,-432003,2,2,2,2
2025-08-21 11:55:17.545,-394097,-425589,-427489,-431986,2,2,2,2
2025-08-21 11:55:17.545,-394056,-425580,-427417,-431917,2,2,2,2
2025-08-21 11:55:17.545,-394082,-425573,-427471,-431978,2,2,2,2
2025-08-21 11:55:17.546,-394004,-425496,-443779,-431904,2,2,2,2
2025-08-21 11:55:17.546,-394006,-409142,-427392,-440089,2,2,2,2
2025-08-21 11:55:17.546,-394006,-409140,-427393,-440087,2,2,2,2
2025-08-21 11:55:17.546,-394002,-425493,-427390,-431889,2,2,2,2
2025-08-21 11:55:17.547,-394001,-425492,-427322,-431886,2,2,2,2
2025-08-21 11:55:17.547,-393998,-425491,-443770,-431882,2,2,2,2
2025-08-21 11:55:17.547,-394015,-425503,-427396,-448279,2,2,2,2
2025-08-21 11:55:17.547,-394018,-425503,-443780,-431899,2,2,2,2
2025-08-21 11:55:17.548,-394011,-409144,-427395,-448280,2,2,2,2
2025-08-21 11:55:17.548,-394015,-425500,-427463,-431901,2,2,2,2
2025-08-21 11:55:17.548,-394090,-425582,-427478,-431981,2,2,2,2
2025-08-21 11:55:17.548,-394099,-425527,-427423,-448375,2,2,2,2
2025-08-21 11:55:17.549,-394098,-425525,-427422,-431926,2,2,2,2
2025-08-21 11:55:17.549,-394097,-409137,-427420,-448373,2,2,2,2
2025-08-21 11:55:17.549,-394097,-409139,-427423,-448376,2,2,2,2
2025-08-21 11:55:17.549,-394127,-425611,-443896,-432018,2,2,2,2
2025-08-21 11:55:17.550,-394221,-425706,-443926,-432114,2,2,2,2
2025-08-21 11:55:17.550,-394236,-425721,-443940,-432128,2,2,2,2
2025-08-21 11:55:17.550,-393993,-425481,-443956,-431887,2,2,2,2
2025-08-21 11:55:17.550,-393995,-409098,-427635,-448273,2,2,2,2
2025-08-21 11:55:17.551,-394009,-425493,-427643,-448283,2,2,2,2
2025-08-21 11:55:17.551,-394120,-425603,-427747,-432075,2,2,2,2
2025-08-21 11:55:17.552,-394129,-425615,-427757,-432083,2,2,2,2
2025-08-21 11:55:17.552,-394193,-425617,-444142,-432016,2,2,2,2
2025-08-21 11:55:17.552,-394186,-425608,-444134,-432006,2,2,2,2
2025-08-21 11:55:17.553,-394124,-409227,-427754,-440203,2,2,2,2
2025-08-21 11:55:17.553,-394118,-425607,-427749,-432005,2,2,2,2
2025-08-21 11:55:17.553,-394109,-425594,-427739,-431993,2,2,2,2
2025-08-21 11:55:17.553,-394107,-425528,-427670,-448375,2,2,2,2
2025-08-21 11:55:17.554,-394107,-425528,-427673,-448316,2,2,2,2
2025-08-21 11:55:17.554,-394098,-425589,-427669,-431927,2,2,2,2
2025-08-21 11:55:17.554,-394088,-409167,-427662,-440173,2,2,2,2
2025-08-21 11:55:17.554,-394045,-425574,-427655,-431904,2,2,2,2
2025-08-21 11:55:17.555,-394006,-425504,-427714,-431900,2,2,2,2
2025-08-21 11:55:17.555,-393998,-425494,-444028,-431889,2,2,2,2
2025-08-21 11:55:17.555,-393992,-425481,-427634,-431882,2,2,2,2
2025-08-21 11:55:17.555,-394240,-409343,-427623,-440071,2,2,2,2
2025-08-21 11:55:17.556,-394234,-409336,-427617,-448511,2,2,2,2
2025-08-21 11:55:17.556,-394014,-425497,-427645,-448285,2,2,2,2
2025-08-21 11:55:17.557,-394090,-425575,-427662,-431916,2,2,2,2
2025-08-21 11:55:17.557,-394097,-425583,-427669,-431924,2,2,2,2
2025-08-21 11:55:17.557,-394106,-425595,-427745,-432066,2,2,2,2
2025-08-21 11:55:17.557,-394114,-425604,-427757,-432005,2,2,2,2
2025-08-21 11:55:17.558,-394128,-409225,-427769,-440206,2,2,2,2
2025-08-21 11:55:17.558,-394193,-425606,-427765,-432011,2,2,2,2
2025-08-21 11:55:17.558,-394134,-409288,-427770,-448402,2,2,2,2
2025-08-21 11:55:17.559,-394127,-425534,-427765,-448397,2,2,2,2
2025-08-21 11:55:17.559,-394125,-409210,-427762,-440203,2,2,2,2
2025-08-21 11:55:17.559,-394127,-425531,-427761,-432074,2,2,2,2
2025-08-21 11:55:17.559,-394138,-425605,-427772,-432086,2,2,2,2
2025-08-21 11:55:17.560,-394216,-425621,-427536,-432104,2,2,2,2
2025-08-21 11:55:17.560,-394220,-425625,-443924,-432108,2,2,2,2
2025-08-21 11:55:17.560,-394216,-425620,-443921,-432103,2,2,2,2
2025-08-21 11:55:17.560,-394198,-425606,-444160,-432025,2,2,2,2
2025-08-21 11:55:17.561,-394130,-409223,-427776,-440215,2,2,2,2
2025-08-21 11:55:17.561,-394209,-425625,-427534,-432106,2,2,2,2
2025-08-21 11:55:17.561,-394212,-425631,-427540,-432113,2,2,2,2
2025-08-21 11:55:17.561,-394138,-425691,-427531,-448459,2,2,2,2
2025-08-21 11:55:17.562,-394190,-425619,-444159,-432032,2,2,2,2
2025-08-21 11:55:17.562,-394112,-425606,-427763,-432083,2,2,2,2
2025-08-21 11:55:17.562,-394102,-409212,-427754,-448395,2,2,2,2
2025-08-21 11:55:17.562,-394109,-425600,-427758,-432080,2,2,2,2
2025-08-21 11:55:17.563,-394120,-425610,-427768,-432025,2,2,2,2
2025-08-21 11:55:17.563,-394045,-425600,-444109,-432011,2,2,2,2
2025-08-21 11:55:17.563,-394088,-409193,-427674,-440178,2,2,2,2
2025-08-21 11:55:17.563,-394008,-409142,-427651,-440087,2,2,2,2
2025-08-21 11:55:17.564,-394034,-425484,-427643,-431888,2,2,2,2
2025-08-21 11:55:17.564,-394008,-425491,-427655,-448311,2,2,2,2
2025-08-21 11:55:17.564,-394006,-425489,-427650,-431890,2,2,2,2
2025-08-21 11:55:17.565,-393996,-425477,-443959,-431878,2,2,2,2
2025-08-21 11:55:17.565,-393990,-425473,-444016,-432128,2,2,2,2
2025-08-21 11:55:17.565,-394233,-425720,-427621,-448504,2,2,2,2
2025-08-21 11:55:17.565,-394237,-425474,-444012,-432127,2,2,2,2
2025-08-21 11:55:17.566,-394000,-425492,-427648,-448274,2,2,2,2
2025-08-21 11:55:17.566,-394012,-425571,-427724,-431904,2,2,2,2
2025-08-21 11:55:17.566,-394009,-409152,-427659,-448285,2,2,2,2
2025-08-21 11:55:17.566,-394084,-425516,-427671,-448362,2,2,2,2
2025-08-21 11:55:17.567,-394025,-425587,-444060,-431986,2,2,2,2
2025-08-21 11:55:17.567,-394090,-425588,-427679,-431926,2,2,2,2
2025-08-21 11:55:17.567,-394081,-409160,-427668,-440172,2,2,2,2
2025-08-21 11:55:17.567,-394082,-425573,-427662,-431912,2,2,2,2
2025-08-21 11:55:17.568,-394092,-425581,-427736,-431986,2,2,2,2
2025-08-21 11:55:17.568,-394038,-425592,-444098,-431996,2,2,2,2
2025-08-21 11:55:17.568,-394043,-425594,-444102,-431997,2,2,2,2
2025-08-21 11:55:17.568,-394103,-409206,-427751,-440188,2,2,2,2
2025-08-21 11:55:17.569,-394094,-425577,-427679,-431924,2,2,2,2
2025-08-21 11:55:17.569,-394102,-425582,-427754,-431996,2,2,2,2
2025-08-21 11:55:17.569,-394103,-425585,-427757,-431997,2,2,2,2
2025-08-21 11:55:17.569,-394090,-425506,-427680,-448334,2,2,2,2
2025-08-21 11:55:17.570,-394008,-425488,-444043,-431897,2,2,2,2
2025-08-21 11:55:17.570,-393985,-425721,-427632,-432126,2,2,2,2
2025-08-21 11:55:17.570,-394223,-409323,-427552,-448497,2,2,2,2
2025-08-21 11:55:17.570,-394181,-425631,-443922,-432109,2,2,2,2
2025-08-21 11:55:17.571,-394144,-425690,-427531,-448457,2,2,2,2
2025-08-21 11:55:17.571,-394190,-425608,-443899,-432026,2,2,2,2
2025-08-21 11:55:17.571,-394181,-425601,-443891,-432021,2,2,2,2
2025-08-21 11:55:17.571,-394124,-409223,-427517,-448411,2,2,2,2
2025-08-21 11:55:17.572,-394171,-425625,-427534,-432103,2,2,2,2
2025-08-21 11:55:17.572,-394217,-425706,-427548,-448503,2,2,2,2
2025-08-21 11:55:17.572,-394239,-425728,-427633,-431885,2,2,2,2
2025-08-21 11:55:17.573,-393987,-409097,-427641,-440085,2,2,2,2
2025-08-21 11:55:17.573,-393996,-425493,-444033,-431972,2,2,2,2
2025-08-21 11:55:17.573,-393995,-425490,-444028,-431904,2,2,2,2
2025-08-21 11:55:17.574,-393994,-425490,-427642,-431902,2,2,2,2
2025-08-21 11:55:17.574,-393988,-425484,-427571,-431897,2,2,2,2
2025-08-21 11:55:17.574,-394237,-425725,-427561,-431885,2,2,2,2
2025-08-21 11:55:17.574,-393993,-425477,-427632,-448308,2,2,2,2
2025-08-21 11:55:17.575,-393995,-425479,-444018,-431897,2,2,2,2
2025-08-21 11:55:17.575,-393996,-425480,-427637,-431902,2,2,2,2
2025-08-21 11:55:17.575,-394006,-425486,-427644,-431905,2,2,2,2
2025-08-21 11:55:17.575,-394012,-425493,-427584,-431969,2,2,2,2
2025-08-21 11:55:17.576,-394004,-425488,-427638,-448280,2,2,2,2
2025-08-21 11:55:17.576,-393992,-425725,-443975,-431882,2,2,2,2
2025-08-21 11:55:17.576,-394218,-425631,-443915,-432108,2,2,2,2
2025-08-21 11:55:17.576,-394131,-409227,-427511,-440213,2,2,2,2
2025-08-21 11:55:17.577,-394132,-425614,-427516,-432086,2,2,2,2
2025-08-21 11:55:17.577,-394133,-425682,-427518,-448441,2,2,2,2
2025-08-21 11:55:17.577,-394128,-425611,-427509,-432022,2,2,2,2
2025-08-21 11:55:17.577,-394117,-425674,-427501,-448462,2,2,2,2
2025-08-21 11:55:17.578,-394034,-425594,-443838,-431998,2,2,2,2
2025-08-21 11:55:17.578,-394054,-425581,-427408,-431918,2,2,2,2
2025-08-21 11:55:17.578,-394046,-425574,-427399,-431912,2,2,2,2
2025-08-21 11:55:17.578,-394016,-425577,-427467,-431983,2,2,2,2
2025-08-21 11:55:17.579,-394014,-425512,-427404,-448370,2,2,2,2
2025-08-21 11:55:17.579,-394006,-425572,-427465,-431982,2,2,2,2
2025-08-21 11:55:17.579,-393998,-425501,-427458,-431976,2,2,2,2
2025-08-21 11:55:17.580,-394003,-409126,-427404,-448367,2,2,2,2
2025-08-21 11:55:17.580,-394081,-425524,-427421,-448381,2,2,2,2
2025-08-21 11:55:17.580,-394107,-425677,-427513,-432085,2,2,2,2
2025-08-21 11:55:17.580,-394128,-425699,-427537,-432108,2,2,2,2
2025-08-21 11:55:17.580,-394217,-425721,-443946,-432127,2,2,2,2
2025-08-21 11:55:17.581,-393999,-425501,-427726,-431972,2,2,2,2
2025-08-21 11:55:17.581,-394028,-425590,-444136,-432000,2,2,2,2
2025-08-21 11:55:17.581,-394034,-425591,-444142,-432006,2,2,2,2
2025-08-21 11:55:17.582,-394007,-409152,-427668,-440167,2,2,2,2
2025-08-21 11:55:17.582,-393999,-425498,-427660,-448288,2,2,2,2
2025-08-21 11:55:17.582,-393998,-409115,-427657,-448288,2,2,2,2
2025-08-21 11:55:17.582,-394003,-425501,-444042,-431971,2,2,2,2
2025-08-21 11:55:17.583,-393995,-425491,-444035,-431900,2,2,2,2
2025-08-21 11:55:17.583,-394230,-425473,-427635,-431883,2,2,2,2
2025-08-21 11:55:17.583,-394226,-425726,-427634,-431881,2,2,2,2
2025-08-21 11:55:17.583,-394232,-425478,-427578,-431889,2,2,2,2
2025-08-21 11:55:17.584,-393999,-425498,-427725,-431976,2,2,2,2
2025-08-21 11:55:17.584,-394087,-409203,-427747,-440190,2,2,2,2
2025-08-21 11:55:17.584,-394023,-425586,-444098,-431999,2,2,2,2
2025-08-21 11:55:17.584,-394092,-409208,-427751,-440198,2,2,2,2
2025-08-21 11:55:17.585,-394103,-425601,-427757,-432079,2,2,2,2
2025-08-21 11:55:17.585,-394099,-425535,-427756,-448396,2,2,2,2
2025-08-21 11:55:17.585,-394093,-425530,-427748,-448390,2,2,2,2
2025-08-21 11:55:17.585,-394026,-425593,-444100,-432004,2,2,2,2
2025-08-21 11:55:17.586,-394041,-425606,-444145,-432016,2,2,2,2
2025-08-21 11:55:17.586,-394162,-425631,-443917,-432103,2,2,2,2
2025-08-21 11:55:17.586,-394172,-425705,-443927,-432111,2,2,2,2
2025-08-21 11:55:17.586,-394209,-425705,-427543,-432113,2,2,2,2
2025-08-21 11:55:17.587,-394228,-409341,-427619,-448517,2,2,2,2
2025-08-21 11:55:17.587,-394248,-409395,-427637,-448537,2,2,2,2
2025-08-21 11:55:17.587,-394261,-425761,-427648,-448617,2,2,2,2
2025-08-21 11:55:17.588,-394271,-425839,-444043,-432245,2,2,2,2
2025-08-21 11:55:17.588,-394354,-425854,-427679,-432323,2,2,2,2
2025-08-21 11:55:17.588,-394355,-425921,-427747,-432325,2,2,2,2
2025-08-21 11:55:17.588,-394269,-425838,-427730,-432241,2,2,2,2
2025-08-21 11:55:17.589,-394241,-425748,-427578,-432153,2,2,2,2
2025-08-21 11:55:17.589,-394217,-425726,-444002,-432137,2,2,2,2
2025-08-21 11:55:17.589,-394137,-409325,-427539,-440317,2,2,2,2
2025-08-21 11:55:17.590,-394125,-425701,-427528,-432114,2,2,2,2
2025-08-21 11:55:17.590,-394122,-425695,-427524,-448461,2,2,2,2
2025-08-21 11:55:17.590,-394099,-425671,-427755,-448403,2,2,2,2
2025-08-21 11:55:17.590,-394008,-425511,-427663,-448374,2,2,2,2
2025-08-21 11:55:17.591,-394010,-425575,-444047,-431989,2,2,2,2
2025-08-21 11:55:17.591,-394000,-425502,-427659,-431916,2,2,2,2
2025-08-21 11:55:17.591,-393992,-425495,-427653,-431909,2,2,2,2
2025-08-21 11:55:17.591,-394240,-425482,-427576,-431897,2,2,2,2
2025-08-21 11:55:17.592,-393986,-425484,-443959,-431898,2,2,2,2
2025-08-21 11:55:17.592,-393987,-425484,-443956,-431899,2,2,2,2
2025-08-21 11:55:17.592,-393990,-409104,-427640,-448284,2,2,2,2
2025-08-21 11:55:17.593,-393987,-425488,-427636,-431896,2,2,2,2
2025-08-21 11:55:17.593,-393986,-425487,-427633,-448279,2,2,2,2
2025-08-21 11:55:17.593,-393994,-425486,-427634,-448280,2,2,2,2
2025-08-21 11:55:17.593,-393985,-425479,-427627,-431889,2,2,2,2
2025-08-21 11:55:17.594,-394239,-425483,-427563,-431887,2,2,2,2
2025-08-21 11:55:17.594,-393991,-425491,-444022,-431894,2,2,2,2
2025-08-21 11:55:17.594,-394237,-425480,-444010,-431884,2,2,2,2
2025-08-21 11:55:17.594,-394231,-425720,-443966,-432128,2,2,2,2
2025-08-21 11:55:17.595,-394223,-409323,-427543,-440314,2,2,2,2
2025-08-21 11:55:17.595,-394223,-425707,-427543,-432119,2,2,2,2
2025-08-21 11:55:17.595,-394220,-425709,-427543,-432119,2,2,2,2
2025-08-21 11:55:17.595,-394221,-425713,-427546,-448510,2,2,2,2
2025-08-21 11:55:17.596,-394223,-425717,-443933,-431873,2,2,2,2
2025-08-21 11:55:17.596,-394226,-409334,-427618,-440066,2,2,2,2
2025-08-21 11:55:17.596,-394233,-425722,-427624,-431880,2,2,2,2
2025-08-21 11:55:17.596,-394234,-425720,-427623,-431881,2,2,2,2
2025-08-21 11:55:17.597,-394237,-425727,-427562,-431887,2,2,2,2
2025-08-21 11:55:17.597,-394237,-425727,-443974,-431887,2,2,2,2
2025-08-21 11:55:17.597,-394228,-425721,-427551,-431879,2,2,2,2
2025-08-21 11:55:17.597,-394225,-425717,-443933,-431874,2,2,2,2
2025-08-21 11:55:17.598,-394230,-425473,-427624,-431888,2,2,2,2
2025-08-21 11:55:17.598,-394004,-425504,-427584,-431984,2,2,2,2
2025-08-21 11:55:17.598,-393994,-425492,-427637,-448293,2,2,2,2
2025-08-21 11:55:17.599,-393997,-425492,-444023,-431971,2,2,2,2
2025-08-21 11:55:17.599,-394001,-425494,-427640,-448356,2,2,2,2
2025-08-21 11:55:17.599,-394035,-425494,-427640,-431909,2,2,2,2
2025-08-21 11:55:17.599,-393992,-425485,-444009,-431898,2,2,2,2
2025-08-21 11:55:17.600,-393986,-425484,-427559,-431892,2,2,2,2
2025-08-21 11:55:17.600,-394231,-425478,-443935,-431883,2,2,2,2
2025-08-21 11:55:17.600,-394225,-409340,-427547,-448260,2,2,2,2
2025-08-21 11:55:17.601,-394192,-425719,-443932,-431874,2,2,2,2
2025-08-21 11:55:17.601,-394235,-409344,-427622,-440077,2,2,2,2
2025-08-21 11:55:17.601,-393989,-409095,-427631,-431895,2,2,2,2
2025-08-21 11:55:17.601,-394006,-425496,-427647,-431913,2,2,2,2
2025-08-21 11:55:17.602,-394095,-425588,-427740,-432004,2,2,2,2
2025-08-21 11:55:17.602,-394182,-425605,-444144,-432021,2,2,2,2
2025-08-21 11:55:17.602,-394196,-425619,-444158,-432100,2,2,2,2
2025-08-21 11:55:17.603,-394113,-425596,-427755,-432081,2,2,2,2
2025-08-21 11:55:17.603,-394088,-425569,-427727,-431990,2,2,2,2
2025-08-21 11:55:17.603,-393999,-425478,-427574,-431902,2,2,2,2
2025-08-21 11:55:17.603,-394007,-425484,-427645,-448329,2,2,2,2
2025-08-21 11:55:17.604,-394013,-425488,-444031,-431980,2,2,2,2
2025-08-21 11:55:17.604,-394004,-425482,-427643,-431907,2,2,2,2
2025-08-21 11:55:17.604,-394007,-409099,-427647,-448354,2,2,2,2
2025-08-21 11:55:17.604,-394009,-425485,-427713,-431972,2,2,2,2
2025-08-21 11:55:17.605,-393994,-425473,-427633,-448315,2,2,2,2
2025-08-21 11:55:17.605,-393987,-425723,-443980,-431895,2,2,2,2
2025-08-21 11:55:17.605,-394234,-425719,-443975,-431889,2,2,2,2
2025-08-21 11:55:17.605,-394231,-409329,-427551,-440073,2,2,2,2
2025-08-21 11:55:17.606,-394189,-425707,-427542,-432125,2,2,2,2
2025-08-21 11:55:17.606,-394221,-425707,-427543,-448506,2,2,2,2
2025-08-21 11:55:17.606,-394213,-425697,-427531,-432113,2,2,2,2
2025-08-21 11:55:17.607,-394140,-409270,-427519,-440292,2,2,2,2
2025-08-21 11:55:17.607,-394168,-425619,-443895,-432031,2,2,2,2
2025-08-21 11:55:17.607,-394166,-425618,-443892,-432091,2,2,2,2
2025-08-21 11:55:17.607,-394138,-425624,-427515,-432030,2,2,2,2
2025-08-21 11:55:17.608,-394141,-425690,-427516,-448476,2,2,2,2
2025-08-21 11:55:17.608,-394139,-425628,-427523,-432026,2,2,2,2
2025-08-21 11:55:17.608,-394207,-425632,-427530,-432098,2,2,2,2
2025-08-21 11:55:17.608,-394138,-425690,-427526,-448412,2,2,2,2
2025-08-21 11:55:17.609,-394206,-425629,-443917,-432099,2,2,2,2
2025-08-21 11:55:17.609,-394224,-425711,-427551,-432118,2,2,2,2
2025-08-21 11:55:17.609,-394235,-425725,-427630,-431877,2,2,2,2
2025-08-21 11:55:17.609,-393988,-425475,-427569,-431882,2,2,2,2
2025-08-21 11:55:17.610,-394225,-425712,-427546,-432120,2,2,2,2
2025-08-21 11:55:17.610,-394209,-425700,-443915,-432108,2,2,2,2
2025-08-21 11:55:17.610,-394209,-425702,-443917,-432111,2,2,2,2
2025-08-21 11:55:17.610,-394215,-409322,-427537,-432118,2,2,2,2
2025-08-21 11:55:17.611,-394221,-425713,-427543,-432124,2,2,2,2
2025-08-21 11:55:17.611,-394237,-425724,-427622,-448267,2,2,2,2
2025-08-21 11:55:17.611,-393995,-425483,-427572,-431897,2,2,2,2
2025-08-21 11:55:17.611,-394007,-425494,-427647,-448324,2,2,2,2
2025-08-21 11:55:17.612,-394005,-425493,-444030,-431972,2,2,2,2
2025-08-21 11:55:17.612,-393999,-425487,-427639,-431900,2,2,2,2
2025-08-21 11:55:17.612,-393994,-425481,-427634,-431892,2,2,2,2
2025-08-21 11:55:17.612,-393990,-425477,-427567,-431889,2,2,2,2
2025-08-21 11:55:17.613,-394237,-425724,-427619,-448267,2,2,2,2
2025-08-21 11:55:17.613,-394229,-409334,-427549,-440071,2,2,2,2
2025-08-21 11:55:17.613,-394238,-425726,-443944,-431889,2,2,2,2
2025-08-21 11:55:17.613,-393989,-409091,-427629,-448278,2,2,2,2
2025-08-21 11:55:17.614,-394238,-425723,-427622,-431888,2,2,2,2
2025-08-21 11:55:17.614,-394224,-425713,-427545,-448261,2,2,2,2
2025-08-21 11:55:17.614,-394222,-425712,-427545,-448260,2,2,2,2
2025-08-21 11:55:17.614,-394230,-425719,-443967,-431884,2,2,2,2
2025-08-21 11:55:17.615,-394235,-425722,-427555,-431888,2,2,2,2
2025-08-21 11:55:17.615,-393987,-425475,-444015,-431897,2,2,2,2
2025-08-21 11:55:17.615,-393985,-425476,-444015,-431897,2,2,2,2
2025-08-21 11:55:17.616,-394085,-409200,-427677,-440187,2,2,2,2
2025-08-21 11:55:17.616,-394109,-409286,-427764,-448403,2,2,2,2
2025-08-21 11:55:17.616,-394123,-409265,-427775,-448415,2,2,2,2
2025-08-21 11:55:17.616,-394167,-425632,-443918,-432107,2,2,2,2
2025-08-21 11:55:17.617,-394196,-425628,-443913,-432105,2,2,2,2
2025-08-21 11:55:17.617,-394124,-425619,-427521,-432095,2,2,2,2
2025-08-21 11:55:17.617,-394127,-425625,-427526,-432099,2,2,2,2
2025-08-21 11:55:17.617,-394204,-425701,-427539,-432114,2,2,2,2
2025-08-21 11:55:17.618,-394210,-425708,-427546,-432119,2,2,2,2
2025-08-21 11:55:17.618,-394183,-425617,-444157,-432031,2,2,2,2
2025-08-21 11:55:17.618,-394115,-409231,-427770,-440221,2,2,2,2
2025-08-21 11:55:17.619,-394109,-425606,-427761,-432091,2,2,2,2
2025-08-21 11:55:17.619,-394101,-425532,-427752,-448435,2,2,2,2
2025-08-21 11:55:17.619,-394107,-425533,-427753,-448437,2,2,2,2
2025-08-21 11:55:17.619,-394038,-425589,-444130,-432013,2,2,2,2
2025-08-21 11:55:17.620,-394041,-425596,-444101,-432015,2,2,2,2
2025-08-21 11:55:17.620,-394100,-425595,-427748,-432079,2,2,2,2
2025-08-21 11:55:17.620,-394100,-425597,-427746,-432074,2,2,2,2
2025-08-21 11:55:17.620,-394085,-425583,-427729,-431992,2,2,2,2
2025-08-21 11:55:17.621,-394006,-409150,-427649,-440174,2,2,2,2
2025-08-21 11:55:17.621,-394010,-409153,-427658,-440180,2,2,2,2
2025-08-21 11:55:17.621,-394010,-425503,-427660,-431925,2,2,2,2
2025-08-21 11:55:17.622,-394043,-425503,-444046,-431991,2,2,2,2
2025-08-21 11:55:17.622,-394006,-425497,-427656,-448308,2,2,2,2
2025-08-21 11:55:17.622,-394002,-425494,-427655,-448306,2,2,2,2
2025-08-21 11:55:17.622,-393990,-425483,-427641,-431911,2,2,2,2
2025-08-21 11:55:17.623,-394239,-425475,-427569,-431969,2,2,2,2
2025-08-21 11:55:17.623,-393991,-425483,-427574,-431977,2,2,2,2
2025-08-21 11:55:17.623,-393991,-425484,-444021,-431978,2,2,2,2
2025-08-21 11:55:17.624,-393995,-425485,-427640,-431914,2,2,2,2
2025-08-21 11:55:17.624,-393996,-425486,-427640,-448361,2,2,2,2
2025-08-21 11:55:17.624,-393991,-409097,-427636,-448356,2,2,2,2
2025-08-21 11:55:17.624,-393995,-425483,-427643,-448327,2,2,2,2
2025-08-21 11:55:17.625,-394012,-425570,-444047,-431993,2,2,2,2
2025-08-21 11:55:17.625,-394081,-425579,-427673,-431936,2,2,2,2
2025-08-21 11:55:17.625,-394016,-425580,-427673,-431936,2,2,2,2
2025-08-21 11:55:17.625,-394011,-425572,-427728,-431993,2,2,2,2
2025-08-21 11:55:17.626,-394004,-425498,-427657,-448371,2,2,2,2
2025-08-21 11:55:17.626,-393997,-409108,-427652,-431977,2,2,2,2
2025-08-21 11:55:17.626,-394235,-425477,-444019,-431895,2,2,2,2
2025-08-21 11:55:17.626,-394218,-409332,-427618,-440068,2,2,2,2
2025-08-21 11:55:17.627,-394179,-425709,-427546,-432126,2,2,2,2
2025-08-21 11:55:17.627,-394227,-425725,-427623,-448271,2,2,2,2
2025-08-21 11:55:17.627,-393997,-425493,-427652,-448296,2,2,2,2
2025-08-21 11:55:17.628,-393993,-409137,-427650,-440166,2,2,2,2
2025-08-21 11:55:17.628,-393999,-425495,-444038,-431976,2,2,2,2
2025-08-21 11:55:17.628,-394039,-425501,-444047,-431918,2,2,2,2
2025-08-21 11:55:17.628,-394007,-425502,-427724,-431980,2,2,2,2
2025-08-21 11:55:17.629,-394007,-425505,-427663,-448306,2,2,2,2
2025-08-21 11:55:17.629,-394093,-409208,-427747,-448388,2,2,2,2
2025-08-21 11:55:17.629,-394121,-409267,-427521,-440223,2,2,2,2
2025-08-21 11:55:17.629,-394135,-409314,-427534,-448494,2,2,2,2
2025-08-21 11:55:17.630,-394201,-425630,-443916,-432110,2,2,2,2
2025-08-21 11:55:17.630,-394133,-425691,-427525,-432107,2,2,2,2
2025-08-21 11:55:17.630,-394134,-425695,-427524,-432112,2,2,2,2
2025-08-21 11:55:17.630,-394187,-425625,-444158,-432104,2,2,2,2
2025-08-21 11:55:17.631,-394101,-409285,-427754,-448404,2,2,2,2
2025-08-21 11:55:17.631,-394038,-425604,-444137,-432020,2,2,2,2
2025-08-21 11:55:17.631,-394042,-425608,-444137,-432026,2,2,2,2
2025-08-21 11:55:17.631,-394120,-409237,-427768,-432104,2,2,2,2
2025-08-21 11:55:17.632,-394128,-425629,-427774,-432109,2,2,2,2
2025-08-21 11:55:17.632,-394130,-425696,-427525,-448492,2,2,2,2
2025-08-21 11:55:17.632,-394133,-425701,-427528,-448494,2,2,2,2
2025-08-21 11:55:17.632,-394197,-425701,-443914,-432112,2,2,2,2
2025-08-21 11:55:17.633,-394104,-425604,-427759,-432080,2,2,2,2
2025-08-21 11:55:17.633,-394178,-425614,-427768,-432022,2,2,2,2
2025-08-21 11:55:17.633,-394121,-425620,-427773,-432027,2,2,2,2
2025-08-21 11:55:17.634,-394111,-425677,-427763,-448437,2,2,2,2
2025-08-21 11:55:17.634,-394107,-409226,-427758,-440209,2,2,2,2
2025-08-21 11:55:17.634,-394095,-409218,-427748,-440196,2,2,2,2
2025-08-21 11:55:17.634,-394081,-425585,-427669,-431921,2,2,2,2
2025-08-21 11:55:17.635,-393998,-425502,-427584,-431903,2,2,2,2
2025-08-21 11:55:17.635,-394236,-425482,-427631,-448272,2,2,2,2
2025-08-21 11:55:17.635,-394228,-425728,-427619,-448260,2,2,2,2
2025-08-21 11:55:17.635,-394228,-425727,-443969,-432128,2,2,2,2
2025-08-21 11:55:17.636,-394214,-409330,-427543,-440309,2,2,2,2
2025-08-21 11:55:17.636,-394140,-425704,-427534,-432112,2,2,2,2
2025-08-21 11:55:17.636,-394162,-425631,-443910,-432103,2,2,2,2
2025-08-21 11:55:17.636,-394119,-425683,-427518,-448450,2,2,2,2
2025-08-21 11:55:17.637,-394039,-425605,-443854,-432019,2,2,2,2
2025-08-21 11:55:17.637,-394094,-409145,-427490,-448389,2,2,2,2
2025-08-21 11:55:17.637,-394099,-409213,-427494,-448391,2,2,2,2
2025-08-21 11:55:17.637,-394119,-425613,-443895,-432088,2,2,2,2
2025-08-21 11:55:17.638,-394124,-425621,-427518,-432029,2,2,2,2
2025-08-21 11:55:17.638,-394191,-425629,-443909,-432100,2,2,2,2
2025-08-21 11:55:17.638,-394125,-425632,-427527,-432105,2,2,2,2
2025-08-21 11:55:17.638,-394195,-425702,-427530,-432109,2,2,2,2
2025-08-21 11:55:17.639,-394210,-425716,-427541,-448503,2,2,2,2
2025-08-21 11:55:17.639,-394138,-425707,-427539,-432116,2,2,2,2
2025-08-21 11:55:17.640,-394139,-425708,-427540,-432113,2,2,2,2
2025-08-21 11:55:17.640,-394135,-425700,-427535,-448457,2,2,2,2
2025-08-21 11:55:17.640,-394124,-425691,-427526,-448451,2,2,2,2
2025-08-21 11:55:17.640,-394046,-425611,-443893,-432020,2,2,2,2
2025-08-21 11:55:17.641,-394025,-425592,-443840,-432001,2,2,2,2
2025-08-21 11:55:17.641,-394014,-425582,-427479,-431995,2,2,2,2
2025-08-21 11:55:17.641,-393994,-425570,-427466,-431984,2,2,2,2
2025-08-21 11:55:17.641,-393978,-425492,-427388,-448356,2,2,2,2
2025-08-21 11:55:17.642,-393972,-425485,-443768,-431900,2,2,2,2
2025-08-21 11:55:17.642,-393973,-409097,-427377,-440086,2,2,2,2
2025-08-21 11:55:17.642,-393970,-409087,-427369,-440080,2,2,2,2
2025-08-21 11:55:17.642,-393955,-425457,-427293,-431874,2,2,2,2
2025-08-21 11:55:17.643,-393868,-425369,-443655,-431850,2,2,2,2
2025-08-21 11:55:17.643,-393787,-425352,-443893,-431769,2,2,2,2
2025-08-21 11:55:17.643,-393791,-425355,-443893,-431771,2,2,2,2
2025-08-21 11:55:17.643,-393866,-408982,-427519,-440039,2,2,2,2
2025-08-21 11:55:17.644,-393880,-409029,-427281,-448248,2,2,2,2
2025-08-21 11:55:17.644,-393972,-425475,-427311,-431894,2,2,2,2
2025-08-21 11:55:17.644,-393989,-425490,-427326,-431971,2,2,2,2
2025-08-21 11:55:17.644,-393995,-425494,-427395,-448331,2,2,2,2
2025-08-21 11:55:17.645,-394012,-425574,-427409,-431932,2,2,2,2
2025-08-21 11:55:17.645,-394097,-425595,-427492,-432079,2,2,2,2
2025-08-21 11:55:17.645,-394101,-409282,-427494,-448401,2,2,2,2
2025-08-21 11:55:17.645,-394111,-425610,-443887,-432024,2,2,2,2
2025-08-21 11:55:17.646,-394182,-425614,-443894,-432032,2,2,2,2
2025-08-21 11:55:17.646,-394197,-425629,-443909,-432114,2,2,2,2
2025-08-21 11:55:17.646,-394133,-409277,-427524,-448499,2,2,2,2
2025-08-21 11:55:17.647,-394119,-425683,-427511,-448486,2,2,2,2
2025-08-21 11:55:17.647,-394102,-425672,-427497,-448471,2,2,2,2
2025-08-21 11:55:17.647,-394081,-425591,-427417,-432070,2,2,2,2
2025-08-21 11:55:17.648,-394087,-425594,-427422,-432076,2,2,2,2
2025-08-21 11:55:17.648,-394035,-425610,-443886,-432029,2,2,2,2
2025-08-21 11:55:17.648,-394041,-425617,-443889,-432032,2,2,2,2
2025-08-21 11:55:17.649,-394116,-409246,-427515,-440293,2,2,2,2
2025-08-21 11:55:17.649,-394124,-425700,-427523,-432110,2,2,2,2
2025-08-21 11:55:17.649,-394136,-425709,-427536,-432125,2,2,2,2
2025-08-21 11:55:17.649,-394132,-425705,-427533,-448507,2,2,2,2
2025-08-21 11:55:17.650,-394221,-425474,-427620,-448276,2,2,2,2
2025-08-21 11:55:17.650,-393990,-425497,-427645,-431916,2,2,2,2
2025-08-21 11:55:17.650,-394000,-409154,-427649,-440182,2,2,2,2
2025-08-21 11:55:17.650,-394036,-425573,-427652,-431927,2,2,2,2
2025-08-21 11:55:17.651,-394004,-425573,-427716,-431989,2,2,2,2
2025-08-21 11:55:17.651,-394019,-425582,-444082,-432007,2,2,2,2
2025-08-21 11:55:17.651,-394022,-425585,-444085,-432015,2,2,2,2
2025-08-21 11:55:17.651,-394011,-409161,-427661,-440197,2,2,2,2
2025-08-21 11:55:17.652,-394003,-409125,-427656,-448387,2,2,2,2
2025-08-21 11:55:17.652,-394000,-425506,-427657,-448315,2,2,2,2
2025-08-21 11:55:17.653,-393993,-425499,-427649,-431927,2,2,2,2
2025-08-21 11:55:17.653,-393993,-425494,-427645,-431928,2,2,2,2
2025-08-21 11:55:17.653,-393986,-425486,-427641,-448371,2,2,2,2
2025-08-21 11:55:17.653,-393997,-425498,-444034,-431995,2,2,2,2
2025-08-21 11:55:17.654,-394018,-425584,-427737,-432010,2,2,2,2
2025-08-21 11:55:17.654,-394015,-425580,-427669,-432073,2,2,2,2
2025-08-21 11:55:17.654,-394013,-425581,-427737,-432009,2,2,2,2
2025-08-21 11:55:17.655,-394013,-425512,-427670,-448390,2,2,2,2
2025-08-21 11:55:17.655,-394091,-425525,-427749,-432082,2,2,2,2
2025-08-21 11:55:17.655,-394103,-409215,-427760,-440220,2,2,2,2
2025-08-21 11:55:17.655,-394092,-425590,-427748,-432082,2,2,2,2
2025-08-21 11:55:17.656,-394086,-425590,-427745,-432017,2,2,2,2
2025-08-21 11:55:17.656,-394094,-425532,-427749,-448438,2,2,2,2
2025-08-21 11:55:17.656,-394032,-425597,-444134,-432024,2,2,2,2
2025-08-21 11:55:17.656,-394024,-425592,-444095,-432018,2,2,2,2
2025-08-21 11:55:17.657,-394090,-409209,-427680,-440215,2,2,2,2
2025-08-21 11:55:17.657,-394090,-425596,-427747,-432026,2,2,2,2
2025-08-21 11:55:17.657,-394056,-425599,-444132,-432029,2,2,2,2
2025-08-21 11:55:17.658,-394081,-425530,-427678,-448468,2,2,2,2
2025-08-21 11:55:17.658,-394094,-409225,-427755,-448482,2,2,2,2
2025-08-21 11:55:17.658,-394097,-409226,-427760,-448487,2,2,2,2
2025-08-21 11:55:17.658,-394063,-425611,-427758,-432103,2,2,2,2
2025-08-21 11:55:17.659,-394089,-425608,-427758,-432099,2,2,2,2
2025-08-21 11:55:17.659,-394091,-425611,-427761,-432102,2,2,2,2
2025-08-21 11:55:17.659,-394099,-425612,-427763,-432103,2,2,2,2
2025-08-21 11:55:17.659,-394036,-425611,-427760,-432099,2,2,2,2
2025-08-21 11:55:17.660,-394107,-409295,-427770,-448488,2,2,2,2
2025-08-21 11:55:17.660,-394116,-425682,-427776,-448463,2,2,2,2
2025-08-21 11:55:17.660,-394111,-425674,-427770,-432103,2,2,2,2
2025-08-21 11:55:17.661,-394037,-425601,-444147,-432097,2,2,2,2
2025-08-21 11:55:17.661,-394088,-425526,-427752,-448439,2,2,2,2
2025-08-21 11:55:17.661,-394048,-425583,-444132,-432017,2,2,2,2
2025-08-21 11:55:17.661,-394000,-425573,-444051,-432001,2,2,2,2
2025-08-21 11:55:17.662,-394234,-409100,-427646,-431978,2,2,2,2
2025-08-21 11:55:17.662,-394227,-425728,-427573,-431904,2,2,2,2
2025-08-21 11:55:17.662,-394220,-425717,-427563,-431894,2,2,2,2
2025-08-21 11:55:17.662,-394213,-425707,-427554,-431885,2,2,2,2
2025-08-21 11:55:17.663,-394205,-425702,-443933,-431879,2,2,2,2
2025-08-21 11:55:17.663,-394131,-409274,-427540,-440320,2,2,2,2
2025-08-21 11:55:17.663,-394115,-425607,-427525,-432115,2,2,2,2
2025-08-21 11:55:17.663,-394086,-425579,-427496,-432089,2,2,2,2
2025-08-21 11:55:17.664,-394007,-425500,-427483,-432009,2,2,2,2
2025-08-21 11:55:17.664,-394000,-425492,-443827,-431999,2,2,2,2
2025-08-21 11:55:17.664,-393992,-425484,-427406,-448314,2,2,2,2
2025-08-21 11:55:17.664,-393989,-409093,-427400,-440181,2,2,2,2
2025-08-21 11:55:17.665,-393977,-425464,-427387,-431902,2,2,2,2
2025-08-21 11:55:17.665,-393963,-425449,-427307,-431887,2,2,2,2
2025-08-21 11:55:17.665,-393968,-425456,-427314,-431893,2,2,2,2
2025-08-21 11:55:17.665,-393976,-425466,-427383,-448313,2,2,2,2
2025-08-21 11:55:17.666,-393972,-425466,-443762,-431895,2,2,2,2
2025-08-21 11:55:17.666,-393925,-425453,-427365,-431878,2,2,2,2
2025-08-21 11:55:17.666,-393883,-409066,-427295,-448259,2,2,2,2
2025-08-21 11:55:17.666,-393920,-425453,-443678,-431884,2,2,2,2
2025-08-21 11:55:17.667,-393888,-425451,-427289,-448267,2,2,2,2
2025-08-21 11:55:17.667,-393968,-425465,-443690,-431900,2,2,2,2
2025-08-21 11:55:17.667,-393989,-425489,-443842,-431986,2,2,2,2
2025-08-21 11:55:17.667,-394007,-409156,-427411,-448388,2,2,2,2
2025-08-21 11:55:17.668,-394058,-425595,-443878,-432091,2,2,2,2
2025-08-21 11:55:17.668,-394096,-425598,-427499,-432102,2,2,2,2
2025-08-21 11:55:17.669,-394026,-425591,-427491,-432097,2,2,2,2
2025-08-21 11:55:17.669,-394008,-425572,-443791,-432011,2,2,2,2
2025-08-21 11:55:17.669,-393992,-425489,-443774,-431998,2,2,2,2
2025-08-21 11:55:17.670,-394009,-425509,-427406,-432080,2,2,2,2
2025-08-21 11:55:17.670,-394009,-425570,-427469,-432015,2,2,2,2
2025-08-21 11:55:17.670,-394009,-425570,-427469,-432013,2,2,2,2
2025-08-21 11:55:17.670,-394014,-425512,-427411,-448400,2,2,2,2
2025-08-21 11:55:17.671,-394032,-425593,-443882,-432097,2,2,2,2
2025-08-21 11:55:17.671,-394111,-425611,-427517,-432115,2,2,2,2
2025-08-21 11:55:17.671,-394121,-425623,-427526,-432123,2,2,2,2
2025-08-21 11:55:17.671,-394135,-425703,-427538,-431881,2,2,2,2
2025-08-21 11:55:17.672,-394143,-425713,-427545,-448272,2,2,2,2
2025-08-21 11:55:17.672,-394203,-425712,-443957,-431885,2,2,2,2
2025-08-21 11:55:17.672,-394199,-425718,-443920,-431885,2,2,2,2
2025-08-21 11:55:17.676,-394126,-409296,-427528,-440072,2,2,2,2
2025-08-21 11:55:17.676,-394129,-425711,-427527,-431880,2,2,2,2
2025-08-21 11:55:17.676,-394133,-425712,-427532,-448266,2,2,2,2
2025-08-21 11:55:17.677,-394132,-425713,-427535,-448266,2,2,2,2
2025-08-21 11:55:17.677,-394183,-425701,-443910,-432128,2,2,2,2
2025-08-21 11:55:17.677,-394181,-425699,-443911,-432126,2,2,2,2
2025-08-21 11:55:17.677,-394166,-425711,-427543,-431884,2,2,2,2
2025-08-21 11:55:17.677,-394182,-425724,-427622,-431895,2,2,2,2
2025-08-21 11:55:17.677,-394217,-425473,-427563,-431897,2,2,2,2
2025-08-21 11:55:17.678,-393987,-409146,-427648,-440174,2,2,2,2
2025-08-21 11:55:17.678,-393996,-409157,-427659,-440184,2,2,2,2
2025-08-21 11:55:17.678,-393995,-425570,-427659,-431931,2,2,2,2
2025-08-21 11:55:17.678,-393995,-425573,-444045,-431995,2,2,2,2
2025-08-21 11:55:17.678,-394007,-425515,-427668,-432067,2,2,2,2
2025-08-21 11:55:17.678,-394083,-425529,-427677,-432080,2,2,2,2
2025-08-21 11:55:17.679,-394036,-425611,-444145,-432032,2,2,2,2
2025-08-21 11:55:17.679,-394117,-425629,-427523,-432112,2,2,2,2
2025-08-21 11:55:17.679,-394215,-425733,-444008,-432149,2,2,2,2
2025-08-21 11:55:17.679,-394230,-425746,-427638,-432161,2,2,2,2
2025-08-21 11:55:17.679,-394232,-425743,-427638,-448544,2,2,2,2
2025-08-21 11:55:17.680,-394228,-425737,-427636,-448542,2,2,2,2
2025-08-21 11:55:17.680,-394232,-425743,-444024,-432227,2,2,2,2
2025-08-21 11:55:17.680,-394225,-425740,-444024,-432228,2,2,2,2
2025-08-21 11:55:17.680,-394217,-425731,-427634,-432154,2,2,2,2
2025-08-21 11:55:17.680,-394221,-425734,-427636,-432160,2,2,2,2
2025-08-21 11:55:17.680,-394222,-425733,-427572,-432226,2,2,2,2
2025-08-21 11:55:17.681,-394217,-425728,-427568,-432156,2,2,2,2
2025-08-21 11:55:17.681,-394209,-409336,-427623,-440340,2,2,2,2
2025-08-21 11:55:17.681,-394211,-409343,-427630,-440349,2,2,2,2
2025-08-21 11:55:17.681,-394224,-425740,-427639,-432169,2,2,2,2
2025-08-21 11:55:17.681,-394236,-425750,-427651,-432178,2,2,2,2
2025-08-21 11:55:17.681,-394229,-425742,-427638,-448584,2,2,2,2
2025-08-21 11:55:17.682,-394211,-425724,-427617,-448565,2,2,2,2
2025-08-21 11:55:17.682,-394207,-425715,-443961,-432144,2,2,2,2
2025-08-21 11:55:17.682,-394210,-425719,-443926,-432142,2,2,2,2
2025-08-21 11:55:17.682,-394138,-425710,-427538,-432136,2,2,2,2
2025-08-21 11:55:17.682,-394115,-425624,-444158,-432114,2,2,2,2
2025-08-21 11:55:17.683,-394104,-425678,-427763,-448494,2,2,2,2
2025-08-21 11:55:17.683,-394108,-409266,-427766,-448495,2,2,2,2
2025-08-21 11:55:17.683,-394108,-409269,-427521,-448502,2,2,2,2
2025-08-21 11:55:17.683,-394096,-425674,-427767,-448495,2,2,2,2
2025-08-21 11:55:17.684,-394016,-425595,-444136,-432100,2,2,2,2
2025-08-21 11:55:17.684,-394006,-425588,-427679,-432093,2,2,2,2
2025-08-21 11:55:17.684,-394234,-425498,-427650,-431933,2,2,2,2
2025-08-21 11:55:17.684,-394223,-425490,-427640,-431920,2,2,2,2
2025-08-21 11:55:17.685,-394219,-425486,-427572,-431975,2,2,2,2
2025-08-21 11:55:17.685,-394227,-409107,-427646,-440168,2,2,2,2
2025-08-21 11:55:17.686,-394211,-425476,-427626,-431895,2,2,2,2
2025-08-21 11:55:17.686,-394214,-425478,-427627,-448315,2,2,2,2
2025-08-21 11:55:17.686,-394144,-425727,-427618,-448309,2,2,2,2
2025-08-21 11:55:17.686,-394128,-425710,-427541,-448263,2,2,2,2
2025-08-21 11:55:17.687,-394181,-425702,-443914,-432127,2,2,2,2
2025-08-21 11:55:17.687,-394123,-425707,-427534,-431874,2,2,2,2
2025-08-21 11:55:17.687,-394184,-425697,-427532,-432123,2,2,2,2
2025-08-21 11:55:17.687,-394128,-425705,-427542,-431878,2,2,2,2
2025-08-21 11:55:17.688,-394142,-425715,-427621,-448310,2,2,2,2
2025-08-21 11:55:17.688,-394217,-425726,-443951,-431972,2,2,2,2
2025-08-21 11:55:17.688,-394224,-409096,-427643,-440176,2,2,2,2
2025-08-21 11:55:17.688,-394227,-409100,-427646,-448369,2,2,2,2
2025-08-21 11:55:17.689,-394235,-425490,-427653,-431927,2,2,2,2
2025-08-21 11:55:17.689,-394236,-425489,-427647,-448308,2,2,2,2
2025-08-21 11:55:17.689,-394229,-425482,-427638,-448299,2,2,2,2
2025-08-21 11:55:17.689,-394234,-425489,-444027,-431983,2,2,2,2
2025-08-21 11:55:17.690,-394236,-409104,-427643,-440175,2,2,2,2
2025-08-21 11:55:17.690,-394010,-425578,-444053,-432010,2,2,2,2
2025-08-21 11:55:17.690,-394103,-425613,-427766,-432105,2,2,2,2
2025-08-21 11:55:17.691,-394119,-425691,-427529,-432123,2,2,2,2
2025-08-21 11:55:17.691,-394128,-409315,-427538,-448515,2,2,2,2
2025-08-21 11:55:17.691,-394132,-425708,-427545,-432137,2,2,2,2
2025-08-21 11:55:17.691,-394132,-425709,-427545,-448521,2,2,2,2
2025-08-21 11:55:17.692,-394197,-425714,-443930,-432139,2,2,2,2
2025-08-21 11:55:17.692,-394139,-425722,-427619,-432147,2,2,2,2
2025-08-21 11:55:17.692,-394141,-425722,-427621,-432151,2,2,2,2
2025-08-21 11:55:17.692,-394209,-425725,-427562,-432153,2,2,2,2
2025-08-21 11:55:17.693,-394215,-425731,-427630,-448542,2,2,2,2
2025-08-21 11:55:17.693,-394218,-425734,-443983,-432158,2,2,2,2
2025-08-21 11:55:17.693,-394138,-409337,-427618,-440337,2,2,2,2
2025-08-21 11:55:17.694,-394130,-425716,-427549,-432137,2,2,2,2
2025-08-21 11:55:17.694,-394123,-425713,-427549,-448516,2,2,2,2
2025-08-21 11:55:17.694,-394124,-425714,-427549,-448514,2,2,2,2
2025-08-21 11:55:17.694,-394188,-425714,-443963,-432131,2,2,2,2
2025-08-21 11:55:17.695,-394111,-409318,-427533,-440307,2,2,2,2
2025-08-21 11:55:17.695,-394111,-425707,-427535,-432121,2,2,2,2
2025-08-21 11:55:17.695,-394167,-425728,-427551,-432144,2,2,2,2
2025-08-21 11:55:17.695,-394137,-425731,-427555,-432147,2,2,2,2
2025-08-21 11:55:17.696,-394144,-425736,-427625,-448569,2,2,2,2
2025-08-21 11:55:17.696,-394217,-409394,-427636,-440420,2,2,2,2
2025-08-21 11:55:17.696,-394210,-409353,-427629,-440348,2,2,2,2
2025-08-21 11:55:17.696,-394139,-409345,-427622,-448531,2,2,2,2
2025-08-21 11:55:17.697,-394124,-425713,-443923,-432126,2,2,2,2
2025-08-21 11:55:17.697,-394114,-425704,-427529,-432119,2,2,2,2
2025-08-21 11:55:17.697,-394099,-425687,-427768,-432105,2,2,2,2
2025-08-21 11:55:17.697,-394021,-425610,-444139,-432027,2,2,2,2
2025-08-21 11:55:17.698,-394081,-409220,-427748,-448404,2,2,2,2
2025-08-21 11:55:17.698,-393993,-425582,-444045,-431997,2,2,2,2
2025-08-21 11:55:17.699,-393999,-425586,-427671,-432067,2,2,2,2
2025-08-21 11:55:17.699,-394001,-425525,-427671,-448388,2,2,2,2
2025-08-21 11:55:17.699,-394001,-409145,-427676,-448392,2,2,2,2
2025-08-21 11:55:17.699,-394007,-425597,-444133,-432019,2,2,2,2
2025-08-21 11:55:17.700,-394009,-425604,-427757,-432095,2,2,2,2
2025-08-21 11:55:17.700,-394013,-425608,-427761,-432098,2,2,2,2
2025-08-21 11:55:17.700,-394087,-425616,-427772,-432104,2,2,2,2
2025-08-21 11:55:17.701,-394015,-425669,-427765,-448444,2,2,2,2
2025-08-21 11:55:17.701,-394013,-409221,-427767,-440219,2,2,2,2
2025-08-21 11:55:17.701,-394007,-425597,-444145,-432022,2,2,2,2
2025-08-21 11:55:17.701,-393993,-409167,-427747,-440198,2,2,2,2
2025-08-21 11:55:17.702,-394234,-425571,-427734,-431989,2,2,2,2
2025-08-21 11:55:17.702,-394221,-425497,-427658,-448330,2,2,2,2
2025-08-21 11:55:17.702,-394221,-425507,-427661,-448370,2,2,2,2
2025-08-21 11:55:17.702,-394235,-425585,-444087,-431999,2,2,2,2
2025-08-21 11:55:17.703,-394239,-409209,-427677,-440203,2,2,2,2
2025-08-21 11:55:17.703,-393994,-425599,-444134,-432020,2,2,2,2
2025-08-21 11:55:17.703,-393997,-425603,-444132,-432020,2,2,2,2
2025-08-21 11:55:17.704,-393988,-425525,-427673,-448449,2,2,2,2
2025-08-21 11:55:17.704,-394001,-409146,-427748,-448395,2,2,2,2
2025-08-21 11:55:17.704,-394004,-425596,-427750,-432012,2,2,2,2
2025-08-21 11:55:17.704,-394054,-425611,-427761,-432091,2,2,2,2
2025-08-21 11:55:17.705,-394093,-425617,-427767,-432099,2,2,2,2
2025-08-21 11:55:17.705,-394095,-425614,-427767,-432095,2,2,2,2
2025-08-21 11:55:17.705,-394100,-425682,-427771,-432096,2,2,2,2
2025-08-21 11:55:17.705,-394046,-425629,-427523,-432101,2,2,2,2
2025-08-21 11:55:17.706,-394098,-425625,-427771,-432028,2,2,2,2
2025-08-21 11:55:17.706,-394040,-425632,-443906,-432099,2,2,2,2
2025-08-21 11:55:17.706,-394115,-425707,-427535,-432109,2,2,2,2
2025-08-21 11:55:17.707,-394120,-425716,-427546,-432118,2,2,2,2
2025-08-21 11:55:17.707,-394125,-425719,-427548,-448506,2,2,2,2
2025-08-21 11:55:17.707,-394129,-425726,-427552,-448513,2,2,2,2
2025-08-21 11:55:17.707,-394203,-425737,-444010,-432138,2,2,2,2
2025-08-21 11:55:17.708,-394220,-425748,-444028,-432151,2,2,2,2
2025-08-21 11:55:17.708,-394256,-425844,-427679,-432182,2,2,2,2
2025-08-21 11:55:17.708,-394263,-425851,-427747,-432187,2,2,2,2
2025-08-21 11:55:17.708,-394264,-425852,-427748,-432253,2,2,2,2
2025-08-21 11:55:17.709,-394257,-409467,-427677,-440444,2,2,2,2
2025-08-21 11:55:17.709,-394249,-409456,-427664,-440437,2,2,2,2
2025-08-21 11:55:17.709,-394235,-425825,-427649,-432169,2,2,2,2
2025-08-21 11:55:17.710,-394228,-425751,-427641,-432161,2,2,2,2
2025-08-21 11:55:17.710,-394211,-425740,-427628,-448535,2,2,2,2
2025-08-21 11:55:17.710,-394140,-425728,-427618,-448523,2,2,2,2
2025-08-21 11:55:17.710,-394201,-425727,-443970,-432142,2,2,2,2
2025-08-21 11:55:17.711,-394206,-425729,-427559,-432149,2,2,2,2
2025-08-21 11:55:17.711,-394144,-425735,-427566,-432156,2,2,2,2
2025-08-21 11:55:17.711,-394136,-425729,-427557,-432150,2,2,2,2
2025-08-21 11:55:17.711,-394125,-425723,-427547,-448523,2,2,2,2
2025-08-21 11:55:17.712,-394106,-425708,-427531,-432120,2,2,2,2
2025-08-21 11:55:17.712,-394098,-409313,-427526,-448496,2,2,2,2
2025-08-21 11:55:17.712,-394088,-409307,-427776,-448492,2,2,2,2
2025-08-21 11:55:17.712,-394056,-425628,-444160,-432108,2,2,2,2
2025-08-21 11:55:17.713,-394023,-425627,-444156,-432102,2,2,2,2
2025-08-21 11:55:17.713,-394014,-425623,-427767,-432093,2,2,2,2
2025-08-21 11:55:17.713,-394081,-425626,-427772,-432095,2,2,2,2
2025-08-21 11:55:17.713,-394081,-425627,-427775,-432031,2,2,2,2
2025-08-21 11:55:17.714,-394005,-425614,-427759,-432016,2,2,2,2
2025-08-21 11:55:17.714,-393995,-409219,-427748,-440195,2,2,2,2
2025-08-21 11:55:17.714,-394223,-425572,-427655,-431909,2,2,2,2
2025-08-21 11:55:17.715,-394233,-425578,-427658,-431915,2,2,2,2
2025-08-21 11:55:17.715,-394230,-425511,-427656,-448331,2,2,2,2
2025-08-21 11:55:17.715,-394221,-425500,-427646,-448322,2,2,2,2
2025-08-21 11:55:17.715,-394207,-425493,-443984,-431893,2,2,2,2
2025-08-21 11:55:17.716,-394209,-425490,-443984,-431891,2,2,2,2
2025-08-21 11:55:17.716,-394218,-425496,-427576,-431901,2,2,2,2
2025-08-21 11:55:17.716,-394188,-425498,-427642,-431900,2,2,2,2
2025-08-21 11:55:17.716,-394221,-425501,-427644,-448353,2,2,2,2
2025-08-21 11:55:17.717,-394225,-425509,-427647,-448325,2,2,2,2
2025-08-21 11:55:17.717,-394223,-409158,-427650,-440166,2,2,2,2
2025-08-21 11:55:17.717,-394222,-425571,-444100,-431975,2,2,2,2
2025-08-21 11:55:17.717,-393986,-409144,-427673,-448379,2,2,2,2
2025-08-21 11:55:17.718,-393992,-425599,-444062,-432003,2,2,2,2
2025-08-21 11:55:17.718,-393998,-425608,-444099,-432009,2,2,2,2
2025-08-21 11:55:17.718,-394012,-425688,-427759,-448471,2,2,2,2
2025-08-21 11:55:17.718,-394006,-425618,-444137,-432016,2,2,2,2
2025-08-21 11:55:17.719,-393990,-409216,-427675,-448382,2,2,2,2
2025-08-21 11:55:17.719,-394001,-425609,-427751,-432011,2,2,2,2
2025-08-21 11:55:17.719,-394016,-425621,-427766,-432026,2,2,2,2
2025-08-21 11:55:17.720,-394106,-425717,-427535,-432115,2,2,2,2
2025-08-21 11:55:17.720,-394120,-425733,-427549,-448514,2,2,2,2
2025-08-21 11:55:17.720,-394162,-425740,-427622,-432140,2,2,2,2
2025-08-21 11:55:17.720,-394188,-425732,-443935,-432135,2,2,2,2
2025-08-21 11:55:17.721,-394113,-425719,-427540,-432121,2,2,2,2
2025-08-21 11:55:17.721,-394021,-425625,-444148,-432027,2,2,2,2
2025-08-21 11:55:17.721,-393999,-425608,-427745,-432005,2,2,2,2
2025-08-21 11:55:17.722,-393995,-425671,-427677,-448388,2,2,2,2
2025-08-21 11:55:17.722,-393989,-409214,-427667,-440186,2,2,2,2
2025-08-21 11:55:17.722,-394235,-425584,-444037,-431980,2,2,2,2
2025-08-21 11:55:17.722,-394235,-409167,-427653,-440169,2,2,2,2
2025-08-21 11:55:17.723,-394236,-425584,-427714,-431976,2,2,2,2
2025-08-21 11:55:17.723,-394240,-425525,-427652,-448335,2,2,2,2
2025-08-21 11:55:17.723,-394001,-425607,-444049,-432001,2,2,2,2
2025-08-21 11:55:17.723,-394017,-425621,-444095,-432014,2,2,2,2
2025-08-21 11:55:17.724,-394089,-409274,-427751,-440218,2,2,2,2
2025-08-21 11:55:17.724,-394087,-425690,-427755,-448444,2,2,2,2
2025-08-21 11:55:17.724,-394009,-425613,-427743,-432017,2,2,2,2
2025-08-21 11:55:17.724,-393990,-425595,-427726,-432000,2,2,2,2
2025-08-21 11:55:17.725,-394239,-425523,-427653,-448312,2,2,2,2
2025-08-21 11:55:17.725,-393999,-409219,-427666,-448393,2,2,2,2
2025-08-21 11:55:17.725,-394011,-409229,-427679,-448407,2,2,2,2
2025-08-21 11:55:17.725,-394043,-425610,-427678,-432086,2,2,2,2
2025-08-21 11:55:17.726,-394012,-425613,-427743,-432023,2,2,2,2
2025-08-21 11:55:17.726,-394086,-425623,-427755,-432100,2,2,2,2
2025-08-21 11:55:17.726,-394035,-425700,-444149,-432111,2,2,2,2
2025-08-21 11:55:17.726,-394040,-425704,-444151,-432116,2,2,2,2
2025-08-21 11:55:17.727,-394110,-409330,-427522,-448508,2,2,2,2
2025-08-21 11:55:17.727,-394048,-425711,-443912,-432122,2,2,2,2
2025-08-21 11:55:17.727,-394120,-409335,-427536,-440322,2,2,2,2
2025-08-21 11:55:17.728,-394121,-425722,-427533,-432131,2,2,2,2
2025-08-21 11:55:17.728,-394125,-425727,-427538,-448519,2,2,2,2
2025-08-21 11:55:17.728,-394119,-425723,-427535,-448520,2,2,2,2
2025-08-21 11:55:17.728,-394037,-425712,-443909,-432125,2,2,2,2
2025-08-21 11:55:17.729,-394098,-425710,-427527,-432119,2,2,2,2
2025-08-21 11:55:17.729,-394087,-425632,-427770,-432107,2,2,2,2
2025-08-21 11:55:17.729,-394092,-425704,-427775,-432110,2,2,2,2
2025-08-21 11:55:17.730,-394086,-425695,-427768,-448456,2,2,2,2
2025-08-21 11:55:17.730,-394012,-409235,-427755,-440219,2,2,2,2
2025-08-21 11:55:17.730,-394003,-409227,-427680,-440208,2,2,2,2
2025-08-21 11:55:17.730,-393991,-425601,-427669,-432073,2,2,2,2
2025-08-21 11:55:17.731,-394236,-425586,-427721,-431998,2,2,2,2
2025-08-21 11:55:17.731,-394209,-425493,-427631,-448289,2,2,2,2
2025-08-21 11:55:17.731,-394131,-425476,-427617,-448267,2,2,2,2
2025-08-21 11:55:17.731,-394183,-425720,-443959,-432127,2,2,2,2
2025-08-21 11:55:17.732,-394109,-409292,-427531,-440311,2,2,2,2
2025-08-21 11:55:17.732,-394107,-425709,-427532,-432119,2,2,2,2
2025-08-21 11:55:17.732,-394032,-425697,-443902,-432110,2,2,2,2
2025-08-21 11:55:17.732,-394100,-425704,-427523,-448499,2,2,2,2
2025-08-21 11:55:17.733,-394092,-425696,-427516,-432108,2,2,2,2
2025-08-21 11:55:17.733,-394016,-409299,-427500,-448416,2,2,2,2
2025-08-21 11:55:17.733,-394008,-409287,-427489,-448403,2,2,2,2
2025-08-21 11:55:17.733,-394062,-425629,-443895,-432104,2,2,2,2
2025-08-21 11:55:17.734,-394181,-425719,-427539,-431874,2,2,2,2
2025-08-21 11:55:17.734,-394140,-425490,-427627,-431898,2,2,2,2
2025-08-21 11:55:17.734,-394217,-425569,-427575,-431972,2,2,2,2
2025-08-21 11:55:17.735,-394218,-425505,-427638,-448353,2,2,2,2
2025-08-21 11:55:17.735,-394209,-425498,-427625,-431900,2,2,2,2
2025-08-21 11:55:17.736,-394215,-425502,-427567,-431969,2,2,2,2
2025-08-21 11:55:17.736,-394223,-425509,-427642,-448329,2,2,2,2
2025-08-21 11:55:17.736,-394231,-425516,-427649,-448335,2,2,2,2
2025-08-21 11:55:17.736,-394222,-425571,-444025,-431974,2,2,2,2
2025-08-21 11:55:17.737,-394193,-425483,-443966,-431887,2,2,2,2
2025-08-21 11:55:17.737,-394104,-425717,-427529,-432118,2,2,2,2
2025-08-21 11:55:17.737,-394090,-425699,-427511,-432099,2,2,2,2
2025-08-21 11:55:17.737,-394085,-425694,-427512,-448482,2,2,2,2
2025-08-21 11:55:17.738,-394013,-425685,-427504,-448441,2,2,2,2
2025-08-21 11:55:17.738,-394086,-409279,-427509,-440289,2,2,2,2
2025-08-21 11:55:17.738,-394086,-409284,-427513,-440290,2,2,2,2
2025-08-21 11:55:17.738,-394110,-425724,-427541,-432124,2,2,2,2
2025-08-21 11:55:17.739,-394128,-425486,-427556,-431884,2,2,2,2
2025-08-21 11:55:17.739,-394204,-425496,-443979,-431898,2,2,2,2
2025-08-21 11:55:17.739,-394218,-425508,-427639,-448296,2,2,2,2
2025-08-21 11:55:17.739,-394223,-409193,-427643,-440168,2,2,2,2
2025-08-21 11:55:17.740,-394226,-409165,-427650,-448364,2,2,2,2
2025-08-21 11:55:17.740,-394229,-425581,-427714,-431987,2,2,2,2
2025-08-21 11:55:17.740,-394226,-425572,-427582,-431977,2,2,2,2
2025-08-21 11:55:17.740,-394221,-425504,-427642,-448291,2,2,2,2
2025-08-21 11:55:17.741,-394133,-425482,-427620,-431889,2,2,2,2
2025-08-21 11:55:17.741,-394115,-425721,-427539,-432127,2,2,2,2
2025-08-21 11:55:17.741,-394099,-409317,-427520,-448493,2,2,2,2
2025-08-21 11:55:17.741,-394026,-425628,-443892,-432097,2,2,2,2
2025-08-21 11:55:17.742,-394031,-425702,-443895,-432106,2,2,2,2
2025-08-21 11:55:17.742,-394024,-425699,-443892,-432104,2,2,2,2
2025-08-21 11:55:17.742,-394088,-409317,-427511,-448492,2,2,2,2
2025-08-21 11:55:17.743,-394012,-425688,-427502,-448451,2,2,2,2
2025-08-21 11:55:17.743,-394007,-409236,-427501,-432031,2,2,2,2
2025-08-21 11:55:17.743,-394008,-425615,-427491,-432087,2,2,2,2
2025-08-21 11:55:17.744,-394084,-425623,-427501,-432032,2,2,2,2
2025-08-21 11:55:17.744,-394028,-425628,-443892,-432105,2,2,2,2
2025-08-21 11:55:17.744,-394083,-425681,-427498,-448445,2,2,2,2
2025-08-21 11:55:17.745,-394013,-409267,-427499,-440222,2,2,2,2
2025-08-21 11:55:17.745,-394013,-425624,-427503,-432032,2,2,2,2
2025-08-21 11:55:17.745,-394010,-425624,-427503,-432030,2,2,2,2
2025-08-21 11:55:17.746,-394014,-425696,-427506,-448453,2,2,2,2
2025-08-21 11:55:17.746,-394090,-425708,-427519,-448499,2,2,2,2
2025-08-21 11:55:17.746,-394089,-425705,-427513,-432112,2,2,2,2
2025-08-21 11:55:17.746,-394015,-425632,-427502,-432100,2,2,2,2
2025-08-21 11:55:17.746,-394055,-425704,-427506,-432107,2,2,2,2
2025-08-21 11:55:17.747,-394085,-425705,-427506,-432106,2,2,2,2
2025-08-21 11:55:17.747,-394005,-425626,-443841,-432028,2,2,2,2
2025-08-21 11:55:17.747,-393999,-425618,-443832,-432018,2,2,2,2
2025-08-21 11:55:17.747,-393980,-409215,-427398,-440190,2,2,2,2
2025-08-21 11:55:17.748,-393981,-409150,-427395,-448379,2,2,2,2
2025-08-21 11:55:17.748,-393979,-425533,-427391,-448379,2,2,2,2
2025-08-21 11:55:17.748,-393985,-425666,-427396,-448319,2,2,2,2
2025-08-21 11:55:17.749,-393994,-425612,-443854,-432008,2,2,2,2
2025-08-21 11:55:17.749,-393996,-425608,-443792,-432067,2,2,2,2
2025-08-21 11:55:17.749,-394001,-425677,-427412,-448395,2,2,2,2
2025-08-21 11:55:17.749,-394005,-425616,-443798,-432020,2,2,2,2
2025-08-21 11:55:17.750,-393992,-425602,-427462,-432014,2,2,2,2
2025-08-21 11:55:17.750,-393979,-409209,-427389,-440194,2,2,2,2
2025-08-21 11:55:17.750,-393970,-409137,-427380,-448377,2,2,2,2
2025-08-21 11:55:17.751,-393960,-425575,-443757,-431984,2,2,2,2
2025-08-21 11:55:17.751,-393957,-409190,-427366,-440171,2,2,2,2
2025-08-21 11:55:17.751,-393961,-425519,-427370,-431922,2,2,2,2
2025-08-21 11:55:17.751,-393958,-425578,-427370,-431921,2,2,2,2
2025-08-21 11:55:17.752,-393957,-425575,-427306,-431984,2,2,2,2
2025-08-21 11:55:17.752,-393972,-425588,-443763,-431995,2,2,2,2
2025-08-21 11:55:17.752,-393980,-425596,-443772,-432002,2,2,2,2
2025-08-21 11:55:17.752,-394000,-409233,-427409,-432024,2,2,2,2
2025-08-21 11:55:17.753,-394002,-425619,-427413,-432091,2,2,2,2
2025-08-21 11:55:17.753,-393992,-425615,-427468,-432022,2,2,2,2
2025-08-21 11:55:17.753,-393981,-425670,-427393,-448394,2,2,2,2
2025-08-21 11:55:17.754,-393976,-425536,-427392,-448394,2,2,2,2
2025-08-21 11:55:17.754,-393968,-425592,-443763,-432003,2,2,2,2
2025-08-21 11:55:17.754,-393963,-409206,-427377,-440190,2,2,2,2
2025-08-21 11:55:17.754,-393964,-425588,-427314,-431998,2,2,2,2
2025-08-21 11:55:17.755,-393978,-425602,-427457,-432009,2,2,2,2
2025-08-21 11:55:17.755,-393998,-425681,-427416,-448442,2,2,2,2
2025-08-21 11:55:17.755,-394004,-425622,-443873,-432031,2,2,2,2
2025-08-21 11:55:17.756,-394006,-425623,-443841,-432103,2,2,2,2
2025-08-21 11:55:17.756,-394092,-409295,-427512,-448509,2,2,2,2
2025-08-21 11:55:17.756,-394110,-425475,-427530,-431887,2,2,2,2
2025-08-21 11:55:17.757,-394098,-425723,-427518,-448259,2,2,2,2
2025-08-21 11:55:17.757,-394111,-425479,-427529,-448270,2,2,2,2
2025-08-21 11:55:17.757,-394201,-425499,-443971,-431973,2,2,2,2
2025-08-21 11:55:17.758,-394221,-409164,-427639,-440185,2,2,2,2
2025-08-21 11:55:17.758,-394215,-425575,-444020,-431989,2,2,2,2
2025-08-21 11:55:17.759,-394179,-425572,-444017,-431985,2,2,2,2
2025-08-21 11:55:17.759,-394212,-425508,-427640,-431924,2,2,2,2
2025-08-21 11:55:17.759,-394212,-409125,-427641,-448371,2,2,2,2
2025-08-21 11:55:17.760,-394141,-425569,-427573,-431981,2,2,2,2
2025-08-21 11:55:17.760,-394179,-425573,-444024,-431923,2,2,2,2
2025-08-21 11:55:17.760,-394129,-425492,-427559,-431904,2,2,2,2
2025-08-21 11:55:17.760,-394119,-425483,-427546,-431895,2,2,2,2
2025-08-21 11:55:17.761,-394110,-425726,-427536,-431881,2,2,2,2
2025-08-21 11:55:17.761,-394033,-425712,-427527,-432127,2,2,2,2
2025-08-21 11:55:17.761,-394013,-409305,-427502,-448485,2,2,2,2
2025-08-21 11:55:17.762,-394014,-425626,-443852,-432100,2,2,2,2
2025-08-21 11:55:17.762,-394081,-409240,-427499,-440291,2,2,2,2
2025-08-21 11:55:17.762,-394090,-425632,-427503,-432104,2,2,2,2
2025-08-21 11:55:17.763,-394015,-425686,-427494,-448446,2,2,2,2
2025-08-21 11:55:17.763,-393988,-425667,-427406,-448388,2,2,2,2
2025-08-21 11:55:17.763,-393982,-425598,-443788,-432001,2,2,2,2
2025-08-21 11:55:17.763,-393980,-409210,-427405,-432002,2,2,2,2
2025-08-21 11:55:17.764,-393971,-425581,-427459,-431992,2,2,2,2
2025-08-21 11:55:17.764,-393935,-425581,-427392,-431929,2,2,2,2
2025-08-21 11:55:17.764,-393969,-425518,-427391,-448379,2,2,2,2
2025-08-21 11:55:17.765,-393967,-425514,-427388,-448373,2,2,2,2
2025-08-21 11:55:17.765,-393969,-409166,-427388,-440184,2,2,2,2
2025-08-21 11:55:17.765,-393983,-409207,-427401,-440198,2,2,2,2
2025-08-21 11:55:17.765,-393987,-425601,-427406,-432076,2,2,2,2
2025-08-21 11:55:17.766,-393984,-425598,-427466,-432003,2,2,2,2
2025-08-21 11:55:17.766,-393976,-425588,-443777,-431996,2,2,2,2
2025-08-21 11:55:17.767,-393962,-425510,-427379,-448302,2,2,2,2
2025-08-21 11:55:17.767,-393888,-409119,-427371,-440167,2,2,2,2
2025-08-21 11:55:17.767,-393880,-409146,-427366,-448357,2,2,2,2
2025-08-21 11:55:17.768,-393871,-425496,-427299,-431974,2,2,2,2
2025-08-21 11:55:17.768,-393880,-425570,-427313,-431985,2,2,2,2
2025-08-21 11:55:17.768,-393953,-425514,-427387,-448379,2,2,2,2
2025-08-21 11:55:17.769,-393962,-425524,-427400,-432071,2,2,2,2
2025-08-21 11:55:17.769,-393936,-425596,-427406,-432077,2,2,2,2
2025-08-21 11:55:17.769,-393935,-425595,-427405,-432077,2,2,2,2
2025-08-21 11:55:17.769,-393967,-425589,-427462,-432010,2,2,2,2
2025-08-21 11:55:17.770,-393974,-425592,-443848,-432013,2,2,2,2
2025-08-21 11:55:17.770,-393987,-425602,-443858,-432024,2,2,2,2
2025-08-21 11:55:17.770,-393996,-409229,-427419,-448415,2,2,2,2
2025-08-21 11:55:17.770,-393986,-425669,-427410,-448404,2,2,2,2
2025-08-21 11:55:17.771,-393984,-425671,-427413,-448467,2,2,2,2
2025-08-21 11:55:17.771,-393977,-425603,-427412,-432085,2,2,2,2
2025-08-21 11:55:17.771,-393971,-425601,-427469,-432019,2,2,2,2
2025-08-21 11:55:17.772,-393962,-425595,-443779,-432007,2,2,2,2
2025-08-21 11:55:17.772,-393947,-425582,-443762,-431993,2,2,2,2
2025-08-21 11:55:17.772,-393870,-409115,-427295,-440162,2,2,2,2
2025-08-21 11:55:17.772,-393857,-409104,-427281,-448277,2,2,2,2
2025-08-21 11:55:17.772,-393854,-409101,-427275,-448277,2,2,2,2
2025-08-21 11:55:17.773,-393845,-425475,-427265,-448266,2,2,2,2
2025-08-21 11:55:17.773,-393773,-425470,-443903,-431877,2,2,2,2
2025-08-21 11:55:17.773,-393846,-425482,-427277,-431888,2,2,2,2
2025-08-21 11:55:17.773,-393850,-425486,-427282,-431891,2,2,2,2
2025-08-21 11:55:17.774,-393860,-425495,-427290,-431901,2,2,2,2
2025-08-21 11:55:17.774,-393857,-425492,-427287,-431898,2,2,2,2
2025-08-21 11:55:17.774,-393827,-409075,-427510,-440059,2,2,2,2
2025-08-21 11:55:17.774,-393828,-425465,-427516,-431870,2,2,2,2
2025-08-21 11:55:17.775,-393835,-425471,-427266,-448258,2,2,2,2
2025-08-21 11:55:17.775,-393840,-425474,-427274,-448260,2,2,2,2
2025-08-21 11:55:17.775,-393791,-425483,-443666,-431890,2,2,2,2
2025-08-21 11:55:17.775,-393877,-425498,-427364,-448356,2,2,2,2
2025-08-21 11:55:17.776,-393957,-425571,-427309,-431983,2,2,2,2
2025-08-21 11:55:17.776,-393965,-425580,-427317,-431995,2,2,2,2
2025-08-21 11:55:17.776,-393963,-425515,-427376,-448378,2,2,2,2
2025-08-21 11:55:17.776,-393883,-409152,-427364,-440169,2,2,2,2
2025-08-21 11:55:17.776,-393862,-409102,-427282,-440083,2,2,2,2
2025-08-21 11:55:17.777,-393850,-409085,-427270,-448264,2,2,2,2
2025-08-21 11:55:17.777,-393804,-425454,-443895,-431863,2,2,2,2
2025-08-21 11:55:17.777,-393828,-425444,-427503,-431854,2,2,2,2
2025-08-21 11:55:17.777,-393825,-425441,-427501,-431850,2,2,2,2
2025-08-21 11:55:17.777,-393744,-425362,-443874,-431774,2,2,2,2
2025-08-21 11:55:17.778,-393731,-408969,-427417,-448152,2,2,2,2
2025-08-21 11:55:17.778,-393978,-425342,-443789,-431758,2,2,2,2
2025-08-21 11:55:17.778,-393965,-425333,-427463,-431746,2,2,2,2
2025-08-21 11:55:17.778,-393967,-425342,-427409,-431820,2,2,2,2
2025-08-21 11:55:17.778,-393975,-425415,-427414,-448149,2,2,2,2
2025-08-21 11:55:17.779,-393732,-425423,-427424,-448159,2,2,2,2
2025-08-21 11:55:17.779,-393731,-425418,-427416,-448187,2,2,2,2
2025-08-21 11:55:17.779,-393740,-425363,-443839,-431841,2,2,2,2
2025-08-21 11:55:17.779,-393753,-425374,-427495,-431851,2,2,2,2
2025-08-21 11:55:17.779,-393759,-425441,-443879,-431849,2,2,2,2
2025-08-21 11:55:17.780,-393827,-425442,-427498,-431850,2,2,2,2
2025-08-21 11:55:17.780,-393827,-425442,-427497,-448202,2,2,2,2
2025-08-21 11:55:17.780,-393764,-425443,-443849,-431852,2,2,2,2
2025-08-21 11:55:17.780,-393835,-409071,-427508,-440052,2,2,2,2
2025-08-21 11:55:17.780,-393832,-409073,-427509,-440051,2,2,2,2
2025-08-21 11:55:17.781,-393804,-425462,-427511,-431863,2,2,2,2
2025-08-21 11:55:17.781,-393836,-425467,-427515,-448248,2,2,2,2
2025-08-21 11:55:17.782,-393875,-425502,-427361,-431906,2,2,2,2
2025-08-21 11:55:17.782,-393881,-409154,-427365,-440168,2,2,2,2
2025-08-21 11:55:17.782,-393969,-425596,-443773,-431999,2,2,2,2
2025-08-21 11:55:17.782,-393989,-425614,-443791,-432018,2,2,2,2
2025-08-21 11:55:17.783,-393998,-425687,-427417,-448472,2,2,2,2
2025-08-21 11:55:17.783,-393996,-425625,-427482,-432028,2,2,2,2
2025-08-21 11:55:17.783,-393991,-425619,-427479,-432028,2,2,2,2
2025-08-21 11:55:17.784,-393998,-425689,-427420,-448483,2,2,2,2
2025-08-21 11:55:17.784,-394002,-425627,-443808,-432105,2,2,2,2
2025-08-21 11:55:17.784,-393995,-409269,-427418,-440290,2,2,2,2
2025-08-21 11:55:17.784,-393976,-425605,-427398,-432081,2,2,2,2
2025-08-21 11:55:17.784,-393975,-425605,-427461,-432017,2,2,2,2
2025-08-21 11:55:17.785,-393980,-409292,-427407,-448405,2,2,2,2
2025-08-21 11:55:17.785,-393980,-425607,-443789,-432016,2,2,2,2
2025-08-21 11:55:17.785,-393980,-425605,-443785,-432015,2,2,2,2
2025-08-21 11:55:17.786,-393974,-409216,-427397,-440201,2,2,2,2
2025-08-21 11:55:17.786,-393961,-425586,-427382,-431932,2,2,2,2
2025-08-21 11:55:17.786,-393888,-425511,-427372,-448336,2,2,2,2
2025-08-21 11:55:17.786,-393876,-425502,-427298,-431970,2,2,2,2
2025-08-21 11:55:17.787,-393871,-425503,-427361,-448322,2,2,2,2
2025-08-21 11:55:17.787,-393974,-425606,-427396,-432071,2,2,2,2
2025-08-21 11:55:17.787,-393977,-425611,-427397,-432075,2,2,2,2
2025-08-21 11:55:17.787,-393971,-425607,-427326,-432005,2,2,2,2
2025-08-21 11:55:17.788,-393964,-425532,-427379,-448381,2,2,2,2
2025-08-21 11:55:17.788,-393888,-409167,-427364,-440180,2,2,2,2
2025-08-21 11:55:17.788,-393949,-425580,-443677,-431984,2,2,2,2
2025-08-21 11:55:17.789,-393955,-409204,-427367,-448377,2,2,2,2
2025-08-21 11:55:17.789,-393920,-425582,-427365,-431926,2,2,2,2
2025-08-21 11:55:17.789,-393864,-425498,-427284,-448290,2,2,2,2
2025-08-21 11:55:17.789,-393835,-425469,-427511,-448261,2,2,2,2
2025-08-21 11:55:17.790,-393755,-425455,-443848,-431864,2,2,2,2
2025-08-21 11:55:17.790,-393754,-409039,-427494,-440053,2,2,2,2
2025-08-21 11:55:17.790,-393753,-425452,-427490,-431858,2,2,2,2
2025-08-21 11:55:17.790,-393980,-425357,-443780,-431763,2,2,2,2
2025-08-21 11:55:17.791,-393979,-425416,-427395,-431825,2,2,2,2
2025-08-21 11:55:17.791,-393974,-409030,-427387,-448142,2,2,2,2
2025-08-21 11:55:17.791,-393962,-408893,-427377,-448131,2,2,2,2
2025-08-21 11:55:17.792,-393933,-425342,-443760,-431747,2,2,2,2
2025-08-21 11:55:17.792,-393948,-425329,-443748,-431737,2,2,2,2
2025-08-21 11:55:17.792,-393932,-425247,-443672,-431723,2,2,2,2
2025-08-21 11:55:17.792,-393864,-425248,-427289,-431659,2,2,2,2
2025-08-21 11:55:17.793,-393862,-425313,-427289,-431721,2,2,2,2
2025-08-21 11:55:17.793,-393868,-425255,-427362,-448112,2,2,2,2
2025-08-21 11:55:17.794,-393860,-425314,-427291,-431658,2,2,2,2
2025-08-21 11:55:17.794,-393851,-425241,-427283,-431651,2,2,2,2
2025-08-21 11:55:17.794,-393790,-425244,-443671,-431720,2,2,2,2
2025-08-21 11:55:17.794,-393860,-425248,-427288,-448073,2,2,2,2
2025-08-21 11:55:17.795,-393924,-425246,-443702,-431720,2,2,2,2
2025-08-21 11:55:17.795,-393927,-425245,-443702,-431719,2,2,2,2
2025-08-21 11:55:17.795,-393845,-425230,-427272,-431638,2,2,2,2
2025-08-21 11:55:17.795,-393833,-425219,-427254,-431622,2,2,2,2
2025-08-21 11:55:17.796,-393837,-425222,-427259,-448010,2,2,2,2
2025-08-21 11:55:17.796,-393831,-425220,-427255,-448007,2,2,2,2
2025-08-21 11:55:17.796,-393753,-409083,-427242,-440056,2,2,2,2
2025-08-21 11:55:17.796,-393738,-409032,-427161,-440041,2,2,2,2
2025-08-21 11:55:17.797,-393731,-425374,-427151,-431842,2,2,2,2
2025-08-21 11:55:17.797,-393734,-425375,-443540,-431848,2,2,2,2
2025-08-21 11:55:17.797,-393740,-425446,-443581,-431855,2,2,2,2
2025-08-21 11:55:17.797,-393738,-425443,-443581,-431853,2,2,2,2
2025-08-21 11:55:17.798,-393745,-409067,-427238,-440053,2,2,2,2
2025-08-21 11:55:17.798,-393758,-409079,-427247,-448252,2,2,2,2
2025-08-21 11:55:17.798,-393854,-425242,-427278,-431644,2,2,2,2
2025-08-21 11:55:17.799,-393852,-425238,-427277,-448025,2,2,2,2
2025-08-21 11:55:17.799,-393854,-425239,-427285,-431646,2,2,2,2
2025-08-21 11:55:17.799,-393862,-425247,-427361,-431658,2,2,2,2
2025-08-21 11:55:17.799,-393913,-425329,-427377,-431674,2,2,2,2
2025-08-21 11:55:17.800,-393967,-425348,-427328,-431754,2,2,2,2
2025-08-21 11:55:17.800,-393982,-425370,-427476,-431774,2,2,2,2
2025-08-21 11:55:17.800,-393737,-425442,-443871,-431849,2,2,2,2
2025-08-21 11:55:17.801,-393756,-409077,-427508,-448249,2,2,2,2
2025-08-21 11:55:17.801,-393839,-425481,-427275,-448270,2,2,2,2
2025-08-21 11:55:17.801,-393847,-425491,-427286,-431898,2,2,2,2
2025-08-21 11:55:17.801,-393850,-409113,-427289,-431972,2,2,2,2
2025-08-21 11:55:17.802,-393855,-409149,-427296,-440171,2,2,2,2
2025-08-21 11:55:17.802,-393853,-425503,-427298,-431978,2,2,2,2
2025-08-21 11:55:17.802,-393926,-425579,-443753,-431984,2,2,2,2
2025-08-21 11:55:17.802,-393934,-425583,-443758,-431988,2,2,2,2
2025-08-21 11:55:17.803,-393933,-425579,-443723,-431984,2,2,2,2
2025-08-21 11:55:17.803,-393871,-409164,-427372,-440179,2,2,2,2
2025-08-21 11:55:17.803,-393883,-425591,-427318,-431998,2,2,2,2
2025-08-21 11:55:17.803,-393885,-425595,-427319,-432000,2,2,2,2
2025-08-21 11:55:17.804,-393882,-425592,-427315,-431996,2,2,2,2
2025-08-21 11:55:17.804,-393878,-425524,-427377,-448314,2,2,2,2
2025-08-21 11:55:17.804,-393871,-409168,-427372,-448374,2,2,2,2
2025-08-21 11:55:17.804,-393872,-425588,-427377,-431931,2,2,2,2
2025-08-21 11:55:17.805,-393910,-425595,-427383,-431936,2,2,2,2
2025-08-21 11:55:17.805,-393887,-425604,-427458,-432007,2,2,2,2
2025-08-21 11:55:17.805,-393953,-425603,-443777,-432003,2,2,2,2
2025-08-21 11:55:17.805,-393953,-425602,-443777,-432003,2,2,2,2
2025-08-21 11:55:17.806,-393978,-425621,-427476,-432020,2,2,2,2
2025-08-21 11:55:17.806,-393982,-409308,-427420,-448408,2,2,2,2
2025-08-21 11:55:17.806,-393973,-425622,-443794,-432025,2,2,2,2
2025-08-21 11:55:17.807,-393976,-409240,-427412,-440223,2,2,2,2
2025-08-21 11:55:17.807,-393972,-425620,-427411,-432091,2,2,2,2
2025-08-21 11:55:17.807,-393954,-425669,-427391,-448390,2,2,2,2
2025-08-21 11:55:17.807,-393869,-425582,-443750,-431917,2,2,2,2
2025-08-21 11:55:17.808,-393925,-425574,-443674,-431970,2,2,2,2
2025-08-21 11:55:17.808,-393853,-425499,-427292,-431902,2,2,2,2
2025-08-21 11:55:17.808,-393863,-425575,-427364,-431914,2,2,2,2
2025-08-21 11:55:17.809,-393869,-425581,-427305,-431985,2,2,2,2
2025-08-21 11:55:17.809,-393861,-425508,-427361,-448329,2,2,2,2
2025-08-21 11:55:17.809,-393846,-409105,-427277,-440085,2,2,2,2
2025-08-21 11:55:17.810,-393755,-425461,-427501,-431863,2,2,2,2
2025-08-21 11:55:17.810,-393743,-425449,-427489,-431848,2,2,2,2
2025-08-21 11:55:17.811,-393746,-425456,-427491,-431855,2,2,2,2
2025-08-21 11:55:17.811,-393750,-425461,-427494,-448245,2,2,2,2
2025-08-21 11:55:17.811,-393732,-425442,-427417,-448232,2,2,2,2
2025-08-21 11:55:17.812,-393974,-425363,-443789,-431772,2,2,2,2
2025-08-21 11:55:17.812,-393962,-408966,-427390,-439949,2,2,2,2
2025-08-21 11:55:17.813,-393968,-425352,-427461,-431761,2,2,2,2
2025-08-21 11:55:17.813,-393971,-425358,-443788,-431768,2,2,2,2
2025-08-21 11:55:17.813,-393976,-425364,-443827,-431772,2,2,2,2
2025-08-21 11:55:17.814,-393975,-409041,-427408,-448151,2,2,2,2
2025-08-21 11:55:17.814,-393977,-425364,-427412,-431830,2,2,2,2
2025-08-21 11:55:17.814,-393981,-425363,-443798,-431831,2,2,2,2
2025-08-21 11:55:17.815,-393982,-425369,-427419,-431833,2,2,2,2
2025-08-21 11:55:17.815,-393975,-425367,-427412,-431830,2,2,2,2
2025-08-21 11:55:17.815,-393971,-425360,-427467,-431763,2,2,2,2
2025-08-21 11:55:17.815,-393966,-425419,-427399,-448144,2,2,2,2
2025-08-21 11:55:17.816,-393869,-425320,-427367,-431660,2,2,2,2
2025-08-21 11:55:17.816,-393927,-425248,-427293,-431716,2,2,2,2
2025-08-21 11:55:17.816,-393868,-425246,-427292,-448069,2,2,2,2
2025-08-21 11:55:17.817,-393865,-425242,-427291,-448067,2,2,2,2
2025-08-21 11:55:17.817,-393923,-425239,-443669,-431647,2,2,2,2
2025-08-21 11:55:17.817,-393849,-408846,-427272,-439830,2,2,2,2
2025-08-21 11:55:17.817,-393835,-425472,-427260,-431623,2,2,2,2
2025-08-21 11:55:17.817,-393831,-425471,-427259,-431621,2,2,2,2
2025-08-21 11:55:17.818,-393844,-425229,-427271,-448019,2,2,2,2
2025-08-21 11:55:17.818,-393933,-425318,-443745,-431725,2,2,2,2
2025-08-21 11:55:17.818,-393965,-408964,-427391,-439945,2,2,2,2
2025-08-21 11:55:17.818,-393970,-408964,-427400,-439951,2,2,2,2
2025-08-21 11:55:17.818,-393731,-425360,-427410,-431836,2,2,2,2
2025-08-21 11:55:17.819,-393747,-425445,-427490,-431855,2,2,2,2
2025-08-21 11:55:17.819,-393754,-425455,-443853,-431865,2,2,2,2
2025-08-21 11:55:17.819,-393752,-425459,-427503,-448250,2,2,2,2
2025-08-21 11:55:17.819,-393776,-425482,-443650,-431883,2,2,2,2
2025-08-21 11:55:17.820,-393853,-409142,-427280,-448277,2,2,2,2
2025-08-21 11:55:17.820,-393846,-425487,-427269,-431890,2,2,2,2
2025-08-21 11:55:17.820,-393848,-425484,-427266,-431891,2,2,2,2
2025-08-21 11:55:17.820,-393854,-425493,-427275,-448284,2,2,2,2
2025-08-21 11:55:17.820,-393789,-425488,-443658,-431900,2,2,2,2
2025-08-21 11:55:17.821,-393863,-425500,-427283,-448361,2,2,2,2
2025-08-21 11:55:17.821,-393852,-409108,-427276,-448357,2,2,2,2
2025-08-21 11:55:17.821,-393764,-425470,-443894,-431886,2,2,2,2
2025-08-21 11:55:17.821,-393730,-425365,-443859,-431844,2,2,2,2
2025-08-21 11:55:17.822,-393962,-425342,-443704,-431754,2,2,2,2
2025-08-21 11:55:17.822,-393881,-408876,-427366,-448118,2,2,2,2
2025-08-21 11:55:17.822,-393859,-425236,-427280,-448062,2,2,2,2
2025-08-21 11:55:17.822,-393849,-408840,-427269,-431639,2,2,2,2
2025-08-21 11:55:17.823,-393826,-425460,-427252,-431621,2,2,2,2
2025-08-21 11:55:17.823,-393752,-425448,-427237,-431863,2,2,2,2
2025-08-21 11:55:17.823,-393737,-425372,-443544,-431844,2,2,2,2
2025-08-21 11:55:17.823,-393726,-425367,-443539,-431773,2,2,2,2
2025-08-21 11:55:17.824,-393758,-409079,-427250,-440063,2,2,2,2
2025-08-21 11:55:17.824,-393850,-425238,-427283,-448061,2,2,2,2
2025-08-21 11:55:17.824,-393869,-425324,-427302,-431728,2,2,2,2
2025-08-21 11:55:17.825,-393955,-425410,-427389,-448135,2,2,2,2
2025-08-21 11:55:17.825,-393978,-425435,-427414,-448225,2,2,2,2
2025-08-21 11:55:17.825,-393739,-409031,-427494,-448237,2,2,2,2
2025-08-21 11:55:17.825,-393746,-409040,-427500,-448244,2,2,2,2
2025-08-21 11:55:17.826,-393777,-425455,-427499,-431861,2,2,2,2
2025-08-21 11:55:17.826,-393743,-425455,-427496,-431858,2,2,2,2
2025-08-21 11:55:17.826,-393734,-425445,-443838,-431847,2,2,2,2
2025-08-21 11:55:17.826,-393974,-425373,-443830,-431773,2,2,2,2
2025-08-21 11:55:17.827,-393968,-409016,-427407,-439959,2,2,2,2
2025-08-21 11:55:17.827,-393958,-409034,-427396,-448140,2,2,2,2
2025-08-21 11:55:17.828,-393869,-425261,-427362,-448045,2,2,2,2
2025-08-21 11:55:17.828,-393871,-425326,-427363,-431663,2,2,2,2
2025-08-21 11:55:17.828,-393911,-425334,-443753,-431671,2,2,2,2
2025-08-21 11:55:17.828,-393922,-425347,-427379,-431680,2,2,2,2
2025-08-21 11:55:17.829,-393872,-425330,-427296,-431732,2,2,2,2
2025-08-21 11:55:17.829,-393792,-425244,-427284,-431717,2,2,2,2
2025-08-21 11:55:17.829,-393792,-425314,-427288,-431715,2,2,2,2
2025-08-21 11:55:17.830,-393870,-408882,-427363,-448112,2,2,2,2
2025-08-21 11:55:17.830,-393884,-425280,-427378,-448125,2,2,2,2
2025-08-21 11:55:17.830,-393965,-425421,-427399,-431824,2,2,2,2
2025-08-21 11:55:17.830,-393977,-408986,-427415,-439967,2,2,2,2
2025-08-21 11:55:17.831,-393736,-425452,-427492,-431857,2,2,2,2
2025-08-21 11:55:17.831,-393740,-425452,-427491,-431855,2,2,2,2
2025-08-21 11:55:17.831,-393975,-425366,-443787,-431768,2,2,2,2
2025-08-21 11:55:17.831,-393953,-425343,-443764,-431747,2,2,2,2
2025-08-21 11:55:17.832,-393945,-425332,-443724,-431739,2,2,2,2
2025-08-21 11:55:17.832,-393880,-408912,-427368,-439927,2,2,2,2
2025-08-21 11:55:17.832,-393968,-425348,-427324,-431755,2,2,2,2
2025-08-21 11:55:17.832,-393972,-425353,-427459,-431758,2,2,2,2
2025-08-21 11:55:17.833,-393976,-425426,-427402,-448182,2,2,2,2
2025-08-21 11:55:17.833,-393976,-425433,-427406,-431833,2,2,2,2
2025-08-21 11:55:17.833,-393969,-425368,-427402,-431835,2,2,2,2
2025-08-21 11:55:17.833,-393970,-425366,-427399,-431836,2,2,2,2
2025-08-21 11:55:17.834,-393977,-425371,-427471,-431841,2,2,2,2
2025-08-21 11:55:17.834,-393965,-425360,-427457,-431762,2,2,2,2
2025-08-21 11:55:17.834,-393958,-425352,-427325,-431754,2,2,2,2
2025-08-21 11:55:17.834,-393951,-425341,-443728,-431747,2,2,2,2
2025-08-21 11:55:17.835,-393879,-408945,-427368,-448125,2,2,2,2
2025-08-21 11:55:17.835,-393881,-425269,-427373,-448130,2,2,2,2
2025-08-21 11:55:17.835,-393868,-425258,-427364,-448120,2,2,2,2
2025-08-21 11:55:17.835,-393846,-425240,-427284,-448073,2,2,2,2
2025-08-21 11:55:17.836,-393851,-425243,-427288,-431660,2,2,2,2
2025-08-21 11:55:17.836,-393925,-425319,-427299,-431733,2,2,2,2
2025-08-21 11:55:17.836,-393789,-425313,-443680,-431730,2,2,2,2
2025-08-21 11:55:17.836,-393833,-425233,-427274,-448063,2,2,2,2
2025-08-21 11:55:17.837,-393764,-425224,-443657,-431644,2,2,2,2
2025-08-21 11:55:17.837,-393835,-408852,-427285,-439911,2,2,2,2
2025-08-21 11:55:17.837,-393851,-408902,-427364,-448119,2,2,2,2
2025-08-21 11:55:17.837,-393867,-425332,-427317,-431750,2,2,2,2
2025-08-21 11:55:17.838,-393884,-425352,-427462,-431767,2,2,2,2
2025-08-21 11:55:17.838,-393955,-425360,-443791,-431776,2,2,2,2
2025-08-21 11:55:17.838,-393967,-425369,-427419,-431848,2,2,2,2
2025-08-21 11:55:17.838,-393731,-409033,-427502,-440056,2,2,2,2
2025-08-21 11:55:17.839,-393739,-425453,-427508,-431871,2,2,2,2
2025-08-21 11:55:17.839,-393757,-425471,-427269,-431888,2,2,2,2
2025-08-21 11:55:17.839,-393845,-425498,-427295,-448299,2,2,2,2
2025-08-21 11:55:17.839,-393784,-425504,-443716,-431985,2,2,2,2
2025-08-21 11:55:17.840,-393763,-425486,-443661,-431896,2,2,2,2
2025-08-21 11:55:17.840,-393749,-409086,-427266,-448263,2,2,2,2
2025-08-21 11:55:17.840,-393760,-425476,-427277,-431888,2,2,2,2
2025-08-21 11:55:17.840,-393756,-425471,-427272,-448269,2,2,2,2
2025-08-21 11:55:17.841,-393755,-425466,-427266,-448263,2,2,2,2
2025-08-21 11:55:17.841,-393732,-425442,-443851,-431857,2,2,2,2
2025-08-21 11:55:17.841,-393976,-409047,-427422,-448233,2,2,2,2
2025-08-21 11:55:17.841,-393960,-409027,-427403,-448154,2,2,2,2
2025-08-21 11:55:17.842,-393872,-425324,-443762,-431750,2,2,2,2
2025-08-21 11:55:17.842,-393937,-425330,-443698,-431751,2,2,2,2
2025-08-21 11:55:17.842,-393941,-425335,-443698,-431748,2,2,2,2
2025-08-21 11:55:17.843,-393872,-408948,-427377,-448133,2,2,2,2
2025-08-21 11:55:17.843,-393908,-425335,-443769,-431822,2,2,2,2
2025-08-21 11:55:17.843,-393961,-425417,-427404,-448224,2,2,2,2
2025-08-21 11:55:17.844,-393963,-425351,-427409,-431840,2,2,2,2
2025-08-21 11:55:17.844,-393959,-425343,-427468,-431768,2,2,2,2
2025-08-21 11:55:17.844,-393887,-425269,-427393,-448141,2,2,2,2
2025-08-21 11:55:17.844,-393941,-425324,-443765,-431748,2,2,2,2
2025-08-21 11:55:17.845,-393943,-425325,-443764,-431750,2,2,2,2
2025-08-21 11:55:17.845,-393878,-408939,-427380,-439940,2,2,2,2
2025-08-21 11:55:17.845,-393870,-425320,-427312,-431741,2,2,2,2
2025-08-21 11:55:17.845,-393866,-425319,-427309,-431738,2,2,2,2
2025-08-21 11:55:17.846,-393857,-425255,-427365,-448118,2,2,2,2
2025-08-21 11:55:17.846,-393792,-425319,-443747,-431733,2,2,2,2
2025-08-21 11:55:17.846,-393875,-408950,-427382,-448136,2,2,2,2
2025-08-21 11:55:17.846,-393954,-408965,-427394,-439957,2,2,2,2
2025-08-21 11:55:17.847,-393979,-425368,-427419,-431852,2,2,2,2
2025-08-21 11:55:17.847,-393733,-425442,-427492,-431860,2,2,2,2
2025-08-21 11:55:17.847,-393737,-425446,-443852,-431864,2,2,2,2
2025-08-21 11:55:17.847,-393749,-425454,-443896,-431874,2,2,2,2
2025-08-21 11:55:17.848,-393768,-425473,-443659,-431893,2,2,2,2
2025-08-21 11:55:17.848,-393847,-425488,-427288,-431908,2,2,2,2
2025-08-21 11:55:17.849,-393829,-425476,-427269,-448282,2,2,2,2
2025-08-21 11:55:17.849,-393770,-425481,-443659,-431901,2,2,2,2
2025-08-21 11:55:17.849,-393844,-425487,-427280,-448288,2,2,2,2
2025-08-21 11:55:17.849,-393840,-425480,-427272,-448279,2,2,2,2
2025-08-21 11:55:17.850,-393753,-425458,-443888,-431869,2,2,2,2
2025-08-21 11:55:17.850,-393977,-425357,-427470,-431776,2,2,2,2
2025-08-21 11:55:17.850,-393963,-425343,-427457,-431766,2,2,2,2
2025-08-21 11:55:17.851,-393885,-408880,-427372,-448132,2,2,2,2
2025-08-21 11:55:17.851,-393925,-425243,-443671,-431727,2,2,2,2
2025-08-21 11:55:17.851,-393846,-408848,-427271,-439839,2,2,2,2
2025-08-21 11:55:17.851,-393844,-408849,-427274,-439837,2,2,2,2
2025-08-21 11:55:17.852,-393849,-425240,-427286,-431654,2,2,2,2
2025-08-21 11:55:17.852,-393860,-425248,-427299,-431731,2,2,2,2
2025-08-21 11:55:17.852,-393932,-425321,-443758,-431741,2,2,2,2
2025-08-21 11:55:17.852,-393873,-425260,-427379,-448131,2,2,2,2
2025-08-21 11:55:17.853,-393948,-425333,-443773,-431757,2,2,2,2
2025-08-21 11:55:17.853,-393887,-425338,-427388,-431827,2,2,2,2
2025-08-21 11:55:17.853,-393878,-425327,-427314,-431753,2,2,2,2
2025-08-21 11:55:17.853,-393864,-425248,-427304,-431741,2,2,2,2
2025-08-21 11:55:17.854,-393856,-425240,-427362,-448121,2,2,2,2
2025-08-21 11:55:17.854,-393927,-425247,-443722,-431743,2,2,2,2
2025-08-21 11:55:17.854,-393868,-408902,-427373,-439936,2,2,2,2
2025-08-21 11:55:17.854,-393871,-425323,-427374,-431679,2,2,2,2
2025-08-21 11:55:17.855,-393872,-425319,-427373,-431677,2,2,2,2
2025-08-21 11:55:17.855,-393869,-425314,-427306,-431738,2,2,2,2
2025-08-21 11:55:17.855,-393938,-425322,-443761,-431746,2,2,2,2
2025-08-21 11:55:17.855,-393880,-425327,-427382,-431817,2,2,2,2
2025-08-21 11:55:17.856,-393943,-425327,-427320,-431751,2,2,2,2
2025-08-21 11:55:17.856,-393884,-408886,-427391,-448137,2,2,2,2
2025-08-21 11:55:17.857,-393749,-425453,-427506,-431869,2,2,2,2
2025-08-21 11:55:17.857,-393757,-425461,-443900,-431878,2,2,2,2
2025-08-21 11:55:17.857,-393790,-425464,-443904,-431881,2,2,2,2
2025-08-21 11:55:17.857,-393826,-425469,-427265,-448271,2,2,2,2
2025-08-21 11:55:17.858,-393758,-409078,-427512,-431886,2,2,2,2
2025-08-21 11:55:17.858,-393829,-425469,-427518,-431892,2,2,2,2
2025-08-21 11:55:17.858,-393825,-425468,-427514,-431885,2,2,2,2
2025-08-21 11:55:17.859,-393826,-425468,-427514,-448267,2,2,2,2
2025-08-21 11:55:17.859,-393827,-425468,-427511,-448268,2,2,2,2
2025-08-21 11:55:17.859,-393836,-409093,-427265,-440083,2,2,2,2
2025-08-21 11:55:17.859,-393836,-409093,-427269,-440085,2,2,2,2
2025-08-21 11:55:17.860,-393830,-425468,-427520,-431884,2,2,2,2
2025-08-21 11:55:17.860,-393778,-425448,-443888,-431868,2,2,2,2
2025-08-21 11:55:17.860,-393730,-425370,-443842,-431855,2,2,2,2
2025-08-21 11:55:17.860,-393968,-425414,-427408,-448222,2,2,2,2
2025-08-21 11:55:17.861,-393965,-408966,-427408,-439962,2,2,2,2
2025-08-21 11:55:17.861,-393963,-408968,-427405,-448152,2,2,2,2
2025-08-21 11:55:17.861,-393961,-425353,-427467,-431768,2,2,2,2
2025-08-21 11:55:17.861,-393959,-425357,-427467,-431766,2,2,2,2
2025-08-21 11:55:17.862,-393964,-425425,-427407,-448189,2,2,2,2
2025-08-21 11:55:17.862,-393975,-425431,-427419,-431849,2,2,2,2
2025-08-21 11:55:17.862,-393974,-409053,-427489,-448237,2,2,2,2
2025-08-21 11:55:17.862,-393956,-409038,-427406,-448159,2,2,2,2
2025-08-21 11:55:17.863,-393906,-425336,-443769,-431752,2,2,2,2
2025-08-21 11:55:17.863,-393928,-425328,-443760,-431742,2,2,2,2
2025-08-21 11:55:17.863,-393792,-425316,-443683,-431730,2,2,2,2
2025-08-21 11:55:17.863,-393775,-425237,-443667,-431716,2,2,2,2
2025-08-21 11:55:17.864,-393833,-408848,-427275,-448030,2,2,2,2
2025-08-21 11:55:17.864,-393825,-425224,-427271,-448024,2,2,2,2
2025-08-21 11:55:17.864,-393757,-425472,-443650,-431632,2,2,2,2
2025-08-21 11:55:17.865,-393752,-425465,-427260,-431627,2,2,2,2
2025-08-21 11:55:17.865,-393752,-425464,-427258,-431630,2,2,2,2
2025-08-21 11:55:17.865,-393740,-425452,-443627,-431617,2,2,2,2
2025-08-21 11:55:17.865,-393742,-425453,-427240,-448001,2,2,2,2
2025-08-21 11:55:17.866,-393772,-425223,-443652,-431644,2,2,2,2
2025-08-21 11:55:17.866,-393829,-408838,-427265,-439830,2,2,2,2
2025-08-21 11:55:17.866,-393757,-425470,-427261,-431631,2,2,2,2
2025-08-21 11:55:17.866,-393759,-425472,-427263,-431631,2,2,2,2
2025-08-21 11:55:17.867,-393759,-425217,-427264,-448015,2,2,2,2
2025-08-21 11:55:17.867,-393751,-425463,-427260,-448007,2,2,2,2
2025-08-21 11:55:17.867,-393757,-425469,-443649,-431628,2,2,2,2
2025-08-21 11:55:17.867,-393843,-408848,-427284,-439837,2,2,2,2
2025-08-21 11:55:17.868,-393845,-425233,-427287,-431647,2,2,2,2
2025-08-21 11:55:17.868,-393783,-425234,-443674,-431714,2,2,2,2
2025-08-21 11:55:17.868,-393778,-425230,-443705,-431647,2,2,2,2
2025-08-21 11:55:17.869,-393838,-408842,-427285,-439835,2,2,2,2
2025-08-21 11:55:17.869,-393831,-408837,-427277,-448019,2,2,2,2
2025-08-21 11:55:17.869,-393806,-425226,-443667,-431640,2,2,2,2
2025-08-21 11:55:17.870,-393853,-425235,-427295,-448028,2,2,2,2
2025-08-21 11:55:17.870,-393864,-425244,-427373,-431656,2,2,2,2
2025-08-21 11:55:17.870,-393869,-425317,-427314,-431728,2,2,2,2
2025-08-21 11:55:17.870,-393866,-425245,-427371,-448108,2,2,2,2
2025-08-21 11:55:17.871,-393927,-425242,-443753,-431721,2,2,2,2
2025-08-21 11:55:17.871,-393876,-425254,-427384,-431669,2,2,2,2
2025-08-21 11:55:17.871,-393952,-425332,-427327,-431745,2,2,2,2
2025-08-21 11:55:17.872,-393954,-425332,-427458,-431749,2,2,2,2
2025-08-21 11:55:17.872,-393888,-425267,-427391,-448129,2,2,2,2
2025-08-21 11:55:17.872,-393950,-425330,-443772,-431742,2,2,2,2
2025-08-21 11:55:17.872,-393872,-408931,-427372,-439923,2,2,2,2
2025-08-21 11:55:17.873,-393857,-408884,-427294,-439909,2,2,2,2
2025-08-21 11:55:17.873,-393859,-425239,-427297,-431723,2,2,2,2
2025-08-21 11:55:17.873,-393871,-425248,-427369,-448119,2,2,2,2
2025-08-21 11:55:17.873,-393880,-425255,-427375,-448126,2,2,2,2
2025-08-21 11:55:17.874,-393945,-425315,-443728,-431746,2,2,2,2
2025-08-21 11:55:17.874,-393877,-408899,-427372,-439932,2,2,2,2
2025-08-21 11:55:17.874,-393955,-425330,-427387,-431817,2,2,2,2
2025-08-21 11:55:17.874,-393967,-425340,-427464,-431763,2,2,2,2
2025-08-21 11:55:17.875,-393968,-425412,-427405,-448214,2,2,2,2
2025-08-21 11:55:17.875,-393962,-425341,-443847,-431758,2,2,2,2
2025-08-21 11:55:17.875,-393886,-425330,-427326,-431750,2,2,2,2
2025-08-21 11:55:17.876,-393873,-425252,-427379,-448120,2,2,2,2
2025-08-21 11:55:17.876,-393866,-425247,-427311,-431733,2,2,2,2
2025-08-21 11:55:17.876,-393863,-425245,-427372,-448051,2,2,2,2
2025-08-21 11:55:17.876,-393858,-425242,-427368,-431667,2,2,2,2
2025-08-21 11:55:17.877,-393786,-425236,-427296,-431728,2,2,2,2
2025-08-21 11:55:17.877,-393772,-425218,-443666,-431713,2,2,2,2
2025-08-21 11:55:17.877,-393760,-425459,-443656,-431636,2,2,2,2
2025-08-21 11:55:17.877,-393755,-425456,-443650,-431631,2,2,2,2
2025-08-21 11:55:17.878,-393745,-409065,-427259,-439814,2,2,2,2
2025-08-21 11:55:17.878,-393741,-409061,-427255,-448001,2,2,2,2
2025-08-21 11:55:17.878,-393743,-409058,-427256,-448251,2,2,2,2
2025-08-21 11:55:17.878,-393742,-425442,-427255,-448252,2,2,2,2
2025-08-21 11:55:17.879,-393740,-425441,-443634,-431865,2,2,2,2
2025-08-21 11:55:17.879,-393722,-425359,-427233,-431847,2,2,2,2
2025-08-21 11:55:17.879,-393727,-425367,-427168,-431851,2,2,2,2
2025-08-21 11:55:17.879,-393729,-425371,-427235,-431854,2,2,2,2
2025-08-21 11:55:17.880,-393734,-425375,-427236,-431860,2,2,2,2
2025-08-21 11:55:17.880,-393720,-425361,-443575,-431845,2,2,2,2
2025-08-21 11:55:17.880,-393703,-425342,-443524,-431762,2,2,2,2
2025-08-21 11:55:17.880,-393632,-408949,-427131,-439945,2,2,2,2
2025-08-21 11:55:17.881,-393615,-425314,-427110,-431673,2,2,2,2
2025-08-21 11:55:17.881,-393595,-425230,-427025,-448072,2,2,2,2
2025-08-21 11:55:17.881,-393591,-425227,-427024,-448067,2,2,2,2
2025-08-21 11:55:17.881,-393610,-425241,-427040,-448054,2,2,2,2
2025-08-21 11:55:17.882,-393686,-425320,-443471,-431747,2,2,2,2
2025-08-21 11:55:17.882,-393660,-425323,-427126,-431819,2,2,2,2
2025-08-21 11:55:17.882,-393670,-425337,-427136,-431828,2,2,2,2
2025-08-21 11:55:17.882,-393721,-425356,-427219,-431844,2,2,2,2
2025-08-21 11:55:17.883,-393742,-425443,-427238,-448247,2,2,2,2
2025-08-21 11:55:17.883,-393759,-425463,-427255,-431619,2,2,2,2
2025-08-21 11:55:17.883,-393779,-425227,-443658,-431637,2,2,2,2
2025-08-21 11:55:17.883,-393852,-408849,-427278,-448029,2,2,2,2
2025-08-21 11:55:17.884,-393863,-425246,-443675,-431723,2,2,2,2
2025-08-21 11:55:17.884,-393881,-425267,-427379,-431810,2,2,2,2
2025-08-21 11:55:17.884,-393957,-425347,-443776,-431763,2,2,2,2
2025-08-21 11:55:17.884,-393965,-425351,-427397,-431835,2,2,2,2
2025-08-21 11:55:17.885,-393961,-408966,-427397,-448153,2,2,2,2
2025-08-21 11:55:17.885,-393959,-425346,-443777,-431767,2,2,2,2
2025-08-21 11:55:17.885,-393948,-425335,-443768,-431756,2,2,2,2
2025-08-21 11:55:17.886,-393873,-425322,-427369,-431673,2,2,2,2
2025-08-21 11:55:17.886,-393882,-425325,-427312,-431742,2,2,2,2
2025-08-21 11:55:17.886,-393954,-425328,-427310,-431744,2,2,2,2
2025-08-21 11:55:17.886,-393882,-425254,-427364,-448116,2,2,2,2
2025-08-21 11:55:17.887,-393939,-425243,-443713,-431729,2,2,2,2
2025-08-21 11:55:17.887,-393880,-408896,-427368,-448122,2,2,2,2
2025-08-21 11:55:17.887,-393881,-425318,-427375,-431680,2,2,2,2
2025-08-21 11:55:17.887,-393867,-425244,-427298,-431731,2,2,2,2
2025-08-21 11:55:17.888,-393849,-425227,-427285,-448067,2,2,2,2
2025-08-21 11:55:17.888,-393766,-425465,-443652,-431636,2,2,2,2
2025-08-21 11:55:17.888,-393750,-425451,-443641,-431622,2,2,2,2
2025-08-21 11:55:17.888,-393737,-409021,-427242,-440058,2,2,2,2
2025-08-21 11:55:17.889,-393728,-425362,-427166,-431856,2,2,2,2
2025-08-21 11:55:17.889,-393736,-425441,-427243,-431866,2,2,2,2
2025-08-21 11:55:17.890,-393735,-425372,-443623,-431863,2,2,2,2
2025-08-21 11:55:17.890,-393734,-425375,-443624,-431864,2,2,2,2
2025-08-21 11:55:17.890,-393744,-425444,-443629,-431870,2,2,2,2
2025-08-21 11:55:17.890,-393745,-425442,-427248,-431868,2,2,2,2
2025-08-21 11:55:17.891,-393744,-425441,-427247,-448250,2,2,2,2
2025-08-21 11:55:17.891,-393745,-425443,-427247,-431864,2,2,2,2
2025-08-21 11:55:17.891,-393738,-425375,-427243,-431855,2,2,2,2
2025-08-21 11:55:17.891,-393736,-425440,-427241,-448236,2,2,2,2
2025-08-21 11:55:17.892,-393736,-425373,-443623,-431849,2,2,2,2
2025-08-21 11:55:17.892,-393744,-409060,-427242,-440044,2,2,2,2
2025-08-21 11:55:17.892,-393754,-425453,-427248,-431865,2,2,2,2
2025-08-21 11:55:17.892,-393755,-425456,-427245,-431866,2,2,2,2
2025-08-21 11:55:17.893,-393735,-409052,-427162,-448233,2,2,2,2
2025-08-21 11:55:17.893,-393716,-425348,-443527,-431761,2,2,2,2
2025-08-21 11:55:17.893,-393715,-425347,-443526,-431758,2,2,2,2
2025-08-21 11:55:17.893,-393716,-408960,-427143,-439950,2,2,2,2
2025-08-21 11:55:17.894,-393726,-425351,-427151,-431829,2,2,2,2
2025-08-21 11:55:17.894,-393742,-425371,-427235,-431848,2,2,2,2
2025-08-21 11:55:17.894,-393829,-425459,-427255,-431871,2,2,2,2
2025-08-21 11:55:17.894,-393762,-425460,-443640,-431871,2,2,2,2
2025-08-21 11:55:17.895,-393857,-425225,-427285,-431640,2,2,2,2
2025-08-21 11:55:17.895,-393859,-425226,-427287,-431639,2,2,2,2
2025-08-21 11:55:17.895,-393849,-425221,-427279,-431629,2,2,2,2
2025-08-21 11:55:17.896,-393829,-425457,-427258,-448250,2,2,2,2
2025-08-21 11:55:17.896,-393736,-425364,-443610,-431770,2,2,2,2
2025-08-21 11:55:17.896,-393727,-425353,-443599,-431763,2,2,2,2
2025-08-21 11:55:17.896,-393713,-408956,-427139,-448136,2,2,2,2
2025-08-21 11:55:17.897,-393714,-425339,-427141,-431820,2,2,2,2
2025-08-21 11:55:17.897,-393739,-425428,-427164,-448229,2,2,2,2
2025-08-21 11:55:17.897,-393753,-425442,-427243,-448242,2,2,2,2
2025-08-21 11:55:17.897,-393766,-425459,-443644,-431618,2,2,2,2
2025-08-21 11:55:17.898,-393852,-408840,-427283,-439833,2,2,2,2
2025-08-21 11:55:17.898,-393791,-425227,-443669,-431648,2,2,2,2
2025-08-21 11:55:17.898,-393789,-425224,-443666,-431647,2,2,2,2
2025-08-21 11:55:17.899,-393841,-425217,-427272,-431638,2,2,2,2
2025-08-21 11:55:17.899,-393835,-425469,-427268,-431635,2,2,2,2
2025-08-21 11:55:17.899,-393754,-409034,-427250,-448003,2,2,2,2
2025-08-21 11:55:17.899,-393784,-425444,-443631,-431872,2,2,2,2
2025-08-21 11:55:17.900,-393758,-425451,-427251,-431626,2,2,2,2
2025-08-21 11:55:17.900,-393756,-425452,-427248,-431621,2,2,2,2
2025-08-21 11:55:17.900,-393759,-425458,-427252,-431624,2,2,2,2
2025-08-21 11:55:17.900,-393755,-425455,-427250,-431619,2,2,2,2
2025-08-21 11:55:17.901,-393760,-425459,-427255,-448004,2,2,2,2
2025-08-21 11:55:17.901,-393754,-425451,-443634,-431870,2,2,2,2
2025-08-21 11:55:17.901,-393751,-425449,-427244,-431870,2,2,2,2
2025-08-21 11:55:17.902,-393834,-425463,-427262,-431629,2,2,2,2
2025-08-21 11:55:17.902,-393851,-425220,-427278,-448059,2,2,2,2
2025-08-21 11:55:17.902,-393848,-425220,-427278,-448059,2,2,2,2
2025-08-21 11:55:17.902,-393777,-425463,-443658,-431635,2,2,2,2
2025-08-21 11:55:17.903,-393851,-409087,-427287,-431647,2,2,2,2
2025-08-21 11:55:17.903,-393856,-425219,-427291,-431649,2,2,2,2
2025-08-21 11:55:17.903,-393855,-425218,-427292,-431647,2,2,2,2
2025-08-21 11:55:17.903,-393861,-425222,-427294,-431714,2,2,2,2
2025-08-21 11:55:17.904,-393867,-425229,-427366,-448075,2,2,2,2
2025-08-21 11:55:17.904,-393854,-408834,-427289,-439837,2,2,2,2
2025-08-21 11:55:17.904,-393839,-409080,-427273,-439822,2,2,2,2
2025-08-21 11:55:17.904,-393836,-425461,-427271,-431630,2,2,2,2
2025-08-21 11:55:17.905,-393805,-425466,-443656,-431631,2,2,2,2
2025-08-21 11:55:17.905,-393847,-425469,-427279,-448023,2,2,2,2
2025-08-21 11:55:17.905,-393849,-425471,-427279,-448026,2,2,2,2
2025-08-21 11:55:17.905,-393783,-425472,-443659,-431642,2,2,2,2
2025-08-21 11:55:17.906,-393839,-409080,-427269,-448019,2,2,2,2
2025-08-21 11:55:17.906,-393837,-425461,-427266,-431630,2,2,2,2
2025-08-21 11:55:17.907,-393832,-425461,-427263,-431628,2,2,2,2
2025-08-21 11:55:17.907,-393748,-425444,-427238,-431863,2,2,2,2
2025-08-21 11:55:17.908,-393731,-409043,-427158,-448232,2,2,2,2
2025-08-21 11:55:17.908,-393726,-409037,-427152,-448225,2,2,2,2
2025-08-21 11:55:17.908,-393736,-425363,-443547,-431847,2,2,2,2
2025-08-21 11:55:17.908,-393756,-425449,-443599,-431864,2,2,2,2
2025-08-21 11:55:17.908,-393766,-425457,-443639,-431619,2,2,2,2
2025-08-21 11:55:17.909,-393784,-425472,-443656,-431640,2,2,2,2
2025-08-21 11:55:17.909,-393864,-425233,-427288,-431721,2,2,2,2
2025-08-21 11:55:17.909,-393870,-425235,-427294,-448074,2,2,2,2
2025-08-21 11:55:17.909,-393859,-408836,-427282,-431645,2,2,2,2
2025-08-21 11:55:17.910,-393831,-409033,-427253,-439811,2,2,2,2
2025-08-21 11:55:17.910,-393799,-425448,-427250,-431872,2,2,2,2
2025-08-21 11:55:17.910,-393841,-425456,-427257,-448007,2,2,2,2
2025-08-21 11:55:17.910,-393781,-425463,-443646,-431631,2,2,2,2
2025-08-21 11:55:17.910,-393770,-425452,-443635,-431622,2,2,2,2
2025-08-21 11:55:17.911,-393756,-409021,-427239,-440058,2,2,2,2
2025-08-21 11:55:17.911,-393738,-425352,-427219,-431847,2,2,2,2
2025-08-21 11:55:17.911,-393725,-425340,-427208,-431774,2,2,2,2
2025-08-21 11:55:17.911,-393716,-425330,-427070,-431765,2,2,2,2
2025-08-21 11:55:17.912,-393701,-425253,-427122,-448200,2,2,2,2
2025-08-21 11:55:17.912,-393701,-408903,-427123,-448139,2,2,2,2
2025-08-21 11:55:17.912,-393701,-408906,-427127,-439949,2,2,2,2
2025-08-21 11:55:17.912,-393660,-425247,-427117,-431809,2,2,2,2
2025-08-21 11:55:17.913,-393622,-425238,-427045,-431733,2,2,2,2
2025-08-21 11:55:17.913,-393612,-425229,-427035,-431657,2,2,2,2
2025-08-21 11:55:17.913,-393598,-425218,-427025,-431645,2,2,2,2
2025-08-21 11:55:17.913,-393531,-425213,-443403,-431639,2,2,2,2
2025-08-21 11:55:17.914,-393595,-408828,-427018,-448023,2,2,2,2
2025-08-21 11:55:17.914,-393535,-425218,-443408,-431646,2,2,2,2
2025-08-21 11:55:17.914,-393604,-425227,-427031,-448036,2,2,2,2
2025-08-21 11:55:17.914,-393604,-425227,-427031,-448034,2,2,2,2
2025-08-21 11:55:17.915,-393672,-425222,-443416,-431648,2,2,2,2
2025-08-21 11:55:17.915,-393612,-425224,-427036,-448099,2,2,2,2
2025-08-21 11:55:17.915,-393616,-425230,-427106,-448104,2,2,2,2
2025-08-21 11:55:17.915,-393683,-425233,-443499,-431722,2,2,2,2
2025-08-21 11:55:17.916,-393605,-425216,-427035,-431640,2,2,2,2
2025-08-21 11:55:17.916,-393602,-425216,-427033,-431637,2,2,2,2
2025-08-21 11:55:17.917,-393607,-425228,-427040,-431645,2,2,2,2
2025-08-21 11:55:17.917,-393614,-425233,-427115,-448067,2,2,2,2
2025-08-21 11:55:17.918,-393681,-425239,-443441,-431722,2,2,2,2
2025-08-21 11:55:17.918,-393612,-408852,-427120,-439911,2,2,2,2
2025-08-21 11:55:17.918,-393618,-425243,-427125,-431662,2,2,2,2
2025-08-21 11:55:17.924,-393624,-425247,-427067,-431726,2,2,2,2
2025-08-21 11:55:17.924,-393620,-425243,-427132,-448047,2,2,2,2
2025-08-21 11:55:17.925,-393615,-425237,-427125,-448071,2,2,2,2
2025-08-21 11:55:17.925,-393676,-425233,-443506,-431718,2,2,2,2
2025-08-21 11:55:17.925,-393617,-408881,-427119,-439913,2,2,2,2
2025-08-21 11:55:17.925,-393680,-425234,-443499,-431720,2,2,2,2
2025-08-21 11:55:17.925,-393615,-425237,-443502,-431720,2,2,2,2
2025-08-21 11:55:17.926,-393618,-425244,-427120,-448076,2,2,2,2
2025-08-21 11:55:17.926,-393694,-425320,-443516,-431735,2,2,2,2
2025-08-21 11:55:17.926,-393700,-408876,-427136,-448123,2,2,2,2
2025-08-21 11:55:17.926,-393703,-408945,-427142,-448127,2,2,2,2
2025-08-21 11:55:17.927,-393713,-425340,-443540,-431826,2,2,2,2
2025-08-21 11:55:17.927,-393720,-425347,-427222,-431771,2,2,2,2
2025-08-21 11:55:17.927,-393720,-425345,-427156,-431837,2,2,2,2
2025-08-21 11:55:17.927,-393723,-425350,-427161,-431840,2,2,2,2
2025-08-21 11:55:17.927,-393719,-425348,-427222,-431776,2,2,2,2
2025-08-21 11:55:17.928,-393713,-408896,-427154,-448157,2,2,2,2
2025-08-21 11:55:17.928,-393716,-425346,-443572,-431774,2,2,2,2
2025-08-21 11:55:17.928,-393713,-425411,-427151,-431835,2,2,2,2
2025-08-21 11:55:17.928,-393715,-425350,-443605,-431774,2,2,2,2
2025-08-21 11:55:17.929,-393724,-425421,-427165,-448194,2,2,2,2
2025-08-21 11:55:17.929,-393732,-425430,-427241,-448204,2,2,2,2
2025-08-21 11:55:17.929,-393741,-425441,-443636,-431864,2,2,2,2
2025-08-21 11:55:17.929,-393754,-409067,-427261,-431622,2,2,2,2
2025-08-21 11:55:17.929,-393777,-425368,-427247,-431865,2,2,2,2
2025-08-21 11:55:17.930,-393720,-408892,-427159,-448159,2,2,2,2
2025-08-21 11:55:17.930,-393709,-425271,-427151,-448152,2,2,2,2
2025-08-21 11:55:17.930,-393707,-425335,-443531,-431766,2,2,2,2
2025-08-21 11:55:17.930,-393699,-408909,-427138,-439950,2,2,2,2
2025-08-21 11:55:17.931,-393700,-408906,-427136,-439948,2,2,2,2
2025-08-21 11:55:17.931,-393699,-425323,-427135,-431819,2,2,2,2
2025-08-21 11:55:17.931,-393627,-425320,-427064,-431748,2,2,2,2
2025-08-21 11:55:17.931,-393627,-425257,-427130,-448195,2,2,2,2
2025-08-21 11:55:17.931,-393701,-425268,-427140,-448207,2,2,2,2
2025-08-21 11:55:17.932,-393711,-408958,-427150,-439960,2,2,2,2
2025-08-21 11:55:17.932,-393721,-425349,-427157,-431842,2,2,2,2
2025-08-21 11:55:17.932,-393724,-425355,-427224,-431846,2,2,2,2
2025-08-21 11:55:17.932,-393740,-425368,-427239,-431858,2,2,2,2
2025-08-21 11:55:17.932,-393747,-425441,-427245,-448247,2,2,2,2
2025-08-21 11:55:17.932,-393743,-425375,-443594,-431862,2,2,2,2
2025-08-21 11:55:17.933,-393738,-409048,-427240,-448243,2,2,2,2
2025-08-21 11:55:17.933,-393744,-409051,-427246,-448249,2,2,2,2
2025-08-21 11:55:17.933,-393795,-425454,-443645,-431627,2,2,2,2
2025-08-21 11:55:17.933,-393844,-425470,-427276,-448059,2,2,2,2
2025-08-21 11:55:17.933,-393842,-425467,-427273,-431643,2,2,2,2
2025-08-21 11:55:17.934,-393779,-425471,-443656,-431644,2,2,2,2
2025-08-21 11:55:17.934,-393860,-408884,-427290,-448107,2,2,2,2
2025-08-21 11:55:17.934,-393914,-425321,-443759,-431677,2,2,2,2
2025-08-21 11:55:17.934,-393963,-425337,-427382,-431815,2,2,2,2
2025-08-21 11:55:17.935,-393972,-425346,-427328,-431765,2,2,2,2
2025-08-21 11:55:17.935,-393981,-425354,-443782,-431774,2,2,2,2
2025-08-21 11:55:17.935,-393735,-425363,-443794,-431849,2,2,2,2
2025-08-21 11:55:17.935,-393969,-425412,-427397,-431833,2,2,2,2
2025-08-21 11:55:17.935,-393960,-408889,-427386,-448142,2,2,2,2
2025-08-21 11:55:17.936,-393882,-425328,-427313,-431746,2,2,2,2
2025-08-21 11:55:17.936,-393875,-425257,-427370,-448120,2,2,2,2
2025-08-21 11:55:17.936,-393879,-425260,-427374,-448062,2,2,2,2
2025-08-21 11:55:17.936,-393881,-408910,-427373,-439935,2,2,2,2
2025-08-21 11:55:17.936,-393881,-408909,-427372,-439938,2,2,2,2
2025-08-21 11:55:17.937,-393917,-425324,-427375,-431813,2,2,2,2
2025-08-21 11:55:17.937,-393875,-425317,-427305,-431738,2,2,2,2
2025-08-21 11:55:17.937,-393853,-425232,-427287,-448036,2,2,2,2
2025-08-21 11:55:17.937,-393848,-425224,-427280,-431643,2,2,2,2
2025-08-21 11:55:17.937,-393844,-409087,-427273,-439828,2,2,2,2
2025-08-21 11:55:17.938,-393835,-409078,-427263,-448009,2,2,2,2
2025-08-21 11:55:17.938,-393838,-425463,-427264,-431626,2,2,2,2
2025-08-21 11:55:17.938,-393844,-425464,-427264,-448018,2,2,2,2
2025-08-21 11:55:17.938,-393832,-425459,-427259,-431628,2,2,2,2
2025-08-21 11:55:17.938,-393757,-409068,-427252,-448003,2,2,2,2
2025-08-21 11:55:17.939,-393783,-425445,-427243,-431870,2,2,2,2
2025-08-21 11:55:17.939,-393758,-425453,-427248,-431620,2,2,2,2
2025-08-21 11:55:17.939,-393826,-409070,-427258,-439817,2,2,2,2
2025-08-21 11:55:17.939,-393760,-425455,-427256,-431625,2,2,2,2
2025-08-21 11:55:17.940,-393825,-425453,-427257,-431624,2,2,2,2
2025-08-21 11:55:17.940,-393825,-425456,-427259,-448011,2,2,2,2
2025-08-21 11:55:17.940,-393825,-425457,-427257,-448007,2,2,2,2
2025-08-21 11:55:17.940,-393755,-425448,-427249,-431869,2,2,2,2
2025-08-21 11:55:17.941,-393745,-425374,-427240,-431857,2,2,2,2
2025-08-21 11:55:17.941,-393743,-425371,-427240,-431858,2,2,2,2
2025-08-21 11:55:17.941,-393749,-425439,-427243,-448244,2,2,2,2
2025-08-21 11:55:17.941,-393758,-425447,-443633,-431870,2,2,2,2
2025-08-21 11:55:17.941,-393785,-425470,-443660,-431641,2,2,2,2
2025-08-21 11:55:17.942,-393862,-408842,-427289,-439910,2,2,2,2
2025-08-21 11:55:17.942,-393860,-425226,-427286,-431652,2,2,2,2
2025-08-21 11:55:17.942,-393868,-425235,-427294,-431727,2,2,2,2
2025-08-21 11:55:17.943,-393785,-425221,-443660,-431648,2,2,2,2
2025-08-21 11:55:17.943,-393836,-409076,-427265,-448019,2,2,2,2
2025-08-21 11:55:17.943,-393838,-409077,-427268,-448022,2,2,2,2
2025-08-21 11:55:17.944,-393850,-425222,-427283,-431652,2,2,2,2
2025-08-21 11:55:17.944,-393868,-425243,-427302,-431737,2,2,2,2
2025-08-21 11:55:17.944,-393946,-425322,-443765,-431748,2,2,2,2
2025-08-21 11:55:17.944,-393942,-425319,-443727,-431742,2,2,2,2
2025-08-21 11:55:17.944,-393935,-425244,-427297,-431732,2,2,2,2
2025-08-21 11:55:17.945,-393864,-408853,-427289,-448109,2,2,2,2
2025-08-21 11:55:17.945,-393866,-425239,-427296,-431666,2,2,2,2
2025-08-21 11:55:17.945,-393932,-425242,-443685,-431731,2,2,2,2
2025-08-21 11:55:17.946,-393862,-425235,-427296,-448075,2,2,2,2
2025-08-21 11:55:17.946,-393866,-425242,-427363,-448079,2,2,2,2
2025-08-21 11:55:17.946,-393940,-425314,-443752,-431735,2,2,2,2
2025-08-21 11:55:17.947,-393872,-425241,-427298,-431728,2,2,2,2
2025-08-21 11:55:17.947,-393870,-425239,-427292,-431662,2,2,2,2
2025-08-21 11:55:17.947,-393855,-425221,-427274,-448031,2,2,2,2
2025-08-21 11:55:17.948,-393791,-425218,-443657,-431647,2,2,2,2
2025-08-21 11:55:17.948,-393850,-425470,-427272,-431644,2,2,2,2
2025-08-21 11:55:17.948,-393857,-408838,-427280,-439906,2,2,2,2
2025-08-21 11:55:17.948,-393856,-425223,-427280,-431649,2,2,2,2
2025-08-21 11:55:17.948,-393861,-425225,-427280,-431715,2,2,2,2
2025-08-21 11:55:17.948,-393859,-425221,-427276,-448065,2,2,2,2
2025-08-21 11:55:17.949,-393865,-425227,-427281,-448035,2,2,2,2
2025-08-21 11:55:17.949,-393864,-408845,-427282,-439911,2,2,2,2
2025-08-21 11:55:17.949,-393871,-425233,-427289,-431662,2,2,2,2
2025-08-21 11:55:17.949,-393925,-425314,-443756,-431747,2,2,2,2
2025-08-21 11:55:17.949,-393957,-425317,-427312,-431749,2,2,2,2
2025-08-21 11:55:17.949,-393885,-425245,-427365,-448127,2,2,2,2
2025-08-21 11:55:17.949,-393924,-425219,-443660,-431724,2,2,2,2
2025-08-21 11:55:17.950,-393848,-425461,-427266,-431646,2,2,2,2
2025-08-21 11:55:17.950,-393838,-409068,-427255,-448018,2,2,2,2
2025-08-21 11:55:17.950,-393797,-425446,-443633,-431626,2,2,2,2
2025-08-21 11:55:17.950,-393752,-425430,-427235,-448253,2,2,2,2
2025-08-21 11:55:17.950,-393751,-425362,-443581,-431865,2,2,2,2
2025-08-21 11:55:17.950,-393756,-425364,-443617,-431866,2,2,2,2
2025-08-21 11:55:17.951,-393830,-409022,-427241,-448004,2,2,2,2
2025-08-21 11:55:17.951,-393808,-425450,-427251,-431627,2,2,2,2
2025-08-21 11:55:17.951,-393788,-425464,-443646,-431642,2,2,2,2
2025-08-21 11:55:17.951,-393859,-425217,-427271,-431652,2,2,2,2
2025-08-21 11:55:17.952,-393924,-425218,-427272,-431716,2,2,2,2
2025-08-21 11:55:17.952,-393854,-409087,-427274,-448100,2,2,2,2
2025-08-21 11:55:17.952,-393781,-425464,-443651,-431646,2,2,2,2
2025-08-21 11:55:17.953,-393825,-425442,-427244,-431618,2,2,2,2
2025-08-21 11:55:17.953,-393827,-425441,-427244,-431619,2,2,2,2
2025-08-21 11:55:17.953,-393834,-425447,-427252,-431623,2,2,2,2
2025-08-21 11:55:17.953,-393841,-425454,-427256,-448014,2,2,2,2
2025-08-21 11:55:17.954,-393830,-408992,-427245,-431619,2,2,2,2
2025-08-21 11:55:17.954,-393845,-425456,-427262,-431637,2,2,2,2
2025-08-21 11:55:17.954,-393859,-425471,-427279,-431652,2,2,2,2
2025-08-21 11:55:17.955,-393877,-425235,-427362,-448118,2,2,2,2
2025-08-21 11:55:17.955,-393872,-425233,-427291,-448115,2,2,2,2
2025-08-21 11:55:17.955,-393929,-425226,-443700,-431723,2,2,2,2
2025-08-21 11:55:17.955,-393869,-408848,-427289,-439917,2,2,2,2
2025-08-21 11:55:17.956,-393860,-425224,-427279,-431650,2,2,2,2
2025-08-21 11:55:17.956,-393749,-425438,-427236,-448251,2,2,2,2
2025-08-21 11:55:17.956,-393735,-425365,-443579,-431855,2,2,2,2
2025-08-21 11:55:17.957,-393733,-408977,-427154,-440041,2,2,2,2
2025-08-21 11:55:17.957,-393721,-425349,-427142,-431836,2,2,2,2
2025-08-21 11:55:17.957,-393674,-425336,-427130,-431823,2,2,2,2
2025-08-21 11:55:17.957,-393631,-425323,-427055,-431747,2,2,2,2
2025-08-21 11:55:17.958,-393630,-425258,-427123,-448133,2,2,2,2
2025-08-21 11:55:17.958,-393707,-425332,-427071,-431759,2,2,2,2
2025-08-21 11:55:17.958,-393725,-408963,-427157,-440033,2,2,2,2
2025-08-21 11:55:17.958,-393739,-425359,-427234,-431857,2,2,2,2
2025-08-21 11:55:17.959,-393740,-425362,-427234,-431859,2,2,2,2
2025-08-21 11:55:17.959,-393731,-425418,-427162,-431852,2,2,2,2
2025-08-21 11:55:17.959,-393726,-425410,-427155,-431843,2,2,2,2
2025-08-21 11:55:17.959,-393709,-425325,-443454,-431754,2,2,2,2
2025-08-21 11:55:17.960,-393698,-408899,-427125,-448129,2,2,2,2
2025-08-21 11:55:17.960,-393699,-425315,-443511,-431745,2,2,2,2
2025-08-21 11:55:17.960,-393625,-425242,-427058,-431737,2,2,2,2
2025-08-21 11:55:17.960,-393612,-425231,-427112,-448045,2,2,2,2
2025-08-21 11:55:17.961,-393536,-425219,-443449,-431714,2,2,2,2
2025-08-21 11:55:17.961,-393604,-425218,-427034,-431653,2,2,2,2
2025-08-21 11:55:17.961,-393610,-408836,-427106,-448108,2,2,2,2
2025-08-21 11:55:17.961,-393687,-425233,-443501,-431734,2,2,2,2
2025-08-21 11:55:17.962,-393693,-425239,-443510,-431741,2,2,2,2
2025-08-21 11:55:17.962,-393631,-425245,-427131,-431680,2,2,2,2
2025-08-21 11:55:17.962,-393708,-425319,-443593,-431758,2,2,2,2
2025-08-21 11:55:17.962,-393719,-425330,-427219,-431767,2,2,2,2
2025-08-21 11:55:17.963,-393724,-425273,-427162,-448183,2,2,2,2
2025-08-21 11:55:17.963,-393714,-425329,-443572,-431759,2,2,2,2
2025-08-21 11:55:17.963,-393707,-408942,-427151,-431755,2,2,2,2
2025-08-21 11:55:17.963,-393702,-425325,-427149,-431820,2,2,2,2
2025-08-21 11:55:17.964,-393674,-425334,-427152,-431826,2,2,2,2
2025-08-21 11:55:17.964,-393709,-425273,-427153,-448181,2,2,2,2
2025-08-21 11:55:17.964,-393715,-425280,-427157,-448188,2,2,2,2
2025-08-21 11:55:17.964,-393715,-425340,-443536,-431768,2,2,2,2
2025-08-21 11:55:17.965,-393711,-408953,-427149,-439956,2,2,2,2
2025-08-21 11:55:17.965,-393717,-425346,-427156,-431832,2,2,2,2
2025-08-21 11:55:17.965,-393724,-425351,-427225,-431773,2,2,2,2
2025-08-21 11:55:17.966,-393626,-425250,-427129,-448056,2,2,2,2
2025-08-21 11:55:17.966,-393611,-425237,-427114,-431657,2,2,2,2
2025-08-21 11:55:17.966,-393595,-408835,-427032,-448027,2,2,2,2
2025-08-21 11:55:17.966,-393551,-425208,-427023,-431637,2,2,2,2
2025-08-21 11:55:17.967,-393521,-425211,-443409,-431640,2,2,2,2
2025-08-21 11:55:17.967,-393531,-425223,-443444,-431714,2,2,2,2
2025-08-21 11:55:17.967,-393535,-425230,-427033,-431718,2,2,2,2
2025-08-21 11:55:17.968,-393600,-408849,-427034,-448105,2,2,2,2
2025-08-21 11:55:17.968,-393611,-425245,-443489,-431730,2,2,2,2
2025-08-21 11:55:17.968,-393726,-408969,-427153,-440034,2,2,2,2
2025-08-21 11:55:17.969,-393737,-425359,-443604,-431847,2,2,2,2
2025-08-21 11:55:17.969,-393726,-408956,-427145,-448152,2,2,2,2
2025-08-21 11:55:17.969,-393725,-425278,-427148,-448152,2,2,2,2
2025-08-21 11:55:17.969,-393739,-425358,-443547,-431849,2,2,2,2
2025-08-21 11:55:17.970,-393744,-425375,-427241,-431863,2,2,2,2
2025-08-21 11:55:17.970,-393739,-425371,-427238,-431857,2,2,2,2
2025-08-21 11:55:17.970,-393732,-425363,-427228,-431851,2,2,2,2
2025-08-21 11:55:17.971,-393724,-425417,-427154,-448192,2,2,2,2
2025-08-21 11:55:17.971,-393723,-408964,-427152,-439964,2,2,2,2
2025-08-21 11:55:17.971,-393723,-408961,-427150,-439966,2,2,2,2
2025-08-21 11:55:17.971,-393735,-425358,-427162,-431850,2,2,2,2
2025-08-21 11:55:17.972,-393744,-425371,-427241,-431863,2,2,2,2
2025-08-21 11:55:17.972,-393827,-425452,-427263,-448011,2,2,2,2
2025-08-21 11:55:17.972,-393844,-425470,-427285,-448031,2,2,2,2
2025-08-21 11:55:17.972,-393936,-425244,-443762,-431735,2,2,2,2
2025-08-21 11:55:17.973,-393964,-408951,-427401,-439951,2,2,2,2
2025-08-21 11:55:17.973,-393972,-425347,-427476,-431770,2,2,2,2
2025-08-21 11:55:17.973,-393729,-425359,-443807,-431849,2,2,2,2
2025-08-21 11:55:17.974,-393980,-425414,-427409,-431841,2,2,2,2
2025-08-21 11:55:17.974,-393956,-408878,-427385,-448136,2,2,2,2
2025-08-21 11:55:17.974,-393876,-408863,-427370,-448123,2,2,2,2
2025-08-21 11:55:17.974,-393867,-425237,-443747,-431731,2,2,2,2
2025-08-21 11:55:17.975,-393929,-425230,-443680,-431727,2,2,2,2
2025-08-21 11:55:17.975,-393880,-425246,-427372,-431678,2,2,2,2
2025-08-21 11:55:17.975,-393888,-425321,-427314,-431753,2,2,2,2
2025-08-21 11:55:17.976,-393883,-425252,-427370,-448132,2,2,2,2
2025-08-21 11:55:17.976,-393936,-425246,-443747,-431740,2,2,2,2
2025-08-21 11:55:17.976,-393928,-425241,-443710,-431736,2,2,2,2
2025-08-21 11:55:17.976,-393853,-408848,-427286,-439917,2,2,2,2
2025-08-21 11:55:17.977,-393842,-425224,-427273,-431648,2,2,2,2
2025-08-21 11:55:17.977,-393857,-425237,-427290,-431726,2,2,2,2
2025-08-21 11:55:17.977,-393870,-425247,-427366,-448121,2,2,2,2
2025-08-21 11:55:17.977,-393940,-425314,-443723,-431743,2,2,2,2
2025-08-21 11:55:17.978,-393882,-408932,-427371,-439941,2,2,2,2
2025-08-21 11:55:17.978,-393964,-425329,-427324,-431765,2,2,2,2
2025-08-21 11:55:17.978,-393929,-425322,-427381,-431823,2,2,2,2
2025-08-21 11:55:17.978,-393873,-425236,-427294,-431733,2,2,2,2
2025-08-21 11:55:17.979,-393868,-425230,-427291,-448115,2,2,2,2
2025-08-21 11:55:17.979,-393888,-408932,-427375,-439945,2,2,2,2
2025-08-21 11:55:17.979,-393958,-408904,-427379,-439947,2,2,2,2
2025-08-21 11:55:17.979,-393884,-425246,-427370,-431811,2,2,2,2
2025-08-21 11:55:17.980,-393888,-425246,-427308,-431752,2,2,2,2
2025-08-21 11:55:17.980,-393870,-425232,-427363,-448063,2,2,2,2
2025-08-21 11:55:17.980,-393787,-425217,-443669,-431727,2,2,2,2
2025-08-21 11:55:17.981,-393845,-409083,-427278,-448111,2,2,2,2
2025-08-21 11:55:17.981,-393845,-425470,-427278,-448114,2,2,2,2
2025-08-21 11:55:17.981,-393779,-425469,-443659,-431729,2,2,2,2
2025-08-21 11:55:17.982,-393840,-425470,-427273,-431663,2,2,2,2
2025-08-21 11:55:17.982,-393842,-409088,-427277,-439917,2,2,2,2
2025-08-21 11:55:17.982,-393849,-408835,-427282,-448112,2,2,2,2
2025-08-21 11:55:17.982,-393782,-425219,-443665,-431724,2,2,2,2
2025-08-21 11:55:17.983,-393751,-425443,-427246,-431627,2,2,2,2
2025-08-21 11:55:17.983,-393740,-425368,-427233,-431871,2,2,2,2
2025-08-21 11:55:17.983,-393753,-425375,-427244,-431625,2,2,2,2
2025-08-21 11:55:17.984,-393827,-425448,-427257,-448054,2,2,2,2
2025-08-21 11:55:17.984,-393760,-425447,-443638,-431636,2,2,2,2
2025-08-21 11:55:17.984,-393837,-425458,-427263,-448032,2,2,2,2
2025-08-21 11:55:17.984,-393807,-425463,-427263,-431652,2,2,2,2
2025-08-21 11:55:17.985,-393843,-425471,-427265,-431657,2,2,2,2
2025-08-21 11:55:17.985,-393850,-425232,-427278,-448118,2,2,2,2
2025-08-21 11:55:17.985,-393775,-425222,-443654,-431725,2,2,2,2
2025-08-21 11:55:17.986,-393849,-408845,-427279,-439924,2,2,2,2
2025-08-21 11:55:17.986,-393879,-425254,-427367,-448144,2,2,2,2
2025-08-21 11:55:17.986,-393926,-425333,-443769,-431839,2,2,2,2
2025-08-21 11:55:17.986,-393961,-425335,-427328,-431842,2,2,2,2
2025-08-21 11:55:17.987,-393973,-425411,-427403,-448235,2,2,2,2
2025-08-21 11:55:17.987,-393729,-425355,-427476,-431860,2,2,2,2
2025-08-21 11:55:17.987,-393982,-425352,-427475,-431856,2,2,2,2
2025-08-21 11:55:17.987,-393980,-425411,-427404,-448236,2,2,2,2
2025-08-21 11:55:17.988,-393965,-425330,-443768,-431769,2,2,2,2
2025-08-21 11:55:17.988,-393953,-425323,-427372,-431828,2,2,2,2
2025-08-21 11:55:17.988,-393960,-425266,-427383,-431841,2,2,2,2
2025-08-21 11:55:17.988,-393969,-425336,-427457,-431848,2,2,2,2
2025-08-21 11:55:17.989,-393971,-408893,-427399,-448235,2,2,2,2
2025-08-21 11:55:17.989,-393979,-425416,-427408,-448242,2,2,2,2
2025-08-21 11:55:17.989,-393732,-425360,-443804,-431868,2,2,2,2
2025-08-21 11:55:17.989,-393739,-408977,-427491,-440064,2,2,2,2
2025-08-21 11:55:17.990,-393739,-425362,-427491,-431867,2,2,2,2
2025-08-21 11:55:17.990,-393982,-425350,-443800,-431858,2,2,2,2
2025-08-21 11:55:17.990,-393978,-425345,-427472,-431853,2,2,2,2
2025-08-21 11:55:17.990,-393968,-425271,-427398,-448194,2,2,2,2
2025-08-21 11:55:17.991,-393950,-425314,-443762,-431758,2,2,2,2
2025-08-21 11:55:17.991,-393877,-425239,-427368,-431814,2,2,2,2
2025-08-21 11:55:17.991,-393865,-425227,-427293,-431674,2,2,2,2
2025-08-21 11:55:17.991,-393853,-425472,-427280,-431722,2,2,2,2
2025-08-21 11:55:17.992,-393847,-425466,-427273,-448065,2,2,2,2
2025-08-21 11:55:17.992,-393771,-425451,-443644,-431641,2,2,2,2
2025-08-21 11:55:17.992,-393829,-409031,-427256,-448023,2,2,2,2
2025-08-21 11:55:17.993,-393804,-425450,-427262,-431644,2,2,2,2
2025-08-21 11:55:17.993,-393849,-425463,-427275,-448074,2,2,2,2
2025-08-21 11:55:17.993,-393861,-425224,-427291,-431671,2,2,2,2
2025-08-21 11:55:17.994,-393792,-425221,-427286,-431730,2,2,2,2
2025-08-21 11:55:17.994,-393859,-408841,-427286,-448115,2,2,2,2
2025-08-21 11:55:17.994,-393927,-425229,-443674,-431734,2,2,2,2
2025-08-21 11:55:17.995,-393853,-425221,-427283,-431661,2,2,2,2
2025-08-21 11:55:17.995,-393858,-425227,-427289,-431669,2,2,2,2
2025-08-21 11:55:17.995,-393880,-425247,-427309,-431752,2,2,2,2
2025-08-21 11:55:17.995,-393959,-425260,-427387,-448184,2,2,2,2
2025-08-21 11:55:17.996,-393962,-425328,-443774,-431773,2,2,2,2
2025-08-21 11:55:17.996,-393967,-408953,-427396,-440037,2,2,2,2
2025-08-21 11:55:17.996,-393980,-425350,-427409,-431860,2,2,2,2
2025-08-21 11:55:17.996,-393977,-425346,-427474,-431860,2,2,2,2
2025-08-21 11:55:17.997,-393970,-425272,-427399,-448238,2,2,2,2
2025-08-21 11:55:17.997,-393964,-425333,-443775,-431845,2,2,2,2
2025-08-21 11:55:17.997,-393965,-425329,-443775,-431847,2,2,2,2
2025-08-21 11:55:17.997,-393956,-408934,-427384,-439964,2,2,2,2
2025-08-21 11:55:17.998,-393955,-425317,-427384,-431837,2,2,2,2
2025-08-21 11:55:17.998,-393958,-425326,-427460,-431847,2,2,2,2
2025-08-21 11:55:17.998,-393956,-425325,-427457,-431846,2,2,2,2
2025-08-21 11:55:17.998,-393882,-425249,-427384,-448217,2,2,2,2
2025-08-21 11:55:17.999,-393941,-425243,-443727,-431758,2,2,2,2
2025-08-21 11:55:17.999,-393876,-425240,-427375,-448140,2,2,2,2
2025-08-21 11:55:17.999,-393916,-425313,-427384,-431827,2,2,2,2
2025-08-21 11:55:17.999,-393888,-425321,-427328,-431770,2,2,2,2
2025-08-21 11:55:18.000,-393875,-425243,-427377,-448139,2,2,2,2
2025-08-21 11:55:18.000,-393788,-425221,-427291,-431731,2,2,2,2
2025-08-21 11:55:18.000,-393780,-425471,-443668,-431722,2,2,2,2
2025-08-21 11:55:18.000,-393834,-409079,-427278,-448097,2,2,2,2
2025-08-21 11:55:18.001,-393843,-425471,-443671,-431725,2,2,2,2
2025-08-21 11:55:18.001,-393850,-425220,-427292,-431666,2,2,2,2
2025-08-21 11:55:18.001,-393759,-409067,-427267,-431639,2,2,2,2
2025-08-21 11:55:18.001,-393746,-425441,-427252,-431628,2,2,2,2
2025-08-21 11:55:18.002,-393732,-425363,-427240,-431617,2,2,2,2
2025-08-21 11:55:18.002,-393700,-425265,-427140,-448190,2,2,2,2
2025-08-21 11:55:18.002,-393682,-425247,-443506,-431756,2,2,2,2
2025-08-21 11:55:18.003,-393602,-425231,-427106,-431675,2,2,2,2
2025-08-21 11:55:18.003,-393599,-425231,-427040,-431670,2,2,2,2
2025-08-21 11:55:18.003,-393608,-408859,-427113,-448126,2,2,2,2
2025-08-21 11:55:18.003,-393615,-425250,-427119,-448136,2,2,2,2
2025-08-21 11:55:18.004,-393696,-425331,-443517,-431767,2,2,2,2
2025-08-21 11:55:18.004,-393628,-408910,-427128,-439959,2,2,2,2
2025-08-21 11:55:18.004,-393627,-425324,-427123,-431830,2,2,2,2
2025-08-21 11:55:18.004,-393619,-425318,-427050,-431759,2,2,2,2
2025-08-21 11:55:18.005,-393625,-425321,-427054,-431771,2,2,2,2
2025-08-21 11:55:18.005,-393705,-425332,-443517,-431853,2,2,2,2
2025-08-21 11:55:18.005,-393707,-425330,-443518,-431854,2,2,2,2
2025-08-21 11:55:18.005,-393701,-408909,-427129,-440040,2,2,2,2
2025-08-21 11:55:18.006,-393677,-425332,-427136,-431859,2,2,2,2
2025-08-21 11:55:18.006,-393718,-425341,-443531,-431863,2,2,2,2
2025-08-21 11:55:18.006,-393719,-425279,-427147,-448242,2,2,2,2
2025-08-21 11:55:18.006,-393712,-425271,-427137,-431846,2,2,2,2
2025-08-21 11:55:18.007,-393715,-425333,-443586,-431846,2,2,2,2
2025-08-21 11:55:18.007,-393720,-425343,-427206,-431849,2,2,2,2
2025-08-21 11:55:18.007,-393728,-425353,-443537,-431859,2,2,2,2
2025-08-21 11:55:18.007,-393728,-425355,-443539,-431860,2,2,2,2
2025-08-21 11:55:18.008,-393731,-425420,-427155,-448243,2,2,2,2
2025-08-21 11:55:18.008,-393735,-425361,-427161,-431865,2,2,2,2
2025-08-21 11:55:18.008,-393741,-409015,-427167,-440064,2,2,2,2
2025-08-21 11:55:18.008,-393747,-409056,-427237,-448008,2,2,2,2
2025-08-21 11:55:18.009,-393748,-425376,-443619,-431621,2,2,2,2
2025-08-21 11:55:18.009,-393738,-425431,-427163,-431869,2,2,2,2
2025-08-21 11:55:18.009,-393740,-425367,-427235,-431617,2,2,2,2
2025-08-21 11:55:18.010,-393733,-409037,-427165,-448250,2,2,2,2
2025-08-21 11:55:18.010,-393729,-425358,-443549,-431864,2,2,2,2
2025-08-21 11:55:18.010,-393733,-425366,-443617,-431870,2,2,2,2
2025-08-21 11:55:18.010,-393722,-408969,-427159,-431863,2,2,2,2
2025-08-21 11:55:18.011,-393715,-425343,-427155,-431853,2,2,2,2
2025-08-21 11:55:18.011,-393724,-425353,-427230,-431866,2,2,2,2
2025-08-21 11:55:18.011,-393727,-425353,-427235,-431869,2,2,2,2
2025-08-21 11:55:18.011,-393717,-425278,-427159,-448208,2,2,2,2
2025-08-21 11:55:18.012,-393724,-425350,-443580,-431862,2,2,2,2
2025-08-21 11:55:18.012,-393718,-408895,-427160,-448243,2,2,2,2
2025-08-21 11:55:18.012,-393631,-425319,-427135,-431835,2,2,2,2
2025-08-21 11:55:18.012,-393612,-425236,-427051,-431748,2,2,2,2
2025-08-21 11:55:18.013,-393600,-425224,-427040,-448123,2,2,2,2
2025-08-21 11:55:18.013,-393527,-425214,-443414,-431731,2,2,2,2
2025-08-21 11:55:18.013,-393524,-425211,-443442,-431728,2,2,2,2
2025-08-21 11:55:18.013,-393603,-408843,-427040,-448125,2,2,2,2
2025-08-21 11:55:18.014,-393600,-425225,-427037,-431676,2,2,2,2
2025-08-21 11:55:18.014,-393515,-425201,-443400,-431719,2,2,2,2
2025-08-21 11:55:18.015,-393574,-408781,-427012,-439840,2,2,2,2
2025-08-21 11:55:18.015,-393503,-425193,-427009,-431640,2,2,2,2
2025-08-21 11:55:18.015,-393486,-425111,-443633,-431624,2,2,2,2
2025-08-21 11:55:18.016,-393722,-425154,-427164,-431603,2,2,2,2
2025-08-21 11:55:18.016,-393725,-408769,-427165,-447990,2,2,2,2
2025-08-21 11:55:18.016,-393718,-425085,-427223,-431598,2,2,2,2
2025-08-21 11:55:18.016,-393706,-425006,-427141,-447969,2,2,2,2
2025-08-21 11:55:18.017,-393704,-425068,-443519,-431517,2,2,2,2
2025-08-21 11:55:18.017,-393721,-408699,-427149,-439791,2,2,2,2
2025-08-21 11:55:18.017,-393475,-425097,-427158,-431610,2,2,2,2
2025-08-21 11:55:18.017,-393724,-425093,-427216,-431605,2,2,2,2
2025-08-21 11:55:18.018,-393702,-408619,-427128,-447904,2,2,2,2
2025-08-21 11:55:18.018,-393626,-424991,-427114,-447888,2,2,2,2
2025-08-21 11:55:18.018,-393681,-424981,-443460,-431494,2,2,2,2
2025-08-21 11:55:18.018,-393608,-408588,-427038,-439678,2,2,2,2
2025-08-21 11:55:18.019,-393614,-424978,-427111,-431559,2,2,2,2
2025-08-21 11:55:18.019,-393624,-424989,-427118,-447889,2,2,2,2
2025-08-21 11:55:18.019,-393699,-425067,-427064,-431515,2,2,2,2
2025-08-21 11:55:18.019,-393712,-425020,-427145,-447982,2,2,2,2
2025-08-21 11:55:18.020,-393710,-425085,-443531,-431599,2,2,2,2
2025-08-21 11:55:18.020,-393702,-408693,-427138,-439783,2,2,2,2
2025-08-21 11:55:18.020,-393677,-425081,-427142,-431592,2,2,2,2
2025-08-21 11:55:18.020,-393711,-425084,-427207,-431596,2,2,2,2
2025-08-21 11:55:18.021,-393701,-425011,-427137,-447942,2,2,2,2
2025-08-21 11:55:18.021,-393623,-408682,-427128,-439706,2,2,2,2
2025-08-21 11:55:18.021,-393679,-425059,-443440,-431504,2,2,2,2
2025-08-21 11:55:18.021,-393607,-408604,-427109,-447881,2,2,2,2
2025-08-21 11:55:18.022,-393604,-424985,-443490,-431490,2,2,2,2
2025-08-21 11:55:18.022,-393594,-424972,-427033,-431482,2,2,2,2
2025-08-21 11:55:18.022,-393592,-424971,-427033,-447803,2,2,2,2
2025-08-21 11:55:18.022,-393526,-424966,-443445,-431477,2,2,2,2
2025-08-21 11:55:18.023,-393597,-408587,-427029,-447863,2,2,2,2
2025-08-21 11:55:18.023,-393602,-424971,-427032,-447868,2,2,2,2
2025-08-21 11:55:18.023,-393528,-424963,-443409,-431470,2,2,2,2
2025-08-21 11:55:18.024,-393579,-425212,-427021,-431400,2,2,2,2
2025-08-21 11:55:18.024,-393592,-424970,-427032,-431415,2,2,2,2
2025-08-21 11:55:18.024,-393618,-424994,-427122,-447886,2,2,2,2
2025-08-21 11:55:18.024,-393679,-425087,-443534,-431594,2,2,2,2
2025-08-21 11:55:18.025,-393477,-408718,-427234,-448003,2,2,2,2
2025-08-21 11:55:18.025,-393497,-425188,-427253,-431638,2,2,2,2
2025-08-21 11:55:18.025,-393583,-425207,-427018,-431724,2,2,2,2
2025-08-21 11:55:18.026,-393586,-425206,-427020,-448110,2,2,2,2
2025-08-21 11:55:18.026,-393511,-425192,-443645,-431648,2,2,2,2
2025-08-21 11:55:18.026,-393506,-425186,-443637,-431638,2,2,2,2
2025-08-21 11:55:18.026,-393496,-425111,-427245,-431629,2,2,2,2
2025-08-21 11:55:18.027,-393500,-425120,-427253,-431636,2,2,2,2
2025-08-21 11:55:18.027,-393497,-425186,-427250,-448056,2,2,2,2
2025-08-21 11:55:18.027,-393488,-425119,-443596,-431639,2,2,2,2
2025-08-21 11:55:18.028,-393491,-408735,-427245,-439831,2,2,2,2
2025-08-21 11:55:18.028,-393521,-425116,-443628,-431638,2,2,2,2
2025-08-21 11:55:18.028,-393524,-425119,-427248,-431642,2,2,2,2
2025-08-21 11:55:18.028,-393498,-425190,-427255,-431644,2,2,2,2
2025-08-21 11:55:18.029,-393500,-425193,-427259,-448034,2,2,2,2
2025-08-21 11:55:18.029,-393581,-408833,-427023,-439931,2,2,2,2
2025-08-21 11:55:18.029,-393600,-408887,-427111,-439955,2,2,2,2
2025-08-21 11:55:18.029,-393605,-425246,-427114,-431832,2,2,2,2
2025-08-21 11:55:18.030,-393601,-425243,-427048,-431765,2,2,2,2
2025-08-21 11:55:18.030,-393670,-425240,-443462,-431764,2,2,2,2
2025-08-21 11:55:18.030,-393609,-425240,-427112,-431829,2,2,2,2
2025-08-21 11:55:18.030,-393535,-425234,-443422,-431757,2,2,2,2
2025-08-21 11:55:18.031,-393583,-408837,-427021,-448129,2,2,2,2
2025-08-21 11:55:18.031,-393514,-425215,-443399,-431740,2,2,2,2
2025-08-21 11:55:18.031,-393510,-425212,-443403,-431738,2,2,2,2
2025-08-21 11:55:18.032,-393584,-425218,-427025,-431678,2,2,2,2
2025-08-21 11:55:18.032,-393582,-425216,-427020,-431739,2,2,2,2
2025-08-21 11:55:18.032,-393577,-425208,-427013,-448117,2,2,2,2
2025-08-21 11:55:18.032,-393518,-425206,-443398,-431734,2,2,2,2
2025-08-21 11:55:18.033,-393601,-425227,-427036,-431815,2,2,2,2
2025-08-21 11:55:18.033,-393617,-425243,-427118,-431832,2,2,2,2
2025-08-21 11:55:18.033,-393631,-425325,-427070,-431851,2,2,2,2
2025-08-21 11:55:18.034,-393708,-425275,-427149,-448247,2,2,2,2
2025-08-21 11:55:18.034,-393755,-425448,-443643,-431714,2,2,2,2
2025-08-21 11:55:18.034,-393757,-409037,-427257,-439907,2,2,2,2
2025-08-21 11:55:18.035,-393792,-425456,-427261,-431654,2,2,2,2
2025-08-21 11:55:18.035,-393775,-425470,-443658,-431730,2,2,2,2
2025-08-21 11:55:18.035,-393848,-425220,-427281,-448121,2,2,2,2
2025-08-21 11:55:18.035,-393931,-425237,-443717,-431755,2,2,2,2
2025-08-21 11:55:18.036,-393879,-408896,-427380,-439960,2,2,2,2
2025-08-21 11:55:18.036,-393872,-408860,-427377,-448146,2,2,2,2
2025-08-21 11:55:18.036,-393863,-425234,-443748,-431751,2,2,2,2
2025-08-21 11:55:18.037,-393855,-425228,-427293,-448193,2,2,2,2
2025-08-21 11:55:18.037,-393786,-425223,-443672,-431742,2,2,2,2
2025-08-21 11:55:18.037,-393844,-409087,-427280,-448123,2,2,2,2
2025-08-21 11:55:18.037,-393834,-425458,-427270,-448114,2,2,2,2
2025-08-21 11:55:18.038,-393758,-425446,-443643,-431717,2,2,2,2
2025-08-21 11:55:18.038,-393746,-425371,-427250,-431642,2,2,2,2
2025-08-21 11:55:18.038,-393733,-425360,-427237,-431625,2,2,2,2
2025-08-21 11:55:18.038,-393710,-425339,-427150,-431856,2,2,2,2
2025-08-21 11:55:18.039,-393630,-425321,-427066,-431775,2,2,2,2
2025-08-21 11:55:18.039,-393686,-425318,-443508,-431770,2,2,2,2
2025-08-21 11:55:18.039,-393681,-425247,-443468,-431760,2,2,2,2
2025-08-21 11:55:18.039,-393605,-408853,-427108,-439945,2,2,2,2
2025-08-21 11:55:18.040,-393620,-425319,-427128,-431834,2,2,2,2
2025-08-21 11:55:18.040,-393631,-425265,-427139,-448199,2,2,2,2
2025-08-21 11:55:18.040,-393700,-425333,-427207,-431850,2,2,2,2
2025-08-21 11:55:18.040,-393714,-425413,-427157,-448249,2,2,2,2
2025-08-21 11:55:18.041,-393735,-425365,-443595,-431630,2,2,2,2
2025-08-21 11:55:18.041,-393796,-425458,-427273,-431660,2,2,2,2
2025-08-21 11:55:18.041,-393844,-425217,-427290,-431675,2,2,2,2
2025-08-21 11:55:18.041,-393851,-425221,-443747,-431743,2,2,2,2
2025-08-21 11:55:18.042,-393781,-425467,-443681,-431736,2,2,2,2
2025-08-21 11:55:18.042,-393774,-425460,-443673,-431727,2,2,2,2
2025-08-21 11:55:18.042,-393837,-409075,-427283,-448106,2,2,2,2
2025-08-21 11:55:18.043,-393798,-425455,-443661,-431652,2,2,2,2
2025-08-21 11:55:18.043,-393829,-425455,-427273,-448037,2,2,2,2
2025-08-21 11:55:18.043,-393881,-425320,-427387,-431832,2,2,2,2
2025-08-21 11:55:18.044,-393886,-408911,-427389,-448160,2,2,2,2
2025-08-21 11:55:18.044,-393884,-425318,-427318,-431772,2,2,2,2
2025-08-21 11:55:18.044,-393928,-425233,-443750,-431753,2,2,2,2
2025-08-21 11:55:18.045,-393836,-425461,-427275,-431659,2,2,2,2
2025-08-21 11:55:18.045,-393754,-425444,-427258,-431642,2,2,2,2
2025-08-21 11:55:18.045,-393748,-409057,-427253,-448020,2,2,2,2
2025-08-21 11:55:18.045,-393790,-425451,-443645,-431644,2,2,2,2
2025-08-21 11:55:18.046,-393741,-409019,-427245,-439822,2,2,2,2
2025-08-21 11:55:18.046,-393737,-425362,-427241,-431627,2,2,2,2
2025-08-21 11:55:18.046,-393735,-425359,-427236,-431627,2,2,2,2
2025-08-21 11:55:18.047,-393732,-425417,-427163,-448006,2,2,2,2
2025-08-21 11:55:18.047,-393716,-425343,-427151,-431863,2,2,2,2
2025-08-21 11:55:18.048,-393717,-425344,-427218,-431864,2,2,2,2
2025-08-21 11:55:18.048,-393719,-425409,-427154,-448243,2,2,2,2
2025-08-21 11:55:18.048,-393725,-425414,-427161,-448248,2,2,2,2
2025-08-21 11:55:18.048,-393740,-425363,-443593,-431620,2,2,2,2
2025-08-21 11:55:18.049,-393757,-409057,-427256,-439830,2,2,2,2
2025-08-21 11:55:18.049,-393825,-409031,-427261,-448028,2,2,2,2
2025-08-21 11:55:18.049,-393791,-425448,-427258,-431643,2,2,2,2
2025-08-21 11:55:18.049,-393756,-425448,-427256,-431645,2,2,2,2
2025-08-21 11:55:18.050,-393762,-425456,-443651,-431717,2,2,2,2
2025-08-21 11:55:18.050,-393777,-425470,-443698,-431728,2,2,2,2
2025-08-21 11:55:18.050,-393849,-408842,-427291,-439929,2,2,2,2
2025-08-21 11:55:18.050,-393843,-425222,-427288,-431676,2,2,2,2
2025-08-21 11:55:18.051,-393858,-425238,-427302,-431752,2,2,2,2
2025-08-21 11:55:18.051,-393881,-425261,-427387,-431838,2,2,2,2
2025-08-21 11:55:18.051,-393922,-425242,-443693,-431753,2,2,2,2
2025-08-21 11:55:18.052,-393844,-425227,-427364,-431674,2,2,2,2
2025-08-21 11:55:18.052,-393842,-425222,-443747,-431671,2,2,2,2
2025-08-21 11:55:18.052,-393846,-425227,-427303,-431738,2,2,2,2
2025-08-21 11:55:18.052,-393854,-425231,-427375,-448193,2,2,2,2
2025-08-21 11:55:18.053,-393792,-425233,-443728,-431752,2,2,2,2
2025-08-21 11:55:18.053,-393850,-425226,-427367,-448131,2,2,2,2
2025-08-21 11:55:18.053,-393842,-425219,-427293,-448126,2,2,2,2
2025-08-21 11:55:18.053,-393770,-425471,-443673,-431740,2,2,2,2
2025-08-21 11:55:18.054,-393750,-425455,-427273,-448078,2,2,2,2
2025-08-21 11:55:18.054,-393733,-425375,-427260,-431650,2,2,2,2
2025-08-21 11:55:18.054,-393733,-425370,-427259,-431646,2,2,2,2
2025-08-21 11:55:18.054,-393730,-425362,-427254,-431645,2,2,2,2
2025-08-21 11:55:18.055,-393730,-425360,-443636,-431645,2,2,2,2
2025-08-21 11:55:18.055,-393743,-408985,-427258,-439908,2,2,2,2
2025-08-21 11:55:18.055,-393759,-409063,-427271,-431733,2,2,2,2
2025-08-21 11:55:18.055,-393775,-425465,-443675,-431751,2,2,2,2
2025-08-21 11:55:18.056,-393842,-408833,-427292,-448134,2,2,2,2
2025-08-21 11:55:18.056,-393849,-425224,-427364,-448142,2,2,2,2
2025-08-21 11:55:18.056,-393790,-425231,-443758,-431768,2,2,2,2
2025-08-21 11:55:18.057,-393880,-425322,-427400,-431858,2,2,2,2
2025-08-21 11:55:18.057,-393884,-425325,-427472,-431856,2,2,2,2
2025-08-21 11:55:18.057,-393887,-425329,-427472,-431856,2,2,2,2
2025-08-21 11:55:18.057,-393878,-425251,-427397,-448195,2,2,2,2
2025-08-21 11:55:18.058,-393947,-425325,-443790,-431848,2,2,2,2
2025-08-21 11:55:18.058,-393960,-425338,-427484,-431858,2,2,2,2
2025-08-21 11:55:18.058,-393961,-425338,-427424,-431859,2,2,2,2
2025-08-21 11:55:18.058,-393963,-425341,-427490,-431860,2,2,2,2
2025-08-21 11:55:18.059,-393973,-425412,-427496,-448253,2,2,2,2
2025-08-21 11:55:18.059,-393970,-408960,-427496,-440058,2,2,2,2
2025-08-21 11:55:18.059,-393959,-425334,-443836,-431860,2,2,2,2
2025-08-21 11:55:18.059,-393882,-408908,-427407,-440044,2,2,2,2
2025-08-21 11:55:18.060,-393887,-425328,-427477,-431857,2,2,2,2
2025-08-21 11:55:18.060,-393954,-425330,-443800,-431858,2,2,2,2
2025-08-21 11:55:18.060,-393877,-425256,-427403,-448200,2,2,2,2
2025-08-21 11:55:18.060,-393944,-425324,-443792,-431853,2,2,2,2
2025-08-21 11:55:18.061,-393961,-408957,-427422,-440064,2,2,2,2
2025-08-21 11:55:18.061,-393976,-425414,-427495,-448264,2,2,2,2
2025-08-21 11:55:18.061,-393935,-425343,-443803,-431875,2,2,2,2
2025-08-21 11:55:18.061,-393887,-425330,-427467,-431861,2,2,2,2
2025-08-21 11:55:18.062,-393956,-425273,-427407,-448250,2,2,2,2
2025-08-21 11:55:18.062,-393967,-425345,-443866,-431877,2,2,2,2
2025-08-21 11:55:18.062,-393970,-408964,-427424,-448265,2,2,2,2
2025-08-21 11:55:18.062,-393734,-425432,-427512,-448286,2,2,2,2
2025-08-21 11:55:18.063,-393758,-425455,-443664,-431992,2,2,2,2
2025-08-21 11:55:18.063,-393760,-425453,-427282,-448314,2,2,2,2
2025-08-21 11:55:18.063,-393828,-425451,-427285,-431928,2,2,2,2
2025-08-21 11:55:18.063,-393774,-425460,-427293,-432000,2,2,2,2
2025-08-21 11:55:18.064,-393840,-409082,-427361,-448388,2,2,2,2
2025-08-21 11:55:18.064,-393775,-425469,-443746,-432004,2,2,2,2
2025-08-21 11:55:18.064,-393844,-409093,-427366,-440196,2,2,2,2
2025-08-21 11:55:18.065,-393837,-425467,-427294,-431935,2,2,2,2
2025-08-21 11:55:18.065,-393841,-425471,-427361,-431936,2,2,2,2
2025-08-21 11:55:18.065,-393847,-425476,-427365,-448390,2,2,2,2
2025-08-21 11:55:18.065,-393847,-425475,-427367,-448391,2,2,2,2
2025-08-21 11:55:18.066,-393789,-425478,-443725,-432012,2,2,2,2
2025-08-21 11:55:18.066,-393866,-425493,-427386,-432085,2,2,2,2
2025-08-21 11:55:18.066,-393927,-425492,-427321,-432018,2,2,2,2
2025-08-21 11:55:18.066,-393857,-425483,-427317,-432011,2,2,2,2
2025-08-21 11:55:18.067,-393865,-425490,-427386,-448433,2,2,2,2
2025-08-21 11:55:18.067,-393934,-425494,-443776,-432025,2,2,2,2
2025-08-21 11:55:18.067,-393881,-409187,-427405,-440295,2,2,2,2
2025-08-21 11:55:18.067,-393955,-409162,-427415,-448497,2,2,2,2
2025-08-21 11:55:18.068,-393964,-425591,-427491,-432126,2,2,2,2
2025-08-21 11:55:18.068,-393961,-425516,-427418,-448499,2,2,2,2
2025-08-21 11:55:18.068,-393959,-425576,-443796,-432110,2,2,2,2
2025-08-21 11:55:18.068,-393953,-425504,-443788,-432101,2,2,2,2
2025-08-21 11:55:18.069,-393886,-409147,-427397,-440224,2,2,2,2
2025-08-21 11:55:18.069,-393881,-425495,-427328,-432029,2,2,2,2
2025-08-21 11:55:18.069,-393930,-425483,-443764,-432015,2,2,2,2
2025-08-21 11:55:18.070,-393839,-425456,-427286,-431927,2,2,2,2
2025-08-21 11:55:18.070,-393834,-425453,-427280,-431987,2,2,2,2
2025-08-21 11:55:18.070,-393834,-409069,-427282,-448372,2,2,2,2
2025-08-21 11:55:18.070,-393799,-425447,-443659,-431915,2,2,2,2
2025-08-21 11:55:18.071,-393756,-425372,-427516,-431900,2,2,2,2
2025-08-21 11:55:18.071,-393731,-425350,-427491,-431880,2,2,2,2
2025-08-21 11:55:18.071,-393957,-425325,-427464,-431855,2,2,2,2
2025-08-21 11:55:18.072,-393906,-425241,-427382,-431836,2,2,2,2
2025-08-21 11:55:18.072,-393931,-425228,-443726,-431765,2,2,2,2
2025-08-21 11:55:18.072,-393852,-425470,-427295,-431813,2,2,2,2
2025-08-21 11:55:18.073,-393779,-425464,-427288,-431742,2,2,2,2
2025-08-21 11:55:18.073,-393825,-425448,-427270,-448078,2,2,2,2
2025-08-21 11:55:18.073,-393755,-425446,-427265,-448070,2,2,2,2
2025-08-21 11:55:18.073,-393737,-425364,-443633,-431637,2,2,2,2
2025-08-21 11:55:18.074,-393707,-408950,-427154,-431863,2,2,2,2
2025-08-21 11:55:18.074,-393628,-408873,-427142,-448232,2,2,2,2
2025-08-21 11:55:18.074,-393620,-425317,-427201,-431776,2,2,2,2
2025-08-21 11:55:18.074,-393616,-425250,-427133,-448156,2,2,2,2
2025-08-21 11:55:18.075,-393678,-425248,-443518,-431773,2,2,2,2
2025-08-21 11:55:18.075,-393608,-425241,-427131,-431831,2,2,2,2
2025-08-21 11:55:18.075,-393603,-408887,-427128,-439958,2,2,2,2
2025-08-21 11:55:18.075,-393611,-425244,-427141,-431836,2,2,2,2
2025-08-21 11:55:18.076,-393604,-425232,-427132,-448149,2,2,2,2
2025-08-21 11:55:18.076,-393597,-425223,-427122,-448141,2,2,2,2
2025-08-21 11:55:18.076,-393522,-425211,-443464,-431746,2,2,2,2
2025-08-21 11:55:18.076,-393596,-408837,-427120,-439946,2,2,2,2
2025-08-21 11:55:18.077,-393598,-425222,-427122,-431819,2,2,2,2
2025-08-21 11:55:18.077,-393606,-425226,-427062,-431755,2,2,2,2
2025-08-21 11:55:18.077,-393625,-425241,-427207,-431775,2,2,2,2
2025-08-21 11:55:18.077,-393694,-425246,-443530,-431843,2,2,2,2
2025-08-21 11:55:18.078,-393700,-408935,-427153,-431850,2,2,2,2
2025-08-21 11:55:18.078,-393707,-425331,-427159,-431856,2,2,2,2
2025-08-21 11:55:18.078,-393724,-425348,-427239,-431868,2,2,2,2
2025-08-21 11:55:18.078,-393736,-425360,-427254,-431625,2,2,2,2
2025-08-21 11:55:18.079,-393734,-425423,-427252,-448007,2,2,2,2
2025-08-21 11:55:18.079,-393732,-408975,-427249,-439817,2,2,2,2
2025-08-21 11:55:18.079,-393736,-425363,-443637,-431635,2,2,2,2
2025-08-21 11:55:18.079,-393722,-409026,-427241,-448005,2,2,2,2
2025-08-21 11:55:18.080,-393718,-425339,-427238,-431871,2,2,2,2
2025-08-21 11:55:18.080,-393731,-425351,-443639,-431632,2,2,2,2
2025-08-21 11:55:18.080,-393748,-425432,-427272,-448036,2,2,2,2
2025-08-21 11:55:18.080,-393759,-425444,-443665,-431727,2,2,2,2
2025-08-21 11:55:18.081,-393758,-409026,-427282,-448109,2,2,2,2
2025-08-21 11:55:18.081,-393757,-425374,-427277,-431720,2,2,2,2
2025-08-21 11:55:18.081,-393763,-425443,-443667,-431724,2,2,2,2
2025-08-21 11:55:18.081,-393836,-425453,-427295,-448118,2,2,2,2
2025-08-21 11:55:18.082,-393771,-425449,-443709,-431730,2,2,2,2
2025-08-21 11:55:18.082,-393766,-425446,-427286,-431721,2,2,2,2
2025-08-21 11:55:18.082,-393830,-409062,-427284,-448103,2,2,2,2
2025-08-21 11:55:18.082,-393768,-425446,-443667,-431721,2,2,2,2
2025-08-21 11:55:18.083,-393826,-408991,-427280,-439908,2,2,2,2
2025-08-21 11:55:18.083,-393752,-425362,-427268,-431642,2,2,2,2
2025-08-21 11:55:18.083,-393747,-408971,-427262,-448018,2,2,2,2
2025-08-21 11:55:18.084,-393780,-425358,-443645,-431634,2,2,2,2
2025-08-21 11:55:18.084,-393763,-425374,-443657,-431714,2,2,2,2
2025-08-21 11:55:18.084,-393759,-408990,-427264,-439837,2,2,2,2
2025-08-21 11:55:18.084,-393730,-408966,-427235,-439811,2,2,2,2
2025-08-21 11:55:18.085,-393721,-425348,-427230,-431871,2,2,2,2
2025-08-21 11:55:18.085,-393747,-425437,-427252,-448055,2,2,2,2
2025-08-21 11:55:18.085,-393768,-425457,-443658,-431725,2,2,2,2
2025-08-21 11:55:18.086,-393849,-408833,-427293,-439930,2,2,2,2
2025-08-21 11:55:18.086,-393849,-425469,-427290,-431735,2,2,2,2
2025-08-21 11:55:18.086,-393841,-425463,-427281,-431727,2,2,2,2
2025-08-21 11:55:18.086,-393832,-425455,-427268,-448068,2,2,2,2
2025-08-21 11:55:18.087,-393833,-425453,-427265,-448039,2,2,2,2
2025-08-21 11:55:18.087,-393830,-409039,-427265,-448102,2,2,2,2
2025-08-21 11:55:18.087,-393752,-409030,-427252,-439836,2,2,2,2
2025-08-21 11:55:18.087,-393733,-409045,-427234,-448015,2,2,2,2
2025-08-21 11:55:18.088,-393723,-425350,-427225,-431621,2,2,2,2
2025-08-21 11:55:18.088,-393709,-425274,-427150,-431864,2,2,2,2
2025-08-21 11:55:18.088,-393705,-425268,-427148,-431859,2,2,2,2
2025-08-21 11:55:18.088,-393702,-425331,-443597,-431862,2,2,2,2
2025-08-21 11:55:18.089,-393699,-408878,-427144,-448240,2,2,2,2
2025-08-21 11:55:18.089,-393714,-425275,-427156,-448249,2,2,2,2
2025-08-21 11:55:18.090,-393714,-425340,-443603,-431863,2,2,2,2
2025-08-21 11:55:18.090,-393709,-425340,-427221,-431862,2,2,2,2
2025-08-21 11:55:18.090,-393680,-425340,-427161,-431861,2,2,2,2
2025-08-21 11:55:18.090,-393706,-425330,-443536,-431850,2,2,2,2
2025-08-21 11:55:18.091,-393631,-408900,-427143,-439965,2,2,2,2
2025-08-21 11:55:18.091,-393706,-425329,-427222,-431850,2,2,2,2
2025-08-21 11:55:18.091,-393705,-425330,-427225,-431850,2,2,2,2
2025-08-21 11:55:18.092,-393714,-425272,-427165,-448242,2,2,2,2
2025-08-21 11:55:18.092,-393727,-425352,-443590,-431871,2,2,2,2
2025-08-21 11:55:18.092,-393739,-425433,-427253,-431632,2,2,2,2
2025-08-21 11:55:18.092,-393736,-425368,-427251,-431631,2,2,2,2
2025-08-21 11:55:18.093,-393734,-425366,-427249,-431630,2,2,2,2
2025-08-21 11:55:18.093,-393764,-425454,-443659,-431720,2,2,2,2
2025-08-21 11:55:18.093,-393764,-425453,-443661,-431721,2,2,2,2
2025-08-21 11:55:18.094,-393827,-425451,-427275,-431655,2,2,2,2
2025-08-21 11:55:18.094,-393759,-425448,-427272,-431720,2,2,2,2
2025-08-21 11:55:18.094,-393830,-425450,-427273,-431726,2,2,2,2
2025-08-21 11:55:18.094,-393842,-425459,-427285,-448119,2,2,2,2
2025-08-21 11:55:18.095,-393791,-425472,-443714,-431748,2,2,2,2
2025-08-21 11:55:18.095,-393865,-425233,-427377,-431825,2,2,2,2
2025-08-21 11:55:18.095,-393852,-425221,-427369,-431813,2,2,2,2
2025-08-21 11:55:18.095,-393801,-425456,-427286,-431665,2,2,2,2
2025-08-21 11:55:18.096,-393755,-425375,-427268,-431713,2,2,2,2
2025-08-21 11:55:18.096,-393754,-425438,-427268,-448032,2,2,2,2
2025-08-21 11:55:18.096,-393747,-425366,-443643,-431641,2,2,2,2
2025-08-21 11:55:18.096,-393748,-409018,-427260,-439833,2,2,2,2
2025-08-21 11:55:18.097,-393781,-425372,-427262,-431641,2,2,2,2
2025-08-21 11:55:18.097,-393747,-425373,-443645,-431638,2,2,2,2
2025-08-21 11:55:18.097,-393725,-425419,-427254,-431624,2,2,2,2
2025-08-21 11:55:18.098,-393706,-425332,-443612,-431862,2,2,2,2
2025-08-21 11:55:18.098,-393623,-425314,-427144,-431846,2,2,2,2
2025-08-21 11:55:18.098,-393611,-425240,-443515,-431771,2,2,2,2
2025-08-21 11:55:18.099,-393707,-425267,-427156,-448246,2,2,2,2
2025-08-21 11:55:18.099,-393744,-425371,-443640,-431643,2,2,2,2
2025-08-21 11:55:18.099,-393833,-425458,-427278,-431732,2,2,2,2
2025-08-21 11:55:18.099,-393837,-425462,-427280,-448121,2,2,2,2
2025-08-21 11:55:18.100,-393766,-425457,-443659,-431729,2,2,2,2
2025-08-21 11:55:18.100,-393744,-409026,-427263,-439905,2,2,2,2
2025-08-21 11:55:18.100,-393744,-425443,-427264,-431649,2,2,2,2
2025-08-21 11:55:18.100,-393739,-425370,-427260,-431645,2,2,2,2
2025-08-21 11:55:18.101,-393715,-409025,-427236,-448004,2,2,2,2
2025-08-21 11:55:18.101,-393708,-425331,-443575,-431865,2,2,2,2
2025-08-21 11:55:18.101,-393694,-425314,-443524,-431847,2,2,2,2
2025-08-21 11:55:18.101,-393627,-408864,-427136,-440038,2,2,2,2
2025-08-21 11:55:18.102,-393701,-425325,-427148,-431857,2,2,2,2
2025-08-21 11:55:18.102,-393714,-425338,-427230,-431620,2,2,2,2
2025-08-21 11:55:18.102,-393732,-425423,-427255,-448054,2,2,2,2
2025-08-21 11:55:18.102,-393753,-425376,-443660,-431718,2,2,2,2
2025-08-21 11:55:18.103,-393869,-425237,-427388,-431835,2,2,2,2
2025-08-21 11:55:18.103,-393911,-425314,-427397,-431845,2,2,2,2
2025-08-21 11:55:18.103,-393865,-425238,-427322,-431770,2,2,2,2
2025-08-21 11:55:18.104,-393848,-425222,-427370,-448137,2,2,2,2
2025-08-21 11:55:18.104,-393768,-425461,-443668,-431733,2,2,2,2
2025-08-21 11:55:18.104,-393753,-425448,-443651,-431720,2,2,2,2
2025-08-21 11:55:18.104,-393741,-425374,-427255,-431647,2,2,2,2
2025-08-21 11:55:18.105,-393738,-425371,-427254,-431647,2,2,2,2
2025-08-21 11:55:18.105,-393722,-425356,-443591,-431630,2,2,2,2
2025-08-21 11:55:18.105,-393698,-425266,-427150,-448242,2,2,2,2
2025-08-21 11:55:18.105,-393681,-425313,-443519,-431775,2,2,2,2
2025-08-21 11:55:18.106,-393610,-408892,-427132,-439963,2,2,2,2
2025-08-21 11:55:18.106,-393609,-425243,-427067,-431771,2,2,2,2
2025-08-21 11:55:18.106,-393614,-425244,-427067,-431775,2,2,2,2
2025-08-21 11:55:18.106,-393617,-425248,-427134,-448194,2,2,2,2
2025-08-21 11:55:18.107,-393666,-425234,-443471,-431766,2,2,2,2
2025-08-21 11:55:18.107,-393577,-425213,-427029,-431740,2,2,2,2
2025-08-21 11:55:18.107,-393578,-408828,-427028,-448122,2,2,2,2
2025-08-21 11:55:18.107,-393587,-425219,-443416,-431744,2,2,2,2
2025-08-21 11:55:18.108,-393532,-425229,-443490,-431752,2,2,2,2
2025-08-21 11:55:18.108,-393606,-408887,-427115,-439954,2,2,2,2
2025-08-21 11:55:18.108,-393602,-425237,-427112,-431823,2,2,2,2
2025-08-21 11:55:18.108,-393596,-408846,-427040,-448139,2,2,2,2
2025-08-21 11:55:18.109,-393592,-425224,-427036,-448133,2,2,2,2
2025-08-21 11:55:18.109,-393503,-425203,-427014,-431664,2,2,2,2
2025-08-21 11:55:18.110,-393496,-425198,-427264,-431659,2,2,2,2
2025-08-21 11:55:18.110,-393569,-425203,-427015,-448118,2,2,2,2
2025-08-21 11:55:18.110,-393578,-425215,-427025,-448124,2,2,2,2
2025-08-21 11:55:18.110,-393528,-425229,-443455,-431751,2,2,2,2
2025-08-21 11:55:18.111,-393607,-408861,-427121,-439960,2,2,2,2
2025-08-21 11:55:18.111,-393614,-408903,-427130,-448229,2,2,2,2
2025-08-21 11:55:18.111,-393609,-425316,-427058,-431842,2,2,2,2
2025-08-21 11:55:18.111,-393594,-425241,-427110,-448181,2,2,2,2
2025-08-21 11:55:18.112,-393594,-425236,-427112,-448179,2,2,2,2
2025-08-21 11:55:18.112,-393604,-425243,-427126,-431837,2,2,2,2
2025-08-21 11:55:18.112,-393616,-425315,-427135,-431847,2,2,2,2
2025-08-21 11:55:18.112,-393651,-425319,-427139,-431850,2,2,2,2
2025-08-21 11:55:18.113,-393622,-425322,-427210,-431854,2,2,2,2
2025-08-21 11:55:18.113,-393705,-425277,-427163,-448256,2,2,2,2
2025-08-21 11:55:18.113,-393729,-425370,-443637,-431646,2,2,2,2
2025-08-21 11:55:18.113,-393755,-425458,-443660,-431737,2,2,2,2
2025-08-21 11:55:18.114,-393842,-408838,-427361,-448138,2,2,2,2
2025-08-21 11:55:18.114,-393837,-425223,-427297,-431748,2,2,2,2
2025-08-21 11:55:18.114,-393751,-425459,-427279,-448080,2,2,2,2
2025-08-21 11:55:18.114,-393747,-425454,-427274,-448041,2,2,2,2
2025-08-21 11:55:18.115,-393740,-425444,-443650,-431645,2,2,2,2
2025-08-21 11:55:18.115,-393742,-409030,-427270,-439838,2,2,2,2
2025-08-21 11:55:18.115,-393738,-425441,-427268,-431643,2,2,2,2
2025-08-21 11:55:18.115,-393726,-425370,-443643,-431635,2,2,2,2
2025-08-21 11:55:18.116,-393734,-425443,-427265,-431644,2,2,2,2
2025-08-21 11:55:18.116,-393736,-425448,-443651,-431713,2,2,2,2
2025-08-21 11:55:18.116,-393736,-409058,-427259,-448028,2,2,2,2
2025-08-21 11:55:18.117,-393738,-425374,-443640,-431642,2,2,2,2
2025-08-21 11:55:18.117,-393743,-425437,-427256,-431646,2,2,2,2
2025-08-21 11:55:18.117,-393750,-409063,-427264,-431720,2,2,2,2
2025-08-21 11:55:18.117,-393755,-425450,-427266,-431661,2,2,2,2
2025-08-21 11:55:18.118,-393756,-425450,-427262,-431727,2,2,2,2
2025-08-21 11:55:18.118,-393752,-425446,-443642,-431721,2,2,2,2
2025-08-21 11:55:18.118,-393737,-425371,-443630,-431645,2,2,2,2
2025-08-21 11:55:18.119,-393719,-425350,-427158,-431621,2,2,2,2
2025-08-21 11:55:18.119,-393704,-425268,-427140,-448245,2,2,2,2
2025-08-21 11:55:18.119,-393608,-408848,-427105,-448150,2,2,2,2
2025-08-21 11:55:18.119,-393570,-425196,-427260,-448078,2,2,2,2
2025-08-21 11:55:18.120,-393506,-425197,-443648,-431725,2,2,2,2
2025-08-21 11:55:18.120,-393573,-408782,-427013,-448111,2,2,2,2
2025-08-21 11:55:18.120,-393496,-425189,-427262,-431656,2,2,2,2
2025-08-21 11:55:18.120,-393487,-425114,-427257,-431715,2,2,2,2
2025-08-21 11:55:18.121,-393500,-425187,-427010,-448113,2,2,2,2
2025-08-21 11:55:18.121,-393586,-408826,-427032,-431751,2,2,2,2
2025-08-21 11:55:18.121,-393674,-425235,-443471,-431772,2,2,2,2
2025-08-21 11:55:18.121,-393625,-408897,-427126,-440038,2,2,2,2
2025-08-21 11:55:18.122,-393699,-425322,-427069,-431852,2,2,2,2
2025-08-21 11:55:18.122,-393679,-425242,-443502,-431770,2,2,2,2
2025-08-21 11:55:18.122,-393613,-425242,-427115,-448185,2,2,2,2
2025-08-21 11:55:18.122,-393688,-425319,-443508,-431846,2,2,2,2
2025-08-21 11:55:18.123,-393626,-408912,-427132,-440045,2,2,2,2
2025-08-21 11:55:18.123,-393701,-408889,-427146,-448246,2,2,2,2
2025-08-21 11:55:18.123,-393713,-425344,-443542,-431868,2,2,2,2
2025-08-21 11:55:18.123,-393717,-425343,-427222,-431871,2,2,2,2
2025-08-21 11:55:18.124,-393711,-425272,-427153,-448248,2,2,2,2
2025-08-21 11:55:18.124,-393685,-425247,-443447,-431771,2,2,2,2
2025-08-21 11:55:18.124,-393604,-408847,-427110,-439949,2,2,2,2
2025-08-21 11:55:18.124,-393609,-425235,-427120,-431825,2,2,2,2
2025-08-21 11:55:18.125,-393604,-425229,-427056,-431754,2,2,2,2
2025-08-21 11:55:18.125,-393530,-425219,-443460,-431742,2,2,2,2
2025-08-21 11:55:18.125,-393583,-425210,-427033,-431671,2,2,2,2
2025-08-21 11:55:18.125,-393527,-425218,-443422,-431746,2,2,2,2
2025-08-21 11:55:18.126,-393609,-408858,-427121,-448151,2,2,2,2
2025-08-21 11:55:18.126,-393621,-425323,-427069,-431845,2,2,2,2
2025-08-21 11:55:18.126,-393626,-425265,-427145,-448234,2,2,2,2
2025-08-21 11:55:18.127,-393628,-425328,-427143,-431852,2,2,2,2
2025-08-21 11:55:18.127,-393627,-425326,-427208,-431856,2,2,2,2
2025-08-21 11:55:18.127,-393699,-425271,-427152,-448247,2,2,2,2
2025-08-21 11:55:18.127,-393701,-425332,-443534,-431861,2,2,2,2
2025-08-21 11:55:18.128,-393719,-408962,-427163,-439813,2,2,2,2
2025-08-21 11:55:18.128,-393733,-425364,-427243,-431633,2,2,2,2
2025-08-21 11:55:18.128,-393746,-409061,-427261,-448097,2,2,2,2
2025-08-21 11:55:18.129,-393826,-425457,-427272,-448113,2,2,2,2
2025-08-21 11:55:18.129,-393757,-425451,-427264,-431665,2,2,2,2
2025-08-21 11:55:18.129,-393769,-425460,-443656,-431741,2,2,2,2
2025-08-21 11:55:18.130,-393844,-425469,-427282,-431754,2,2,2,2
2025-08-21 11:55:18.130,-393846,-425217,-427284,-448141,2,2,2,2
2025-08-21 11:55:18.130,-393792,-425231,-443680,-431767,2,2,2,2
2025-08-21 11:55:18.131,-393857,-408841,-427365,-439958,2,2,2,2
2025-08-21 11:55:18.131,-393853,-425221,-427363,-431822,2,2,2,2
2025-08-21 11:55:18.131,-393846,-425464,-427285,-431745,2,2,2,2
2025-08-21 11:55:18.131,-393761,-425446,-443652,-431725,2,2,2,2
2025-08-21 11:55:18.132,-393763,-425445,-443651,-431724,2,2,2,2
2025-08-21 11:55:18.132,-393745,-409040,-427247,-448026,2,2,2,2
2025-08-21 11:55:18.132,-393727,-425343,-427165,-431624,2,2,2,2
2025-08-21 11:55:18.132,-393715,-425334,-427217,-431864,2,2,2,2
2025-08-21 11:55:18.133,-393726,-425279,-427160,-448254,2,2,2,2
2025-08-21 11:55:18.133,-393749,-425370,-443632,-431634,2,2,2,2
2025-08-21 11:55:18.133,-393751,-425373,-443636,-431639,2,2,2,2
2025-08-21 11:55:18.133,-393748,-409020,-427248,-448024,2,2,2,2
2025-08-21 11:55:18.134,-393749,-425437,-427247,-448027,2,2,2,2
2025-08-21 11:55:18.134,-393749,-425367,-443596,-431640,2,2,2,2
2025-08-21 11:55:18.134,-393736,-425415,-427168,-431625,2,2,2,2
2025-08-21 11:55:18.135,-393739,-408971,-427236,-439818,2,2,2,2
2025-08-21 11:55:18.135,-393745,-425364,-443625,-431634,2,2,2,2
2025-08-21 11:55:18.135,-393794,-425450,-443644,-431720,2,2,2,2
2025-08-21 11:55:18.136,-393852,-425221,-427286,-448197,2,2,2,2
2025-08-21 11:55:18.136,-393878,-425245,-427315,-431776,2,2,2,2
2025-08-21 11:55:18.136,-393959,-408947,-427399,-448246,2,2,2,2
2025-08-21 11:55:18.136,-393928,-425336,-427403,-431867,2,2,2,2
2025-08-21 11:55:18.137,-393956,-425329,-443780,-431862,2,2,2,2
2025-08-21 11:55:18.137,-393958,-425323,-443777,-431860,2,2,2,2
2025-08-21 11:55:18.137,-393962,-425332,-427398,-431865,2,2,2,2
2025-08-21 11:55:18.137,-393970,-425338,-427467,-431868,2,2,2,2
2025-08-21 11:55:18.138,-393729,-425353,-427482,-431879,2,2,2,2
2025-08-21 11:55:18.138,-393983,-425414,-427415,-448263,2,2,2,2
2025-08-21 11:55:18.138,-393980,-408958,-427409,-440066,2,2,2,2
2025-08-21 11:55:18.139,-393739,-425359,-427491,-431891,2,2,2,2
2025-08-21 11:55:18.139,-393783,-425376,-443888,-431969,2,2,2,2
2025-08-21 11:55:18.139,-393755,-425449,-427510,-448326,2,2,2,2
2025-08-21 11:55:18.139,-393759,-425454,-427517,-448333,2,2,2,2
2025-08-21 11:55:18.140,-393766,-425465,-443656,-431992,2,2,2,2
2025-08-21 11:55:18.140,-393833,-425465,-427275,-431932,2,2,2,2
2025-08-21 11:55:18.140,-393752,-425450,-427516,-431979,2,2,2,2
2025-08-21 11:55:18.140,-393739,-425372,-427501,-431901,2,2,2,2
2025-08-21 11:55:18.141,-393739,-425436,-427496,-448314,2,2,2,2
2025-08-21 11:55:18.141,-393983,-408977,-427422,-440082,2,2,2,2
2025-08-21 11:55:18.141,-393966,-425343,-443849,-431869,2,2,2,2
2025-08-21 11:55:18.141,-393967,-408958,-427399,-448257,2,2,2,2
2025-08-21 11:55:18.142,-393935,-425338,-443781,-431867,2,2,2,2
2025-08-21 11:55:18.142,-393887,-425260,-427390,-448207,2,2,2,2
2025-08-21 11:55:18.142,-393883,-425255,-427385,-448235,2,2,2,2
2025-08-21 11:55:18.142,-393930,-425239,-443716,-431768,2,2,2,2
2025-08-21 11:55:18.143,-393852,-408841,-427288,-448138,2,2,2,2
2025-08-21 11:55:18.143,-393857,-425230,-427295,-448146,2,2,2,2
2025-08-21 11:55:18.143,-393853,-425229,-427295,-431761,2,2,2,2
2025-08-21 11:55:18.144,-393841,-425220,-427284,-431810,2,2,2,2
2025-08-21 11:55:18.144,-393833,-425468,-427278,-431675,2,2,2,2
2025-08-21 11:55:18.144,-393801,-425465,-427278,-431673,2,2,2,2
2025-08-21 11:55:18.144,-393797,-425462,-443662,-431738,2,2,2,2
2025-08-21 11:55:18.145,-393751,-425454,-427268,-431666,2,2,2,2
2025-08-21 11:55:18.145,-393740,-425450,-427265,-431661,2,2,2,2
2025-08-21 11:55:18.145,-393741,-425451,-427265,-431726,2,2,2,2
2025-08-21 11:55:18.146,-393756,-425463,-427274,-448119,2,2,2,2
2025-08-21 11:55:18.146,-393839,-425228,-427290,-431752,2,2,2,2
2025-08-21 11:55:18.146,-393881,-425324,-427389,-431850,2,2,2,2
2025-08-21 11:55:18.147,-393949,-425331,-427463,-431855,2,2,2,2
2025-08-21 11:55:18.147,-393886,-425270,-427402,-448207,2,2,2,2
2025-08-21 11:55:18.147,-393877,-425263,-427395,-448202,2,2,2,2
2025-08-21 11:55:18.147,-393934,-425315,-443769,-431776,2,2,2,2
2025-08-21 11:55:18.148,-393869,-408861,-427382,-439967,2,2,2,2
2025-08-21 11:55:18.148,-393859,-425235,-427371,-431829,2,2,2,2
2025-08-21 11:55:18.148,-393861,-425237,-427309,-431770,2,2,2,2
2025-08-21 11:55:18.148,-393856,-425234,-427369,-448181,2,2,2,2
2025-08-21 11:55:18.149,-393787,-425230,-443747,-431760,2,2,2,2
2025-08-21 11:55:18.149,-393848,-408844,-427296,-439948,2,2,2,2
2025-08-21 11:55:18.149,-393855,-408847,-427368,-439959,2,2,2,2
2025-08-21 11:55:18.149,-393856,-425227,-427368,-431832,2,2,2,2
2025-08-21 11:55:18.150,-393854,-425223,-427363,-448146,2,2,2,2
2025-08-21 11:55:18.150,-393856,-425227,-427366,-431826,2,2,2,2
2025-08-21 11:55:18.150,-393922,-425228,-443720,-431764,2,2,2,2
2025-08-21 11:55:18.150,-393836,-409080,-427286,-439939,2,2,2,2
2025-08-21 11:55:18.151,-393753,-425444,-427268,-431666,2,2,2,2
2025-08-21 11:55:18.151,-393742,-425442,-427265,-431723,2,2,2,2
2025-08-21 11:55:18.151,-393758,-425455,-443660,-431737,2,2,2,2
2025-08-21 11:55:18.152,-393759,-425456,-443661,-431737,2,2,2,2
2025-08-21 11:55:18.152,-393750,-425450,-427272,-448115,2,2,2,2
2025-08-21 11:55:18.152,-393741,-425448,-427270,-431668,2,2,2,2
2025-08-21 11:55:18.152,-393742,-425447,-427269,-431730,2,2,2,2
2025-08-21 11:55:18.153,-393744,-425446,-427270,-448119,2,2,2,2
2025-08-21 11:55:18.153,-393755,-409075,-427281,-439936,2,2,2,2
2025-08-21 11:55:18.153,-393833,-409087,-427295,-439946,2,2,2,2
2025-08-21 11:55:18.153,-393808,-425220,-427364,-431824,2,2,2,2
2025-08-21 11:55:18.154,-393799,-425469,-443675,-431750,2,2,2,2
2025-08-21 11:55:18.154,-393768,-425470,-443704,-431751,2,2,2,2
2025-08-21 11:55:18.154,-393760,-425464,-427278,-431677,2,2,2,2
2025-08-21 11:55:18.155,-393841,-408839,-427294,-448138,2,2,2,2
2025-08-21 11:55:18.155,-393779,-425223,-443679,-431755,2,2,2,2
2025-08-21 11:55:18.155,-393840,-425218,-427291,-431755,2,2,2,2
2025-08-21 11:55:18.155,-393838,-425217,-427289,-448200,2,2,2,2
2025-08-21 11:55:18.156,-393783,-425225,-443711,-431759,2,2,2,2
2025-08-21 11:55:18.156,-393860,-425237,-427307,-431771,2,2,2,2
2025-08-21 11:55:18.156,-393881,-425259,-427393,-448242,2,2,2,2
2025-08-21 11:55:18.156,-393947,-425326,-443784,-431861,2,2,2,2
2025-08-21 11:55:18.157,-393865,-425240,-427384,-431842,2,2,2,2
2025-08-21 11:55:18.157,-393789,-425222,-443691,-431764,2,2,2,2
2025-08-21 11:55:18.157,-393847,-408835,-427362,-448143,2,2,2,2
2025-08-21 11:55:18.158,-393858,-425230,-443755,-431769,2,2,2,2
2025-08-21 11:55:18.158,-393867,-408853,-427377,-431845,2,2,2,2
2025-08-21 11:55:18.158,-393867,-425241,-427374,-431843,2,2,2,2
2025-08-21 11:55:18.159,-393866,-425238,-427367,-431837,2,2,2,2
2025-08-21 11:55:18.159,-393865,-425236,-427299,-431771,2,2,2,2
2025-08-21 11:55:18.159,-393922,-425228,-443678,-431765,2,2,2,2
2025-08-21 11:55:18.160,-393852,-408835,-427290,-439951,2,2,2,2
2025-08-21 11:55:18.160,-393848,-408835,-427291,-448142,2,2,2,2
2025-08-21 11:55:18.160,-393842,-425470,-427289,-431752,2,2,2,2
2025-08-21 11:55:18.160,-393829,-425456,-427276,-448124,2,2,2,2
2025-08-21 11:55:18.161,-393828,-425454,-427270,-448056,2,2,2,2
2025-08-21 11:55:18.161,-393838,-409078,-427281,-439936,2,2,2,2
2025-08-21 11:55:18.161,-393848,-425217,-427290,-431817,2,2,2,2
2025-08-21 11:55:18.161,-393860,-425228,-427367,-431829,2,2,2,2
2025-08-21 11:55:18.162,-393864,-425234,-427310,-431769,2,2,2,2
2025-08-21 11:55:18.162,-393862,-425232,-427375,-448183,2,2,2,2
2025-08-21 11:55:18.162,-393942,-425248,-443777,-431847,2,2,2,2
2025-08-21 11:55:18.162,-393956,-425326,-427471,-431859,2,2,2,2
2025-08-21 11:55:18.163,-393882,-408869,-427396,-448233,2,2,2,2
2025-08-21 11:55:18.163,-393883,-425322,-427465,-431854,2,2,2,2
2025-08-21 11:55:18.163,-393883,-425259,-427400,-448242,2,2,2,2
2025-08-21 11:55:18.163,-393887,-425262,-427402,-431862,2,2,2,2
2025-08-21 11:55:18.164,-393943,-425315,-443841,-431855,2,2,2,2
2025-08-21 11:55:18.164,-393851,-425224,-443680,-431760,2,2,2,2
2025-08-21 11:55:18.164,-393835,-425466,-427282,-431746,2,2,2,2
2025-08-21 11:55:18.164,-393762,-425453,-443654,-431732,2,2,2,2
2025-08-21 11:55:18.165,-393755,-425443,-427263,-431718,2,2,2,2
2025-08-21 11:55:18.165,-393736,-425364,-427249,-431642,2,2,2,2
2025-08-21 11:55:18.165,-393736,-425428,-427247,-448027,2,2,2,2
2025-08-21 11:55:18.166,-393736,-425361,-443631,-431637,2,2,2,2
2025-08-21 11:55:18.166,-393735,-409010,-427250,-439830,2,2,2,2
2025-08-21 11:55:18.166,-393740,-408987,-427257,-439836,2,2,2,2
2025-08-21 11:55:18.166,-393746,-425371,-427259,-431650,2,2,2,2
2025-08-21 11:55:18.167,-393743,-409048,-427256,-448097,2,2,2,2
2025-08-21 11:55:18.167,-393746,-425370,-443641,-431714,2,2,2,2
2025-08-21 11:55:18.167,-393746,-425367,-443633,-431647,2,2,2,2
2025-08-21 11:55:18.167,-393731,-408972,-427235,-431631,2,2,2,2
2025-08-21 11:55:18.168,-393714,-425342,-427158,-431870,2,2,2,2
2025-08-21 11:55:18.171,-393630,-425325,-427205,-431852,2,2,2,2
2025-08-21 11:55:18.171,-393631,-425323,-427204,-431855,2,2,2,2
2025-08-21 11:55:18.172,-393624,-425253,-427132,-448201,2,2,2,2
2025-08-21 11:55:18.172,-393687,-425246,-427058,-431847,2,2,2,2
2025-08-21 11:55:18.172,-393706,-425325,-427138,-431865,2,2,2,2
2025-08-21 11:55:18.172,-393704,-425321,-427205,-431863,2,2,2,2
2025-08-21 11:55:18.172,-393706,-425259,-427146,-448249,2,2,2,2
2025-08-21 11:55:18.172,-393710,-408945,-427149,-440059,2,2,2,2
2025-08-21 11:55:18.173,-393717,-425337,-443605,-431872,2,2,2,2
2025-08-21 11:55:18.173,-393721,-408960,-427163,-448006,2,2,2,2
2025-08-21 11:55:18.173,-393729,-425352,-427240,-431631,2,2,2,2
2025-08-21 11:55:18.173,-393741,-425428,-427254,-448037,2,2,2,2
2025-08-21 11:55:18.173,-393748,-425371,-443644,-431722,2,2,2,2
2025-08-21 11:55:18.174,-393748,-409020,-427255,-439915,2,2,2,2
2025-08-21 11:55:18.174,-393757,-425440,-427262,-448113,2,2,2,2
2025-08-21 11:55:18.174,-393767,-425448,-443650,-431734,2,2,2,2
2025-08-21 11:55:18.174,-393850,-425467,-427285,-431815,2,2,2,2
2025-08-21 11:55:18.174,-393853,-409084,-427291,-448139,2,2,2,2
2025-08-21 11:55:18.175,-393845,-409078,-427289,-448133,2,2,2,2
2025-08-21 11:55:18.175,-393845,-425466,-443671,-431749,2,2,2,2
2025-08-21 11:55:18.175,-393852,-425217,-427293,-431757,2,2,2,2
2025-08-21 11:55:18.175,-393792,-425223,-443714,-431763,2,2,2,2
2025-08-21 11:55:18.175,-393863,-425231,-427370,-431837,2,2,2,2
2025-08-21 11:55:18.175,-393924,-425229,-427309,-431771,2,2,2,2
2025-08-21 11:55:18.176,-393861,-425233,-427371,-431830,2,2,2,2
2025-08-21 11:55:18.176,-393875,-425243,-427383,-448191,2,2,2,2
2025-08-21 11:55:18.176,-393861,-425228,-427365,-431824,2,2,2,2
2025-08-21 11:55:18.176,-393784,-425217,-427286,-431746,2,2,2,2
2025-08-21 11:55:18.176,-393843,-425470,-427278,-431677,2,2,2,2
2025-08-21 11:55:18.176,-393854,-425227,-427287,-448134,2,2,2,2
2025-08-21 11:55:18.177,-393921,-425230,-443676,-431752,2,2,2,2
2025-08-21 11:55:18.177,-393846,-408834,-427278,-439933,2,2,2,2
2025-08-21 11:55:18.177,-393826,-425454,-427260,-431663,2,2,2,2
2025-08-21 11:55:18.177,-393753,-425373,-427251,-431716,2,2,2,2
2025-08-21 11:55:18.177,-393750,-425434,-427248,-448028,2,2,2,2
2025-08-21 11:55:18.178,-393738,-425422,-427235,-448049,2,2,2,2
2025-08-21 11:55:18.178,-393723,-425346,-443577,-431623,2,2,2,2
2025-08-21 11:55:18.178,-393722,-408965,-427164,-439821,2,2,2,2
2025-08-21 11:55:18.178,-393720,-425347,-427164,-431629,2,2,2,2
2025-08-21 11:55:18.179,-393713,-425337,-443536,-431622,2,2,2,2
2025-08-21 11:55:18.179,-393717,-425279,-427157,-448013,2,2,2,2
2025-08-21 11:55:18.179,-393738,-425362,-443595,-431716,2,2,2,2
2025-08-21 11:55:18.179,-393742,-408987,-427248,-439912,2,2,2,2
2025-08-21 11:55:18.180,-393752,-409029,-427261,-448117,2,2,2,2
2025-08-21 11:55:18.180,-393825,-425454,-427269,-431742,2,2,2,2
2025-08-21 11:55:18.180,-393831,-425456,-427273,-431746,2,2,2,2
2025-08-21 11:55:18.180,-393829,-425451,-427269,-448064,2,2,2,2
2025-08-21 11:55:18.181,-393833,-425455,-427269,-431810,2,2,2,2
2025-08-21 11:55:18.181,-393838,-409079,-427275,-448135,2,2,2,2
2025-08-21 11:55:18.181,-393860,-425232,-427361,-431838,2,2,2,2
2025-08-21 11:55:18.181,-393875,-425316,-427318,-431853,2,2,2,2
2025-08-21 11:55:18.182,-393932,-425248,-443696,-431846,2,2,2,2
2025-08-21 11:55:18.182,-393926,-425239,-443687,-431774,2,2,2,2
2025-08-21 11:55:18.182,-393863,-408849,-427365,-448156,2,2,2,2
2025-08-21 11:55:18.183,-393861,-425233,-443747,-431772,2,2,2,2
2025-08-21 11:55:18.183,-393870,-408858,-427373,-431847,2,2,2,2
2025-08-21 11:55:18.183,-393873,-425248,-427378,-448238,2,2,2,2
2025-08-21 11:55:18.183,-393875,-425247,-427382,-431855,2,2,2,2
2025-08-21 11:55:18.184,-393860,-425237,-427307,-431843,2,2,2,2
2025-08-21 11:55:18.184,-393842,-425221,-427291,-431762,2,2,2,2
2025-08-21 11:55:18.184,-393785,-425227,-443680,-431767,2,2,2,2
2025-08-21 11:55:18.184,-393788,-425228,-443712,-431772,2,2,2,2
2025-08-21 11:55:18.185,-393847,-425220,-427291,-431831,2,2,2,2
2025-08-21 11:55:18.185,-393854,-408833,-427289,-448152,2,2,2,2
2025-08-21 11:55:18.185,-393868,-408843,-427363,-448226,2,2,2,2
2025-08-21 11:55:18.185,-393882,-425241,-427375,-448207,2,2,2,2
2025-08-21 11:55:18.186,-393956,-425315,-443769,-431868,2,2,2,2
2025-08-21 11:55:18.186,-393974,-425333,-443851,-431883,2,2,2,2
2025-08-21 11:55:18.186,-393740,-425360,-427490,-431906,2,2,2,2
2025-08-21 11:55:18.186,-393782,-425371,-427502,-431920,2,2,2,2
2025-08-21 11:55:18.187,-393748,-425372,-427501,-431989,2,2,2,2
2025-08-21 11:55:18.187,-393747,-425437,-427502,-448311,2,2,2,2
2025-08-21 11:55:18.187,-393751,-409033,-427517,-440188,2,2,2,2
2025-08-21 11:55:18.188,-393755,-425455,-427266,-431936,2,2,2,2
2025-08-21 11:55:18.188,-393744,-425446,-427509,-431989,2,2,2,2
2025-08-21 11:55:18.188,-393735,-425436,-427500,-448330,2,2,2,2
2025-08-21 11:55:18.188,-393981,-425423,-427492,-448288,2,2,2,2
2025-08-21 11:55:18.189,-393981,-425354,-443875,-431900,2,2,2,2
2025-08-21 11:55:18.189,-393971,-425340,-427414,-431893,2,2,2,2
2025-08-21 11:55:18.189,-393971,-425339,-427472,-431894,2,2,2,2
2025-08-21 11:55:18.189,-393965,-425332,-427465,-431889,2,2,2,2
2025-08-21 11:55:18.190,-393953,-425255,-427389,-448262,2,2,2,2
2025-08-21 11:55:18.190,-393957,-425325,-427394,-431883,2,2,2,2
2025-08-21 11:55:18.190,-393976,-425342,-427474,-431898,2,2,2,2
2025-08-21 11:55:18.190,-393738,-409036,-427489,-448356,2,2,2,2
2025-08-21 11:55:18.191,-393741,-425357,-443877,-431973,2,2,2,2
2025-08-21 11:55:18.191,-393747,-425366,-443854,-431980,2,2,2,2
2025-08-21 11:55:18.191,-393749,-425436,-427507,-431918,2,2,2,2
2025-08-21 11:55:18.191,-393753,-425376,-443898,-431987,2,2,2,2
2025-08-21 11:55:18.192,-393827,-409066,-427267,-448379,2,2,2,2
2025-08-21 11:55:18.192,-393795,-425448,-443651,-431994,2,2,2,2
2025-08-21 11:55:18.192,-393746,-425368,-443890,-431979,2,2,2,2
2025-08-21 11:55:18.193,-393957,-425325,-427397,-431871,2,2,2,2
2025-08-21 11:55:18.193,-393875,-425238,-427312,-431849,2,2,2,2
2025-08-21 11:55:18.193,-393852,-425469,-427288,-431760,2,2,2,2
2025-08-21 11:55:18.193,-393841,-425460,-427277,-448136,2,2,2,2
2025-08-21 11:55:18.194,-393756,-425443,-427262,-431674,2,2,2,2
2025-08-21 11:55:18.194,-393751,-425373,-427255,-431731,2,2,2,2
2025-08-21 11:55:18.194,-393746,-425371,-427252,-431728,2,2,2,2
2025-08-21 11:55:18.195,-393738,-425428,-427245,-448072,2,2,2,2
2025-08-21 11:55:18.195,-393739,-425363,-443599,-431724,2,2,2,2
2025-08-21 11:55:18.195,-393745,-425369,-443640,-431728,2,2,2,2
2025-08-21 11:55:18.195,-393825,-409033,-427272,-439939,2,2,2,2
2025-08-21 11:55:18.196,-393808,-425462,-427285,-431827,2,2,2,2
2025-08-21 11:55:18.196,-393860,-425229,-427367,-448193,2,2,2,2
2025-08-21 11:55:18.196,-393787,-425218,-443708,-431768,2,2,2,2
2025-08-21 11:55:18.197,-393850,-408834,-427292,-439962,2,2,2,2
2025-08-21 11:55:18.197,-393790,-425471,-443677,-431770,2,2,2,2
2025-08-21 11:55:18.197,-393869,-425225,-443753,-431845,2,2,2,2
2025-08-21 11:55:18.198,-393886,-425242,-427385,-448242,2,2,2,2
2025-08-21 11:55:18.198,-393883,-425241,-427315,-431855,2,2,2,2
2025-08-21 11:55:18.198,-393958,-408898,-427388,-448251,2,2,2,2
2025-08-21 11:55:18.198,-393976,-425331,-427405,-431882,2,2,2,2
2025-08-21 11:55:18.199,-393971,-425327,-427468,-431876,2,2,2,2
2025-08-21 11:55:18.199,-393969,-425327,-443790,-431872,2,2,2,2
2025-08-21 11:55:18.199,-393970,-425327,-427407,-431871,2,2,2,2
2025-08-21 11:55:18.199,-393981,-425340,-427484,-431882,2,2,2,2
2025-08-21 11:55:18.200,-393738,-425351,-427494,-431896,2,2,2,2
2025-08-21 11:55:18.200,-393747,-425422,-427500,-448322,2,2,2,2
2025-08-21 11:55:18.200,-393825,-425437,-427520,-431925,2,2,2,2
2025-08-21 11:55:18.201,-393762,-425370,-443899,-431985,2,2,2,2
2025-08-21 11:55:18.201,-393747,-425356,-427501,-431971,2,2,2,2
2025-08-21 11:55:18.201,-393741,-425417,-427495,-448322,2,2,2,2
2025-08-21 11:55:18.201,-393745,-425360,-443885,-431976,2,2,2,2
2025-08-21 11:55:18.202,-393835,-425450,-427271,-431936,2,2,2,2
2025-08-21 11:55:18.202,-393760,-425442,-427516,-431988,2,2,2,2
2025-08-21 11:55:18.202,-393750,-425432,-427500,-448359,2,2,2,2
2025-08-21 11:55:18.203,-393744,-425363,-443876,-431972,2,2,2,2
2025-08-21 11:55:18.203,-393733,-425415,-427417,-431899,2,2,2,2
2025-08-21 11:55:18.203,-393734,-408968,-427421,-440093,2,2,2,2
2025-08-21 11:55:18.203,-393735,-425355,-427489,-431902,2,2,2,2
2025-08-21 11:55:18.204,-393732,-425347,-443804,-431898,2,2,2,2
2025-08-21 11:55:18.204,-393737,-425347,-443806,-431900,2,2,2,2
2025-08-21 11:55:18.204,-393735,-425344,-443835,-431897,2,2,2,2
2025-08-21 11:55:18.204,-393734,-408961,-427417,-440084,2,2,2,2
2025-08-21 11:55:18.205,-393755,-409018,-427506,-448360,2,2,2,2
2025-08-21 11:55:18.205,-393831,-425448,-427266,-448375,2,2,2,2
2025-08-21 11:55:18.205,-393829,-425449,-427267,-431994,2,2,2,2
2025-08-21 11:55:18.205,-393830,-425454,-427273,-448382,2,2,2,2
2025-08-21 11:55:18.206,-393839,-425460,-427281,-432067,2,2,2,2
2025-08-21 11:55:18.206,-393844,-425464,-427283,-432069,2,2,2,2
2025-08-21 11:55:18.206,-393855,-425473,-427289,-432079,2,2,2,2
2025-08-21 11:55:18.206,-393855,-425467,-427289,-432016,2,2,2,2
2025-08-21 11:55:18.207,-393837,-425442,-427273,-448314,2,2,2,2
2025-08-21 11:55:18.207,-393769,-425376,-443655,-431994,2,2,2,2
2025-08-21 11:55:18.207,-393826,-409021,-427520,-448373,2,2,2,2
2025-08-21 11:55:18.208,-393756,-425431,-427512,-448370,2,2,2,2
2025-08-21 11:55:18.208,-393751,-425360,-443885,-431976,2,2,2,2
2025-08-21 11:55:18.208,-393737,-425345,-443833,-431895,2,2,2,2
2025-08-21 11:55:18.209,-393974,-425321,-427457,-431872,2,2,2,2
2025-08-21 11:55:18.209,-393961,-408859,-427380,-448243,2,2,2,2
2025-08-21 11:55:18.209,-393965,-425242,-443765,-431859,2,2,2,2
2025-08-21 11:55:18.210,-393981,-408935,-427400,-440070,2,2,2,2
2025-08-21 11:55:18.210,-393977,-425317,-427464,-431879,2,2,2,2
2025-08-21 11:55:18.210,-393971,-408866,-427394,-448261,2,2,2,2
2025-08-21 11:55:18.210,-393969,-425254,-427396,-448262,2,2,2,2
2025-08-21 11:55:18.211,-393962,-425246,-443769,-431868,2,2,2,2
2025-08-21 11:55:18.211,-393955,-408887,-427379,-440055,2,2,2,2
2025-08-21 11:55:18.211,-393887,-425236,-427373,-431862,2,2,2,2
2025-08-21 11:55:18.211,-393912,-425230,-427371,-431860,2,2,2,2
2025-08-21 11:55:18.212,-393869,-425219,-427297,-431849,2,2,2,2
2025-08-21 11:55:18.212,-393925,-425469,-443707,-431843,2,2,2,2
2025-08-21 11:55:18.212,-393926,-425469,-443709,-431842,2,2,2,2
2025-08-21 11:55:18.212,-393871,-408836,-427365,-440044,2,2,2,2
2025-08-21 11:55:18.213,-393885,-425230,-427375,-431865,2,2,2,2
2025-08-21 11:55:18.213,-393961,-425244,-427325,-431881,2,2,2,2
2025-08-21 11:55:18.213,-393969,-425250,-427399,-448273,2,2,2,2
2025-08-21 11:55:18.214,-393954,-425237,-443767,-431872,2,2,2,2
2025-08-21 11:55:18.214,-393884,-425237,-427316,-431869,2,2,2,2
2025-08-21 11:55:18.214,-393882,-425236,-427312,-431867,2,2,2,2
2025-08-21 11:55:18.214,-393944,-425234,-443760,-431870,2,2,2,2
2025-08-21 11:55:18.215,-393878,-425236,-427372,-448252,2,2,2,2
2025-08-21 11:55:18.215,-393880,-408883,-427372,-440062,2,2,2,2
2025-08-21 11:55:18.215,-393957,-408893,-427378,-440069,2,2,2,2
2025-08-21 11:55:18.215,-393960,-408862,-427381,-448260,2,2,2,2
2025-08-21 11:55:18.216,-393918,-425234,-443758,-431866,2,2,2,2
2025-08-21 11:55:18.216,-393938,-425224,-443717,-431859,2,2,2,2
2025-08-21 11:55:18.216,-393876,-408842,-427365,-440049,2,2,2,2
2025-08-21 11:55:18.216,-393872,-425220,-427294,-431852,2,2,2,2
2025-08-21 11:55:18.217,-393874,-425222,-427298,-431855,2,2,2,2
2025-08-21 11:55:18.217,-393875,-425223,-427366,-448208,2,2,2,2
2025-08-21 11:55:18.217,-393941,-425221,-443750,-431854,2,2,2,2
2025-08-21 11:55:18.218,-393962,-425241,-427387,-431875,2,2,2,2
2025-08-21 11:55:18.218,-393888,-425233,-427316,-431868,2,2,2,2
2025-08-21 11:55:18.218,-393887,-408845,-427379,-448250,2,2,2,2
2025-08-21 11:55:18.218,-393888,-425232,-427382,-448250,2,2,2,2
2025-08-21 11:55:18.219,-393964,-425242,-443776,-431875,2,2,2,2
2025-08-21 11:55:18.219,-393969,-425248,-427397,-431878,2,2,2,2
2025-08-21 11:55:18.219,-393967,-425315,-427393,-431878,2,2,2,2
2025-08-21 11:55:18.219,-393969,-425321,-427393,-431881,2,2,2,2
2025-08-21 11:55:18.220,-393731,-425340,-427476,-431899,2,2,2,2
2025-08-21 11:55:18.220,-393750,-425421,-427495,-448300,2,2,2,2
2025-08-21 11:55:18.220,-393747,-425357,-443843,-431975,2,2,2,2
2025-08-21 11:55:18.220,-393742,-408970,-427422,-440163,2,2,2,2
2025-08-21 11:55:18.221,-393785,-425366,-427496,-431919,2,2,2,2
2025-08-21 11:55:18.221,-393747,-425357,-443873,-431976,2,2,2,2
2025-08-21 11:55:18.221,-393983,-425264,-427400,-431887,2,2,2,2
2025-08-21 11:55:18.222,-393974,-425320,-443712,-431875,2,2,2,2
2025-08-21 11:55:18.222,-393972,-425318,-427388,-431873,2,2,2,2
2025-08-21 11:55:18.222,-393983,-425331,-443787,-431886,2,2,2,2
2025-08-21 11:55:18.223,-393972,-425248,-427390,-448256,2,2,2,2
2025-08-21 11:55:18.223,-393963,-425239,-443769,-431867,2,2,2,2
2025-08-21 11:55:18.223,-393968,-425246,-427323,-431870,2,2,2,2
2025-08-21 11:55:18.223,-393979,-425258,-427398,-448261,2,2,2,2
2025-08-21 11:55:18.224,-393732,-425332,-443791,-431887,2,2,2,2
2025-08-21 11:55:18.224,-393742,-408962,-427423,-440093,2,2,2,2
2025-08-21 11:55:18.224,-393753,-425415,-427494,-431911,2,2,2,2
2025-08-21 11:55:18.224,-393983,-425328,-427467,-431889,2,2,2,2
2025-08-21 11:55:18.225,-393953,-408851,-427372,-448242,2,2,2,2
2025-08-21 11:55:18.225,-393953,-425237,-443725,-431858,2,2,2,2
2025-08-21 11:55:18.225,-393960,-425245,-443767,-431869,2,2,2,2
2025-08-21 11:55:18.225,-393964,-408929,-427389,-440068,2,2,2,2
2025-08-21 11:55:18.226,-393976,-425324,-427395,-431888,2,2,2,2
2025-08-21 11:55:18.226,-393982,-425324,-427462,-431893,2,2,2,2
2025-08-21 11:55:18.226,-393740,-425277,-427414,-448356,2,2,2,2
2025-08-21 11:55:18.226,-393762,-425361,-443888,-431995,2,2,2,2
2025-08-21 11:55:18.227,-393763,-425365,-443854,-431995,2,2,2,2
2025-08-21 11:55:18.227,-393796,-425364,-427503,-431933,2,2,2,2
2025-08-21 11:55:18.227,-393830,-425366,-427500,-431935,2,2,2,2
2025-08-21 11:55:18.227,-393834,-425369,-427503,-432002,2,2,2,2
2025-08-21 11:55:18.228,-393841,-425437,-427510,-448387,2,2,2,2
2025-08-21 11:55:18.228,-393778,-425374,-443895,-432006,2,2,2,2
2025-08-21 11:55:18.228,-393844,-409059,-427515,-440204,2,2,2,2
2025-08-21 11:55:18.228,-393850,-425449,-427265,-432083,2,2,2,2
2025-08-21 11:55:18.229,-393840,-425375,-427512,-432011,2,2,2,2
2025-08-21 11:55:18.229,-393758,-425350,-443839,-431991,2,2,2,2
2025-08-21 11:55:18.229,-393736,-425264,-427404,-448289,2,2,2,2
2025-08-21 11:55:18.229,-393980,-425248,-443773,-431888,2,2,2,2
2025-08-21 11:55:18.230,-393729,-408906,-427398,-440091,2,2,2,2
2025-08-21 11:55:18.230,-393752,-425413,-427489,-448371,2,2,2,2
2025-08-21 11:55:18.230,-393833,-425367,-427507,-432007,2,2,2,2
2025-08-21 11:55:18.230,-393832,-425429,-427508,-448388,2,2,2,2
2025-08-21 11:55:18.231,-393841,-425436,-427520,-432075,2,2,2,2
2025-08-21 11:55:18.231,-393781,-425376,-427266,-432014,2,2,2,2
2025-08-21 11:55:18.231,-393839,-409055,-427516,-448390,2,2,2,2
2025-08-21 11:55:18.231,-393800,-425371,-443894,-431998,2,2,2,2
2025-08-21 11:55:18.232,-393768,-425373,-443900,-431999,2,2,2,2
2025-08-21 11:55:18.232,-393846,-425447,-427270,-432073,2,2,2,2
2025-08-21 11:55:18.232,-393788,-425453,-443655,-432012,2,2,2,2
2025-08-21 11:55:18.232,-393851,-409038,-427267,-448394,2,2,2,2
2025-08-21 11:55:18.233,-393858,-425459,-427273,-448399,2,2,2,2
2025-08-21 11:55:18.233,-393862,-425464,-427278,-448434,2,2,2,2
2025-08-21 11:55:18.233,-393834,-425371,-427502,-431925,2,2,2,2
2025-08-21 11:55:18.234,-393739,-425339,-427410,-431895,2,2,2,2
2025-08-21 11:55:18.234,-393980,-425265,-427397,-448265,2,2,2,2
2025-08-21 11:55:18.234,-393729,-425274,-427402,-448272,2,2,2,2
2025-08-21 11:55:18.235,-393963,-408932,-427388,-440063,2,2,2,2
2025-08-21 11:55:18.235,-393975,-408912,-427401,-440075,2,2,2,2
2025-08-21 11:55:18.235,-393975,-425327,-427464,-431882,2,2,2,2
2025-08-21 11:55:18.235,-393970,-425250,-427391,-448258,2,2,2,2
2025-08-21 11:55:18.236,-393976,-425255,-427397,-448265,2,2,2,2
2025-08-21 11:55:18.236,-393732,-425266,-427409,-431896,2,2,2,2
2025-08-21 11:55:18.236,-393738,-425337,-427414,-431903,2,2,2,2
2025-08-21 11:55:18.236,-393737,-425336,-427479,-431969,2,2,2,2
2025-08-21 11:55:18.237,-393743,-425344,-427486,-431976,2,2,2,2
2025-08-21 11:55:18.237,-393754,-425420,-427501,-448371,2,2,2,2
2025-08-21 11:55:18.237,-393763,-425365,-443893,-432000,2,2,2,2
2025-08-21 11:55:18.237,-393841,-409059,-427268,-440208,2,2,2,2
2025-08-21 11:55:18.238,-393850,-409037,-427277,-448407,2,2,2,2
2025-08-21 11:55:18.238,-393849,-425453,-427278,-432085,2,2,2,2
2025-08-21 11:55:18.238,-393840,-425447,-427272,-432014,2,2,2,2
2025-08-21 11:55:18.238,-393831,-425442,-427265,-448456,2,2,2,2
2025-08-21 11:55:18.239,-393766,-425442,-443649,-432005,2,2,2,2
2025-08-21 11:55:18.239,-393835,-425445,-427266,-448397,2,2,2,2
2025-08-21 11:55:18.239,-393801,-425442,-427516,-432072,2,2,2,2
2025-08-21 11:55:18.239,-393765,-425374,-443892,-432006,2,2,2,2
2025-08-21 11:55:18.240,-393745,-425355,-427484,-431997,2,2,2,2
2025-08-21 11:55:18.240,-393755,-425366,-443877,-432005,2,2,2,2
2025-08-21 11:55:18.240,-393757,-425373,-427500,-432011,2,2,2,2
2025-08-21 11:55:18.241,-393792,-425442,-443887,-432012,2,2,2,2
2025-08-21 11:55:18.241,-393757,-408992,-427503,-432007,2,2,2,2
2025-08-21 11:55:18.241,-393754,-408991,-427503,-432004,2,2,2,2
2025-08-21 11:55:18.241,-393758,-425375,-427509,-432070,2,2,2,2
2025-08-21 11:55:18.242,-393760,-425374,-427511,-432005,2,2,2,2
2025-08-21 11:55:18.242,-393757,-425365,-443889,-432000,2,2,2,2
2025-08-21 11:55:18.242,-393763,-425371,-443897,-432006,2,2,2,2
2025-08-21 11:55:18.243,-393744,-425361,-427497,-431931,2,2,2,2
2025-08-21 11:55:18.243,-393736,-425350,-427490,-431987,2,2,2,2
2025-08-21 11:55:18.243,-393983,-408894,-427420,-448363,2,2,2,2
2025-08-21 11:55:18.243,-393972,-425263,-427406,-448314,2,2,2,2
2025-08-21 11:55:18.244,-393966,-425323,-443782,-431892,2,2,2,2
2025-08-21 11:55:18.244,-393973,-425327,-427401,-431894,2,2,2,2
2025-08-21 11:55:18.244,-393979,-425332,-427405,-431899,2,2,2,2
2025-08-21 11:55:18.244,-393967,-425318,-427458,-431888,2,2,2,2
2025-08-21 11:55:18.245,-393956,-425242,-427383,-448262,2,2,2,2
2025-08-21 11:55:18.245,-393885,-408850,-427371,-431872,2,2,2,2
2025-08-21 11:55:18.245,-393939,-425229,-443719,-431868,2,2,2,2
2025-08-21 11:55:18.245,-393882,-408886,-427375,-440069,2,2,2,2
2025-08-21 11:55:18.246,-393914,-425239,-427377,-431872,2,2,2,2
2025-08-21 11:55:18.246,-393865,-425223,-427299,-431856,2,2,2,2
2025-08-21 11:55:18.246,-393840,-425455,-427274,-448186,2,2,2,2
2025-08-21 11:55:18.246,-393830,-425444,-427263,-448206,2,2,2,2
2025-08-21 11:55:18.247,-393754,-425369,-443634,-431749,2,2,2,2
2025-08-21 11:55:18.247,-393758,-409054,-427255,-448137,2,2,2,2
2025-08-21 11:55:18.247,-393841,-425457,-427278,-431835,2,2,2,2
2025-08-21 11:55:18.247,-393862,-425217,-427296,-431851,2,2,2,2
2025-08-21 11:55:18.248,-393870,-425223,-427366,-448239,2,2,2,2
2025-08-21 11:55:18.248,-393880,-408848,-427371,-440059,2,2,2,2
2025-08-21 11:55:18.248,-393950,-425240,-427312,-431874,2,2,2,2
2025-08-21 11:55:18.248,-393954,-408859,-427381,-448261,2,2,2,2
2025-08-21 11:55:18.249,-393956,-425243,-443767,-431879,2,2,2,2
2025-08-21 11:55:18.249,-393955,-425246,-427385,-448262,2,2,2,2
2025-08-21 11:55:18.249,-393964,-425253,-427395,-431885,2,2,2,2
2025-08-21 11:55:18.249,-393979,-425328,-443857,-431893,2,2,2,2
2025-08-21 11:55:18.250,-393976,-408876,-427406,-448274,2,2,2,2
2025-08-21 11:55:18.250,-393977,-425259,-427408,-448308,2,2,2,2
2025-08-21 11:55:18.250,-393735,-425338,-443874,-431976,2,2,2,2
2025-08-21 11:55:18.251,-393729,-425327,-427418,-431908,2,2,2,2
2025-08-21 11:55:18.251,-393980,-425320,-427414,-431904,2,2,2,2
2025-08-21 11:55:18.251,-393971,-425252,-427410,-448286,2,2,2,2
2025-08-21 11:55:18.251,-393954,-425239,-443780,-431887,2,2,2,2
2025-08-21 11:55:18.252,-393853,-409073,-427296,-440039,2,2,2,2
2025-08-21 11:55:18.252,-393842,-425448,-427283,-431835,2,2,2,2
2025-08-21 11:55:18.252,-393827,-425369,-427266,-431755,2,2,2,2
2025-08-21 11:55:18.253,-393837,-425444,-427272,-448177,2,2,2,2
2025-08-21 11:55:18.253,-393766,-425441,-443649,-431754,2,2,2,2
2025-08-21 11:55:18.253,-393758,-408986,-427263,-439941,2,2,2,2
2025-08-21 11:55:18.253,-393753,-425363,-427257,-431809,2,2,2,2
2025-08-21 11:55:18.254,-393735,-425342,-427231,-431725,2,2,2,2
2025-08-21 11:55:18.254,-393714,-425324,-427215,-431641,2,2,2,2
2025-08-21 11:55:18.254,-393698,-425244,-443520,-431622,2,2,2,2
2025-08-21 11:55:18.254,-393684,-425232,-443509,-431866,2,2,2,2
2025-08-21 11:55:18.255,-393621,-408844,-427121,-440056,2,2,2,2
2025-08-21 11:55:18.255,-393695,-425236,-443514,-431619,2,2,2,2
2025-08-21 11:55:18.255,-393699,-425239,-427065,-431625,2,2,2,2
2025-08-21 11:55:18.255,-393707,-425248,-427138,-448050,2,2,2,2
2025-08-21 11:55:18.256,-393705,-425244,-443520,-431633,2,2,2,2
2025-08-21 11:55:18.256,-393706,-425247,-427201,-431634,2,2,2,2
2025-08-21 11:55:18.256,-393716,-408905,-427146,-448029,2,2,2,2
2025-08-21 11:55:18.256,-393732,-425336,-427162,-431655,2,2,2,2
2025-08-21 11:55:18.257,-393741,-425345,-427232,-431728,2,2,2,2
2025-08-21 11:55:18.257,-393746,-425347,-427237,-431669,2,2,2,2
2025-08-21 11:55:18.257,-393757,-425359,-443633,-431742,2,2,2,2
2025-08-21 11:55:18.257,-393845,-409031,-427274,-439957,2,2,2,2
2025-08-21 11:55:18.258,-393862,-409078,-427291,-448227,2,2,2,2
2025-08-21 11:55:18.258,-393855,-425466,-427286,-431846,2,2,2,2
2025-08-21 11:55:18.259,-393883,-425235,-427374,-431869,2,2,2,2
2025-08-21 11:55:18.259,-393929,-425247,-443768,-431877,2,2,2,2
2025-08-21 11:55:18.259,-393968,-425251,-427389,-448262,2,2,2,2
2025-08-21 11:55:18.259,-393966,-425316,-443772,-431875,2,2,2,2
2025-08-21 11:55:18.260,-393968,-408934,-427394,-431880,2,2,2,2
2025-08-21 11:55:18.260,-393955,-408889,-427387,-448255,2,2,2,2
2025-08-21 11:55:18.260,-393871,-425222,-427303,-431852,2,2,2,2
2025-08-21 11:55:18.260,-393868,-425472,-427366,-448234,2,2,2,2
2025-08-21 11:55:18.261,-393880,-425224,-427376,-448248,2,2,2,2
2025-08-21 11:55:18.261,-393963,-425245,-443780,-431888,2,2,2,2
2025-08-21 11:55:18.261,-393982,-408950,-427418,-440164,2,2,2,2
2025-08-21 11:55:18.261,-393979,-425334,-427419,-431905,2,2,2,2
2025-08-21 11:55:18.262,-393972,-425323,-427475,-431895,2,2,2,2
2025-08-21 11:55:18.262,-393984,-425273,-427492,-448323,2,2,2,2
2025-08-21 11:55:18.262,-393765,-425370,-443650,-432006,2,2,2,2
2025-08-21 11:55:18.262,-393851,-409075,-427287,-440222,2,2,2,2
2025-08-21 11:55:18.263,-393865,-409092,-427364,-448492,2,2,2,2
2025-08-21 11:55:18.263,-393871,-425482,-427307,-432116,2,2,2,2
2025-08-21 11:55:18.263,-393856,-425466,-427293,-432101,2,2,2,2
2025-08-21 11:55:18.263,-393843,-425444,-427275,-448435,2,2,2,2
2025-08-21 11:55:18.264,-393837,-425435,-427517,-432074,2,2,2,2
2025-08-21 11:55:18.264,-393751,-408965,-427498,-448376,2,2,2,2
2025-08-21 11:55:18.264,-393739,-408892,-427421,-448365,2,2,2,2
2025-08-21 11:55:18.264,-393981,-425327,-427473,-431903,2,2,2,2
2025-08-21 11:55:18.265,-393961,-408863,-427392,-440080,2,2,2,2
2025-08-21 11:55:18.265,-393967,-425247,-443844,-431892,2,2,2,2
2025-08-21 11:55:18.265,-393957,-408887,-427388,-448267,2,2,2,2
2025-08-21 11:55:18.266,-393884,-425228,-427380,-448257,2,2,2,2
2025-08-21 11:55:18.266,-393887,-425228,-427384,-448255,2,2,2,2
2025-08-21 11:55:18.266,-393960,-425233,-427392,-448263,2,2,2,2
2025-08-21 11:55:18.266,-393958,-425236,-427395,-431885,2,2,2,2
2025-08-21 11:55:18.267,-393973,-425321,-427476,-431969,2,2,2,2
2025-08-21 11:55:18.267,-393739,-409025,-427496,-448378,2,2,2,2
2025-08-21 11:55:18.267,-393771,-425443,-443654,-432030,2,2,2,2
2025-08-21 11:55:18.267,-393788,-425459,-443704,-432113,2,2,2,2
2025-08-21 11:55:18.268,-393852,-409076,-427289,-440303,2,2,2,2
2025-08-21 11:55:18.268,-393854,-425462,-427288,-432110,2,2,2,2
2025-08-21 11:55:18.268,-393863,-409086,-427361,-448504,2,2,2,2
2025-08-21 11:55:18.268,-393857,-425464,-427292,-448464,2,2,2,2
2025-08-21 11:55:18.269,-393921,-425465,-443679,-432114,2,2,2,2
2025-08-21 11:55:18.269,-393873,-425477,-427372,-431875,2,2,2,2
2025-08-21 11:55:18.269,-393953,-425492,-427388,-431890,2,2,2,2
2025-08-21 11:55:18.269,-393934,-425569,-427405,-431903,2,2,2,2
2025-08-21 11:55:18.270,-393953,-425490,-427326,-431887,2,2,2,2
2025-08-21 11:55:18.270,-393933,-425467,-443720,-432122,2,2,2,2
2025-08-21 11:55:18.270,-393791,-425454,-443705,-432108,2,2,2,2
2025-08-21 11:55:18.270,-393856,-409040,-427288,-440295,2,2,2,2
2025-08-21 11:55:18.271,-393850,-425452,-427284,-432095,2,2,2,2
2025-08-21 11:55:18.271,-393844,-425446,-427278,-448438,2,2,2,2
2025-08-21 11:55:18.271,-393834,-425437,-427271,-448398,2,2,2,2
2025-08-21 11:55:18.271,-393746,-425413,-427503,-448312,2,2,2,2
2025-08-21 11:55:18.272,-393981,-425332,-443841,-431978,2,2,2,2
2025-08-21 11:55:18.272,-393977,-425326,-427421,-431907,2,2,2,2
2025-08-21 11:55:18.272,-393936,-425248,-427409,-431897,2,2,2,2
2025-08-21 11:55:18.272,-393955,-425235,-427460,-431886,2,2,2,2
2025-08-21 11:55:18.273,-393881,-425223,-427386,-448264,2,2,2,2
2025-08-21 11:55:18.273,-393930,-425466,-427307,-431865,2,2,2,2
2025-08-21 11:55:18.273,-393931,-425469,-427310,-431865,2,2,2,2
2025-08-21 11:55:18.273,-393860,-409078,-427367,-448243,2,2,2,2
2025-08-21 11:55:18.274,-393855,-425461,-443753,-431858,2,2,2,2
2025-08-21 11:55:18.274,-393862,-409087,-427379,-440059,2,2,2,2
2025-08-21 11:55:18.274,-393879,-425232,-427398,-431887,2,2,2,2
2025-08-21 11:55:18.274,-393944,-425232,-443842,-431887,2,2,2,2
2025-08-21 11:55:18.275,-393878,-408846,-427391,-448268,2,2,2,2
2025-08-21 11:55:18.275,-393974,-425329,-443807,-431973,2,2,2,2
2025-08-21 11:55:18.276,-393734,-425348,-443852,-431991,2,2,2,2
2025-08-21 11:55:18.276,-393980,-425339,-427491,-431918,2,2,2,2
2025-08-21 11:55:18.276,-393731,-425409,-427495,-448370,2,2,2,2
2025-08-21 11:55:18.276,-393981,-425338,-443806,-431977,2,2,2,2
2025-08-21 11:55:18.277,-393971,-408947,-427410,-440163,2,2,2,2
2025-08-21 11:55:18.277,-393967,-425328,-427404,-431904,2,2,2,2
2025-08-21 11:55:18.277,-393886,-425245,-427323,-431888,2,2,2,2
2025-08-21 11:55:18.278,-393871,-425229,-427372,-448253,2,2,2,2
2025-08-21 11:55:18.278,-393927,-425218,-443713,-431860,2,2,2,2
2025-08-21 11:55:18.278,-393872,-408843,-427368,-431866,2,2,2,2
2025-08-21 11:55:18.278,-393878,-425236,-427376,-431873,2,2,2,2
2025-08-21 11:55:18.279,-393958,-425315,-427327,-431890,2,2,2,2
2025-08-21 11:55:18.279,-393979,-425332,-443798,-431970,2,2,2,2
2025-08-21 11:55:18.279,-393731,-425277,-427423,-448326,2,2,2,2
2025-08-21 11:55:18.279,-393974,-425328,-443792,-431895,2,2,2,2
2025-08-21 11:55:18.280,-393962,-408898,-427394,-440072,2,2,2,2
2025-08-21 11:55:18.280,-393959,-425315,-427457,-431881,2,2,2,2
2025-08-21 11:55:18.280,-393956,-425317,-427460,-431880,2,2,2,2
2025-08-21 11:55:18.280,-393953,-425252,-427396,-448260,2,2,2,2
2025-08-21 11:55:18.281,-393956,-425319,-443784,-431881,2,2,2,2
2025-08-21 11:55:18.281,-393954,-425316,-443779,-431879,2,2,2,2
2025-08-21 11:55:18.281,-393872,-408887,-427380,-448253,2,2,2,2
2025-08-21 11:55:18.281,-393869,-425232,-427374,-431864,2,2,2,2
2025-08-21 11:55:18.282,-393873,-425234,-427313,-431866,2,2,2,2
2025-08-21 11:55:18.282,-393970,-425331,-443826,-431903,2,2,2,2
2025-08-21 11:55:18.282,-393981,-408957,-427419,-440168,2,2,2,2
2025-08-21 11:55:18.283,-393739,-409031,-427490,-448372,2,2,2,2
2025-08-21 11:55:18.283,-393749,-425361,-427500,-431996,2,2,2,2
2025-08-21 11:55:18.283,-393742,-425429,-427502,-431933,2,2,2,2
2025-08-21 11:55:18.284,-393746,-425371,-443890,-432002,2,2,2,2
2025-08-21 11:55:18.284,-393743,-409016,-427503,-448385,2,2,2,2
2025-08-21 11:55:18.284,-393797,-425457,-443649,-432086,2,2,2,2
2025-08-21 11:55:18.284,-393839,-425464,-427272,-432029,2,2,2,2
2025-08-21 11:55:18.285,-393850,-425475,-427282,-432109,2,2,2,2
2025-08-21 11:55:18.285,-393924,-425486,-427290,-432118,2,2,2,2
2025-08-21 11:55:18.285,-393854,-425478,-427286,-448496,2,2,2,2
2025-08-21 11:55:18.286,-393783,-425469,-443664,-432102,2,2,2,2
2025-08-21 11:55:18.286,-393825,-409066,-427518,-440208,2,2,2,2
2025-08-21 11:55:18.286,-393748,-425435,-427508,-432071,2,2,2,2
2025-08-21 11:55:18.286,-393749,-425373,-443897,-432007,2,2,2,2
2025-08-21 11:55:18.287,-393827,-425450,-427274,-432022,2,2,2,2
2025-08-21 11:55:18.287,-393776,-425459,-443700,-432097,2,2,2,2
2025-08-21 11:55:18.287,-393781,-425461,-443671,-432100,2,2,2,2
2025-08-21 11:55:18.287,-393833,-409062,-427274,-432024,2,2,2,2
2025-08-21 11:55:18.288,-393743,-425356,-427507,-432068,2,2,2,2
2025-08-21 11:55:18.288,-393977,-425270,-427420,-448367,2,2,2,2
2025-08-21 11:55:18.288,-393979,-425267,-427421,-448368,2,2,2,2
2025-08-21 11:55:18.288,-393976,-425333,-443804,-431983,2,2,2,2
2025-08-21 11:55:18.289,-393980,-425340,-443841,-431987,2,2,2,2
2025-08-21 11:55:18.289,-393729,-425346,-427498,-431928,2,2,2,2
2025-08-21 11:55:18.289,-393732,-425349,-427504,-431934,2,2,2,2
2025-08-21 11:55:18.289,-393984,-425347,-427500,-431994,2,2,2,2
2025-08-21 11:55:18.290,-393730,-425411,-427499,-448378,2,2,2,2
2025-08-21 11:55:18.290,-393972,-425332,-443869,-431984,2,2,2,2
2025-08-21 11:55:18.290,-393954,-408864,-427403,-440095,2,2,2,2
2025-08-21 11:55:18.290,-393885,-408884,-427397,-448275,2,2,2,2
2025-08-21 11:55:18.291,-393912,-425228,-427391,-431885,2,2,2,2
2025-08-21 11:55:18.291,-393961,-425246,-443794,-431900,2,2,2,2
2025-08-21 11:55:18.291,-393972,-425249,-427416,-448323,2,2,2,2
2025-08-21 11:55:18.291,-393984,-425322,-443842,-431975,2,2,2,2
2025-08-21 11:55:18.292,-393740,-408952,-427503,-440177,2,2,2,2
2025-08-21 11:55:18.292,-393746,-425351,-427512,-431995,2,2,2,2
2025-08-21 11:55:18.292,-393749,-425353,-427514,-431998,2,2,2,2
2025-08-21 11:55:18.293,-393832,-425438,-427275,-432082,2,2,2,2
2025-08-21 11:55:18.293,-393781,-425452,-427286,-432032,2,2,2,2
2025-08-21 11:55:18.293,-393872,-409089,-427370,-448505,2,2,2,2
2025-08-21 11:55:18.293,-393869,-425469,-427367,-448501,2,2,2,2
2025-08-21 11:55:18.294,-393791,-425460,-443676,-432104,2,2,2,2
2025-08-21 11:55:18.294,-393839,-409060,-427276,-440216,2,2,2,2
2025-08-21 11:55:18.294,-393768,-425373,-443651,-432017,2,2,2,2
2025-08-21 11:55:18.294,-393753,-425361,-427508,-432001,2,2,2,2
2025-08-21 11:55:18.295,-393736,-425280,-427424,-448364,2,2,2,2
2025-08-21 11:55:18.295,-393730,-408952,-427417,-440169,2,2,2,2
2025-08-21 11:55:18.296,-393971,-425322,-427403,-431898,2,2,2,2
2025-08-21 11:55:18.296,-393875,-425225,-427376,-448250,2,2,2,2
2025-08-21 11:55:18.296,-393853,-425459,-427293,-448200,2,2,2,2
2025-08-21 11:55:18.296,-393784,-425457,-443671,-431844,2,2,2,2
2025-08-21 11:55:18.297,-393851,-409071,-427286,-440039,2,2,2,2
2025-08-21 11:55:18.297,-393842,-409034,-427277,-439966,2,2,2,2
2025-08-21 11:55:18.297,-393803,-425443,-427272,-431832,2,2,2,2
2025-08-21 11:55:18.297,-393830,-425373,-427266,-431766,2,2,2,2
2025-08-21 11:55:18.298,-393842,-425450,-427277,-448196,2,2,2,2
2025-08-21 11:55:18.298,-393930,-425220,-443719,-431869,2,2,2,2
2025-08-21 11:55:18.298,-393960,-408898,-427395,-440089,2,2,2,2
2025-08-21 11:55:18.298,-393968,-425323,-427403,-431902,2,2,2,2
2025-08-21 11:55:18.299,-393968,-425322,-427468,-431903,2,2,2,2
2025-08-21 11:55:18.299,-393974,-425263,-427406,-448324,2,2,2,2
2025-08-21 11:55:18.299,-393969,-425254,-427397,-448288,2,2,2,2
2025-08-21 11:55:18.299,-393959,-425243,-443707,-431894,2,2,2,2
2025-08-21 11:55:18.300,-393883,-425232,-427373,-431885,2,2,2,2
2025-08-21 11:55:18.300,-393870,-425217,-427294,-431874,2,2,2,2
2025-08-21 11:55:18.300,-393888,-425237,-427317,-431890,2,2,2,2
2025-08-21 11:55:18.300,-393966,-425255,-427395,-448320,2,2,2,2
2025-08-21 11:55:18.301,-393984,-425336,-443826,-431982,2,2,2,2
2025-08-21 11:55:18.301,-393729,-408889,-427410,-448366,2,2,2,2
2025-08-21 11:55:18.301,-393734,-409026,-427418,-448374,2,2,2,2
2025-08-21 11:55:18.301,-393747,-425360,-443879,-432002,2,2,2,2
2025-08-21 11:55:18.302,-393747,-425362,-427490,-431931,2,2,2,2
2025-08-21 11:55:18.302,-393732,-425346,-443856,-431977,2,2,2,2
2025-08-21 11:55:18.302,-393976,-408948,-427398,-448286,2,2,2,2
2025-08-21 11:55:18.303,-393972,-425325,-443782,-431900,2,2,2,2
2025-08-21 11:55:18.303,-393969,-425245,-427393,-431894,2,2,2,2
2025-08-21 11:55:18.304,-393957,-425236,-427320,-431881,2,2,2,2
2025-08-21 11:55:18.304,-393958,-425233,-427384,-448267,2,2,2,2
2025-08-21 11:55:18.304,-393960,-425237,-443769,-431887,2,2,2,2
2025-08-21 11:55:18.305,-393969,-425250,-427397,-431899,2,2,2,2
2025-08-21 11:55:18.305,-393978,-425327,-427472,-431976,2,2,2,2
2025-08-21 11:55:18.305,-393983,-425331,-427475,-431980,2,2,2,2
2025-08-21 11:55:18.305,-393976,-425260,-427405,-448323,2,2,2,2
2025-08-21 11:55:18.306,-393980,-425328,-443792,-431972,2,2,2,2
2025-08-21 11:55:18.306,-393982,-425331,-427413,-431910,2,2,2,2
2025-08-21 11:55:18.306,-393733,-425337,-427423,-431919,2,2,2,2
2025-08-21 11:55:18.306,-393734,-425339,-427494,-431990,2,2,2,2
2025-08-21 11:55:18.307,-393743,-425413,-427506,-448384,2,2,2,2
2025-08-21 11:55:18.307,-393766,-425375,-443663,-432027,2,2,2,2
2025-08-21 11:55:18.307,-393829,-409025,-427280,-440221,2,2,2,2
2025-08-21 11:55:18.308,-393829,-425372,-427274,-432090,2,2,2,2
2025-08-21 11:55:18.308,-393842,-425444,-427286,-432098,2,2,2,2
2025-08-21 11:55:18.308,-393845,-425452,-427294,-448457,2,2,2,2
2025-08-21 11:55:18.308,-393772,-425451,-443703,-432101,2,2,2,2
2025-08-21 11:55:18.309,-393757,-408986,-427275,-440214,2,2,2,2
2025-08-21 11:55:18.309,-393760,-409053,-427276,-448408,2,2,2,2
2025-08-21 11:55:18.309,-393798,-425447,-427278,-432092,2,2,2,2
2025-08-21 11:55:18.309,-393834,-425449,-427280,-432031,2,2,2,2
2025-08-21 11:55:18.310,-393852,-409081,-427288,-440304,2,2,2,2
2025-08-21 11:55:18.310,-393862,-409094,-427363,-440314,2,2,2,2
2025-08-21 11:55:18.310,-393864,-425479,-427367,-432124,2,2,2,2
2025-08-21 11:55:18.311,-393932,-425483,-443752,-432128,2,2,2,2
2025-08-21 11:55:18.311,-393872,-425486,-427372,-448261,2,2,2,2
2025-08-21 11:55:18.311,-393866,-425479,-427361,-432122,2,2,2,2
2025-08-21 11:55:18.311,-393931,-425478,-443676,-432118,2,2,2,2
2025-08-21 11:55:18.312,-393871,-425483,-427299,-432125,2,2,2,2
2025-08-21 11:55:18.312,-393875,-425490,-427368,-448261,2,2,2,2
2025-08-21 11:55:18.312,-393877,-425492,-427304,-431876,2,2,2,2
2025-08-21 11:55:18.312,-393876,-425489,-427368,-448257,2,2,2,2
2025-08-21 11:55:18.313,-393862,-425477,-427293,-432119,2,2,2,2
2025-08-21 11:55:18.313,-393868,-425483,-427370,-432126,2,2,2,2
2025-08-21 11:55:18.313,-393876,-425491,-427377,-448266,2,2,2,2
2025-08-21 11:55:18.313,-393938,-425491,-443757,-431881,2,2,2,2
2025-08-21 11:55:18.314,-393927,-425478,-443713,-432124,2,2,2,2
2025-08-21 11:55:18.314,-393861,-409092,-427293,-440311,2,2,2,2
2025-08-21 11:55:18.314,-393846,-425461,-427276,-432109,2,2,2,2
2025-08-21 11:55:18.314,-393755,-425372,-427507,-432020,2,2,2,2
2025-08-21 11:55:18.315,-393739,-425419,-427423,-448388,2,2,2,2
2025-08-21 11:55:18.315,-393743,-425358,-443874,-432007,2,2,2,2
2025-08-21 11:55:18.315,-393747,-408975,-427492,-440199,2,2,2,2
2025-08-21 11:55:18.315,-393754,-425365,-427499,-432081,2,2,2,2
2025-08-21 11:55:18.316,-393793,-425369,-427507,-432088,2,2,2,2
2025-08-21 11:55:18.316,-393840,-425452,-427265,-448456,2,2,2,2
2025-08-21 11:55:18.316,-393843,-425456,-427268,-448459,2,2,2,2
2025-08-21 11:55:18.316,-393769,-425446,-443896,-432097,2,2,2,2
2025-08-21 11:55:18.317,-393836,-409037,-427516,-440294,2,2,2,2
2025-08-21 11:55:18.317,-393836,-425453,-427516,-432101,2,2,2,2
2025-08-21 11:55:18.317,-393833,-425448,-427512,-432032,2,2,2,2
2025-08-21 11:55:18.318,-393742,-425422,-427491,-448453,2,2,2,2
2025-08-21 11:55:18.318,-393739,-408976,-427491,-448387,2,2,2,2
2025-08-21 11:55:18.318,-393743,-409012,-427494,-448391,2,2,2,2
2025-08-21 11:55:18.318,-393744,-425428,-427496,-448393,2,2,2,2
2025-08-21 11:55:18.319,-393746,-425368,-427499,-432013,2,2,2,2
2025-08-21 11:55:18.319,-393747,-425369,-427503,-432080,2,2,2,2
2025-08-21 11:55:18.319,-393752,-425442,-427508,-432085,2,2,2,2
2025-08-21 11:55:18.319,-393758,-425449,-427510,-432026,2,2,2,2
2025-08-21 11:55:18.320,-393749,-409060,-427505,-448403,2,2,2,2
2025-08-21 11:55:18.320,-393963,-425266,-427395,-431903,2,2,2,2
2025-08-21 11:55:18.321,-393970,-425339,-443850,-431973,2,2,2,2
2025-08-21 11:55:18.321,-393984,-425359,-443803,-431995,2,2,2,2
2025-08-21 11:55:18.321,-393741,-425441,-427494,-448394,2,2,2,2
2025-08-21 11:55:18.321,-393735,-425368,-443806,-432007,2,2,2,2
2025-08-21 11:55:18.322,-393874,-425242,-427308,-431888,2,2,2,2
2025-08-21 11:55:18.322,-393928,-425232,-427299,-431879,2,2,2,2
2025-08-21 11:55:18.322,-393857,-425228,-427293,-448257,2,2,2,2
2025-08-21 11:55:18.323,-393773,-425465,-443661,-431854,2,2,2,2
2025-08-21 11:55:18.323,-393772,-425469,-443698,-431852,2,2,2,2
2025-08-21 11:55:18.323,-393855,-408845,-427367,-440063,2,2,2,2
2025-08-21 11:55:18.323,-393880,-425318,-427390,-431897,2,2,2,2
2025-08-21 11:55:18.324,-393967,-425344,-427477,-431984,2,2,2,2
2025-08-21 11:55:18.324,-393733,-425434,-427501,-448393,2,2,2,2
2025-08-21 11:55:18.324,-393741,-425441,-427507,-448466,2,2,2,2
2025-08-21 11:55:18.324,-393730,-408980,-427497,-440199,2,2,2,2
2025-08-21 11:55:18.325,-393983,-425363,-427494,-432066,2,2,2,2
2025-08-21 11:55:18.325,-393981,-425354,-427486,-431994,2,2,2,2
2025-08-21 11:55:18.325,-393965,-425334,-427467,-431976,2,2,2,2
2025-08-21 11:55:18.325,-393883,-425251,-427383,-448310,2,2,2,2
2025-08-21 11:55:18.326,-393930,-425230,-443711,-431873,2,2,2,2
2025-08-21 11:55:18.326,-393856,-425218,-427286,-431864,2,2,2,2
2025-08-21 11:55:18.326,-393861,-408839,-427291,-448254,2,2,2,2
2025-08-21 11:55:18.326,-393906,-425234,-443750,-431880,2,2,2,2
2025-08-21 11:55:18.327,-393876,-425235,-427372,-448267,2,2,2,2
2025-08-21 11:55:18.327,-393879,-425231,-427376,-448269,2,2,2,2
2025-08-21 11:55:18.327,-393940,-425228,-443698,-431884,2,2,2,2
2025-08-21 11:55:18.327,-393863,-408833,-427365,-448257,2,2,2,2
2025-08-21 11:55:18.328,-393847,-425454,-427283,-431859,2,2,2,2
2025-08-21 11:55:18.328,-393785,-425458,-443671,-431868,2,2,2,2
2025-08-21 11:55:18.328,-393929,-425222,-443728,-431883,2,2,2,2
2025-08-21 11:55:18.329,-393873,-408881,-427389,-440082,2,2,2,2
2025-08-21 11:55:18.329,-393881,-408857,-427398,-448278,2,2,2,2
2025-08-21 11:55:18.329,-393946,-425241,-443779,-431892,2,2,2,2
2025-08-21 11:55:18.330,-393864,-425227,-427374,-431875,2,2,2,2
2025-08-21 11:55:18.330,-393868,-425230,-427375,-431876,2,2,2,2
2025-08-21 11:55:18.330,-393856,-425218,-427294,-431863,2,2,2,2
2025-08-21 11:55:18.330,-393861,-425470,-427295,-448248,2,2,2,2
2025-08-21 11:55:18.331,-393954,-425237,-427379,-431879,2,2,2,2
2025-08-21 11:55:18.331,-393964,-425314,-427328,-431893,2,2,2,2
2025-08-21 11:55:18.332,-393964,-425257,-427396,-448285,2,2,2,2
2025-08-21 11:55:18.332,-393964,-425326,-443783,-431973,2,2,2,2
2025-08-21 11:55:18.332,-393983,-425338,-443833,-431991,2,2,2,2
2025-08-21 11:55:18.332,-393737,-408962,-427491,-440188,2,2,2,2
2025-08-21 11:55:18.333,-393732,-425343,-427486,-431989,2,2,2,2
2025-08-21 11:55:18.333,-393975,-425270,-427411,-448333,2,2,2,2
2025-08-21 11:55:18.333,-393971,-425266,-427411,-448331,2,2,2,2
2025-08-21 11:55:18.333,-393975,-425335,-443833,-431981,2,2,2,2
2025-08-21 11:55:18.334,-393974,-408951,-427415,-440173,2,2,2,2
2025-08-21 11:55:18.334,-393976,-425335,-427416,-431918,2,2,2,2
2025-08-21 11:55:18.334,-393732,-425347,-427422,-431927,2,2,2,2
2025-08-21 11:55:18.334,-393739,-425413,-427490,-448378,2,2,2,2
2025-08-21 11:55:18.335,-393732,-425412,-427492,-448375,2,2,2,2
2025-08-21 11:55:18.335,-393979,-425345,-427490,-431987,2,2,2,2
2025-08-21 11:55:18.335,-393733,-408970,-427496,-440192,2,2,2,2
2025-08-21 11:55:18.335,-393983,-425350,-427493,-432067,2,2,2,2
2025-08-21 11:55:18.336,-393927,-425326,-443786,-431978,2,2,2,2
2025-08-21 11:55:18.336,-393878,-425245,-427383,-448280,2,2,2,2
2025-08-21 11:55:18.336,-393878,-425247,-427386,-448279,2,2,2,2
2025-08-21 11:55:18.336,-393934,-425239,-443699,-431888,2,2,2,2
2025-08-21 11:55:18.337,-393870,-425243,-427315,-431889,2,2,2,2
2025-08-21 11:55:18.337,-393932,-425242,-443764,-431886,2,2,2,2
2025-08-21 11:55:18.337,-393876,-425314,-427323,-431893,2,2,2,2
2025-08-21 11:55:18.337,-393866,-425242,-427378,-448266,2,2,2,2
2025-08-21 11:55:18.338,-393860,-425234,-427371,-431877,2,2,2,2
2025-08-21 11:55:18.338,-393866,-425242,-427377,-448268,2,2,2,2
2025-08-21 11:55:18.338,-393859,-408854,-427371,-448265,2,2,2,2
2025-08-21 11:55:18.338,-393789,-425230,-443751,-431874,2,2,2,2
2025-08-21 11:55:18.339,-393789,-425229,-443720,-431873,2,2,2,2
2025-08-21 11:55:18.339,-393851,-425222,-427364,-431869,2,2,2,2
2025-08-21 11:55:18.339,-393922,-425228,-443691,-431874,2,2,2,2
2025-08-21 11:55:18.339,-393864,-408854,-427376,-448266,2,2,2,2
2025-08-21 11:55:18.340,-393871,-425249,-427383,-448307,2,2,2,2
2025-08-21 11:55:18.340,-393863,-408854,-427376,-431887,2,2,2,2
2025-08-21 11:55:18.340,-393861,-425234,-427375,-431884,2,2,2,2
2025-08-21 11:55:18.341,-393855,-425227,-427366,-431874,2,2,2,2
2025-08-21 11:55:18.341,-393850,-425220,-427293,-448252,2,2,2,2
2025-08-21 11:55:18.341,-393790,-425227,-443746,-431876,2,2,2,2
2025-08-21 11:55:18.341,-393792,-425229,-443713,-431874,2,2,2,2
2025-08-21 11:55:18.342,-393857,-408846,-427295,-440069,2,2,2,2
2025-08-21 11:55:18.342,-393860,-425230,-427293,-431875,2,2,2,2
2025-08-21 11:55:18.342,-393859,-425228,-427289,-431872,2,2,2,2
2025-08-21 11:55:18.342,-393852,-425223,-427283,-431866,2,2,2,2
2025-08-21 11:55:18.343,-393790,-425226,-443704,-431869,2,2,2,2
2025-08-21 11:55:18.343,-393877,-408894,-427368,-448276,2,2,2,2
2025-08-21 11:55:18.343,-393955,-408904,-427380,-440161,2,2,2,2
2025-08-21 11:55:18.343,-393917,-425246,-427374,-431898,2,2,2,2
2025-08-21 11:55:18.344,-393881,-425242,-427307,-431895,2,2,2,2
2025-08-21 11:55:18.344,-393951,-425248,-443769,-431902,2,2,2,2
2025-08-21 11:55:18.344,-393960,-425321,-443781,-431976,2,2,2,2
2025-08-21 11:55:18.344,-393960,-408903,-427397,-440165,2,2,2,2
2025-08-21 11:55:18.345,-393963,-425319,-427399,-431909,2,2,2,2
2025-08-21 11:55:18.345,-393971,-425269,-427415,-448304,2,2,2,2
2025-08-21 11:55:18.346,-393974,-425334,-443865,-431985,2,2,2,2
2025-08-21 11:55:18.346,-393969,-425329,-443796,-431916,2,2,2,2
2025-08-21 11:55:18.346,-393886,-425250,-427394,-448287,2,2,2,2
2025-08-21 11:55:18.346,-393946,-425246,-443773,-431899,2,2,2,2
2025-08-21 11:55:18.347,-393954,-425255,-427396,-448291,2,2,2,2
2025-08-21 11:55:18.347,-393965,-425332,-427402,-431915,2,2,2,2
2025-08-21 11:55:18.347,-393967,-425331,-427469,-431980,2,2,2,2
2025-08-21 11:55:18.347,-393962,-408880,-427401,-448360,2,2,2,2
2025-08-21 11:55:18.348,-393971,-425331,-443794,-431979,2,2,2,2
2025-08-21 11:55:18.348,-393972,-408948,-427410,-440171,2,2,2,2
2025-08-21 11:55:18.348,-393984,-425409,-427490,-431927,2,2,2,2
2025-08-21 11:55:18.348,-393746,-425361,-443891,-432008,2,2,2,2
2025-08-21 11:55:18.349,-393759,-409053,-427265,-448405,2,2,2,2
2025-08-21 11:55:18.349,-393755,-425368,-443900,-432021,2,2,2,2
2025-08-21 11:55:18.349,-393739,-425354,-443884,-432007,2,2,2,2
2025-08-21 11:55:18.350,-393979,-425348,-427424,-431935,2,2,2,2
2025-08-21 11:55:18.350,-393978,-425355,-427495,-432005,2,2,2,2
2025-08-21 11:55:18.350,-393731,-425363,-427504,-432009,2,2,2,2
2025-08-21 11:55:18.350,-393741,-425438,-427518,-448437,2,2,2,2
2025-08-21 11:55:18.351,-393738,-425365,-427508,-432074,2,2,2,2
2025-08-21 11:55:18.351,-393749,-425441,-427518,-432085,2,2,2,2
2025-08-21 11:55:18.351,-393829,-425451,-427276,-432100,2,2,2,2
2025-08-21 11:55:18.352,-393836,-425456,-427285,-448458,2,2,2,2
2025-08-21 11:55:18.352,-393778,-425461,-443673,-432107,2,2,2,2
2025-08-21 11:55:18.352,-393769,-425454,-443698,-432100,2,2,2,2
2025-08-21 11:55:18.352,-393758,-409026,-427267,-448407,2,2,2,2
2025-08-21 11:55:18.353,-393785,-425376,-427265,-432083,2,2,2,2
2025-08-21 11:55:18.353,-393730,-425422,-427500,-448384,2,2,2,2
2025-08-21 11:55:18.353,-393731,-425353,-443850,-431998,2,2,2,2
2025-08-21 11:55:18.354,-393737,-408976,-427503,-440198,2,2,2,2
2025-08-21 11:55:18.354,-393730,-425353,-443883,-432002,2,2,2,2
2025-08-21 11:55:18.354,-393974,-425343,-443806,-431993,2,2,2,2
2025-08-21 11:55:18.355,-393957,-425259,-427405,-448291,2,2,2,2
2025-08-21 11:55:18.355,-393886,-425318,-427464,-431903,2,2,2,2
2025-08-21 11:55:18.355,-393964,-408954,-427416,-448369,2,2,2,2
2025-08-21 11:55:18.355,-393976,-425352,-427494,-431934,2,2,2,2
2025-08-21 11:55:18.356,-393973,-425347,-427489,-431993,2,2,2,2
2025-08-21 11:55:18.356,-393967,-425344,-427419,-431921,2,2,2,2
2025-08-21 11:55:18.356,-393730,-425355,-427497,-431935,2,2,2,2
2025-08-21 11:55:18.356,-393745,-425365,-427508,-432013,2,2,2,2
2025-08-21 11:55:18.357,-393748,-409044,-427510,-448397,2,2,2,2
2025-08-21 11:55:18.357,-393766,-425448,-443656,-432032,2,2,2,2
2025-08-21 11:55:18.357,-393845,-425462,-427287,-432112,2,2,2,2
2025-08-21 11:55:18.358,-393778,-425461,-443669,-432112,2,2,2,2
2025-08-21 11:55:18.358,-393841,-425459,-427283,-448464,2,2,2,2
2025-08-21 11:55:18.358,-393846,-425471,-427293,-448502,2,2,2,2
2025-08-21 11:55:18.358,-393783,-425473,-443674,-432117,2,2,2,2
2025-08-21 11:55:18.359,-393877,-425501,-427319,-431895,2,2,2,2
2025-08-21 11:55:18.359,-393957,-425580,-427461,-431975,2,2,2,2
2025-08-21 11:55:18.359,-393964,-425524,-427407,-448368,2,2,2,2
2025-08-21 11:55:18.360,-393970,-425531,-427413,-448377,2,2,2,2
2025-08-21 11:55:18.360,-393980,-425605,-427423,-432065,2,2,2,2
2025-08-21 11:55:18.360,-393979,-409215,-427421,-440190,2,2,2,2
2025-08-21 11:55:18.360,-393967,-425585,-427410,-431923,2,2,2,2
2025-08-21 11:55:18.361,-393973,-425593,-443802,-431930,2,2,2,2
2025-08-21 11:55:18.361,-393980,-425533,-427422,-448382,2,2,2,2
2025-08-21 11:55:18.361,-393983,-425598,-443843,-432000,2,2,2,2
2025-08-21 11:55:18.361,-393987,-409213,-427490,-440190,2,2,2,2
2025-08-21 11:55:18.362,-394000,-409226,-427503,-448398,2,2,2,2
2025-08-21 11:55:18.362,-394039,-425623,-443900,-432026,2,2,2,2
2025-08-21 11:55:18.362,-394006,-425624,-427517,-432029,2,2,2,2
2025-08-21 11:55:18.362,-393989,-425671,-427501,-448396,2,2,2,2
2025-08-21 11:55:18.363,-393974,-425524,-427418,-431927,2,2,2,2
2025-08-21 11:55:18.363,-393961,-409156,-427404,-448363,2,2,2,2
2025-08-21 11:55:18.363,-393925,-425500,-427400,-431908,2,2,2,2
2025-08-21 11:55:18.363,-393918,-425496,-443778,-431903,2,2,2,2
2025-08-21 11:55:18.364,-393879,-425492,-427385,-431894,2,2,2,2
2025-08-21 11:55:18.364,-393946,-425490,-443707,-431890,2,2,2,2
2025-08-21 11:55:18.364,-393886,-409138,-427387,-448274,2,2,2,2
2025-08-21 11:55:18.365,-393873,-425478,-427375,-448257,2,2,2,2
2025-08-21 11:55:18.365,-393861,-425464,-427361,-448463,2,2,2,2
2025-08-21 11:55:18.365,-393865,-425466,-427363,-448498,2,2,2,2
2025-08-21 11:55:18.365,-393877,-425478,-427374,-432123,2,2,2,2
2025-08-21 11:55:18.366,-393960,-425501,-427459,-431890,2,2,2,2
2025-08-21 11:55:18.366,-393984,-425588,-427481,-431983,2,2,2,2
2025-08-21 11:55:18.366,-393993,-425600,-443875,-431996,2,2,2,2
2025-08-21 11:55:18.367,-393995,-409225,-427493,-440194,2,2,2,2
2025-08-21 11:55:18.367,-393995,-409224,-427492,-448384,2,2,2,2
2025-08-21 11:55:18.367,-393989,-425602,-427487,-431993,2,2,2,2
2025-08-21 11:55:18.367,-393984,-425598,-427483,-431991,2,2,2,2
2025-08-21 11:55:18.368,-393966,-425519,-427406,-448329,2,2,2,2
2025-08-21 11:55:18.368,-393940,-425490,-443761,-431883,2,2,2,2
2025-08-21 11:55:18.368,-393856,-425471,-427295,-432121,2,2,2,2
2025-08-21 11:55:18.368,-393850,-425469,-427293,-432122,2,2,2,2
2025-08-21 11:55:18.369,-393863,-425479,-427304,-431876,2,2,2,2
2025-08-21 11:55:18.369,-393957,-425572,-443783,-431904,2,2,2,2
2025-08-21 11:55:18.369,-393954,-425570,-443849,-431901,2,2,2,2
2025-08-21 11:55:18.370,-393869,-409104,-427389,-448271,2,2,2,2
2025-08-21 11:55:18.370,-393834,-425461,-427289,-432111,2,2,2,2
2025-08-21 11:55:18.370,-393827,-425455,-427280,-448494,2,2,2,2
2025-08-21 11:55:18.371,-393766,-425455,-443700,-432112,2,2,2,2
2025-08-21 11:55:18.371,-393795,-425451,-427279,-432110,2,2,2,2
2025-08-21 11:55:18.371,-393830,-425455,-427280,-448496,2,2,2,2
2025-08-21 11:55:18.371,-393782,-425474,-443680,-432127,2,2,2,2
2025-08-21 11:55:18.372,-393783,-425474,-427295,-432126,2,2,2,2
2025-08-21 11:55:18.372,-393777,-425469,-427288,-432120,2,2,2,2
2025-08-21 11:55:18.372,-393831,-409074,-427281,-448496,2,2,2,2
2025-08-21 11:55:18.373,-393797,-425452,-443658,-432106,2,2,2,2
2025-08-21 11:55:18.373,-393830,-425457,-427277,-432108,2,2,2,2
2025-08-21 11:55:18.373,-393836,-425460,-427283,-432110,2,2,2,2
2025-08-21 11:55:18.373,-393849,-425474,-427296,-432120,2,2,2,2
2025-08-21 11:55:18.374,-393857,-425480,-427302,-432126,2,2,2,2
2025-08-21 11:55:18.374,-393789,-425476,-443747,-432124,2,2,2,2
2025-08-21 11:55:18.374,-393843,-425466,-427289,-448499,2,2,2,2
2025-08-21 11:55:18.375,-393750,-425372,-427511,-432083,2,2,2,2
2025-08-21 11:55:18.375,-393751,-425374,-427510,-432020,2,2,2,2
2025-08-21 11:55:18.375,-393732,-425359,-427489,-432002,2,2,2,2
2025-08-21 11:55:18.375,-393973,-425279,-427409,-448370,2,2,2,2
2025-08-21 11:55:18.376,-393969,-425338,-443792,-431982,2,2,2,2
2025-08-21 11:55:18.376,-393964,-408950,-427401,-448358,2,2,2,2
2025-08-21 11:55:18.376,-393731,-408970,-427423,-448376,2,2,2,2
2025-08-21 11:55:18.376,-393787,-425370,-427507,-432077,2,2,2,2
2025-08-21 11:55:18.377,-393835,-425450,-427265,-448447,2,2,2,2
2025-08-21 11:55:18.377,-393923,-425475,-443702,-432117,2,2,2,2
2025-08-21 11:55:18.377,-393950,-425503,-443763,-431894,2,2,2,2
2025-08-21 11:55:18.377,-393973,-409204,-427403,-440174,2,2,2,2
2025-08-21 11:55:18.378,-393995,-425609,-427493,-432069,2,2,2,2
2025-08-21 11:55:18.378,-394082,-425690,-427510,-432089,2,2,2,2
2025-08-21 11:55:18.379,-394086,-409277,-427515,-440222,2,2,2,2
2025-08-21 11:55:18.379,-394051,-425627,-443895,-432030,2,2,2,2
2025-08-21 11:55:18.379,-394056,-425632,-443899,-432099,2,2,2,2
2025-08-21 11:55:18.379,-394093,-425701,-427522,-432102,2,2,2,2
2025-08-21 11:55:18.380,-394091,-425702,-427521,-448482,2,2,2,2
2025-08-21 11:55:18.380,-394014,-425626,-427507,-432022,2,2,2,2
2025-08-21 11:55:18.380,-394002,-425615,-427495,-432012,2,2,2,2
2025-08-21 11:55:18.380,-393978,-425600,-427417,-431930,2,2,2,2
2025-08-21 11:55:18.381,-393886,-425576,-427458,-431904,2,2,2,2
2025-08-21 11:55:18.381,-393887,-425578,-427396,-431902,2,2,2,2
2025-08-21 11:55:18.381,-393965,-425524,-427404,-431912,2,2,2,2
2025-08-21 11:55:18.381,-393967,-425584,-427464,-431975,2,2,2,2
2025-08-21 11:55:18.382,-393956,-409122,-427386,-448283,2,2,2,2
2025-08-21 11:55:18.382,-393964,-425516,-427388,-431909,2,2,2,2
2025-08-21 11:55:18.383,-393960,-425578,-443705,-431973,2,2,2,2
2025-08-21 11:55:18.383,-393886,-425502,-427378,-448316,2,2,2,2
2025-08-21 11:55:18.383,-393883,-425502,-427375,-448280,2,2,2,2
2025-08-21 11:55:18.383,-393942,-425497,-443754,-431889,2,2,2,2
2025-08-21 11:55:18.384,-393859,-425481,-427289,-432128,2,2,2,2
2025-08-21 11:55:18.384,-393854,-425479,-427286,-432126,2,2,2,2
2025-08-21 11:55:18.384,-393845,-425474,-427278,-432122,2,2,2,2
2025-08-21 11:55:18.385,-393784,-425474,-443661,-432128,2,2,2,2
2025-08-21 11:55:18.385,-393864,-409104,-427292,-440078,2,2,2,2
2025-08-21 11:55:18.385,-393865,-409108,-427292,-440079,2,2,2,2
2025-08-21 11:55:18.385,-393853,-425483,-427278,-431875,2,2,2,2
2025-08-21 11:55:18.386,-393842,-425469,-427269,-432118,2,2,2,2
2025-08-21 11:55:18.386,-393773,-425465,-443651,-432111,2,2,2,2
2025-08-21 11:55:18.386,-393840,-425467,-427267,-448494,2,2,2,2
2025-08-21 11:55:18.386,-393781,-425468,-443655,-432115,2,2,2,2
2025-08-21 11:55:18.387,-393846,-409081,-427269,-440304,2,2,2,2
2025-08-21 11:55:18.387,-393844,-425462,-427272,-432111,2,2,2,2
2025-08-21 11:55:18.387,-393831,-425451,-427514,-432100,2,2,2,2
2025-08-21 11:55:18.387,-393826,-425446,-427509,-448451,2,2,2,2
2025-08-21 11:55:18.388,-393755,-425444,-427507,-432098,2,2,2,2
2025-08-21 11:55:18.388,-393830,-409067,-427513,-448491,2,2,2,2
2025-08-21 11:55:18.388,-393840,-409075,-427270,-448501,2,2,2,2
2025-08-21 11:55:18.388,-393806,-425457,-443656,-432111,2,2,2,2
2025-08-21 11:55:18.389,-393789,-425471,-443672,-432126,2,2,2,2
2025-08-21 11:55:18.389,-393950,-425504,-443701,-431899,2,2,2,2
2025-08-21 11:55:18.389,-393956,-425574,-443769,-431903,2,2,2,2
2025-08-21 11:55:18.389,-393888,-409154,-427385,-448284,2,2,2,2
2025-08-21 11:55:18.390,-393887,-425510,-427389,-448285,2,2,2,2
2025-08-21 11:55:18.390,-393875,-425495,-427376,-431897,2,2,2,2
2025-08-21 11:55:18.391,-393876,-425497,-427377,-431897,2,2,2,2
2025-08-21 11:55:18.391,-393932,-425490,-443755,-431891,2,2,2,2
2025-08-21 11:55:18.391,-393860,-425482,-443749,-431883,2,2,2,2
2025-08-21 11:55:18.391,-393923,-425482,-443747,-431877,2,2,2,2
2025-08-21 11:55:18.392,-393861,-409098,-427363,-440066,2,2,2,2
2025-08-21 11:55:18.392,-393857,-425478,-427297,-432127,2,2,2,2
2025-08-21 11:55:18.392,-393857,-425475,-427293,-432128,2,2,2,2
2025-08-21 11:55:18.392,-393859,-425480,-427294,-448260,2,2,2,2
2025-08-21 11:55:18.393,-393873,-425492,-427367,-448271,2,2,2,2
2025-08-21 11:55:18.393,-393882,-425504,-427379,-431899,2,2,2,2
2025-08-21 11:55:18.393,-393884,-425570,-427380,-431902,2,2,2,2
2025-08-21 11:55:18.393,-393882,-425503,-427382,-431902,2,2,2,2
2025-08-21 11:55:18.394,-393881,-425500,-427318,-431902,2,2,2,2
2025-08-21 11:55:18.394,-393932,-425490,-443725,-431893,2,2,2,2
2025-08-21 11:55:18.394,-393790,-425472,-443708,-431878,2,2,2,2
2025-08-21 11:55:18.394,-393758,-409059,-427518,-440299,2,2,2,2
2025-08-21 11:55:18.395,-393750,-409025,-427514,-448484,2,2,2,2
2025-08-21 11:55:18.395,-393746,-425438,-427512,-448452,2,2,2,2
2025-08-21 11:55:18.395,-393746,-425376,-427514,-432104,2,2,2,2
2025-08-21 11:55:18.395,-393756,-425445,-427517,-448493,2,2,2,2
2025-08-21 11:55:18.396,-393766,-425452,-443651,-432113,2,2,2,2
2025-08-21 11:55:18.396,-393794,-425449,-427515,-432112,2,2,2,2
2025-08-21 11:55:18.396,-393778,-425372,-427502,-432097,2,2,2,2
2025-08-21 11:55:18.396,-393733,-425362,-443879,-432023,2,2,2,2
2025-08-21 11:55:18.397,-393971,-408959,-427417,-440202,2,2,2,2
2025-08-21 11:55:18.397,-393971,-425343,-443865,-432016,2,2,2,2
2025-08-21 11:55:18.397,-393976,-425346,-427484,-432021,2,2,2,2
2025-08-21 11:55:18.398,-393976,-425344,-443804,-432021,2,2,2,2
2025-08-21 11:55:18.398,-393973,-408958,-427418,-432021,2,2,2,2
2025-08-21 11:55:18.398,-393730,-425355,-427495,-432096,2,2,2,2
2025-08-21 11:55:18.399,-393754,-425446,-427515,-432118,2,2,2,2
2025-08-21 11:55:18.399,-393763,-425457,-443651,-432125,2,2,2,2
2025-08-21 11:55:18.399,-393832,-425458,-427275,-448257,2,2,2,2
2025-08-21 11:55:18.399,-393768,-425453,-443655,-432126,2,2,2,2
2025-08-21 11:55:18.400,-393835,-425457,-427270,-431873,2,2,2,2
2025-08-21 11:55:18.400,-393832,-425458,-427268,-431873,2,2,2,2
2025-08-21 11:55:18.400,-393826,-425449,-427518,-432121,2,2,2,2
2025-08-21 11:55:18.400,-393832,-425449,-427519,-448508,2,2,2,2
2025-08-21 11:55:18.401,-393780,-425461,-443657,-431883,2,2,2,2
2025-08-21 11:55:18.401,-393844,-425460,-427272,-431877,2,2,2,2
2025-08-21 11:55:18.401,-393828,-425443,-427516,-432113,2,2,2,2
2025-08-21 11:55:18.401,-393758,-425375,-427511,-432108,2,2,2,2
2025-08-21 11:55:18.402,-393756,-425439,-427508,-448489,2,2,2,2
2025-08-21 11:55:18.402,-393751,-425371,-443852,-432102,2,2,2,2
2025-08-21 11:55:18.402,-393746,-425364,-443844,-432032,2,2,2,2
2025-08-21 11:55:18.402,-393736,-408971,-427420,-440215,2,2,2,2
2025-08-21 11:55:18.403,-393731,-425350,-427416,-432086,2,2,2,2
2025-08-21 11:55:18.403,-393733,-425422,-427420,-448438,2,2,2,2
2025-08-21 11:55:18.403,-393752,-425373,-443856,-432108,2,2,2,2
2025-08-21 11:55:18.404,-393758,-409059,-427507,-440301,2,2,2,2
2025-08-21 11:55:18.404,-393803,-425450,-443902,-432117,2,2,2,2
2025-08-21 11:55:18.404,-393793,-425376,-427508,-432106,2,2,2,2
2025-08-21 11:55:18.404,-393831,-425446,-427514,-432110,2,2,2,2
2025-08-21 11:55:18.405,-393846,-425461,-427271,-448509,2,2,2,2
2025-08-21 11:55:18.405,-393835,-409036,-427518,-448499,2,2,2,2
2025-08-21 11:55:18.405,-393826,-409027,-427511,-440302,2,2,2,2
2025-08-21 11:55:18.406,-393798,-425446,-427513,-432109,2,2,2,2
2025-08-21 11:55:18.406,-393845,-425463,-427273,-432126,2,2,2,2
2025-08-21 11:55:18.406,-393851,-425473,-427279,-431875,2,2,2,2
2025-08-21 11:55:18.406,-393853,-425473,-427281,-431880,2,2,2,2
2025-08-21 11:55:18.406,-393776,-425464,-443659,-431874,2,2,2,2
2025-08-21 11:55:18.407,-393829,-409070,-427268,-448506,2,2,2,2
2025-08-21 11:55:18.408,-393768,-425455,-443652,-432121,2,2,2,2
2025-08-21 11:55:18.408,-393843,-425465,-427277,-431877,2,2,2,2
2025-08-21 11:55:18.408,-393836,-425457,-427269,-448508,2,2,2,2
2025-08-21 11:55:18.408,-393834,-425455,-427265,-448504,2,2,2,2
2025-08-21 11:55:18.409,-393773,-425461,-443654,-432124,2,2,2,2
2025-08-21 11:55:18.409,-393768,-425456,-427519,-432120,2,2,2,2
2025-08-21 11:55:18.409,-393842,-425461,-427272,-431873,2,2,2,2
2025-08-21 11:55:18.409,-393858,-425477,-427286,-431888,2,2,2,2
2025-08-21 11:55:18.410,-393882,-425508,-427381,-448329,2,2,2,2
2025-08-21 11:55:18.410,-393971,-409213,-427408,-440193,2,2,2,2
2025-08-21 11:55:18.410,-393987,-409231,-427421,-440212,2,2,2,2
2025-08-21 11:55:18.410,-393989,-425612,-427420,-432083,2,2,2,2
2025-08-21 11:55:18.411,-393977,-425597,-427473,-432007,2,2,2,2
2025-08-21 11:55:18.411,-393962,-425578,-443777,-431992,2,2,2,2
2025-08-21 11:55:18.411,-393885,-425498,-427378,-448329,2,2,2,2
2025-08-21 11:55:18.412,-393874,-409146,-427378,-440162,2,2,2,2
2025-08-21 11:55:18.412,-393863,-425494,-427308,-431901,2,2,2,2
2025-08-21 11:55:18.412,-393837,-425472,-427288,-431878,2,2,2,2
2025-08-21 11:55:18.412,-393839,-425467,-427288,-448261,2,2,2,2
2025-08-21 11:55:18.413,-393837,-425460,-427282,-448512,2,2,2,2
2025-08-21 11:55:18.413,-393844,-425462,-427286,-431878,2,2,2,2
2025-08-21 11:55:18.413,-393844,-425463,-427286,-431875,2,2,2,2
2025-08-21 11:55:18.413,-393844,-425461,-427286,-432124,2,2,2,2
2025-08-21 11:55:18.414,-393851,-425467,-427295,-431878,2,2,2,2
2025-08-21 11:55:18.414,-393792,-425470,-443717,-431886,2,2,2,2
2025-08-21 11:55:18.414,-393782,-425462,-443706,-431879,2,2,2,2
2025-08-21 11:55:18.415,-393843,-409076,-427282,-440067,2,2,2,2
2025-08-21 11:55:18.415,-393835,-409072,-427275,-448511,2,2,2,2
2025-08-21 11:55:18.415,-393752,-425437,-427509,-448464,2,2,2,2
2025-08-21 11:55:18.416,-393750,-425433,-427507,-448460,2,2,2,2
2025-08-21 11:55:18.416,-393767,-425443,-443649,-432124,2,2,2,2
2025-08-21 11:55:18.416,-393783,-425459,-443667,-431880,2,2,2,2
2025-08-21 11:55:18.416,-393853,-425462,-443670,-431884,2,2,2,2
2025-08-21 11:55:18.417,-393853,-425465,-443669,-431885,2,2,2,2
2025-08-21 11:55:18.417,-393853,-409087,-427284,-448273,2,2,2,2
2025-08-21 11:55:18.418,-393853,-409085,-427285,-448277,2,2,2,2
2025-08-21 11:55:18.418,-393807,-425457,-427270,-431882,2,2,2,2
2025-08-21 11:55:18.418,-393773,-425455,-443652,-431879,2,2,2,2
2025-08-21 11:55:18.418,-393844,-425463,-427277,-431886,2,2,2,2
2025-08-21 11:55:18.419,-393852,-425473,-427288,-431897,2,2,2,2
2025-08-21 11:55:18.419,-393924,-425482,-427294,-431971,2,2,2,2
2025-08-21 11:55:18.419,-393874,-425496,-427308,-431984,2,2,2,2
2025-08-21 11:55:18.419,-393881,-409185,-427377,-440173,2,2,2,2
2025-08-21 11:55:18.420,-393876,-425501,-427377,-431915,2,2,2,2
2025-08-21 11:55:18.420,-393879,-425505,-427388,-448336,2,2,2,2
2025-08-21 11:55:18.420,-393957,-425522,-427409,-448385,2,2,2,2
2025-08-21 11:55:18.420,-393979,-425671,-427496,-448434,2,2,2,2
2025-08-21 11:55:18.421,-393982,-425610,-443848,-432020,2,2,2,2
2025-08-21 11:55:18.421,-393991,-425619,-427503,-432030,2,2,2,2
2025-08-21 11:55:18.421,-393989,-425621,-427502,-432029,2,2,2,2
2025-08-21 11:55:18.421,-393999,-425628,-427510,-432102,2,2,2,2
2025-08-21 11:55:18.422,-394005,-425697,-427519,-448461,2,2,2,2
2025-08-21 11:55:18.422,-394011,-409285,-427524,-440305,2,2,2,2
2025-08-21 11:55:18.422,-394011,-409318,-427522,-440303,2,2,2,2
2025-08-21 11:55:18.422,-394083,-409291,-427528,-448502,2,2,2,2
2025-08-21 11:55:18.423,-394087,-425704,-427530,-432117,2,2,2,2
2025-08-21 11:55:18.423,-394086,-425706,-427533,-448504,2,2,2,2
2025-08-21 11:55:18.423,-394086,-425707,-427535,-448509,2,2,2,2
2025-08-21 11:55:18.423,-394024,-425709,-443918,-432131,2,2,2,2
2025-08-21 11:55:18.424,-394096,-409336,-427538,-440334,2,2,2,2
2025-08-21 11:55:18.424,-394101,-425474,-427544,-432151,2,2,2,2
2025-08-21 11:55:18.424,-394105,-425483,-427557,-432225,2,2,2,2
2025-08-21 11:55:18.424,-394109,-425486,-427626,-448582,2,2,2,2
2025-08-21 11:55:18.425,-394183,-425497,-444018,-432236,2,2,2,2
2025-08-21 11:55:18.425,-394119,-409111,-427632,-448618,2,2,2,2
2025-08-21 11:55:18.425,-394125,-409117,-427635,-448623,2,2,2,2
2025-08-21 11:55:18.425,-394119,-425487,-444008,-432230,2,2,2,2
2025-08-21 11:55:18.426,-394047,-425477,-443933,-432153,2,2,2,2
2025-08-21 11:55:18.426,-394177,-425480,-443941,-432157,2,2,2,2
2025-08-21 11:55:18.426,-394106,-409090,-427549,-448533,2,2,2,2
2025-08-21 11:55:18.427,-394105,-425479,-427550,-432147,2,2,2,2
2025-08-21 11:55:18.427,-394105,-425478,-427547,-432141,2,2,2,2
2025-08-21 11:55:18.428,-394036,-425727,-427540,-432134,2,2,2,2
2025-08-21 11:55:18.428,-394037,-425727,-443928,-432134,2,2,2,2
2025-08-21 11:55:18.428,-394042,-425476,-443933,-432135,2,2,2,2
2025-08-21 11:55:18.429,-394106,-425724,-427546,-432130,2,2,2,2
2025-08-21 11:55:18.429,-394102,-425718,-427539,-432127,2,2,2,2
2025-08-21 11:55:18.429,-394100,-425718,-427541,-432129,2,2,2,2
2025-08-21 11:55:18.429,-394093,-425708,-427533,-448504,2,2,2,2
2025-08-21 11:55:18.430,-394018,-425701,-443907,-432110,2,2,2,2
2025-08-21 11:55:18.430,-394010,-425629,-427512,-432102,2,2,2,2
2025-08-21 11:55:18.430,-393987,-409223,-427489,-440204,2,2,2,2
2025-08-21 11:55:18.430,-393963,-425581,-427462,-431986,2,2,2,2
2025-08-21 11:55:18.431,-393956,-425505,-427383,-448360,2,2,2,2
2025-08-21 11:55:18.431,-393935,-425484,-443708,-431891,2,2,2,2
2025-08-21 11:55:18.431,-393780,-425455,-443903,-432121,2,2,2,2
2025-08-21 11:55:18.431,-393831,-409028,-427509,-440302,2,2,2,2
2025-08-21 11:55:18.432,-393760,-425374,-427505,-432100,2,2,2,2
2025-08-21 11:55:18.432,-393754,-425430,-427501,-448449,2,2,2,2
2025-08-21 11:55:18.432,-393754,-425367,-427503,-432098,2,2,2,2
2025-08-21 11:55:18.432,-393756,-425364,-443853,-432099,2,2,2,2
2025-08-21 11:55:18.433,-393752,-408979,-427500,-440295,2,2,2,2
2025-08-21 11:55:18.433,-393790,-425368,-427505,-432109,2,2,2,2
2025-08-21 11:55:18.433,-393794,-425372,-427512,-432113,2,2,2,2
2025-08-21 11:55:18.433,-393836,-425446,-427268,-432122,2,2,2,2
2025-08-21 11:55:18.434,-393839,-425452,-427276,-448512,2,2,2,2
2025-08-21 11:55:18.434,-393852,-409085,-427292,-440076,2,2,2,2
2025-08-21 11:55:18.434,-393927,-425483,-443690,-431897,2,2,2,2
2025-08-21 11:55:18.434,-393876,-425496,-427381,-431904,2,2,2,2
2025-08-21 11:55:18.435,-393933,-425587,-443792,-431994,2,2,2,2
2025-08-21 11:55:18.435,-393994,-425678,-427498,-432087,2,2,2,2
2025-08-21 11:55:18.435,-394009,-425690,-427513,-448484,2,2,2,2
2025-08-21 11:55:18.435,-394016,-425632,-443902,-432108,2,2,2,2
2025-08-21 11:55:18.436,-394081,-425631,-427520,-432109,2,2,2,2
2025-08-21 11:55:18.436,-394015,-425627,-427515,-432108,2,2,2,2
2025-08-21 11:55:18.436,-394017,-425629,-443902,-432108,2,2,2,2
2025-08-21 11:55:18.437,-394006,-425620,-427505,-432092,2,2,2,2
2025-08-21 11:55:18.437,-393991,-425669,-427491,-448398,2,2,2,2
2025-08-21 11:55:18.437,-393976,-409144,-427409,-448386,2,2,2,2
2025-08-21 11:55:18.437,-393970,-425587,-443785,-431997,2,2,2,2
2025-08-21 11:55:18.438,-393958,-425572,-443771,-431981,2,2,2,2
2025-08-21 11:55:18.438,-393961,-425571,-427387,-431917,2,2,2,2
2025-08-21 11:55:18.438,-393980,-425586,-427404,-431934,2,2,2,2
2025-08-21 11:55:18.438,-393982,-425589,-427472,-432002,2,2,2,2
2025-08-21 11:55:18.439,-393975,-425582,-427469,-431996,2,2,2,2
2025-08-21 11:55:18.439,-393963,-409115,-427393,-431984,2,2,2,2
2025-08-21 11:55:18.439,-393875,-425474,-427368,-431896,2,2,2,2
2025-08-21 11:55:18.440,-393855,-425459,-427285,-431879,2,2,2,2
2025-08-21 11:55:18.440,-393845,-425451,-427276,-448508,2,2,2,2
2025-08-21 11:55:18.440,-393831,-425439,-427518,-448497,2,2,2,2
2025-08-21 11:55:18.440,-393759,-425365,-443891,-432104,2,2,2,2
2025-08-21 11:55:18.441,-393755,-425361,-443885,-432100,2,2,2,2
2025-08-21 11:55:18.441,-393837,-425442,-427517,-432116,2,2,2,2
2025-08-21 11:55:18.441,-393851,-425455,-427272,-432128,2,2,2,2
2025-08-21 11:55:18.441,-393862,-425464,-427282,-431881,2,2,2,2
2025-08-21 11:55:18.442,-393862,-425464,-427284,-448267,2,2,2,2
2025-08-21 11:55:18.442,-393859,-409075,-427283,-448263,2,2,2,2
2025-08-21 11:55:18.442,-393850,-409038,-427276,-440067,2,2,2,2
2025-08-21 11:55:18.442,-393798,-425376,-427517,-432117,2,2,2,2
2025-08-21 11:55:18.443,-393750,-425359,-443887,-432102,2,2,2,2
2025-08-21 11:55:18.443,-393741,-425413,-427495,-432093,2,2,2,2
2025-08-21 11:55:18.443,-393743,-425417,-427496,-432097,2,2,2,2
2025-08-21 11:55:18.443,-393764,-425374,-443896,-432119,2,2,2,2
2025-08-21 11:55:18.444,-393840,-425455,-427270,-431877,2,2,2,2
2025-08-21 11:55:18.444,-393956,-425573,-443771,-431994,2,2,2,2
2025-08-21 11:55:18.444,-393966,-425520,-427401,-448453,2,2,2,2
2025-08-21 11:55:18.445,-393976,-425595,-427407,-432077,2,2,2,2
2025-08-21 11:55:18.445,-393995,-425674,-427490,-448413,2,2,2,2
2025-08-21 11:55:18.445,-394004,-425685,-427499,-448485,2,2,2,2
2025-08-21 11:55:18.445,-394004,-425623,-443884,-432105,2,2,2,2
2025-08-21 11:55:18.446,-394002,-425619,-443850,-432102,2,2,2,2
2025-08-21 11:55:18.446,-393986,-425605,-427483,-432023,2,2,2,2
2025-08-21 11:55:18.446,-393966,-425585,-427399,-432068,2,2,2,2
2025-08-21 11:55:18.446,-393880,-425502,-427311,-431985,2,2,2,2
2025-08-21 11:55:18.447,-393842,-409083,-427281,-440078,2,2,2,2
2025-08-21 11:55:18.447,-393841,-409074,-427282,-440075,2,2,2,2
2025-08-21 11:55:18.447,-393845,-409078,-427286,-448272,2,2,2,2
2025-08-21 11:55:18.448,-393803,-425453,-427274,-431874,2,2,2,2
2025-08-21 11:55:18.448,-393828,-425446,-427518,-448506,2,2,2,2
2025-08-21 11:55:18.448,-393750,-425436,-427505,-448460,2,2,2,2
2025-08-21 11:55:18.448,-393745,-425365,-443849,-432101,2,2,2,2
2025-08-21 11:55:18.449,-393752,-425371,-427503,-432109,2,2,2,2
2025-08-21 11:55:18.449,-393749,-425369,-427505,-432107,2,2,2,2
2025-08-21 11:55:18.449,-393777,-425368,-443887,-432104,2,2,2,2
2025-08-21 11:55:18.450,-393750,-425435,-427507,-432115,2,2,2,2
2025-08-21 11:55:18.450,-393754,-409055,-427510,-448504,2,2,2,2
2025-08-21 11:55:18.450,-393758,-425444,-427513,-432126,2,2,2,2
2025-08-21 11:55:18.450,-393830,-425450,-427518,-448262,2,2,2,2
2025-08-21 11:55:18.451,-393774,-425457,-443654,-431882,2,2,2,2
2025-08-21 11:55:18.451,-393834,-425451,-427520,-431873,2,2,2,2
2025-08-21 11:55:18.451,-393836,-409034,-427519,-440315,2,2,2,2
2025-08-21 11:55:18.451,-393831,-425448,-427515,-432121,2,2,2,2
2025-08-21 11:55:18.452,-393831,-425446,-427514,-432124,2,2,2,2
2025-08-21 11:55:18.452,-393777,-425456,-443654,-431878,2,2,2,2
2025-08-21 11:55:18.452,-393922,-425469,-443699,-431895,2,2,2,2
2025-08-21 11:55:18.452,-393858,-409084,-427283,-440085,2,2,2,2
2025-08-21 11:55:18.453,-393860,-425468,-427283,-431890,2,2,2,2
2025-08-21 11:55:18.453,-393866,-425475,-427289,-448311,2,2,2,2
2025-08-21 11:55:18.453,-393858,-425465,-427277,-431886,2,2,2,2
2025-08-21 11:55:18.453,-393842,-425450,-427517,-448511,2,2,2,2
2025-08-21 11:55:18.454,-393751,-425366,-443847,-432104,2,2,2,2
2025-08-21 11:55:18.454,-393739,-425360,-427490,-432100,2,2,2,2
2025-08-21 11:55:18.454,-393740,-409039,-427492,-448487,2,2,2,2
2025-08-21 11:55:18.455,-393979,-425346,-427476,-432024,2,2,2,2
2025-08-21 11:55:18.455,-393966,-425268,-427400,-448399,2,2,2,2
2025-08-21 11:55:18.455,-393952,-425319,-443710,-432002,2,2,2,2
2025-08-21 11:55:18.455,-393948,-425313,-443708,-431999,2,2,2,2
2025-08-21 11:55:18.455,-393876,-408859,-427378,-448374,2,2,2,2
2025-08-21 11:55:18.456,-393910,-425245,-443768,-431991,2,2,2,2
2025-08-21 11:55:18.456,-393885,-408934,-427393,-431999,2,2,2,2
2025-08-21 11:55:18.456,-393971,-425328,-427408,-432084,2,2,2,2
2025-08-21 11:55:18.457,-393973,-425328,-427476,-432024,2,2,2,2
2025-08-21 11:55:18.457,-393968,-425325,-443789,-432018,2,2,2,2
2025-08-21 11:55:18.457,-393970,-425329,-443791,-432025,2,2,2,2
2025-08-21 11:55:18.458,-393742,-425420,-427493,-432113,2,2,2,2
2025-08-21 11:55:18.458,-393742,-425357,-427493,-432113,2,2,2,2
2025-08-21 11:55:18.458,-393740,-425348,-427489,-432105,2,2,2,2
2025-08-21 11:55:18.458,-393733,-425272,-427415,-448446,2,2,2,2
2025-08-21 11:55:18.459,-393973,-425320,-443782,-432012,2,2,2,2
2025-08-21 11:55:18.459,-393965,-425245,-427386,-431936,2,2,2,2
2025-08-21 11:55:18.459,-393730,-408947,-427410,-440213,2,2,2,2
2025-08-21 11:55:18.459,-393743,-425349,-427493,-432104,2,2,2,2
2025-08-21 11:55:18.460,-393742,-425414,-427494,-448488,2,2,2,2
2025-08-21 11:55:18.460,-393975,-425325,-443792,-432015,2,2,2,2
2025-08-21 11:55:18.460,-393966,-425313,-443781,-432003,2,2,2,2
2025-08-21 11:55:18.460,-393962,-408892,-427389,-440188,2,2,2,2
2025-08-21 11:55:18.461,-393972,-425322,-427399,-432071,2,2,2,2
2025-08-21 11:55:18.461,-393980,-425264,-427407,-448396,2,2,2,2
2025-08-21 11:55:18.461,-393956,-425244,-427383,-448307,2,2,2,2
2025-08-21 11:55:18.462,-393959,-408929,-427384,-440184,2,2,2,2
2025-08-21 11:55:18.462,-393926,-425315,-443766,-431933,2,2,2,2
2025-08-21 11:55:18.462,-393920,-425243,-427377,-431931,2,2,2,2
2025-08-21 11:55:18.462,-393955,-425241,-427309,-431992,2,2,2,2
2025-08-21 11:55:18.463,-393888,-425236,-427363,-448306,2,2,2,2
2025-08-21 11:55:18.463,-393880,-408841,-427291,-448360,2,2,2,2
2025-08-21 11:55:18.463,-393855,-409077,-427272,-440085,2,2,2,2
2025-08-21 11:55:18.463,-393796,-425369,-427245,-431869,2,2,2,2
2025-08-21 11:55:18.464,-393745,-425350,-427225,-431854,2,2,2,2
2025-08-21 11:55:18.464,-393739,-425276,-427154,-431847,2,2,2,2
2025-08-21 11:55:18.464,-393742,-425275,-427160,-431845,2,2,2,2
2025-08-21 11:55:18.464,-393756,-425349,-443623,-431855,2,2,2,2
2025-08-21 11:55:18.465,-393830,-409039,-427251,-448252,2,2,2,2
2025-08-21 11:55:18.465,-393863,-425466,-427291,-448292,2,2,2,2
2025-08-21 11:55:18.466,-393879,-425232,-427374,-431929,2,2,2,2
2025-08-21 11:55:18.466,-393887,-425244,-427388,-448391,2,2,2,2
2025-08-21 11:55:18.466,-393960,-425255,-427397,-448398,2,2,2,2
2025-08-21 11:55:18.466,-393973,-425329,-443788,-432022,2,2,2,2
2025-08-21 11:55:18.467,-393983,-425336,-427471,-432026,2,2,2,2
2025-08-21 11:55:18.467,-393983,-425335,-427471,-432028,2,2,2,2
2025-08-21 11:55:18.467,-393967,-408866,-427390,-448392,2,2,2,2
2025-08-21 11:55:18.468,-393883,-425231,-427372,-448372,2,2,2,2
2025-08-21 11:55:18.468,-393880,-408843,-427367,-440174,2,2,2,2
2025-08-21 11:55:18.468,-393873,-408836,-427363,-440169,2,2,2,2
2025-08-21 11:55:18.468,-393874,-425221,-427364,-431914,2,2,2,2
2025-08-21 11:55:18.469,-393912,-425226,-427370,-431922,2,2,2,2
2025-08-21 11:55:18.469,-393948,-425230,-443755,-431989,2,2,2,2
2025-08-21 11:55:18.469,-393944,-425226,-443754,-431986,2,2,2,2
2025-08-21 11:55:18.470,-393879,-408845,-427373,-440181,2,2,2,2
2025-08-21 11:55:18.470,-393857,-425467,-427291,-431972,2,2,2,2
2025-08-21 11:55:18.470,-393860,-425470,-427294,-431971,2,2,2,2
2025-08-21 11:55:18.470,-393871,-425225,-427369,-448333,2,2,2,2
2025-08-21 11:55:18.471,-393938,-425227,-443727,-431985,2,2,2,2
2025-08-21 11:55:18.471,-393880,-425235,-427382,-431926,2,2,2,2
2025-08-21 11:55:18.471,-393956,-425313,-427394,-432068,2,2,2,2
2025-08-21 11:55:18.471,-393955,-425248,-427459,-432004,2,2,2,2
2025-08-21 11:55:18.472,-393958,-425316,-427461,-432008,2,2,2,2
2025-08-21 11:55:18.472,-393958,-408937,-427401,-440200,2,2,2,2
2025-08-21 11:55:18.472,-393964,-425326,-443790,-432013,2,2,2,2
2025-08-21 11:55:18.472,-393975,-408950,-427414,-440215,2,2,2,2
2025-08-21 11:55:18.473,-393736,-425351,-427496,-432100,2,2,2,2
2025-08-21 11:55:18.473,-393752,-425427,-427506,-448463,2,2,2,2
2025-08-21 11:55:18.473,-393826,-425436,-427514,-448507,2,2,2,2
2025-08-21 11:55:18.473,-393754,-425367,-443892,-432120,2,2,2,2
2025-08-21 11:55:18.474,-393752,-425365,-443889,-432118,2,2,2,2
2025-08-21 11:55:18.474,-393750,-425365,-427504,-432114,2,2,2,2
2025-08-21 11:55:18.474,-393779,-425361,-443882,-432114,2,2,2,2
2025-08-21 11:55:18.475,-393980,-425274,-427407,-448472,2,2,2,2
2025-08-21 11:55:18.475,-393736,-408967,-427422,-448487,2,2,2,2
2025-08-21 11:55:18.475,-393738,-408970,-427491,-448488,2,2,2,2
2025-08-21 11:55:18.476,-393983,-425342,-427418,-432093,2,2,2,2
2025-08-21 11:55:18.476,-393984,-425343,-443802,-432029,2,2,2,2
2025-08-21 11:55:18.476,-393743,-425358,-443852,-432108,2,2,2,2
2025-08-21 11:55:18.476,-393758,-425375,-427517,-432126,2,2,2,2
2025-08-21 11:55:18.476,-393759,-425441,-427265,-431873,2,2,2,2
2025-08-21 11:55:18.477,-393752,-409046,-427510,-448500,2,2,2,2
2025-08-21 11:55:18.477,-393739,-425354,-443855,-432102,2,2,2,2
2025-08-21 11:55:18.477,-393740,-408967,-427500,-440291,2,2,2,2
2025-08-21 11:55:18.478,-393729,-425339,-427490,-432089,2,2,2,2
2025-08-21 11:55:18.478,-393963,-425254,-427404,-448388,2,2,2,2
2025-08-21 11:55:18.478,-393883,-425235,-427383,-448336,2,2,2,2
2025-08-21 11:55:18.478,-393936,-425229,-443755,-431975,2,2,2,2
2025-08-21 11:55:18.479,-393860,-425466,-427288,-431892,2,2,2,2
2025-08-21 11:55:18.479,-393862,-425470,-427290,-431898,2,2,2,2
2025-08-21 11:55:18.479,-393867,-425220,-427296,-431903,2,2,2,2
2025-08-21 11:55:18.480,-393872,-425227,-427363,-448322,2,2,2,2
2025-08-21 11:55:18.480,-393872,-408842,-427363,-440163,2,2,2,2
2025-08-21 11:55:18.480,-393869,-408838,-427296,-440096,2,2,2,2
2025-08-21 11:55:18.480,-393871,-425221,-427296,-431903,2,2,2,2
2025-08-21 11:55:18.481,-393861,-425469,-427284,-431895,2,2,2,2
2025-08-21 11:55:18.481,-393846,-425454,-427268,-448264,2,2,2,2
2025-08-21 11:55:18.481,-393833,-425443,-427256,-448256,2,2,2,2
2025-08-21 11:55:18.481,-393770,-425447,-443644,-431873,2,2,2,2
2025-08-21 11:55:18.482,-393838,-409032,-427260,-440067,2,2,2,2
2025-08-21 11:55:18.482,-393854,-425459,-427271,-431889,2,2,2,2
2025-08-21 11:55:18.482,-393868,-425469,-427282,-431904,2,2,2,2
2025-08-21 11:55:18.483,-393871,-425219,-427288,-448326,2,2,2,2
2025-08-21 11:55:18.483,-393931,-425470,-443700,-431903,2,2,2,2
2025-08-21 11:55:18.483,-393865,-409085,-427285,-448282,2,2,2,2
2025-08-21 11:55:18.483,-393864,-409082,-427282,-448280,2,2,2,2
2025-08-21 11:55:18.483,-393859,-425468,-443668,-431894,2,2,2,2
2025-08-21 11:55:18.484,-393943,-425233,-443693,-431979,2,2,2,2
2025-08-21 11:55:18.484,-393961,-425313,-443709,-431997,2,2,2,2
2025-08-21 11:55:18.484,-393965,-408901,-427391,-448386,2,2,2,2
2025-08-21 11:55:18.485,-393931,-425316,-427393,-432066,2,2,2,2
2025-08-21 11:55:18.485,-393971,-425328,-427398,-432075,2,2,2,2
2025-08-21 11:55:18.486,-393729,-425339,-427474,-432024,2,2,2,2
2025-08-21 11:55:18.486,-393734,-425343,-443801,-432097,2,2,2,2
2025-08-21 11:55:18.486,-393734,-425345,-443798,-432030,2,2,2,2
2025-08-21 11:55:18.487,-393954,-425240,-427378,-431929,2,2,2,2
2025-08-21 11:55:18.487,-393886,-425234,-427311,-431988,2,2,2,2
2025-08-21 11:55:18.487,-393867,-425471,-427291,-431970,2,2,2,2
2025-08-21 11:55:18.487,-393846,-425451,-427273,-448269,2,2,2,2
2025-08-21 11:55:18.488,-393779,-425450,-443659,-431883,2,2,2,2
2025-08-21 11:55:18.488,-393851,-425458,-427280,-431891,2,2,2,2
2025-08-21 11:55:18.488,-393853,-425457,-427283,-431890,2,2,2,2
2025-08-21 11:55:18.488,-393852,-425459,-427284,-431888,2,2,2,2
2025-08-21 11:55:18.489,-393851,-425457,-427280,-448267,2,2,2,2
2025-08-21 11:55:18.489,-393939,-425228,-443720,-431972,2,2,2,2
2025-08-21 11:55:18.489,-393881,-408881,-427374,-440168,2,2,2,2
2025-08-21 11:55:18.490,-393957,-425246,-427385,-431928,2,2,2,2
2025-08-21 11:55:18.490,-393969,-425263,-427401,-448392,2,2,2,2
2025-08-21 11:55:18.490,-393959,-425253,-427397,-448384,2,2,2,2
2025-08-21 11:55:18.490,-393946,-425242,-443768,-431985,2,2,2,2
2025-08-21 11:55:18.491,-393932,-425228,-443723,-431974,2,2,2,2
2025-08-21 11:55:18.491,-393848,-425464,-427287,-431890,2,2,2,2
2025-08-21 11:55:18.491,-393803,-425453,-427275,-431881,2,2,2,2
2025-08-21 11:55:18.491,-393828,-425447,-427269,-448262,2,2,2,2
2025-08-21 11:55:18.492,-393838,-425457,-427276,-448305,2,2,2,2
2025-08-21 11:55:18.492,-393851,-409086,-427290,-440094,2,2,2,2
2025-08-21 11:55:18.492,-393855,-409087,-427295,-440095,2,2,2,2
2025-08-21 11:55:18.492,-393850,-425464,-427287,-431899,2,2,2,2
2025-08-21 11:55:18.493,-393850,-425465,-443672,-431896,2,2,2,2
2025-08-21 11:55:18.493,-393775,-425456,-443660,-431887,2,2,2,2
2025-08-21 11:55:18.493,-393780,-425459,-443662,-431889,2,2,2,2
2025-08-21 11:55:18.493,-393854,-409083,-427285,-440087,2,2,2,2
2025-08-21 11:55:18.494,-393858,-409083,-427284,-448282,2,2,2,2
2025-08-21 11:55:18.494,-393867,-425218,-427292,-431904,2,2,2,2
2025-08-21 11:55:18.494,-393883,-425233,-427307,-431981,2,2,2,2
2025-08-21 11:55:18.494,-393961,-425250,-427389,-448319,2,2,2,2
2025-08-21 11:55:18.495,-393961,-425317,-427390,-432066,2,2,2,2
2025-08-21 11:55:18.495,-393935,-425324,-427392,-432072,2,2,2,2
2025-08-21 11:55:18.495,-393980,-425336,-427401,-432078,2,2,2,2
2025-08-21 11:55:18.495,-393973,-425326,-443779,-432004,2,2,2,2
2025-08-21 11:55:18.496,-393962,-425318,-427324,-432003,2,2,2,2
2025-08-21 11:55:18.496,-393971,-425322,-443712,-432010,2,2,2,2
2025-08-21 11:55:18.496,-393965,-408863,-427384,-448380,2,2,2,2
2025-08-21 11:55:18.497,-393962,-425247,-427386,-448377,2,2,2,2
2025-08-21 11:55:18.497,-393955,-425242,-427386,-448309,2,2,2,2
2025-08-21 11:55:18.497,-393885,-425226,-427374,-431912,2,2,2,2
2025-08-21 11:55:18.498,-393875,-425218,-427300,-431900,2,2,2,2
2025-08-21 11:55:18.498,-393879,-425220,-427368,-448323,2,2,2,2
2025-08-21 11:55:18.498,-393945,-425226,-443756,-431978,2,2,2,2
2025-08-21 11:55:18.498,-393935,-425471,-443716,-431903,2,2,2,2
2025-08-21 11:55:18.499,-393867,-409086,-427363,-440094,2,2,2,2
2025-08-21 11:55:18.499,-393859,-425461,-427289,-431894,2,2,2,2
2025-08-21 11:55:18.499,-393854,-425460,-427287,-431891,2,2,2,2
2025-08-21 11:55:18.499,-393850,-425455,-427280,-448271,2,2,2,2
2025-08-21 11:55:18.500,-393788,-425459,-443664,-431888,2,2,2,2
2025-08-21 11:55:18.500,-393847,-425459,-427277,-431887,2,2,2,2
2025-08-21 11:55:18.500,-393856,-409085,-427285,-440088,2,2,2,2
2025-08-21 11:55:18.500,-393865,-425218,-427290,-431899,2,2,2,2
2025-08-21 11:55:18.501,-393870,-425226,-427296,-448322,2,2,2,2
2025-08-21 11:55:18.501,-393948,-425242,-443762,-431986,2,2,2,2
2025-08-21 11:55:18.501,-393957,-425316,-443778,-431999,2,2,2,2
2025-08-21 11:55:18.501,-393962,-408908,-427399,-440194,2,2,2,2
2025-08-21 11:55:18.502,-393975,-425337,-427412,-432081,2,2,2,2
2025-08-21 11:55:18.502,-393746,-425431,-427503,-448495,2,2,2,2
2025-08-21 11:55:18.503,-393759,-425443,-443901,-432126,2,2,2,2
2025-08-21 11:55:18.503,-393800,-425451,-443653,-431878,2,2,2,2
2025-08-21 11:55:18.503,-393799,-425450,-427268,-431875,2,2,2,2
2025-08-21 11:55:18.503,-393747,-425372,-427506,-432116,2,2,2,2
2025-08-21 11:55:18.504,-393739,-425433,-427500,-448495,2,2,2,2
2025-08-21 11:55:18.504,-393750,-425444,-427513,-432124,2,2,2,2
2025-08-21 11:55:18.504,-393762,-425455,-427520,-431876,2,2,2,2
2025-08-21 11:55:18.504,-393843,-409089,-427283,-448281,2,2,2,2
2025-08-21 11:55:18.505,-393928,-425496,-443756,-431987,2,2,2,2
2025-08-21 11:55:18.505,-393868,-425501,-427381,-431926,2,2,2,2
2025-08-21 11:55:18.505,-393868,-425495,-427375,-431921,2,2,2,2
2025-08-21 11:55:18.505,-393937,-425499,-443701,-431987,2,2,2,2
2025-08-21 11:55:18.506,-393877,-409117,-427388,-448372,2,2,2,2
2025-08-21 11:55:18.506,-393944,-425500,-443772,-431984,2,2,2,2
2025-08-21 11:55:18.506,-393949,-425503,-443772,-431986,2,2,2,2
2025-08-21 11:55:18.507,-393884,-425504,-427388,-431920,2,2,2,2
2025-08-21 11:55:18.507,-393959,-425516,-427401,-448382,2,2,2,2
2025-08-21 11:55:18.507,-393965,-425525,-427404,-448390,2,2,2,2
2025-08-21 11:55:18.507,-393958,-425583,-443781,-431997,2,2,2,2
2025-08-21 11:55:18.508,-393972,-425591,-427415,-432074,2,2,2,2
2025-08-21 11:55:18.508,-393996,-425612,-427500,-432097,2,2,2,2
2025-08-21 11:55:18.509,-394003,-425615,-427499,-432098,2,2,2,2
2025-08-21 11:55:18.509,-393989,-425666,-427420,-448438,2,2,2,2
2025-08-21 11:55:18.509,-393955,-409188,-427387,-440183,2,2,2,2
2025-08-21 11:55:18.509,-393869,-409107,-427372,-440167,2,2,2,2
2025-08-21 11:55:18.510,-393862,-425486,-427367,-431908,2,2,2,2
2025-08-21 11:55:18.510,-393848,-425469,-427290,-431896,2,2,2,2
2025-08-21 11:55:18.510,-393840,-425460,-427288,-448312,2,2,2,2
2025-08-21 11:55:18.511,-393840,-425463,-427287,-448316,2,2,2,2
2025-08-21 11:55:18.511,-393769,-425461,-443698,-431897,2,2,2,2
2025-08-21 11:55:18.511,-393832,-409037,-427275,-440082,2,2,2,2
2025-08-21 11:55:18.511,-393831,-425447,-427267,-431884,2,2,2,2
2025-08-21 11:55:18.511,-393845,-425457,-427280,-431892,2,2,2,2
2025-08-21 11:55:18.511,-393856,-425467,-427288,-448315,2,2,2,2
2025-08-21 11:55:18.512,-393853,-425463,-427282,-448281,2,2,2,2
2025-08-21 11:55:18.512,-393844,-409040,-427273,-448275,2,2,2,2
2025-08-21 11:55:18.512,-393857,-409085,-427283,-448285,2,2,2,2
2025-08-21 11:55:18.512,-393921,-425503,-427374,-431929,2,2,2,2
2025-08-21 11:55:18.513,-393971,-425584,-427326,-432009,2,2,2,2
2025-08-21 11:55:18.513,-393990,-425604,-443826,-432029,2,2,2,2
2025-08-21 11:55:18.513,-394001,-425615,-443837,-432106,2,2,2,2
2025-08-21 11:55:18.513,-394012,-409274,-427499,-440311,2,2,2,2
2025-08-21 11:55:18.514,-394085,-409311,-427511,-448511,2,2,2,2
2025-08-21 11:55:18.514,-393997,-425678,-427489,-432105,2,2,2,2
2025-08-21 11:55:18.515,-393993,-425607,-427416,-432095,2,2,2,2
2025-08-21 11:55:18.515,-393981,-425596,-443787,-432017,2,2,2,2
2025-08-21 11:55:18.515,-393966,-425517,-427386,-448382,2,2,2,2
2025-08-21 11:55:18.515,-393954,-425572,-443761,-431991,2,2,2,2
2025-08-21 11:55:18.516,-393881,-425576,-427317,-431993,2,2,2,2
2025-08-21 11:55:18.516,-393867,-425495,-427303,-431984,2,2,2,2
2025-08-21 11:55:18.516,-393861,-425485,-427295,-448360,2,2,2,2
2025-08-21 11:55:18.517,-393854,-425483,-427294,-448323,2,2,2,2
2025-08-21 11:55:18.517,-393832,-425460,-427269,-431886,2,2,2,2
2025-08-21 11:55:18.517,-393760,-409034,-427518,-440070,2,2,2,2
2025-08-21 11:55:18.517,-393757,-425447,-427513,-431875,2,2,2,2
2025-08-21 11:55:18.518,-393751,-425441,-427507,-432121,2,2,2,2
2025-08-21 11:55:18.518,-393753,-425441,-443893,-432122,2,2,2,2
2025-08-21 11:55:18.518,-393755,-425446,-443898,-432126,2,2,2,2
2025-08-21 11:55:18.518,-393759,-409065,-427515,-440318,2,2,2,2
2025-08-21 11:55:18.519,-393757,-409030,-427509,-448508,2,2,2,2
2025-08-21 11:55:18.519,-393758,-425444,-427511,-448505,2,2,2,2
2025-08-21 11:55:18.519,-393753,-425441,-427508,-432120,2,2,2,2
2025-08-21 11:55:18.519,-393742,-425429,-427497,-448464,2,2,2,2
2025-08-21 11:55:18.520,-393732,-425355,-443841,-432099,2,2,2,2
2025-08-21 11:55:18.520,-393933,-425328,-427395,-432073,2,2,2,2
2025-08-21 11:55:18.520,-393917,-425246,-427379,-431930,2,2,2,2
2025-08-21 11:55:18.520,-393878,-425242,-427312,-431991,2,2,2,2
2025-08-21 11:55:18.521,-393881,-408897,-427382,-440184,2,2,2,2
2025-08-21 11:55:18.521,-393964,-425333,-443851,-432011,2,2,2,2
2025-08-21 11:55:18.521,-393973,-408957,-427417,-448406,2,2,2,2
2025-08-21 11:55:18.522,-393982,-425350,-427494,-432098,2,2,2,2
2025-08-21 11:55:18.522,-393730,-425416,-427498,-448485,2,2,2,2
2025-08-21 11:55:18.522,-393977,-425280,-427423,-448477,2,2,2,2
2025-08-21 11:55:18.522,-393978,-425344,-427423,-432094,2,2,2,2
2025-08-21 11:55:18.523,-393981,-425347,-427493,-432098,2,2,2,2
2025-08-21 11:55:18.523,-393976,-425338,-443874,-432029,2,2,2,2
2025-08-21 11:55:18.523,-393974,-425330,-443808,-432023,2,2,2,2
2025-08-21 11:55:18.523,-393964,-425322,-443832,-432016,2,2,2,2
2025-08-21 11:55:18.524,-393953,-425248,-427405,-432069,2,2,2,2
2025-08-21 11:55:18.524,-393885,-425241,-427458,-432000,2,2,2,2
2025-08-21 11:55:18.524,-393961,-425317,-427469,-432010,2,2,2,2
2025-08-21 11:55:18.524,-393730,-425276,-427491,-448452,2,2,2,2
2025-08-21 11:55:18.525,-393748,-425355,-443894,-432117,2,2,2,2
2025-08-21 11:55:18.525,-393748,-408970,-427511,-440311,2,2,2,2
2025-08-21 11:55:18.525,-393829,-425373,-427269,-431881,2,2,2,2
2025-08-21 11:55:18.525,-393852,-425465,-427295,-431904,2,2,2,2
2025-08-21 11:55:18.526,-393867,-425477,-427301,-431977,2,2,2,2
2025-08-21 11:55:18.526,-393938,-425484,-443723,-431983,2,2,2,2
2025-08-21 11:55:18.526,-393942,-425487,-443728,-431989,2,2,2,2
2025-08-21 11:55:18.526,-393878,-409142,-427379,-440185,2,2,2,2
2025-08-21 11:55:18.527,-393868,-425486,-427373,-431920,2,2,2,2
2025-08-21 11:55:18.527,-393758,-425441,-427520,-431882,2,2,2,2
2025-08-21 11:55:18.527,-393747,-425426,-427503,-448506,2,2,2,2
2025-08-21 11:55:18.528,-393748,-408981,-427506,-440318,2,2,2,2
2025-08-21 11:55:18.528,-393740,-425359,-427507,-432121,2,2,2,2
2025-08-21 11:55:18.528,-393981,-425345,-427492,-432107,2,2,2,2
2025-08-21 11:55:18.528,-393968,-425327,-427476,-432026,2,2,2,2
2025-08-21 11:55:18.529,-393888,-425249,-427396,-448395,2,2,2,2
2025-08-21 11:55:18.529,-393956,-425318,-427467,-432013,2,2,2,2
2025-08-21 11:55:18.529,-393964,-425330,-427477,-432023,2,2,2,2
2025-08-21 11:55:18.529,-393965,-408882,-427416,-448405,2,2,2,2
2025-08-21 11:55:18.530,-393971,-425334,-443804,-432025,2,2,2,2
2025-08-21 11:55:18.530,-393982,-425413,-427498,-432107,2,2,2,2
2025-08-21 11:55:18.530,-393741,-425430,-427513,-432127,2,2,2,2
2025-08-21 11:55:18.530,-393764,-425453,-443661,-431892,2,2,2,2
2025-08-21 11:55:18.531,-393846,-409086,-427292,-448354,2,2,2,2
2025-08-21 11:55:18.531,-393862,-425489,-427312,-431986,2,2,2,2
2025-08-21 11:55:18.531,-393938,-425501,-443775,-431999,2,2,2,2
2025-08-21 11:55:18.532,-393863,-425482,-427373,-431921,2,2,2,2
2025-08-21 11:55:18.532,-393860,-425482,-427370,-448369,2,2,2,2
2025-08-21 11:55:18.532,-393869,-409104,-427377,-448374,2,2,2,2
2025-08-21 11:55:18.532,-393940,-425499,-443770,-431998,2,2,2,2
2025-08-21 11:55:18.533,-393952,-425583,-427467,-432015,2,2,2,2
2025-08-21 11:55:18.533,-393882,-425577,-427398,-432074,2,2,2,2
2025-08-21 11:55:18.533,-393874,-425502,-427326,-432000,2,2,2,2
2025-08-21 11:55:18.534,-393861,-425482,-443759,-431986,2,2,2,2
2025-08-21 11:55:18.534,-393849,-409086,-427361,-440163,2,2,2,2
2025-08-21 11:55:18.534,-393845,-409081,-427288,-431902,2,2,2,2
2025-08-21 11:55:18.534,-393843,-425464,-427284,-431896,2,2,2,2
2025-08-21 11:55:18.535,-393855,-425474,-427295,-431974,2,2,2,2
2025-08-21 11:55:18.535,-393792,-425476,-443679,-431973,2,2,2,2
2025-08-21 11:55:18.535,-393858,-425474,-427296,-448324,2,2,2,2
2025-08-21 11:55:18.536,-393885,-425498,-427388,-431933,2,2,2,2
2025-08-21 11:55:18.536,-393962,-425575,-427460,-432011,2,2,2,2
2025-08-21 11:55:18.536,-393983,-425596,-427475,-432030,2,2,2,2
2025-08-21 11:55:18.536,-393994,-425670,-427490,-448455,2,2,2,2
2025-08-21 11:55:18.537,-394003,-425619,-443854,-432114,2,2,2,2
2025-08-21 11:55:18.537,-394010,-425627,-427508,-432122,2,2,2,2
2025-08-21 11:55:18.537,-394087,-409280,-427512,-448513,2,2,2,2
2025-08-21 11:55:18.537,-394096,-425700,-427519,-432135,2,2,2,2
2025-08-21 11:55:18.538,-394099,-425702,-427524,-432140,2,2,2,2
2025-08-21 11:55:18.538,-394012,-425616,-443856,-432118,2,2,2,2
2025-08-21 11:55:18.538,-393998,-425599,-443843,-432104,2,2,2,2
2025-08-21 11:55:18.538,-394005,-409224,-427496,-440304,2,2,2,2
2025-08-21 11:55:18.539,-394008,-409297,-427503,-448498,2,2,2,2
2025-08-21 11:55:18.539,-394011,-425690,-427510,-448501,2,2,2,2
2025-08-21 11:55:18.539,-394016,-425701,-427522,-448510,2,2,2,2
2025-08-21 11:55:18.540,-394006,-425629,-443898,-432119,2,2,2,2
2025-08-21 11:55:18.540,-394035,-425625,-443895,-432118,2,2,2,2
2025-08-21 11:55:18.540,-393992,-425615,-443885,-432110,2,2,2,2
2025-08-21 11:55:18.540,-393983,-425604,-427493,-432103,2,2,2,2
2025-08-21 11:55:18.541,-393981,-409215,-427424,-448481,2,2,2,2
2025-08-21 11:55:18.541,-393985,-425598,-427487,-432097,2,2,2,2
2025-08-21 11:55:18.541,-393987,-425598,-427424,-432105,2,2,2,2
2025-08-21 11:55:18.542,-393983,-425593,-443799,-432101,2,2,2,2
2025-08-21 11:55:18.542,-393979,-425529,-427411,-432098,2,2,2,2
2025-08-21 11:55:18.542,-393972,-425522,-427405,-432090,2,2,2,2
2025-08-21 11:55:18.542,-393987,-425598,-443866,-432100,2,2,2,2
2025-08-21 11:55:18.543,-393998,-425609,-427493,-432109,2,2,2,2
2025-08-21 11:55:18.543,-394004,-425614,-443883,-432111,2,2,2,2
2025-08-21 11:55:18.543,-393999,-409226,-427495,-432106,2,2,2,2
2025-08-21 11:55:18.544,-393993,-425607,-427493,-432101,2,2,2,2
2025-08-21 11:55:18.544,-394015,-425685,-427509,-448501,2,2,2,2
2025-08-21 11:55:18.544,-394099,-425702,-427529,-448521,2,2,2,2
2025-08-21 11:55:18.544,-394043,-425715,-443923,-432149,2,2,2,2
2025-08-21 11:55:18.545,-394040,-425713,-443953,-432146,2,2,2,2
2025-08-21 11:55:18.545,-394025,-425631,-427521,-432131,2,2,2,2
2025-08-21 11:55:18.545,-394091,-425629,-427525,-432130,2,2,2,2
2025-08-21 11:55:18.545,-394107,-425705,-427543,-432147,2,2,2,2
2025-08-21 11:55:18.546,-394118,-425712,-427617,-448571,2,2,2,2
2025-08-21 11:55:18.546,-394109,-409316,-427543,-440335,2,2,2,2
2025-08-21 11:55:18.546,-394112,-409318,-427545,-440336,2,2,2,2
2025-08-21 11:55:18.546,-394096,-425623,-427531,-432134,2,2,2,2
2025-08-21 11:55:18.547,-394057,-425617,-427521,-432124,2,2,2,2
2025-08-21 11:55:18.547,-394092,-425683,-427521,-448508,2,2,2,2
2025-08-21 11:55:18.547,-394083,-425675,-427515,-448500,2,2,2,2
2025-08-21 11:55:18.547,-393995,-425528,-427497,-432095,2,2,2,2
2025-08-21 11:55:18.548,-393981,-409162,-427417,-440211,2,2,2,2
2025-08-21 11:55:18.548,-393975,-425572,-427474,-432009,2,2,2,2
2025-08-21 11:55:18.548,-393924,-425489,-443779,-431993,2,2,2,2
2025-08-21 11:55:18.549,-393965,-425501,-427403,-432065,2,2,2,2
2025-08-21 11:55:18.549,-393969,-409118,-427403,-448386,2,2,2,2
2025-08-21 11:55:18.549,-393961,-409143,-427394,-448385,2,2,2,2
2025-08-21 11:55:18.549,-393964,-425493,-427396,-448386,2,2,2,2
2025-08-21 11:55:18.550,-393962,-425496,-427458,-432003,2,2,2,2
2025-08-21 11:55:18.550,-393971,-425571,-443785,-432013,2,2,2,2
2025-08-21 11:55:18.550,-393970,-425574,-427397,-432078,2,2,2,2
2025-08-21 11:55:18.550,-393968,-425574,-427460,-432012,2,2,2,2
2025-08-21 11:55:18.551,-393973,-425514,-427401,-448402,2,2,2,2
2025-08-21 11:55:18.551,-394000,-425608,-443843,-432111,2,2,2,2
2025-08-21 11:55:18.551,-393997,-409217,-427489,-440295,2,2,2,2
2025-08-21 11:55:18.552,-393990,-425592,-443865,-432032,2,2,2,2
2025-08-21 11:55:18.552,-393991,-425530,-427419,-448447,2,2,2,2
2025-08-21 11:55:18.552,-393989,-425528,-427418,-448446,2,2,2,2
2025-08-21 11:55:18.552,-393983,-425588,-443797,-432024,2,2,2,2
2025-08-21 11:55:18.553,-393977,-409199,-427406,-432017,2,2,2,2
2025-08-21 11:55:18.553,-393970,-425580,-427402,-432076,2,2,2,2
2025-08-21 11:55:18.553,-393976,-425585,-427407,-432079,2,2,2,2
2025-08-21 11:55:18.553,-393991,-425598,-427483,-432027,2,2,2,2
2025-08-21 11:55:18.554,-393994,-425534,-427420,-448444,2,2,2,2
2025-08-21 11:55:18.554,-393993,-409211,-427419,-440219,2,2,2,2
2025-08-21 11:55:18.554,-394005,-409220,-427494,-440294,2,2,2,2
2025-08-21 11:55:18.554,-394015,-425614,-427504,-432114,2,2,2,2
2025-08-21 11:55:18.555,-394010,-425609,-427499,-432110,2,2,2,2
2025-08-21 11:55:18.555,-394000,-425532,-427421,-448484,2,2,2,2
2025-08-21 11:55:18.555,-393988,-425525,-427411,-448471,2,2,2,2
2025-08-21 11:55:18.555,-393978,-425582,-443787,-432008,2,2,2,2
2025-08-21 11:55:18.556,-393973,-409162,-427398,-448385,2,2,2,2
2025-08-21 11:55:18.556,-393972,-425576,-427461,-432000,2,2,2,2
2025-08-21 11:55:18.556,-393972,-425576,-427460,-432005,2,2,2,2
2025-08-21 11:55:18.556,-393977,-425516,-427398,-448396,2,2,2,2
2025-08-21 11:55:18.557,-394001,-425604,-443835,-432032,2,2,2,2
2025-08-21 11:55:18.557,-394004,-409292,-427491,-448486,2,2,2,2
2025-08-21 11:55:18.557,-394013,-409301,-427500,-448496,2,2,2,2
2025-08-21 11:55:18.557,-394059,-425699,-443904,-432127,2,2,2,2
2025-08-21 11:55:18.558,-394026,-425699,-443903,-432131,2,2,2,2
2025-08-21 11:55:18.558,-394016,-425626,-443897,-432123,2,2,2,2
2025-08-21 11:55:18.558,-394085,-409273,-427517,-448505,2,2,2,2
2025-08-21 11:55:18.559,-394049,-425616,-443896,-432114,2,2,2,2
2025-08-21 11:55:18.559,-394081,-425613,-427512,-432113,2,2,2,2
2025-08-21 11:55:18.560,-394022,-425617,-427513,-432112,2,2,2,2
2025-08-21 11:55:18.560,-394005,-425602,-443880,-432097,2,2,2,2
2025-08-21 11:55:18.560,-393987,-425582,-443795,-432015,2,2,2,2
2025-08-21 11:55:18.561,-393884,-425478,-427367,-431912,2,2,2,2
2025-08-21 11:55:18.561,-393883,-425479,-427304,-431977,2,2,2,2
2025-08-21 11:55:18.561,-393872,-425465,-427294,-431902,2,2,2,2
2025-08-21 11:55:18.561,-393857,-425451,-427279,-448271,2,2,2,2
2025-08-21 11:55:18.562,-393775,-425371,-443903,-432128,2,2,2,2
2025-08-21 11:55:18.562,-393850,-425445,-427276,-431885,2,2,2,2
2025-08-21 11:55:18.562,-393853,-425451,-427277,-431890,2,2,2,2
2025-08-21 11:55:18.562,-393835,-425374,-427514,-431873,2,2,2,2
2025-08-21 11:55:18.563,-393827,-425371,-427510,-432118,2,2,2,2
2025-08-21 11:55:18.563,-393765,-425375,-443902,-432122,2,2,2,2
2025-08-21 11:55:18.563,-393765,-425376,-443904,-432121,2,2,2,2
2025-08-21 11:55:18.563,-393833,-409025,-427270,-440314,2,2,2,2
2025-08-21 11:55:18.564,-393839,-425447,-427281,-431874,2,2,2,2
2025-08-21 11:55:18.564,-393859,-425469,-427364,-448305,2,2,2,2
2025-08-21 11:55:18.564,-393866,-425476,-427372,-448311,2,2,2,2
2025-08-21 11:55:18.564,-393921,-425468,-443715,-431889,2,2,2,2
2025-08-21 11:55:18.565,-393787,-425463,-443676,-431885,2,2,2,2
2025-08-21 11:55:18.565,-393803,-425449,-427279,-431874,2,2,2,2
2025-08-21 11:55:18.565,-393799,-425375,-427271,-432123,2,2,2,2
2025-08-21 11:55:18.565,-393834,-425376,-427267,-432124,2,2,2,2
2025-08-21 11:55:18.566,-393830,-409022,-427514,-440311,2,2,2,2
2025-08-21 11:55:18.566,-393759,-425367,-427512,-432114,2,2,2,2
2025-08-21 11:55:18.566,-393743,-425351,-427494,-432096,2,2,2,2
2025-08-21 11:55:18.567,-393729,-425337,-443802,-432017,2,2,2,2
2025-08-21 11:55:18.567,-393973,-425268,-427409,-432075,2,2,2,2
2025-08-21 11:55:18.567,-393964,-425263,-427402,-432068,2,2,2,2
2025-08-21 11:55:18.567,-393953,-425316,-443711,-431993,2,2,2,2
2025-08-21 11:55:18.568,-393882,-425242,-427320,-431985,2,2,2,2
2025-08-21 11:55:18.568,-393936,-425230,-443758,-431971,2,2,2,2
2025-08-21 11:55:18.569,-393854,-425468,-427295,-431895,2,2,2,2
2025-08-21 11:55:18.569,-393840,-425453,-427283,-448263,2,2,2,2
2025-08-21 11:55:18.569,-393837,-425448,-427280,-448258,2,2,2,2
2025-08-21 11:55:18.569,-393783,-425459,-443672,-431881,2,2,2,2
2025-08-21 11:55:18.570,-393788,-425466,-443709,-431887,2,2,2,2
2025-08-21 11:55:18.570,-393790,-425461,-427290,-431890,2,2,2,2
2025-08-21 11:55:18.570,-393856,-425461,-427296,-431891,2,2,2,2
2025-08-21 11:55:18.570,-393857,-425460,-427297,-431892,2,2,2,2
2025-08-21 11:55:18.571,-393846,-425450,-427282,-448265,2,2,2,2
2025-08-21 11:55:18.571,-393838,-409059,-427272,-440066,2,2,2,2
2025-08-21 11:55:18.571,-393834,-408992,-427271,-431870,2,2,2,2
2025-08-21 11:55:18.571,-393835,-425441,-427271,-431870,2,2,2,2
2025-08-21 11:55:18.572,-393841,-425448,-427279,-431874,2,2,2,2
2025-08-21 11:55:18.572,-393863,-425471,-427369,-448318,2,2,2,2
2025-08-21 11:55:18.572,-393887,-425242,-427390,-448376,2,2,2,2
2025-08-21 11:55:18.572,-393971,-425322,-443792,-432012,2,2,2,2
2025-08-21 11:55:18.573,-393729,-425331,-443867,-432021,2,2,2,2
2025-08-21 11:55:18.573,-393980,-425325,-427482,-432015,2,2,2,2
2025-08-21 11:55:18.573,-393733,-425335,-427493,-432021,2,2,2,2
2025-08-21 11:55:18.574,-393737,-425276,-427500,-448468,2,2,2,2
2025-08-21 11:55:18.574,-393737,-408959,-427498,-448409,2,2,2,2
2025-08-21 11:55:18.574,-393755,-425357,-427514,-432103,2,2,2,2
2025-08-21 11:55:18.574,-393785,-425355,-427512,-432107,2,2,2,2
2025-08-21 11:55:18.575,-393752,-425353,-443894,-432105,2,2,2,2
2025-08-21 11:55:18.575,-393754,-425357,-443895,-432105,2,2,2,2
2025-08-21 11:55:18.575,-393825,-425430,-427519,-432113,2,2,2,2
2025-08-21 11:55:18.575,-393759,-425361,-427517,-432109,2,2,2,2
2025-08-21 11:55:18.576,-393759,-409038,-427518,-448493,2,2,2,2
2025-08-21 11:55:18.576,-393859,-409074,-427294,-440075,2,2,2,2
2025-08-21 11:55:18.577,-393857,-425458,-427296,-431881,2,2,2,2
2025-08-21 11:55:18.577,-393850,-425455,-427293,-448262,2,2,2,2
2025-08-21 11:55:18.577,-393862,-425465,-427369,-448269,2,2,2,2
2025-08-21 11:55:18.577,-393926,-425465,-443750,-431888,2,2,2,2
2025-08-21 11:55:18.578,-393836,-425372,-427274,-432123,2,2,2,2
2025-08-21 11:55:18.578,-393836,-425372,-427277,-432126,2,2,2,2
2025-08-21 11:55:18.578,-393832,-425365,-427272,-432121,2,2,2,2
2025-08-21 11:55:18.579,-393837,-425433,-427279,-448509,2,2,2,2
2025-08-21 11:55:18.579,-393851,-409034,-427293,-440077,2,2,2,2
2025-08-21 11:55:18.579,-393853,-409070,-427361,-440078,2,2,2,2
2025-08-21 11:55:18.579,-393850,-425450,-427295,-431883,2,2,2,2
2025-08-21 11:55:18.580,-393858,-425457,-427304,-431888,2,2,2,2
2025-08-21 11:55:18.580,-393866,-425468,-427376,-448281,2,2,2,2
2025-08-21 11:55:18.580,-393880,-425483,-427389,-448295,2,2,2,2
2025-08-21 11:55:18.580,-393956,-425501,-443787,-431986,2,2,2,2
2025-08-21 11:55:18.581,-393970,-409162,-427413,-440187,2,2,2,2
2025-08-21 11:55:18.581,-393979,-425590,-427489,-432008,2,2,2,2
2025-08-21 11:55:18.581,-393992,-425609,-427504,-432024,2,2,2,2
2025-08-21 11:55:18.581,-393997,-425679,-427507,-448447,2,2,2,2
2025-08-21 11:55:18.582,-393985,-425601,-443843,-432018,2,2,2,2
2025-08-21 11:55:18.582,-393979,-409144,-427418,-448396,2,2,2,2
2025-08-21 11:55:18.582,-393972,-409137,-427413,-448390,2,2,2,2
2025-08-21 11:55:18.582,-393933,-425577,-443790,-432004,2,2,2,2
2025-08-21 11:55:18.583,-393963,-425574,-443853,-432006,2,2,2,2
2025-08-21 11:55:18.583,-393957,-425504,-443846,-432002,2,2,2,2
2025-08-21 11:55:18.583,-393964,-409154,-427402,-448389,2,2,2,2
2025-08-21 11:55:18.584,-393926,-425504,-427402,-432068,2,2,2,2
2025-08-21 11:55:18.584,-393968,-425575,-427415,-432076,2,2,2,2
2025-08-21 11:55:18.585,-393959,-425503,-427467,-432000,2,2,2,2
2025-08-21 11:55:18.585,-393958,-425502,-443783,-431997,2,2,2,2
2025-08-21 11:55:18.585,-393936,-425579,-443793,-432009,2,2,2,2
2025-08-21 11:55:18.586,-393980,-425524,-427418,-432084,2,2,2,2
2025-08-21 11:55:18.586,-393985,-425595,-427483,-432025,2,2,2,2
2025-08-21 11:55:18.586,-393984,-425593,-427480,-432024,2,2,2,2
2025-08-21 11:55:18.586,-393989,-425533,-427422,-448412,2,2,2,2
2025-08-21 11:55:18.587,-394006,-425613,-443890,-432107,2,2,2,2
2025-08-21 11:55:18.587,-394007,-425616,-427510,-432109,2,2,2,2
2025-08-21 11:55:18.587,-394006,-409230,-427507,-440299,2,2,2,2
2025-08-21 11:55:18.587,-394015,-425624,-427519,-432118,2,2,2,2
2025-08-21 11:55:18.588,-394089,-425694,-427527,-448512,2,2,2,2
2025-08-21 11:55:18.588,-394032,-425698,-443918,-432138,2,2,2,2
2025-08-21 11:55:18.588,-394047,-425711,-443960,-432150,2,2,2,2
2025-08-21 11:55:18.588,-394107,-409321,-427536,-440337,2,2,2,2
2025-08-21 11:55:18.589,-394092,-425630,-427520,-432130,2,2,2,2
2025-08-21 11:55:18.589,-394006,-425617,-427501,-432113,2,2,2,2
2025-08-21 11:55:18.589,-393989,-425604,-427484,-432097,2,2,2,2
2025-08-21 11:55:18.589,-393979,-425529,-427408,-448470,2,2,2,2
2025-08-21 11:55:18.590,-393980,-425590,-443826,-432023,2,2,2,2
2025-08-21 11:55:18.590,-393970,-425577,-427402,-432074,2,2,2,2
2025-08-21 11:55:18.590,-393919,-425497,-427387,-431928,2,2,2,2
2025-08-21 11:55:18.590,-393886,-425492,-427322,-431989,2,2,2,2
2025-08-21 11:55:18.591,-393960,-425499,-443712,-432001,2,2,2,2
2025-08-21 11:55:18.591,-393967,-425501,-443847,-432004,2,2,2,2
2025-08-21 11:55:18.591,-393971,-409116,-427404,-448390,2,2,2,2
2025-08-21 11:55:18.592,-393981,-425509,-427412,-448398,2,2,2,2
2025-08-21 11:55:18.592,-393981,-425509,-427411,-448463,2,2,2,2
2025-08-21 11:55:18.592,-393973,-425571,-427409,-432074,2,2,2,2
2025-08-21 11:55:18.593,-393980,-425577,-427478,-432017,2,2,2,2
2025-08-21 11:55:18.593,-393997,-425598,-443880,-432098,2,2,2,2
2025-08-21 11:55:18.593,-394016,-425611,-443893,-432108,2,2,2,2
2025-08-21 11:55:18.594,-394015,-409223,-427503,-440223,2,2,2,2
2025-08-21 11:55:18.594,-394082,-425607,-427507,-432097,2,2,2,2
2025-08-21 11:55:18.594,-394015,-425604,-427504,-432097,2,2,2,2
2025-08-21 11:55:18.594,-394008,-425533,-427493,-448446,2,2,2,2
2025-08-21 11:55:18.595,-394004,-425527,-427423,-448472,2,2,2,2
2025-08-21 11:55:18.595,-394008,-425595,-427491,-432091,2,2,2,2
2025-08-21 11:55:18.595,-394011,-409216,-427497,-448482,2,2,2,2
2025-08-21 11:55:18.595,-394086,-425614,-427508,-432113,2,2,2,2
2025-08-21 11:55:18.596,-394084,-425613,-427511,-432113,2,2,2,2
2025-08-21 11:55:18.596,-394017,-425607,-443893,-432107,2,2,2,2
2025-08-21 11:55:18.596,-394013,-425600,-443889,-432104,2,2,2,2
2025-08-21 11:55:18.596,-394087,-409226,-427516,-440307,2,2,2,2
2025-08-21 11:55:18.597,-394083,-409288,-427510,-448494,2,2,2,2
2025-08-21 11:55:18.597,-393997,-425524,-427490,-448470,2,2,2,2
2025-08-21 11:55:18.598,-394001,-425592,-427492,-432090,2,2,2,2
2025-08-21 11:55:18.598,-394053,-425615,-443892,-432111,2,2,2,2
2025-08-21 11:55:18.598,-394100,-425629,-427519,-432123,2,2,2,2
2025-08-21 11:55:18.598,-394094,-425621,-427510,-432112,2,2,2,2
2025-08-21 11:55:18.599,-394025,-425621,-427508,-432112,2,2,2,2
2025-08-21 11:55:18.599,-394040,-425697,-427523,-432130,2,2,2,2
2025-08-21 11:55:18.599,-394106,-409316,-427527,-448519,2,2,2,2
2025-08-21 11:55:18.600,-394110,-425699,-427532,-448519,2,2,2,2
2025-08-21 11:55:18.600,-394120,-425710,-427544,-432143,2,2,2,2
2025-08-21 11:55:18.600,-394113,-425707,-427538,-432136,2,2,2,2
2025-08-21 11:55:18.600,-394185,-425715,-443930,-432146,2,2,2,2
2025-08-21 11:55:18.601,-394142,-425481,-427562,-432230,2,2,2,2
2025-08-21 11:55:18.601,-394207,-425482,-444008,-432231,2,2,2,2
2025-08-21 11:55:18.601,-394215,-425489,-444012,-432239,2,2,2,2
2025-08-21 11:55:18.602,-394213,-409102,-427632,-440434,2,2,2,2
2025-08-21 11:55:18.602,-394224,-425496,-427646,-448638,2,2,2,2
2025-08-21 11:55:18.602,-393994,-425590,-427737,-432280,2,2,2,2
2025-08-21 11:55:18.602,-394084,-425680,-427765,-448757,2,2,2,2
2025-08-21 11:55:18.603,-394096,-425691,-427524,-432129,2,2,2,2
2025-08-21 11:55:18.603,-394104,-425698,-427532,-432134,2,2,2,2
2025-08-21 11:55:18.603,-394102,-425702,-427533,-432136,2,2,2,2
2025-08-21 11:55:18.603,-394116,-425710,-443927,-432148,2,2,2,2
2025-08-21 11:55:18.604,-394130,-425725,-427556,-432226,2,2,2,2
2025-08-21 11:55:18.604,-394198,-425727,-443946,-432227,2,2,2,2
2025-08-21 11:55:18.604,-394203,-425734,-443984,-432232,2,2,2,2
2025-08-21 11:55:18.604,-394217,-409394,-427644,-440435,2,2,2,2
2025-08-21 11:55:18.605,-394224,-425754,-427653,-448635,2,2,2,2
2025-08-21 11:55:18.605,-394211,-425744,-427637,-432175,2,2,2,2
2025-08-21 11:55:18.606,-394211,-425747,-427641,-432180,2,2,2,2
2025-08-21 11:55:18.606,-394214,-425753,-444029,-432253,2,2,2,2
2025-08-21 11:55:18.606,-394228,-425768,-427661,-448652,2,2,2,2
2025-08-21 11:55:18.606,-394219,-425758,-444035,-432257,2,2,2,2
2025-08-21 11:55:18.607,-394217,-409369,-427647,-432256,2,2,2,2
2025-08-21 11:55:18.607,-394223,-425757,-427583,-432259,2,2,2,2
2025-08-21 11:55:18.607,-394235,-425828,-427718,-432272,2,2,2,2
2025-08-21 11:55:18.607,-394222,-425750,-427577,-432259,2,2,2,2
2025-08-21 11:55:18.608,-394143,-425735,-427625,-448628,2,2,2,2
2025-08-21 11:55:18.608,-394127,-409335,-427548,-440425,2,2,2,2
2025-08-21 11:55:18.608,-394119,-409291,-427539,-440350,2,2,2,2
2025-08-21 11:55:18.608,-394100,-409303,-427775,-448523,2,2,2,2
2025-08-21 11:55:18.609,-394047,-425598,-444138,-432372,2,2,2,2
2025-08-21 11:55:18.609,-394000,-425585,-444090,-432357,2,2,2,2
2025-08-21 11:55:18.609,-393998,-425519,-427672,-448737,2,2,2,2
2025-08-21 11:55:18.609,-393999,-425586,-444121,-432285,2,2,2,2
2025-08-21 11:55:18.610,-393996,-425583,-427735,-432281,2,2,2,2
2025-08-21 11:55:18.610,-393993,-425581,-444049,-432278,2,2,2,2
2025-08-21 11:55:18.610,-394240,-425571,-444041,-432272,2,2,2,2
2025-08-21 11:55:18.611,-394135,-425725,-427620,-432170,2,2,2,2
2025-08-21 11:55:18.611,-394144,-409095,-427631,-448629,2,2,2,2
2025-08-21 11:55:18.611,-394214,-409102,-427636,-448633,2,2,2,2
2025-08-21 11:55:18.611,-394214,-425491,-427637,-448637,2,2,2,2
2025-08-21 11:55:18.612,-394219,-425497,-444023,-432260,2,2,2,2
2025-08-21 11:55:18.612,-394232,-425575,-427651,-432337,2,2,2,2
2025-08-21 11:55:18.612,-393997,-409213,-427668,-440551,2,2,2,2
2025-08-21 11:55:18.612,-394035,-425605,-427675,-432368,2,2,2,2
2025-08-21 11:55:18.613,-393988,-425523,-427658,-448740,2,2,2,2
2025-08-21 11:55:18.613,-393986,-425578,-444039,-432283,2,2,2,2
2025-08-21 11:55:18.613,-393996,-409207,-427668,-440546,2,2,2,2
2025-08-21 11:55:18.614,-394010,-425604,-427745,-432366,2,2,2,2
2025-08-21 11:55:18.614,-394092,-425686,-427762,-448766,2,2,2,2
2025-08-21 11:55:18.614,-394094,-425683,-427765,-448514,2,2,2,2
2025-08-21 11:55:18.615,-394016,-425605,-444136,-432370,2,2,2,2
2025-08-21 11:55:18.615,-394054,-425606,-444138,-432372,2,2,2,2
2025-08-21 11:55:18.615,-394051,-425604,-427751,-432367,2,2,2,2
2025-08-21 11:55:18.615,-394011,-425600,-427749,-432365,2,2,2,2
2025-08-21 11:55:18.616,-393997,-425523,-427672,-448733,2,2,2,2
2025-08-21 11:55:18.616,-394231,-425500,-427718,-432260,2,2,2,2
2025-08-21 11:55:18.616,-394213,-425482,-427573,-432242,2,2,2,2
2025-08-21 11:55:18.616,-394130,-409336,-427618,-448543,2,2,2,2
2025-08-21 11:55:18.617,-394201,-425724,-444008,-432230,2,2,2,2
2025-08-21 11:55:18.617,-394233,-425503,-427656,-432328,2,2,2,2
2025-08-21 11:55:18.617,-394004,-425533,-427749,-432356,2,2,2,2
2025-08-21 11:55:18.617,-394017,-425613,-444149,-432374,2,2,2,2
2025-08-21 11:55:18.618,-394086,-409301,-427772,-448768,2,2,2,2
2025-08-21 11:55:18.618,-394031,-425630,-443908,-432139,2,2,2,2
2025-08-21 11:55:18.618,-394036,-425702,-443913,-432145,2,2,2,2
2025-08-21 11:55:18.619,-394127,-425725,-427619,-432166,2,2,2,2
2025-08-21 11:55:18.619,-394143,-425733,-427632,-448626,2,2,2,2
2025-08-21 11:55:18.619,-394141,-425729,-427629,-448624,2,2,2,2
2025-08-21 11:55:18.619,-394195,-425719,-444005,-432235,2,2,2,2
2025-08-21 11:55:18.620,-394110,-425629,-427526,-432139,2,2,2,2
2025-08-21 11:55:18.620,-394110,-425625,-427775,-432135,2,2,2,2
2025-08-21 11:55:18.620,-394112,-425628,-427775,-432134,2,2,2,2
2025-08-21 11:55:18.621,-394124,-425704,-427532,-448526,2,2,2,2
2025-08-21 11:55:18.621,-394128,-409322,-427533,-440339,2,2,2,2
2025-08-21 11:55:18.621,-394177,-425627,-444159,-432136,2,2,2,2
2025-08-21 11:55:18.621,-394109,-425625,-427774,-432138,2,2,2,2
2025-08-21 11:55:18.622,-394111,-425625,-427776,-432145,2,2,2,2
2025-08-21 11:55:18.622,-394105,-425683,-427771,-448522,2,2,2,2
2025-08-21 11:55:18.622,-394089,-425670,-427754,-448759,2,2,2,2
2025-08-21 11:55:18.622,-394012,-425598,-444094,-432367,2,2,2,2
2025-08-21 11:55:18.623,-394009,-409213,-427677,-440561,2,2,2,2
2025-08-21 11:55:18.623,-394005,-425593,-427736,-432364,2,2,2,2
2025-08-21 11:55:18.623,-393996,-425584,-444050,-432355,2,2,2,2
2025-08-21 11:55:18.624,-393999,-425590,-444045,-432358,2,2,2,2
2025-08-21 11:55:18.624,-394008,-409214,-427668,-448749,2,2,2,2
2025-08-21 11:55:18.624,-394008,-409215,-427669,-448748,2,2,2,2
2025-08-21 11:55:18.624,-394043,-425603,-427674,-432371,2,2,2,2
2025-08-21 11:55:18.625,-394015,-425608,-427745,-432373,2,2,2,2
2025-08-21 11:55:18.625,-394007,-425601,-444091,-432366,2,2,2,2
2025-08-21 11:55:18.625,-394238,-425576,-427653,-432338,2,2,2,2
2025-08-21 11:55:18.625,-394215,-425489,-427568,-432249,2,2,2,2
2025-08-21 11:55:18.626,-394215,-409102,-427630,-448628,2,2,2,2
2025-08-21 11:55:18.626,-394138,-425728,-427551,-432170,2,2,2,2
2025-08-21 11:55:18.627,-394133,-425723,-427548,-432164,2,2,2,2
2025-08-21 11:55:18.627,-394120,-425716,-427542,-448571,2,2,2,2
2025-08-21 11:55:18.627,-394107,-425709,-427537,-448561,2,2,2,2
2025-08-21 11:55:18.627,-394181,-425717,-443931,-432156,2,2,2,2
2025-08-21 11:55:18.628,-394133,-425476,-427562,-432231,2,2,2,2
2025-08-21 11:55:18.628,-394140,-425483,-427566,-432237,2,2,2,2
2025-08-21 11:55:18.628,-394139,-425481,-427627,-448623,2,2,2,2
2025-08-21 11:55:18.629,-394218,-425490,-427640,-448636,2,2,2,2
2025-08-21 11:55:18.629,-394238,-409151,-427658,-440459,2,2,2,2
2025-08-21 11:55:18.629,-393986,-409158,-427666,-440465,2,2,2,2
2025-08-21 11:55:18.629,-393986,-425571,-427663,-432339,2,2,2,2
2025-08-21 11:55:18.630,-393994,-425578,-427669,-432351,2,2,2,2
2025-08-21 11:55:18.630,-394013,-425595,-444102,-432371,2,2,2,2
2025-08-21 11:55:18.630,-394031,-425610,-444149,-432131,2,2,2,2
2025-08-21 11:55:18.630,-394098,-409229,-427763,-440326,2,2,2,2
2025-08-21 11:55:18.631,-394099,-409228,-427764,-440323,2,2,2,2
2025-08-21 11:55:18.631,-394106,-425620,-427773,-432139,2,2,2,2
2025-08-21 11:55:18.631,-394089,-425603,-427757,-432378,2,2,2,2
2025-08-21 11:55:18.631,-393999,-425514,-427671,-448704,2,2,2,2
2025-08-21 11:55:18.632,-394235,-425497,-427651,-432333,2,2,2,2
2025-08-21 11:55:18.632,-394189,-425486,-427635,-432191,2,2,2,2
2025-08-21 11:55:18.632,-394175,-425475,-427622,-432178,2,2,2,2
2025-08-21 11:55:18.632,-394169,-425474,-444005,-432241,2,2,2,2
2025-08-21 11:55:18.633,-394187,-425722,-443932,-432235,2,2,2,2
2025-08-21 11:55:18.633,-394186,-425717,-443927,-432231,2,2,2,2
2025-08-21 11:55:18.633,-394115,-409293,-427533,-448539,2,2,2,2
2025-08-21 11:55:18.634,-394106,-425702,-427529,-448534,2,2,2,2
2025-08-21 11:55:18.634,-394088,-425682,-427506,-448513,2,2,2,2
2025-08-21 11:55:18.634,-394085,-425678,-427502,-448510,2,2,2,2
2025-08-21 11:55:18.634,-394016,-425615,-443853,-432127,2,2,2,2
2025-08-21 11:55:18.635,-394015,-425612,-427499,-432123,2,2,2,2
2025-08-21 11:55:18.635,-394010,-425608,-443879,-432116,2,2,2,2
2025-08-21 11:55:18.635,-394009,-425603,-443876,-432114,2,2,2,2
2025-08-21 11:55:18.636,-394015,-409225,-427499,-440308,2,2,2,2
2025-08-21 11:55:18.636,-394016,-409291,-427502,-448499,2,2,2,2
2025-08-21 11:55:18.636,-394085,-425617,-427505,-432122,2,2,2,2
2025-08-21 11:55:18.636,-394093,-425689,-427513,-448512,2,2,2,2
2025-08-21 11:55:18.637,-394035,-425632,-443903,-432135,2,2,2,2
2025-08-21 11:55:18.637,-394099,-425698,-427522,-432138,2,2,2,2
2025-08-21 11:55:18.637,-394106,-425705,-427532,-432146,2,2,2,2
2025-08-21 11:55:18.637,-394111,-425709,-427537,-432151,2,2,2,2
2025-08-21 11:55:18.638,-394096,-425627,-427527,-432136,2,2,2,2
2025-08-21 11:55:18.638,-393992,-425597,-443839,-432104,2,2,2,2
2025-08-21 11:55:18.638,-394007,-409229,-427502,-440313,2,2,2,2
2025-08-21 11:55:18.639,-394010,-425619,-427510,-432128,2,2,2,2
2025-08-21 11:55:18.639,-394002,-425673,-427502,-448503,2,2,2,2
2025-08-21 11:55:18.639,-394002,-425608,-427502,-432117,2,2,2,2
2025-08-21 11:55:18.639,-393990,-425526,-427418,-448482,2,2,2,2
2025-08-21 11:55:18.640,-393982,-425583,-443792,-432026,2,2,2,2
2025-08-21 11:55:18.640,-393971,-425569,-427394,-432079,2,2,2,2
2025-08-21 11:55:18.640,-393933,-425496,-427387,-432073,2,2,2,2
2025-08-21 11:55:18.640,-393983,-425577,-427466,-432025,2,2,2,2
2025-08-21 11:55:18.641,-393985,-425515,-427404,-448443,2,2,2,2
2025-08-21 11:55:18.641,-393972,-425502,-427326,-432014,2,2,2,2
2025-08-21 11:55:18.641,-393963,-425491,-443698,-432002,2,2,2,2
2025-08-21 11:55:18.641,-393886,-409089,-427363,-448371,2,2,2,2
2025-08-21 11:55:18.642,-393909,-425466,-443675,-431975,2,2,2,2
2025-08-21 11:55:18.642,-393878,-425467,-427361,-431914,2,2,2,2
2025-08-21 11:55:18.642,-393956,-409100,-427381,-431992,2,2,2,2
2025-08-21 11:55:18.642,-393888,-425482,-427381,-431926,2,2,2,2
2025-08-21 11:55:18.643,-393880,-409093,-427377,-448368,2,2,2,2
2025-08-21 11:55:18.643,-393951,-425485,-443767,-431994,2,2,2,2
2025-08-21 11:55:18.643,-393965,-425498,-443780,-432009,2,2,2,2
2025-08-21 11:55:18.644,-393998,-425599,-427492,-432110,2,2,2,2
2025-08-21 11:55:18.644,-393987,-425591,-427480,-432100,2,2,2,2
2025-08-21 11:55:18.644,-393976,-425579,-427469,-432026,2,2,2,2
2025-08-21 11:55:18.644,-393977,-425511,-427406,-448439,2,2,2,2
2025-08-21 11:55:18.645,-393969,-425569,-443784,-432016,2,2,2,2
2025-08-21 11:55:18.645,-393960,-425492,-427384,-432068,2,2,2,2
2025-08-21 11:55:18.645,-393886,-425482,-427370,-431930,2,2,2,2
2025-08-21 11:55:18.645,-393888,-425484,-427313,-431998,2,2,2,2
2025-08-21 11:55:18.646,-393973,-425508,-427401,-448433,2,2,2,2
2025-08-21 11:55:18.646,-393978,-425584,-443826,-432027,2,2,2,2
2025-08-21 11:55:18.646,-393990,-425596,-443841,-432104,2,2,2,2
2025-08-21 11:55:18.646,-393990,-409213,-427490,-440300,2,2,2,2
2025-08-21 11:55:18.647,-393995,-425598,-427497,-432112,2,2,2,2
2025-08-21 11:55:18.647,-394006,-425673,-427510,-448508,2,2,2,2
2025-08-21 11:55:18.647,-394010,-425677,-427516,-448517,2,2,2,2
2025-08-21 11:55:18.647,-393998,-425601,-443854,-432120,2,2,2,2
2025-08-21 11:55:18.648,-393991,-409209,-427493,-440303,2,2,2,2
2025-08-21 11:55:18.648,-393983,-425583,-443804,-432100,2,2,2,2
2025-08-21 11:55:18.648,-393979,-425577,-443798,-432092,2,2,2,2
2025-08-21 11:55:18.648,-393974,-425573,-427471,-432019,2,2,2,2
2025-08-21 11:55:18.649,-393973,-425511,-427405,-448469,2,2,2,2
2025-08-21 11:55:18.649,-393984,-409167,-427415,-448482,2,2,2,2
2025-08-21 11:55:18.649,-393987,-409167,-427418,-448486,2,2,2,2
2025-08-21 11:55:18.649,-393986,-425582,-427416,-432094,2,2,2,2
2025-08-21 11:55:18.650,-393976,-425575,-427471,-432017,2,2,2,2
2025-08-21 11:55:18.650,-393887,-425487,-427384,-431928,2,2,2,2
2025-08-21 11:55:18.650,-393882,-425482,-427380,-431927,2,2,2,2
2025-08-21 11:55:18.650,-393950,-425483,-427322,-432000,2,2,2,2
2025-08-21 11:55:18.651,-393967,-409117,-427399,-448399,2,2,2,2
2025-08-21 11:55:18.651,-394088,-425691,-427518,-448517,2,2,2,2
2025-08-21 11:55:18.652,-394043,-425715,-443923,-432156,2,2,2,2
2025-08-21 11:55:18.652,-394125,-425475,-427620,-448623,2,2,2,2
2025-08-21 11:55:18.652,-394130,-425480,-427628,-448626,2,2,2,2
2025-08-21 11:55:18.652,-394206,-425491,-444027,-432253,2,2,2,2
2025-08-21 11:55:18.653,-394221,-425503,-444037,-432263,2,2,2,2
2025-08-21 11:55:18.653,-394229,-425570,-427722,-432268,2,2,2,2
2025-08-21 11:55:18.653,-394234,-425576,-427726,-432270,2,2,2,2
2025-08-21 11:55:18.653,-393985,-409131,-427664,-448658,2,2,2,2
2025-08-21 11:55:18.654,-394239,-425580,-444049,-432276,2,2,2,2
2025-08-21 11:55:18.654,-394239,-409202,-427670,-440472,2,2,2,2
2025-08-21 11:55:18.654,-393986,-409208,-427673,-440472,2,2,2,2
2025-08-21 11:55:18.654,-394000,-425606,-427750,-432358,2,2,2,2
2025-08-21 11:55:18.655,-394035,-425611,-427756,-432364,2,2,2,2
2025-08-21 11:55:18.655,-394238,-425590,-444057,-432281,2,2,2,2
2025-08-21 11:55:18.655,-394217,-425502,-444040,-432267,2,2,2,2
2025-08-21 11:55:18.655,-394142,-409106,-427644,-432251,2,2,2,2
2025-08-21 11:55:18.656,-394138,-409103,-427639,-440441,2,2,2,2
2025-08-21 11:55:18.656,-394129,-425483,-427569,-432243,2,2,2,2
2025-08-21 11:55:18.656,-394128,-425483,-427568,-432244,2,2,2,2
2025-08-21 11:55:18.656,-394122,-425477,-427624,-448589,2,2,2,2
2025-08-21 11:55:18.657,-394122,-425475,-427625,-432169,2,2,2,2
2025-08-21 11:55:18.657,-394116,-425725,-427619,-432160,2,2,2,2
2025-08-21 11:55:18.657,-394132,-425483,-427633,-432177,2,2,2,2
2025-08-21 11:55:18.657,-394135,-425486,-427576,-432245,2,2,2,2
2025-08-21 11:55:18.658,-394115,-425725,-427559,-432225,2,2,2,2
2025-08-21 11:55:18.658,-394029,-425702,-443920,-432136,2,2,2,2
2025-08-21 11:55:18.658,-394013,-425623,-443901,-432121,2,2,2,2
2025-08-21 11:55:18.658,-394001,-409229,-427509,-448496,2,2,2,2
2025-08-21 11:55:18.659,-394012,-425688,-427526,-448510,2,2,2,2
2025-08-21 11:55:18.659,-394108,-425720,-427617,-448537,2,2,2,2
2025-08-21 11:55:18.659,-394138,-425491,-427643,-448629,2,2,2,2
2025-08-21 11:55:18.659,-394209,-425500,-444033,-432252,2,2,2,2
2025-08-21 11:55:18.660,-394222,-425575,-427725,-432266,2,2,2,2
2025-08-21 11:55:18.660,-394238,-425593,-444062,-432281,2,2,2,2
2025-08-21 11:55:18.660,-393991,-425595,-444130,-432286,2,2,2,2
2025-08-21 11:55:18.661,-393998,-409215,-427756,-440550,2,2,2,2
2025-08-21 11:55:18.661,-394002,-409286,-427762,-448749,2,2,2,2
2025-08-21 11:55:18.661,-393998,-409218,-427759,-448746,2,2,2,2
2025-08-21 11:55:18.661,-394229,-425511,-427667,-448656,2,2,2,2
2025-08-21 11:55:18.662,-394229,-425572,-444051,-432273,2,2,2,2
2025-08-21 11:55:18.662,-394234,-425577,-427671,-432342,2,2,2,2
2025-08-21 11:55:18.662,-393997,-425595,-427754,-432357,2,2,2,2
2025-08-21 11:55:18.662,-394016,-425608,-427770,-432375,2,2,2,2
2025-08-21 11:55:18.663,-394013,-425609,-427765,-432376,2,2,2,2
2025-08-21 11:55:18.663,-394214,-409111,-427647,-440453,2,2,2,2
2025-08-21 11:55:18.664,-394136,-425483,-427636,-432184,2,2,2,2
2025-08-21 11:55:18.664,-394132,-425475,-427630,-448627,2,2,2,2
2025-08-21 11:55:18.664,-394126,-425726,-427562,-432236,2,2,2,2
2025-08-21 11:55:18.664,-394117,-425721,-427618,-448579,2,2,2,2
2025-08-21 11:55:18.665,-394037,-425704,-443956,-432149,2,2,2,2
2025-08-21 11:55:18.665,-394082,-425620,-427520,-432131,2,2,2,2
2025-08-21 11:55:18.665,-394042,-425612,-427510,-432125,2,2,2,2
2025-08-21 11:55:18.665,-394013,-425609,-427506,-432122,2,2,2,2
2025-08-21 11:55:18.669,-394015,-425673,-427507,-448507,2,2,2,2
2025-08-21 11:55:18.669,-394082,-409225,-427509,-440316,2,2,2,2
2025-08-21 11:55:18.669,-394018,-425607,-443893,-432123,2,2,2,2
2025-08-21 11:55:18.669,-394081,-409223,-427511,-448509,2,2,2,2
2025-08-21 11:55:18.670,-394045,-425605,-443893,-432122,2,2,2,2
2025-08-21 11:55:18.670,-394092,-425682,-427522,-448519,2,2,2,2
2025-08-21 11:55:18.670,-394108,-425701,-427534,-448535,2,2,2,2
2025-08-21 11:55:18.670,-394047,-425705,-443956,-432153,2,2,2,2
2025-08-21 11:55:18.670,-394133,-409340,-427620,-448616,2,2,2,2
2025-08-21 11:55:18.670,-394224,-425492,-444034,-432256,2,2,2,2
2025-08-21 11:55:18.671,-394239,-425577,-444051,-432274,2,2,2,2
2025-08-21 11:55:18.671,-394227,-425501,-427655,-432326,2,2,2,2
2025-08-21 11:55:18.671,-394215,-409103,-427640,-448638,2,2,2,2
2025-08-21 11:55:18.671,-394219,-425492,-427580,-432258,2,2,2,2
2025-08-21 11:55:18.671,-394227,-425497,-444037,-432265,2,2,2,2
2025-08-21 11:55:18.672,-394239,-425570,-427664,-432342,2,2,2,2
2025-08-21 11:55:18.672,-393999,-425583,-427676,-432359,2,2,2,2
2025-08-21 11:55:18.672,-394006,-425590,-427746,-432366,2,2,2,2
2025-08-21 11:55:18.672,-394010,-425528,-427747,-448754,2,2,2,2
2025-08-21 11:55:18.672,-394012,-425597,-444103,-432371,2,2,2,2
2025-08-21 11:55:18.672,-394010,-409209,-427752,-440559,2,2,2,2
2025-08-21 11:55:18.673,-394010,-425594,-427750,-432366,2,2,2,2
2025-08-21 11:55:18.673,-394013,-425665,-427756,-448758,2,2,2,2
2025-08-21 11:55:18.673,-394084,-425671,-427763,-448766,2,2,2,2
2025-08-21 11:55:18.673,-394029,-425612,-444153,-432134,2,2,2,2
2025-08-21 11:55:18.673,-394088,-409229,-427767,-440323,2,2,2,2
2025-08-21 11:55:18.674,-394088,-425611,-427768,-432134,2,2,2,2
2025-08-21 11:55:18.674,-394063,-425621,-427523,-432139,2,2,2,2
2025-08-21 11:55:18.674,-394106,-425695,-427531,-448563,2,2,2,2
2025-08-21 11:55:18.674,-394035,-425627,-443911,-432144,2,2,2,2
2025-08-21 11:55:18.674,-394091,-409270,-427774,-440328,2,2,2,2
2025-08-21 11:55:18.674,-394086,-409269,-427767,-440326,2,2,2,2
2025-08-21 11:55:18.674,-394051,-425618,-427766,-432129,2,2,2,2
2025-08-21 11:55:18.675,-394010,-425609,-427758,-432377,2,2,2,2
2025-08-21 11:55:18.675,-394082,-425679,-427763,-432383,2,2,2,2
2025-08-21 11:55:18.675,-394010,-425667,-427751,-432369,2,2,2,2
2025-08-21 11:55:18.675,-393985,-425578,-444110,-432278,2,2,2,2
2025-08-21 11:55:18.676,-394217,-409109,-427639,-448643,2,2,2,2
2025-08-21 11:55:18.676,-394236,-425509,-427660,-448723,2,2,2,2
2025-08-21 11:55:18.677,-393994,-425584,-444093,-432287,2,2,2,2
2025-08-21 11:55:18.677,-394006,-425534,-427753,-448751,2,2,2,2
2025-08-21 11:55:18.677,-394083,-425676,-427762,-448759,2,2,2,2
2025-08-21 11:55:18.677,-394023,-425616,-444149,-432379,2,2,2,2
2025-08-21 11:55:18.678,-394028,-425622,-427773,-432382,2,2,2,2
2025-08-21 11:55:18.678,-394030,-425623,-427775,-432384,2,2,2,2
2025-08-21 11:55:18.678,-394097,-409306,-427521,-448517,2,2,2,2
2025-08-21 11:55:18.679,-394099,-425626,-444159,-432134,2,2,2,2
2025-08-21 11:55:18.679,-394100,-409240,-427775,-440325,2,2,2,2
2025-08-21 11:55:18.679,-394099,-409244,-427775,-440330,2,2,2,2
2025-08-21 11:55:18.679,-394108,-425700,-427527,-432147,2,2,2,2
2025-08-21 11:55:18.680,-394122,-425714,-427539,-432225,2,2,2,2
2025-08-21 11:55:18.680,-394200,-425724,-443932,-432233,2,2,2,2
2025-08-21 11:55:18.680,-394211,-425735,-444005,-432245,2,2,2,2
2025-08-21 11:55:18.681,-394228,-409399,-427641,-440453,2,2,2,2
2025-08-21 11:55:18.681,-394222,-425744,-427575,-432256,2,2,2,2
2025-08-21 11:55:18.681,-394127,-425717,-427547,-432228,2,2,2,2
2025-08-21 11:55:18.681,-394115,-425704,-427533,-448571,2,2,2,2
2025-08-21 11:55:18.682,-394181,-425702,-443916,-432153,2,2,2,2
2025-08-21 11:55:18.682,-394120,-425704,-427538,-432158,2,2,2,2
2025-08-21 11:55:18.682,-394109,-425632,-427532,-432150,2,2,2,2
2025-08-21 11:55:18.682,-394107,-425631,-427531,-432145,2,2,2,2
2025-08-21 11:55:18.683,-394106,-425625,-427530,-432141,2,2,2,2
2025-08-21 11:55:18.683,-394033,-425613,-443906,-432134,2,2,2,2
2025-08-21 11:55:18.683,-394038,-425617,-443912,-432139,2,2,2,2
2025-08-21 11:55:18.683,-394109,-409270,-427534,-440339,2,2,2,2
2025-08-21 11:55:18.684,-394115,-409313,-427547,-448542,2,2,2,2
2025-08-21 11:55:18.684,-394110,-425693,-427542,-448574,2,2,2,2
2025-08-21 11:55:18.684,-394098,-425678,-427526,-448561,2,2,2,2
2025-08-21 11:55:18.684,-394038,-425615,-443910,-432147,2,2,2,2
2025-08-21 11:55:18.685,-394043,-425621,-443914,-432149,2,2,2,2
2025-08-21 11:55:18.685,-394104,-425619,-443916,-432147,2,2,2,2
2025-08-21 11:55:18.685,-394058,-425605,-443905,-432133,2,2,2,2
2025-08-21 11:55:18.686,-393993,-409204,-427746,-448748,2,2,2,2
2025-08-21 11:55:18.686,-393994,-409204,-427676,-448746,2,2,2,2
2025-08-21 11:55:18.686,-394000,-425593,-427680,-432367,2,2,2,2
2025-08-21 11:55:18.687,-394012,-425606,-444137,-432378,2,2,2,2
2025-08-21 11:55:18.687,-394016,-425610,-427760,-432383,2,2,2,2
2025-08-21 11:55:18.687,-394010,-425668,-427758,-432380,2,2,2,2
2025-08-21 11:55:18.687,-394007,-425597,-427755,-432376,2,2,2,2
2025-08-21 11:55:18.688,-394014,-425605,-427762,-432383,2,2,2,2
2025-08-21 11:55:18.688,-394018,-425614,-444149,-432138,2,2,2,2
2025-08-21 11:55:18.688,-394013,-409224,-427762,-440324,2,2,2,2
2025-08-21 11:55:18.689,-394081,-425616,-427766,-432138,2,2,2,2
2025-08-21 11:55:18.689,-394082,-425682,-427765,-448521,2,2,2,2
2025-08-21 11:55:18.689,-394081,-425688,-427767,-448524,2,2,2,2
2025-08-21 11:55:18.689,-394011,-425617,-444145,-432135,2,2,2,2
2025-08-21 11:55:18.690,-393999,-425601,-444103,-432376,2,2,2,2
2025-08-21 11:55:18.690,-393998,-425596,-427749,-432372,2,2,2,2
2025-08-21 11:55:18.690,-393996,-425591,-427749,-432373,2,2,2,2
2025-08-21 11:55:18.690,-394238,-425580,-427740,-432363,2,2,2,2
2025-08-21 11:55:18.691,-394234,-425514,-427674,-448712,2,2,2,2
2025-08-21 11:55:18.691,-394238,-409196,-427675,-440552,2,2,2,2
2025-08-21 11:55:18.691,-394237,-425579,-444123,-432356,2,2,2,2
2025-08-21 11:55:18.691,-394238,-409163,-427673,-448739,2,2,2,2
2025-08-21 11:55:18.692,-394239,-425581,-427674,-432351,2,2,2,2
2025-08-21 11:55:18.692,-394237,-425515,-427671,-448734,2,2,2,2
2025-08-21 11:55:18.692,-394217,-425498,-427653,-448721,2,2,2,2
2025-08-21 11:55:18.692,-394202,-425484,-444018,-432259,2,2,2,2
2025-08-21 11:55:18.693,-394209,-409138,-427639,-440460,2,2,2,2
2025-08-21 11:55:18.693,-394220,-425498,-444034,-432277,2,2,2,2
2025-08-21 11:55:18.693,-394227,-425569,-444040,-432282,2,2,2,2
2025-08-21 11:55:18.694,-394002,-425534,-427760,-432384,2,2,2,2
2025-08-21 11:55:18.694,-394093,-409307,-427534,-448542,2,2,2,2
2025-08-21 11:55:18.694,-394090,-425628,-427529,-432160,2,2,2,2
2025-08-21 11:55:18.694,-394007,-425669,-427765,-448522,2,2,2,2
2025-08-21 11:55:18.695,-394014,-425610,-427770,-432143,2,2,2,2
2025-08-21 11:55:18.695,-394085,-425614,-427775,-432149,2,2,2,2
2025-08-21 11:55:18.695,-394105,-425631,-427537,-432231,2,2,2,2
2025-08-21 11:55:18.696,-394139,-425726,-427633,-448647,2,2,2,2
2025-08-21 11:55:18.696,-394220,-425745,-444029,-432278,2,2,2,2
2025-08-21 11:55:18.696,-394135,-409345,-427628,-440453,2,2,2,2
2025-08-21 11:55:18.697,-394178,-425717,-427551,-432247,2,2,2,2
2025-08-21 11:55:18.697,-394100,-425698,-427536,-448582,2,2,2,2
2025-08-21 11:55:18.697,-394097,-425696,-427538,-448581,2,2,2,2
2025-08-21 11:55:18.697,-394027,-425625,-443916,-432225,2,2,2,2
2025-08-21 11:55:18.698,-394095,-409245,-427537,-440420,2,2,2,2
2025-08-21 11:55:18.698,-394097,-425698,-427538,-432231,2,2,2,2
2025-08-21 11:55:18.698,-394063,-425698,-427534,-432166,2,2,2,2
2025-08-21 11:55:18.698,-394097,-425631,-427534,-432229,2,2,2,2
2025-08-21 11:55:18.699,-394107,-425703,-427544,-448591,2,2,2,2
2025-08-21 11:55:18.699,-394118,-409295,-427552,-440444,2,2,2,2
2025-08-21 11:55:18.699,-394106,-409283,-427543,-440427,2,2,2,2
2025-08-21 11:55:18.699,-394099,-425630,-427539,-432166,2,2,2,2
2025-08-21 11:55:18.700,-394095,-425628,-427536,-432227,2,2,2,2
2025-08-21 11:55:18.700,-394019,-425617,-443908,-432152,2,2,2,2
2025-08-21 11:55:18.700,-394085,-425683,-427524,-448536,2,2,2,2
2025-08-21 11:55:18.700,-394028,-425628,-443916,-432160,2,2,2,2
2025-08-21 11:55:18.701,-394102,-425698,-427538,-432170,2,2,2,2
2025-08-21 11:55:18.701,-394101,-425698,-427532,-432229,2,2,2,2
2025-08-21 11:55:18.701,-394098,-425629,-427528,-432160,2,2,2,2
2025-08-21 11:55:18.701,-394091,-425682,-427774,-448535,2,2,2,2
2025-08-21 11:55:18.702,-394026,-425622,-444159,-432150,2,2,2,2
2025-08-21 11:55:18.702,-394086,-425683,-427772,-448531,2,2,2,2
2025-08-21 11:55:18.702,-394011,-409290,-427759,-448524,2,2,2,2
2025-08-21 11:55:18.702,-394005,-425602,-444136,-432135,2,2,2,2
2025-08-21 11:55:18.703,-393988,-425578,-444115,-432365,2,2,2,2
2025-08-21 11:55:18.703,-393987,-425573,-444114,-432360,2,2,2,2
2025-08-21 11:55:18.703,-393985,-409121,-427664,-448743,2,2,2,2
2025-08-21 11:55:18.704,-393995,-425575,-444054,-432366,2,2,2,2
2025-08-21 11:55:18.704,-394013,-409214,-427756,-440323,2,2,2,2
2025-08-21 11:55:18.704,-394103,-425621,-427525,-432156,2,2,2,2
2025-08-21 11:55:18.705,-394100,-425619,-427525,-432151,2,2,2,2
2025-08-21 11:55:18.705,-394034,-425618,-443907,-432150,2,2,2,2
2025-08-21 11:55:18.705,-394039,-425625,-443915,-432158,2,2,2,2
2025-08-21 11:55:18.706,-394098,-409278,-427530,-440419,2,2,2,2
2025-08-21 11:55:18.706,-394083,-425616,-427769,-432154,2,2,2,2
2025-08-21 11:55:18.706,-394013,-425608,-427766,-432148,2,2,2,2
2025-08-21 11:55:18.706,-394082,-425678,-427768,-448569,2,2,2,2
2025-08-21 11:55:18.707,-394029,-425621,-444159,-432227,2,2,2,2
2025-08-21 11:55:18.707,-394081,-425613,-427762,-432150,2,2,2,2
2025-08-21 11:55:18.707,-394082,-425617,-427764,-432153,2,2,2,2
2025-08-21 11:55:18.707,-394095,-425630,-427522,-432229,2,2,2,2
2025-08-21 11:55:18.708,-394109,-425708,-427540,-432247,2,2,2,2
2025-08-21 11:55:18.708,-394125,-409341,-427621,-432266,2,2,2,2
2025-08-21 11:55:18.708,-394202,-425738,-443984,-432276,2,2,2,2
2025-08-21 11:55:18.708,-394215,-409401,-427650,-440546,2,2,2,2
2025-08-21 11:55:18.709,-394238,-425837,-427673,-432376,2,2,2,2
2025-08-21 11:55:18.709,-394245,-425778,-427678,-448766,2,2,2,2
2025-08-21 11:55:18.709,-394242,-425774,-427675,-448760,2,2,2,2
2025-08-21 11:55:18.709,-394235,-425829,-444083,-432365,2,2,2,2
2025-08-21 11:55:18.710,-394231,-425825,-444113,-432359,2,2,2,2
2025-08-21 11:55:18.710,-394237,-425827,-427736,-432359,2,2,2,2
2025-08-21 11:55:18.710,-394234,-425827,-427670,-432357,2,2,2,2
2025-08-21 11:55:18.710,-394220,-425751,-427656,-448696,2,2,2,2
2025-08-21 11:55:18.711,-394221,-425749,-427654,-448726,2,2,2,2
2025-08-21 11:55:18.711,-394217,-409359,-427651,-448658,2,2,2,2
2025-08-21 11:55:18.711,-394215,-409356,-427648,-440465,2,2,2,2
2025-08-21 11:55:18.711,-394181,-425740,-427650,-432338,2,2,2,2
2025-08-21 11:55:18.712,-394211,-425741,-444035,-432278,2,2,2,2
2025-08-21 11:55:18.712,-394212,-425740,-444038,-432280,2,2,2,2
2025-08-21 11:55:18.712,-394217,-425742,-427654,-432346,2,2,2,2
2025-08-21 11:55:18.712,-394229,-425758,-444116,-432360,2,2,2,2
2025-08-21 11:55:18.713,-394236,-409381,-427677,-448753,2,2,2,2
2025-08-21 11:55:18.713,-394226,-409371,-427663,-432353,2,2,2,2
2025-08-21 11:55:18.714,-394143,-425737,-427645,-432332,2,2,2,2
2025-08-21 11:55:18.714,-394195,-425725,-444016,-432255,2,2,2,2
2025-08-21 11:55:18.714,-394122,-425712,-427619,-448628,2,2,2,2
2025-08-21 11:55:18.714,-394186,-425712,-444001,-432244,2,2,2,2
2025-08-21 11:55:18.715,-394184,-425708,-443966,-432241,2,2,2,2
2025-08-21 11:55:18.715,-394047,-425702,-427542,-432232,2,2,2,2
2025-08-21 11:55:18.715,-394177,-425707,-427545,-432240,2,2,2,2
2025-08-21 11:55:18.715,-394117,-425716,-427549,-432244,2,2,2,2
2025-08-21 11:55:18.716,-394125,-425725,-427624,-448643,2,2,2,2
2025-08-21 11:55:18.716,-394134,-409347,-427633,-440463,2,2,2,2
2025-08-21 11:55:18.716,-394218,-425746,-444034,-432355,2,2,2,2
2025-08-21 11:55:18.716,-394233,-409409,-427662,-448749,2,2,2,2
2025-08-21 11:55:18.717,-394238,-425831,-427670,-432365,2,2,2,2
2025-08-21 11:55:18.717,-394237,-425832,-444057,-432365,2,2,2,2
2025-08-21 11:55:18.717,-394228,-425761,-427669,-448709,2,2,2,2
2025-08-21 11:55:18.717,-394223,-425756,-444045,-432285,2,2,2,2
2025-08-21 11:55:18.718,-394221,-409399,-427657,-440475,2,2,2,2
2025-08-21 11:55:18.718,-394223,-425751,-444042,-432284,2,2,2,2
2025-08-21 11:55:18.718,-394180,-425743,-444034,-432275,2,2,2,2
2025-08-21 11:55:18.719,-394112,-425717,-427622,-448571,2,2,2,2
2025-08-21 11:55:18.719,-394094,-409283,-427542,-448619,2,2,2,2
2025-08-21 11:55:18.719,-394082,-409272,-427530,-448544,2,2,2,2
2025-08-21 11:55:18.719,-394041,-425618,-427775,-432150,2,2,2,2
2025-08-21 11:55:18.720,-394000,-425610,-427769,-432141,2,2,2,2
2025-08-21 11:55:18.720,-394003,-425612,-427775,-432145,2,2,2,2
2025-08-21 11:55:18.720,-394016,-425626,-427531,-432159,2,2,2,2
2025-08-21 11:55:18.720,-394041,-425713,-427551,-432244,2,2,2,2
2025-08-21 11:55:18.721,-394130,-409354,-427639,-448653,2,2,2,2
2025-08-21 11:55:18.721,-394252,-425788,-427757,-432383,2,2,2,2
2025-08-21 11:55:18.722,-394255,-425850,-444142,-432386,2,2,2,2
2025-08-21 11:55:18.722,-394252,-425780,-427757,-448766,2,2,2,2
2025-08-21 11:55:18.722,-394243,-425775,-427752,-448760,2,2,2,2
2025-08-21 11:55:18.722,-394238,-425834,-444129,-432373,2,2,2,2
2025-08-21 11:55:18.723,-394246,-409462,-427751,-432382,2,2,2,2
2025-08-21 11:55:18.723,-394242,-425836,-427743,-432377,2,2,2,2
2025-08-21 11:55:18.723,-394235,-425825,-427733,-432367,2,2,2,2
2025-08-21 11:55:18.723,-394232,-425761,-427666,-448750,2,2,2,2
2025-08-21 11:55:18.724,-394242,-425834,-444063,-432376,2,2,2,2
2025-08-21 11:55:18.724,-394249,-425841,-427748,-432382,2,2,2,2
2025-08-21 11:55:18.724,-394246,-409423,-427679,-440571,2,2,2,2
2025-08-21 11:55:18.724,-394228,-425757,-427661,-432360,2,2,2,2
2025-08-21 11:55:18.725,-394133,-425727,-427564,-432267,2,2,2,2
2025-08-21 11:55:18.725,-394039,-425698,-443916,-432239,2,2,2,2
2025-08-21 11:55:18.725,-394013,-425671,-427764,-448532,2,2,2,2
2025-08-21 11:55:18.725,-393997,-409202,-427747,-440323,2,2,2,2
2025-08-21 11:55:18.726,-394240,-425573,-427668,-432370,2,2,2,2
2025-08-21 11:55:18.726,-394227,-425496,-427716,-432354,2,2,2,2
2025-08-21 11:55:18.726,-394214,-425485,-427576,-432277,2,2,2,2
2025-08-21 11:55:18.726,-394139,-425478,-427633,-448651,2,2,2,2
2025-08-21 11:55:18.727,-394190,-425726,-443976,-432258,2,2,2,2
2025-08-21 11:55:18.727,-394124,-425723,-427621,-432188,2,2,2,2
2025-08-21 11:55:18.727,-394117,-409332,-427618,-448634,2,2,2,2
2025-08-21 11:55:18.727,-394106,-425710,-443927,-432241,2,2,2,2
2025-08-21 11:55:18.728,-394107,-425710,-427540,-448627,2,2,2,2
2025-08-21 11:55:18.728,-394048,-425714,-443929,-432246,2,2,2,2
2025-08-21 11:55:18.728,-394177,-425713,-443927,-432246,2,2,2,2
2025-08-21 11:55:18.728,-394104,-409288,-427532,-448623,2,2,2,2
2025-08-21 11:55:18.729,-394103,-425704,-427530,-432176,2,2,2,2
2025-08-21 11:55:18.729,-394123,-425475,-427620,-432329,2,2,2,2
2025-08-21 11:55:18.730,-394127,-409095,-427625,-440459,2,2,2,2
2025-08-21 11:55:18.730,-394044,-425718,-443928,-432253,2,2,2,2
2025-08-21 11:55:18.730,-394039,-425709,-443924,-432246,2,2,2,2
2025-08-21 11:55:18.731,-394212,-425491,-427644,-432348,2,2,2,2
2025-08-21 11:55:18.731,-394211,-425489,-427579,-432282,2,2,2,2
2025-08-21 11:55:18.731,-394143,-425484,-427574,-432280,2,2,2,2
2025-08-21 11:55:18.731,-394211,-425484,-427642,-448696,2,2,2,2
2025-08-21 11:55:18.732,-394214,-425484,-444027,-432281,2,2,2,2
2025-08-21 11:55:18.732,-394216,-425484,-427641,-432345,2,2,2,2
2025-08-21 11:55:18.732,-394222,-425487,-427644,-432349,2,2,2,2
2025-08-21 11:55:18.732,-394239,-425572,-427727,-432367,2,2,2,2
2025-08-21 11:55:18.733,-393987,-425512,-427666,-448758,2,2,2,2
2025-08-21 11:55:18.733,-394000,-425586,-444092,-432129,2,2,2,2
2025-08-21 11:55:18.733,-394009,-425594,-444099,-432135,2,2,2,2
2025-08-21 11:55:18.733,-394011,-409210,-427751,-440332,2,2,2,2
2025-08-21 11:55:18.734,-394007,-409168,-427745,-448518,2,2,2,2
2025-08-21 11:55:18.734,-393994,-425513,-427670,-448761,2,2,2,2
2025-08-21 11:55:18.734,-394234,-425504,-427721,-432364,2,2,2,2
2025-08-21 11:55:18.734,-394228,-425504,-444039,-432358,2,2,2,2
2025-08-21 11:55:18.735,-394237,-425583,-444082,-432371,2,2,2,2
2025-08-21 11:55:18.735,-393990,-425591,-427674,-432379,2,2,2,2
2025-08-21 11:55:18.735,-393998,-425602,-427747,-432130,2,2,2,2
2025-08-21 11:55:18.735,-394004,-425608,-427753,-432139,2,2,2,2
2025-08-21 11:55:18.736,-394001,-409219,-427745,-440330,2,2,2,2
2025-08-21 11:55:18.736,-393986,-409201,-427664,-440569,2,2,2,2
2025-08-21 11:55:18.736,-393988,-425586,-427667,-432383,2,2,2,2
2025-08-21 11:55:18.737,-394036,-425603,-444130,-432146,2,2,2,2
2025-08-21 11:55:18.737,-393995,-425530,-427679,-432140,2,2,2,2
2025-08-21 11:55:18.737,-393989,-425525,-427675,-432134,2,2,2,2
2025-08-21 11:55:18.737,-393990,-425591,-444127,-432136,2,2,2,2
2025-08-21 11:55:18.738,-394000,-425603,-427754,-432150,2,2,2,2
2025-08-21 11:55:18.738,-394011,-425616,-427763,-432227,2,2,2,2
2025-08-21 11:55:18.738,-394089,-425689,-427522,-448559,2,2,2,2
2025-08-21 11:55:18.739,-394084,-425624,-427772,-432169,2,2,2,2
2025-08-21 11:55:18.739,-394083,-425687,-427772,-448616,2,2,2,2
2025-08-21 11:55:18.739,-394093,-425701,-427526,-448624,2,2,2,2
2025-08-21 11:55:18.739,-394048,-425721,-443931,-432259,2,2,2,2
2025-08-21 11:55:18.740,-394041,-425713,-443956,-432254,2,2,2,2
2025-08-21 11:55:18.740,-394022,-425630,-427521,-432236,2,2,2,2
2025-08-21 11:55:18.740,-394005,-425609,-427760,-432151,2,2,2,2
2025-08-21 11:55:18.740,-394011,-425614,-427760,-432153,2,2,2,2
2025-08-21 11:55:18.741,-394103,-425698,-427527,-448625,2,2,2,2
2025-08-21 11:55:18.741,-394108,-409314,-427530,-440434,2,2,2,2
2025-08-21 11:55:18.741,-394095,-409238,-427772,-432231,2,2,2,2
2025-08-21 11:55:18.741,-394095,-425624,-427772,-432170,2,2,2,2
2025-08-21 11:55:18.742,-394110,-425700,-427528,-432185,2,2,2,2
2025-08-21 11:55:18.742,-394042,-425700,-443910,-432247,2,2,2,2
2025-08-21 11:55:18.742,-394107,-425699,-427528,-448631,2,2,2,2
2025-08-21 11:55:18.742,-394103,-425697,-427524,-432184,2,2,2,2
2025-08-21 11:55:18.743,-394183,-425713,-443924,-432263,2,2,2,2
2025-08-21 11:55:18.743,-394131,-425727,-427550,-432277,2,2,2,2
2025-08-21 11:55:18.743,-394209,-425740,-427564,-432353,2,2,2,2
2025-08-21 11:55:18.744,-394240,-425769,-427661,-448765,2,2,2,2
2025-08-21 11:55:18.744,-394245,-409390,-427670,-448772,2,2,2,2
2025-08-21 11:55:18.744,-394267,-409473,-427757,-448793,2,2,2,2
2025-08-21 11:55:18.744,-394352,-425942,-427775,-448880,2,2,2,2
2025-08-21 11:55:18.745,-394303,-425958,-444173,-432510,2,2,2,2
2025-08-21 11:55:18.745,-394369,-425959,-427794,-432448,2,2,2,2
2025-08-21 11:55:18.745,-394365,-425959,-427793,-432444,2,2,2,2
2025-08-21 11:55:18.745,-394298,-425956,-427789,-432501,2,2,2,2
2025-08-21 11:55:18.746,-394366,-409576,-427799,-448887,2,2,2,2
2025-08-21 11:55:18.746,-394298,-425958,-444214,-432500,2,2,2,2
2025-08-21 11:55:18.746,-394283,-425879,-444167,-432485,2,2,2,2
2025-08-21 11:55:18.746,-394271,-409484,-427772,-440606,2,2,2,2
2025-08-21 11:55:18.747,-394343,-425877,-427782,-432429,2,2,2,2
2025-08-21 11:55:18.747,-394357,-425962,-427801,-448899,2,2,2,2
2025-08-21 11:55:18.747,-394374,-425983,-427821,-432533,2,2,2,2
2025-08-21 11:55:18.747,-394389,-425745,-427899,-448964,2,2,2,2
2025-08-21 11:55:18.748,-394466,-425757,-444294,-432625,2,2,2,2
2025-08-21 11:55:18.748,-394434,-425759,-427909,-432624,2,2,2,2
2025-08-21 11:55:18.748,-394387,-425741,-427893,-432608,2,2,2,2
2025-08-21 11:55:18.748,-394370,-425973,-444257,-432527,2,2,2,2
2025-08-21 11:55:18.749,-394358,-425956,-427794,-448894,2,2,2,2
2025-08-21 11:55:18.749,-394282,-425878,-444162,-432493,2,2,2,2
2025-08-21 11:55:18.749,-394277,-425874,-444158,-432485,2,2,2,2
2025-08-21 11:55:18.749,-394264,-409479,-427760,-448794,2,2,2,2
2025-08-21 11:55:18.750,-394249,-425848,-427745,-432397,2,2,2,2
2025-08-21 11:55:18.750,-394244,-425834,-427672,-432394,2,2,2,2
2025-08-21 11:55:18.751,-394245,-425837,-427737,-432394,2,2,2,2
2025-08-21 11:55:18.751,-394244,-425844,-444060,-432397,2,2,2,2
2025-08-21 11:55:18.751,-394269,-425871,-444151,-432488,2,2,2,2
2025-08-21 11:55:18.752,-394353,-425956,-427792,-432447,2,2,2,2
2025-08-21 11:55:18.752,-394269,-425872,-427772,-432490,2,2,2,2
2025-08-21 11:55:18.752,-394268,-425867,-427766,-432489,2,2,2,2
2025-08-21 11:55:18.752,-394250,-425791,-427750,-448827,2,2,2,2
2025-08-21 11:55:18.753,-394228,-425838,-444051,-432392,2,2,2,2
2025-08-21 11:55:18.753,-394209,-409400,-427647,-440563,2,2,2,2
2025-08-21 11:55:18.753,-394131,-409352,-427628,-440478,2,2,2,2
2025-08-21 11:55:18.753,-394168,-425741,-427627,-432356,2,2,2,2
2025-08-21 11:55:18.754,-394125,-425731,-427549,-432277,2,2,2,2
2025-08-21 11:55:18.754,-394118,-425726,-427542,-448716,2,2,2,2
2025-08-21 11:55:18.754,-394202,-425745,-443950,-432288,2,2,2,2
2025-08-21 11:55:18.754,-394134,-409358,-427630,-440478,2,2,2,2
2025-08-21 11:55:18.755,-394131,-425739,-427625,-432348,2,2,2,2
2025-08-21 11:55:18.755,-394210,-425753,-427575,-432362,2,2,2,2
2025-08-21 11:55:18.755,-394220,-425829,-427713,-432371,2,2,2,2
2025-08-21 11:55:18.755,-394216,-425759,-427645,-448752,2,2,2,2
2025-08-21 11:55:18.756,-394201,-425744,-443983,-432287,2,2,2,2
2025-08-21 11:55:18.756,-394124,-425732,-427620,-448657,2,2,2,2
2025-08-21 11:55:18.756,-394121,-409345,-427621,-448660,2,2,2,2
2025-08-21 11:55:18.756,-394196,-425739,-444017,-432355,2,2,2,2
2025-08-21 11:55:18.757,-394212,-425751,-427583,-432369,2,2,2,2
2025-08-21 11:55:18.757,-394215,-425756,-444098,-432372,2,2,2,2
2025-08-21 11:55:18.757,-394141,-409362,-427641,-448748,2,2,2,2
2025-08-21 11:55:18.758,-394179,-425755,-444031,-432370,2,2,2,2
2025-08-21 11:55:18.758,-394209,-409370,-427649,-440564,2,2,2,2
2025-08-21 11:55:18.758,-394130,-425734,-427625,-432357,2,2,2,2
2025-08-21 11:55:18.759,-394120,-425724,-427551,-432286,2,2,2,2
2025-08-21 11:55:18.759,-394038,-425706,-443919,-432267,2,2,2,2
2025-08-21 11:55:18.759,-394105,-425708,-427542,-448651,2,2,2,2
2025-08-21 11:55:18.760,-394110,-425709,-427541,-432329,2,2,2,2
2025-08-21 11:55:18.760,-394112,-425709,-427542,-432261,2,2,2,2
2025-08-21 11:55:18.760,-394102,-425631,-427528,-432246,2,2,2,2
2025-08-21 11:55:18.760,-394095,-425689,-427524,-448590,2,2,2,2
2025-08-21 11:55:18.761,-394032,-425624,-443912,-432242,2,2,2,2
2025-08-21 11:55:18.761,-394099,-425628,-427529,-432181,2,2,2,2
2025-08-21 11:55:18.761,-394116,-409290,-427547,-448645,2,2,2,2
2025-08-21 11:55:18.761,-394103,-425628,-427530,-432182,2,2,2,2
2025-08-21 11:55:18.762,-394006,-425599,-427759,-432154,2,2,2,2
2025-08-21 11:55:18.762,-394235,-425576,-444084,-432384,2,2,2,2
2025-08-21 11:55:18.762,-394230,-425576,-444083,-432381,2,2,2,2
2025-08-21 11:55:18.762,-394235,-409202,-427673,-440323,2,2,2,2
2025-08-21 11:55:18.763,-394237,-425593,-427673,-432134,2,2,2,2
2025-08-21 11:55:18.763,-394232,-425524,-427670,-448515,2,2,2,2
2025-08-21 11:55:18.764,-394221,-425577,-444107,-432377,2,2,2,2
2025-08-21 11:55:18.764,-394144,-425494,-427645,-448745,2,2,2,2
2025-08-21 11:55:18.764,-394210,-425494,-427645,-448746,2,2,2,2
2025-08-21 11:55:18.764,-394219,-425500,-444036,-432368,2,2,2,2
2025-08-21 11:55:18.765,-394238,-425581,-427739,-432129,2,2,2,2
2025-08-21 11:55:18.765,-394236,-425579,-427738,-432132,2,2,2,2
2025-08-21 11:55:18.765,-394238,-409134,-427678,-448519,2,2,2,2
2025-08-21 11:55:18.766,-394229,-425575,-444057,-432129,2,2,2,2
2025-08-21 11:55:18.766,-394219,-409120,-427665,-440574,2,2,2,2
2025-08-21 11:55:18.766,-394222,-409188,-427668,-440321,2,2,2,2
2025-08-21 11:55:18.766,-394233,-425577,-427673,-432131,2,2,2,2
2025-08-21 11:55:18.767,-393992,-425583,-427746,-432143,2,2,2,2
2025-08-21 11:55:18.767,-394007,-425601,-444145,-432155,2,2,2,2
2025-08-21 11:55:18.767,-394081,-425676,-427772,-448582,2,2,2,2
2025-08-21 11:55:18.767,-394023,-425616,-444159,-432234,2,2,2,2
2025-08-21 11:55:18.768,-394096,-409272,-427523,-440434,2,2,2,2
2025-08-21 11:55:18.768,-394093,-425622,-427773,-432238,2,2,2,2
2025-08-21 11:55:18.768,-394100,-425698,-427525,-432251,2,2,2,2
2025-08-21 11:55:18.768,-394094,-425692,-427775,-448627,2,2,2,2
2025-08-21 11:55:18.769,-394105,-425704,-427530,-432190,2,2,2,2
2025-08-21 11:55:18.769,-394129,-409344,-427622,-448666,2,2,2,2
2025-08-21 11:55:18.769,-394209,-409356,-427636,-448741,2,2,2,2
2025-08-21 11:55:18.770,-394192,-425751,-444037,-432370,2,2,2,2
2025-08-21 11:55:18.770,-394247,-425838,-427742,-432396,2,2,2,2
2025-08-21 11:55:18.770,-394268,-425855,-444147,-432481,2,2,2,2
2025-08-21 11:55:18.770,-394343,-425863,-427773,-432422,2,2,2,2
2025-08-21 11:55:18.770,-394273,-425862,-427769,-432415,2,2,2,2
2025-08-21 11:55:18.771,-394270,-425932,-427772,-448865,2,2,2,2
2025-08-21 11:55:18.771,-394258,-425932,-427759,-432413,2,2,2,2
2025-08-21 11:55:18.772,-394338,-425881,-427778,-432432,2,2,2,2
2025-08-21 11:55:18.772,-394281,-425888,-444171,-432503,2,2,2,2
2025-08-21 11:55:18.772,-394341,-425947,-427779,-448884,2,2,2,2
2025-08-21 11:55:18.773,-394350,-409570,-427784,-432504,2,2,2,2
2025-08-21 11:55:18.773,-394354,-425963,-427792,-432510,2,2,2,2
2025-08-21 11:55:18.773,-394352,-425961,-427790,-432509,2,2,2,2
2025-08-21 11:55:18.773,-394337,-425943,-427774,-448877,2,2,2,2
2025-08-21 11:55:18.774,-394265,-425932,-427765,-448836,2,2,2,2
2025-08-21 11:55:18.774,-394257,-425861,-444146,-432414,2,2,2,2
2025-08-21 11:55:18.774,-394265,-409483,-427767,-440676,2,2,2,2
2025-08-21 11:55:18.774,-394264,-425873,-427770,-432488,2,2,2,2
2025-08-21 11:55:18.775,-394346,-425957,-427788,-432506,2,2,2,2
2025-08-21 11:55:18.775,-394293,-425967,-444217,-432518,2,2,2,2
2025-08-21 11:55:18.775,-394286,-425960,-444173,-432509,2,2,2,2
2025-08-21 11:55:18.775,-394339,-409503,-427780,-440690,2,2,2,2
2025-08-21 11:55:18.776,-394339,-409538,-427780,-448882,2,2,2,2
2025-08-21 11:55:18.776,-394355,-425968,-427794,-448899,2,2,2,2
2025-08-21 11:55:18.776,-394369,-425983,-427809,-432529,2,2,2,2
2025-08-21 11:55:18.776,-394439,-425733,-444264,-432533,2,2,2,2
2025-08-21 11:55:18.777,-394437,-425731,-444227,-432531,2,2,2,2
2025-08-21 11:55:18.777,-394374,-425737,-427874,-432598,2,2,2,2
2025-08-21 11:55:18.777,-394370,-425733,-427803,-432593,2,2,2,2
2025-08-21 11:55:18.777,-394294,-425973,-444172,-432510,2,2,2,2
2025-08-21 11:55:18.778,-394256,-409488,-427751,-440600,2,2,2,2
2025-08-21 11:55:18.778,-394263,-425876,-444141,-432412,2,2,2,2
2025-08-21 11:55:18.778,-394264,-409525,-427759,-448800,2,2,2,2
2025-08-21 11:55:18.779,-394305,-425880,-444149,-432421,2,2,2,2
2025-08-21 11:55:18.779,-394350,-425955,-427778,-448817,2,2,2,2
2025-08-21 11:55:18.779,-394348,-425956,-427778,-432434,2,2,2,2
2025-08-21 11:55:18.780,-394301,-425973,-427796,-432512,2,2,2,2
2025-08-21 11:55:18.780,-394448,-425732,-444257,-432531,2,2,2,2
2025-08-21 11:55:18.780,-394439,-425978,-444185,-432522,2,2,2,2
2025-08-21 11:55:18.781,-394361,-425970,-427793,-432582,2,2,2,2
2025-08-21 11:55:18.781,-394359,-409583,-427790,-448900,2,2,2,2
2025-08-21 11:55:18.781,-394356,-409578,-427784,-448892,2,2,2,2
2025-08-21 11:55:18.781,-394358,-425961,-427783,-448890,2,2,2,2
2025-08-21 11:55:18.782,-394290,-425956,-444163,-432500,2,2,2,2
2025-08-21 11:55:18.782,-394348,-425884,-427774,-432428,2,2,2,2
2025-08-21 11:55:18.782,-394343,-409531,-427767,-440677,2,2,2,2
2025-08-21 11:55:18.782,-394356,-425958,-427782,-432496,2,2,2,2
2025-08-21 11:55:18.783,-394370,-425975,-427797,-448899,2,2,2,2
2025-08-21 11:55:18.783,-394447,-425737,-444229,-432529,2,2,2,2
2025-08-21 11:55:18.783,-394458,-425752,-444276,-432611,2,2,2,2
2025-08-21 11:55:18.783,-394389,-409395,-427885,-440729,2,2,2,2
2025-08-21 11:55:18.784,-394378,-425736,-427874,-432590,2,2,2,2
2025-08-21 11:55:18.784,-394444,-425732,-444192,-432525,2,2,2,2
2025-08-21 11:55:18.784,-394302,-425973,-444211,-432509,2,2,2,2
2025-08-21 11:55:18.785,-394356,-409577,-427781,-440686,2,2,2,2
2025-08-21 11:55:18.785,-394318,-425887,-427772,-432422,2,2,2,2
2025-08-21 11:55:18.785,-394306,-425873,-427758,-432411,2,2,2,2
2025-08-21 11:55:18.785,-394338,-425870,-427759,-432410,2,2,2,2
2025-08-21 11:55:18.786,-394256,-425787,-427680,-448781,2,2,2,2
2025-08-21 11:55:18.786,-394243,-409460,-427670,-440576,2,2,2,2
2025-08-21 11:55:18.786,-394250,-425855,-427747,-432397,2,2,2,2
2025-08-21 11:55:18.786,-394256,-425862,-427752,-432402,2,2,2,2
2025-08-21 11:55:18.787,-394339,-425879,-427769,-432485,2,2,2,2
2025-08-21 11:55:18.787,-394346,-425949,-427775,-432427,2,2,2,2
2025-08-21 11:55:18.787,-394349,-425953,-427781,-432433,2,2,2,2
2025-08-21 11:55:18.787,-394292,-425959,-444169,-432504,2,2,2,2
2025-08-21 11:55:18.788,-394363,-409547,-427798,-448899,2,2,2,2
2025-08-21 11:55:18.788,-394454,-425984,-444272,-432542,2,2,2,2
2025-08-21 11:55:18.788,-394390,-425983,-427882,-448987,2,2,2,2
2025-08-21 11:55:18.789,-394455,-425983,-444231,-432538,2,2,2,2
2025-08-21 11:55:18.789,-394396,-425736,-427886,-448994,2,2,2,2
2025-08-21 11:55:18.789,-394467,-425747,-427895,-449005,2,2,2,2
2025-08-21 11:55:18.789,-394472,-425754,-444280,-432615,2,2,2,2
2025-08-21 11:55:18.790,-394477,-425829,-427971,-432621,2,2,2,2
2025-08-21 11:55:18.790,-394482,-425839,-427913,-432627,2,2,2,2
2025-08-21 11:55:18.790,-394484,-425839,-427978,-432627,2,2,2,2
2025-08-21 11:55:18.791,-394491,-425782,-427925,-449019,2,2,2,2
2025-08-21 11:55:18.791,-394491,-409460,-427923,-440828,2,2,2,2
2025-08-21 11:55:18.791,-394487,-409453,-427917,-440825,2,2,2,2
2025-08-21 11:55:18.791,-394491,-425840,-427919,-432637,2,2,2,2
2025-08-21 11:55:18.792,-394244,-425848,-427990,-432391,2,2,2,2
2025-08-21 11:55:18.792,-394256,-425923,-427936,-448784,2,2,2,2
2025-08-21 11:55:18.792,-394260,-425929,-428005,-448821,2,2,2,2
2025-08-21 11:55:18.792,-394246,-425850,-444347,-432393,2,2,2,2
2025-08-21 11:55:18.793,-394488,-409418,-427916,-440824,2,2,2,2
2025-08-21 11:55:18.793,-394493,-425839,-427986,-432633,2,2,2,2
2025-08-21 11:55:18.793,-394490,-425839,-427983,-432632,2,2,2,2
2025-08-21 11:55:18.793,-394493,-425771,-427914,-449013,2,2,2,2
2025-08-21 11:55:18.794,-394241,-425837,-444301,-432633,2,2,2,2
2025-08-21 11:55:18.794,-394492,-409418,-427915,-449016,2,2,2,2
2025-08-21 11:55:18.794,-394496,-409460,-427918,-449023,2,2,2,2
2025-08-21 11:55:18.794,-394252,-425855,-427927,-432394,2,2,2,2
2025-08-21 11:55:18.795,-394269,-425874,-428009,-432412,2,2,2,2
2025-08-21 11:55:18.795,-394280,-425887,-444406,-432491,2,2,2,2
2025-08-21 11:55:18.795,-394278,-425886,-444402,-432490,2,2,2,2
2025-08-21 11:55:18.795,-394254,-409478,-427932,-440595,2,2,2,2
2025-08-21 11:55:18.796,-394242,-425851,-427923,-432393,2,2,2,2
2025-08-21 11:55:18.796,-394379,-425983,-427802,-432595,2,2,2,2
2025-08-21 11:55:18.797,-394381,-425731,-427804,-432598,2,2,2,2
2025-08-21 11:55:18.797,-394419,-425736,-444259,-432542,2,2,2,2
2025-08-21 11:55:18.797,-394438,-425752,-444272,-432623,2,2,2,2
2025-08-21 11:55:18.798,-394345,-425873,-428009,-432489,2,2,2,2
2025-08-21 11:55:18.798,-394293,-425888,-428020,-432503,2,2,2,2
2025-08-21 11:55:18.798,-394369,-425964,-427777,-448901,2,2,2,2
2025-08-21 11:55:18.799,-394382,-425976,-427791,-448948,2,2,2,2
2025-08-21 11:55:18.799,-394390,-425991,-427805,-432606,2,2,2,2
2025-08-21 11:55:18.799,-394390,-425991,-427805,-432605,2,2,2,2
2025-08-21 11:55:18.799,-394444,-425983,-427800,-432535,2,2,2,2
2025-08-21 11:55:18.800,-394374,-425977,-427794,-432528,2,2,2,2
2025-08-21 11:55:18.800,-394434,-425973,-444171,-432523,2,2,2,2
2025-08-21 11:55:18.800,-394438,-425977,-444175,-432530,2,2,2,2
2025-08-21 11:55:18.800,-394371,-409588,-427787,-440720,2,2,2,2
2025-08-21 11:55:18.801,-394376,-409594,-427789,-440721,2,2,2,2
2025-08-21 11:55:18.801,-394392,-425990,-427801,-448956,2,2,2,2
2025-08-21 11:55:18.801,-394467,-426003,-427880,-448997,2,2,2,2
2025-08-21 11:55:18.801,-394474,-426009,-444272,-432618,2,2,2,2
2025-08-21 11:55:18.802,-394474,-426001,-444237,-432611,2,2,2,2
2025-08-21 11:55:18.802,-394480,-426006,-427895,-432619,2,2,2,2
2025-08-21 11:55:18.802,-394493,-426086,-427907,-432631,2,2,2,2
2025-08-21 11:55:18.802,-394502,-426097,-444298,-432642,2,2,2,2
2025-08-21 11:55:18.803,-394491,-442476,-427910,-440826,2,2,2,2
2025-08-21 11:55:18.803,-394492,-426094,-444359,-432631,2,2,2,2
2025-08-21 11:55:18.803,-394498,-442484,-427919,-449026,2,2,2,2
2025-08-21 11:55:18.804,-394493,-426090,-427912,-432636,2,2,2,2
2025-08-21 11:55:18.804,-394511,-426041,-427924,-449038,2,2,2,2
2025-08-21 11:55:18.804,-394502,-426091,-427910,-432643,2,2,2,2
2025-08-21 11:55:18.805,-394481,-426008,-427826,-432623,2,2,2,2
2025-08-21 11:55:18.805,-394480,-426008,-427832,-432623,2,2,2,2
2025-08-21 11:55:18.805,-394485,-426082,-444287,-432632,2,2,2,2
2025-08-21 11:55:18.805,-394472,-426006,-444280,-432620,2,2,2,2
2025-08-21 11:55:18.806,-394392,-425994,-427885,-432606,2,2,2,2
2025-08-21 11:55:18.806,-394380,-409597,-427875,-448917,2,2,2,2
2025-08-21 11:55:18.806,-394376,-409594,-427807,-448913,2,2,2,2
2025-08-21 11:55:18.806,-394368,-425967,-427796,-448899,2,2,2,2
2025-08-21 11:55:18.807,-394304,-425970,-444179,-432511,2,2,2,2
2025-08-21 11:55:18.807,-394371,-425971,-427797,-432447,2,2,2,2
2025-08-21 11:55:18.807,-394389,-442371,-427873,-440721,2,2,2,2
2025-08-21 11:55:18.807,-394453,-425985,-427808,-432530,2,2,2,2
2025-08-21 11:55:18.808,-394381,-425984,-427801,-448911,2,2,2,2
2025-08-21 11:55:18.808,-394301,-425971,-444171,-432514,2,2,2,2
2025-08-21 11:55:18.808,-394284,-425882,-444408,-432497,2,2,2,2
2025-08-21 11:55:18.808,-394266,-409480,-428009,-440676,2,2,2,2
2025-08-21 11:55:18.809,-394267,-425868,-428012,-432423,2,2,2,2
2025-08-21 11:55:18.809,-394259,-425926,-428005,-448834,2,2,2,2
2025-08-21 11:55:18.809,-394246,-425852,-427995,-432406,2,2,2,2
2025-08-21 11:55:18.809,-394493,-425781,-427925,-448784,2,2,2,2
2025-08-21 11:55:18.810,-394480,-409447,-427913,-440580,2,2,2,2
2025-08-21 11:55:18.810,-394434,-425754,-427901,-432630,2,2,2,2
2025-08-21 11:55:18.810,-394426,-425750,-427894,-432625,2,2,2,2
2025-08-21 11:55:18.810,-394387,-425744,-427823,-432623,2,2,2,2
2025-08-21 11:55:18.811,-394373,-425734,-427808,-448961,2,2,2,2
2025-08-21 11:55:18.811,-394433,-425730,-444185,-432538,2,2,2,2
2025-08-21 11:55:18.811,-394300,-425980,-444182,-432530,2,2,2,2
2025-08-21 11:55:18.811,-394369,-409346,-427803,-448916,2,2,2,2
2025-08-21 11:55:18.812,-394366,-425981,-444177,-432524,2,2,2,2
2025-08-21 11:55:18.812,-394372,-425984,-427799,-448976,2,2,2,2
2025-08-21 11:55:18.812,-394382,-425737,-427874,-448985,2,2,2,2
2025-08-21 11:55:18.812,-394458,-425746,-444198,-432543,2,2,2,2
2025-08-21 11:55:18.813,-394397,-409395,-427879,-448926,2,2,2,2
2025-08-21 11:55:18.813,-394450,-425743,-444188,-432528,2,2,2,2
2025-08-21 11:55:18.813,-394437,-425732,-444176,-432518,2,2,2,2
2025-08-21 11:55:18.814,-394384,-425747,-427805,-432598,2,2,2,2
2025-08-21 11:55:18.814,-394384,-409364,-427873,-448918,2,2,2,2
2025-08-21 11:55:18.814,-394467,-409377,-427891,-448998,2,2,2,2
2025-08-21 11:55:18.814,-394481,-425842,-444293,-432632,2,2,2,2
2025-08-21 11:55:18.815,-394496,-425852,-427929,-432400,2,2,2,2
2025-08-21 11:55:18.815,-394254,-425866,-428004,-432416,2,2,2,2
2025-08-21 11:55:18.815,-394272,-425881,-428023,-432496,2,2,2,2
2025-08-21 11:55:18.816,-394358,-425968,-427788,-448904,2,2,2,2
2025-08-21 11:55:18.816,-394381,-442377,-427876,-432543,2,2,2,2
2025-08-21 11:55:18.816,-394467,-426081,-427904,-432628,2,2,2,2
2025-08-21 11:55:18.817,-394469,-426081,-427974,-432631,2,2,2,2
2025-08-21 11:55:18.817,-394480,-426031,-427920,-449024,2,2,2,2
2025-08-21 11:55:18.817,-394490,-426042,-427929,-449035,2,2,2,2
2025-08-21 11:55:18.817,-394500,-426116,-444355,-432661,2,2,2,2
2025-08-21 11:55:18.818,-394506,-442509,-428007,-440863,2,2,2,2
2025-08-21 11:55:18.818,-394494,-426116,-427997,-432658,2,2,2,2
2025-08-21 11:55:18.818,-394500,-426118,-428004,-432661,2,2,2,2
2025-08-21 11:55:18.818,-394508,-426189,-428008,-449083,2,2,2,2
2025-08-21 11:55:18.819,-394527,-426209,-444410,-432747,2,2,2,2
2025-08-21 11:55:18.819,-394602,-442575,-428040,-449142,2,2,2,2
2025-08-21 11:55:18.819,-394603,-442609,-428041,-440947,2,2,2,2
2025-08-21 11:55:18.819,-394617,-426238,-428054,-432701,2,2,2,2
2025-08-21 11:55:18.820,-394554,-426238,-444437,-432762,2,2,2,2
2025-08-21 11:55:18.820,-394547,-426228,-444429,-432757,2,2,2,2
2025-08-21 11:55:18.820,-394607,-426224,-428040,-432689,2,2,2,2
2025-08-21 11:55:18.820,-394543,-426220,-444425,-432754,2,2,2,2
2025-08-21 11:55:18.821,-394623,-426231,-428056,-432836,2,2,2,2
2025-08-21 11:55:18.821,-394723,-426011,-428160,-449256,2,2,2,2
2025-08-21 11:55:18.822,-394727,-426084,-444610,-432874,2,2,2,2
2025-08-21 11:55:18.822,-394736,-426029,-428167,-449265,2,2,2,2
2025-08-21 11:55:18.822,-394727,-426022,-428155,-449256,2,2,2,2
2025-08-21 11:55:18.822,-394714,-426007,-444523,-432791,2,2,2,2
2025-08-21 11:55:18.823,-394557,-426230,-428041,-432760,2,2,2,2
2025-08-21 11:55:18.823,-394537,-426212,-428022,-432741,2,2,2,2
2025-08-21 11:55:18.823,-394509,-442566,-427928,-449033,2,2,2,2
2025-08-21 11:55:18.824,-394501,-426046,-427922,-449025,2,2,2,2
2025-08-21 11:55:18.824,-394503,-442498,-427924,-440830,2,2,2,2
2025-08-21 11:55:18.824,-394497,-442500,-427921,-440828,2,2,2,2
2025-08-21 11:55:18.824,-394488,-426107,-427911,-432623,2,2,2,2
2025-08-21 11:55:18.825,-394487,-426105,-427977,-432624,2,2,2,2
2025-08-21 11:55:18.825,-394484,-426103,-444296,-432625,2,2,2,2
2025-08-21 11:55:18.825,-394478,-426099,-444288,-432620,2,2,2,2
2025-08-21 11:55:18.826,-394393,-442432,-427885,-440733,2,2,2,2
2025-08-21 11:55:18.826,-394385,-426004,-427818,-432536,2,2,2,2
2025-08-21 11:55:18.826,-394363,-425985,-427800,-432517,2,2,2,2
2025-08-21 11:55:18.826,-394271,-425955,-428025,-448839,2,2,2,2
2025-08-21 11:55:18.827,-394270,-425955,-428021,-448808,2,2,2,2
2025-08-21 11:55:18.827,-394343,-425958,-428031,-432434,2,2,2,2
2025-08-21 11:55:18.827,-394271,-425954,-428024,-432426,2,2,2,2
2025-08-21 11:55:18.827,-394342,-425958,-428030,-432496,2,2,2,2
2025-08-21 11:55:18.828,-394359,-425975,-427792,-432513,2,2,2,2
2025-08-21 11:55:18.828,-394295,-425973,-444209,-432513,2,2,2,2
2025-08-21 11:55:18.828,-394290,-425966,-444169,-432504,2,2,2,2
2025-08-21 11:55:18.828,-394360,-409587,-427788,-440697,2,2,2,2
2025-08-21 11:55:18.829,-394360,-409588,-427787,-448889,2,2,2,2
2025-08-21 11:55:18.829,-394265,-425945,-428016,-448828,2,2,2,2
2025-08-21 11:55:18.829,-394487,-425787,-427925,-432636,2,2,2,2
2025-08-21 11:55:18.830,-394489,-425856,-427927,-432385,2,2,2,2
2025-08-21 11:55:18.830,-394244,-425864,-444320,-432394,2,2,2,2
2025-08-21 11:55:18.831,-394495,-425856,-444313,-432639,2,2,2,2
2025-08-21 11:55:18.831,-394245,-409473,-427933,-432390,2,2,2,2
2025-08-21 11:55:18.831,-394488,-425843,-427982,-432634,2,2,2,2
2025-08-21 11:55:18.831,-394472,-425828,-427838,-432621,2,2,2,2
2025-08-21 11:55:18.831,-394391,-425745,-427884,-448923,2,2,2,2
2025-08-21 11:55:18.832,-394378,-425734,-427804,-448911,2,2,2,2
2025-08-21 11:55:18.832,-394371,-425731,-427798,-432585,2,2,2,2
2025-08-21 11:55:18.832,-394350,-409549,-427777,-440693,2,2,2,2
2025-08-21 11:55:18.833,-394265,-425879,-427757,-432483,2,2,2,2
2025-08-21 11:55:18.833,-394254,-425870,-427748,-432409,2,2,2,2
2025-08-21 11:55:18.833,-394259,-425875,-444100,-432412,2,2,2,2
2025-08-21 11:55:18.833,-394270,-425886,-444111,-432486,2,2,2,2
2025-08-21 11:55:18.834,-394279,-425959,-444155,-432494,2,2,2,2
2025-08-21 11:55:18.834,-394351,-409550,-427782,-448887,2,2,2,2
2025-08-21 11:55:18.834,-394295,-425974,-444172,-432509,2,2,2,2
2025-08-21 11:55:18.834,-394359,-425978,-427786,-432509,2,2,2,2
2025-08-21 11:55:18.835,-394378,-425733,-427799,-448909,2,2,2,2
2025-08-21 11:55:18.835,-394461,-425753,-444233,-432543,2,2,2,2
2025-08-21 11:55:18.835,-394431,-425760,-427890,-432614,2,2,2,2
2025-08-21 11:55:18.835,-394472,-409387,-427903,-449010,2,2,2,2
2025-08-21 11:55:18.836,-394427,-425758,-444277,-432615,2,2,2,2
2025-08-21 11:55:18.836,-394468,-425827,-444220,-432624,2,2,2,2
2025-08-21 11:55:18.836,-394479,-425841,-444362,-432637,2,2,2,2
2025-08-21 11:55:18.837,-394492,-425856,-427995,-432397,2,2,2,2
2025-08-21 11:55:18.837,-394254,-425935,-428011,-448796,2,2,2,2
2025-08-21 11:55:18.838,-394353,-425971,-427787,-432444,2,2,2,2
2025-08-21 11:55:18.838,-394281,-425968,-427785,-432506,2,2,2,2
2025-08-21 11:55:18.838,-394296,-425981,-444185,-432522,2,2,2,2
2025-08-21 11:55:18.838,-394376,-425995,-427880,-448952,2,2,2,2
2025-08-21 11:55:18.839,-394447,-425996,-444236,-432540,2,2,2,2
2025-08-21 11:55:18.840,-394374,-442370,-427873,-440722,2,2,2,2
2025-08-21 11:55:18.840,-394366,-425976,-427801,-432522,2,2,2,2
2025-08-21 11:55:18.840,-394354,-425968,-427785,-432510,2,2,2,2
2025-08-21 11:55:18.840,-394353,-425973,-427784,-432511,2,2,2,2
2025-08-21 11:55:18.841,-394345,-425964,-428031,-448886,2,2,2,2
2025-08-21 11:55:18.841,-394260,-409527,-428014,-440606,2,2,2,2
2025-08-21 11:55:18.841,-394252,-409521,-428007,-440601,2,2,2,2
2025-08-21 11:55:18.842,-394253,-425871,-428007,-432408,2,2,2,2
2025-08-21 11:55:18.842,-394265,-425883,-428016,-432415,2,2,2,2
2025-08-21 11:55:18.842,-394346,-425968,-427777,-432436,2,2,2,2
2025-08-21 11:55:18.842,-394361,-425981,-427790,-432579,2,2,2,2
2025-08-21 11:55:18.843,-394439,-425994,-444190,-432530,2,2,2,2
2025-08-21 11:55:18.843,-394372,-442381,-427808,-448917,2,2,2,2
2025-08-21 11:55:18.843,-394460,-426084,-444281,-432618,2,2,2,2
2025-08-21 11:55:18.843,-394364,-425991,-427873,-432591,2,2,2,2
2025-08-21 11:55:18.844,-394348,-425973,-427788,-448888,2,2,2,2
2025-08-21 11:55:18.844,-394342,-425967,-427780,-448886,2,2,2,2
2025-08-21 11:55:18.844,-394263,-425953,-444407,-432487,2,2,2,2
2025-08-21 11:55:18.845,-394242,-409478,-427929,-448779,2,2,2,2
2025-08-21 11:55:18.845,-394495,-425860,-427927,-432396,2,2,2,2
2025-08-21 11:55:18.845,-394241,-425860,-427993,-432398,2,2,2,2
2025-08-21 11:55:18.845,-394492,-425791,-427928,-448779,2,2,2,2
2025-08-21 11:55:18.846,-394489,-409471,-427924,-440584,2,2,2,2
2025-08-21 11:55:18.846,-394488,-409470,-427922,-440585,2,2,2,2
2025-08-21 11:55:18.846,-394485,-425852,-427920,-432389,2,2,2,2
2025-08-21 11:55:18.846,-394489,-425856,-427987,-432392,2,2,2,2
2025-08-21 11:55:18.846,-394489,-425791,-427921,-448777,2,2,2,2
2025-08-21 11:55:18.846,-394488,-425792,-427922,-448779,2,2,2,2
2025-08-21 11:55:18.847,-394244,-425872,-444350,-432410,2,2,2,2
2025-08-21 11:55:18.847,-394251,-409529,-428008,-440677,2,2,2,2
2025-08-21 11:55:18.847,-394268,-425962,-428027,-432498,2,2,2,2
2025-08-21 11:55:18.847,-394340,-425969,-428032,-432507,2,2,2,2
2025-08-21 11:55:18.847,-394269,-425957,-428021,-448887,2,2,2,2
2025-08-21 11:55:18.848,-394264,-425955,-444367,-432498,2,2,2,2
2025-08-21 11:55:18.848,-394256,-409531,-428011,-448876,2,2,2,2
2025-08-21 11:55:18.848,-394245,-409488,-428003,-448866,2,2,2,2
2025-08-21 11:55:18.848,-394252,-425879,-428007,-432419,2,2,2,2
2025-08-21 11:55:18.849,-394253,-425881,-428011,-432488,2,2,2,2
2025-08-21 11:55:18.849,-394253,-425885,-444364,-432487,2,2,2,2
2025-08-21 11:55:18.849,-394256,-425885,-444368,-432490,2,2,2,2
2025-08-21 11:55:18.850,-394256,-409541,-428021,-440687,2,2,2,2
2025-08-21 11:55:18.850,-394291,-425962,-428027,-432435,2,2,2,2
2025-08-21 11:55:18.850,-394496,-425940,-428005,-432411,2,2,2,2
2025-08-21 11:55:18.851,-394491,-425872,-444381,-432405,2,2,2,2
2025-08-21 11:55:18.851,-394493,-425867,-444315,-432402,2,2,2,2
2025-08-21 11:55:18.851,-394242,-425867,-444315,-432406,2,2,2,2
2025-08-21 11:55:18.851,-394490,-425863,-427985,-432400,2,2,2,2
2025-08-21 11:55:18.852,-394484,-425924,-427912,-448779,2,2,2,2
2025-08-21 11:55:18.852,-394481,-425863,-427973,-432390,2,2,2,2
2025-08-21 11:55:18.852,-394483,-425860,-427973,-432390,2,2,2,2
2025-08-21 11:55:18.852,-394487,-425926,-427912,-448780,2,2,2,2
2025-08-21 11:55:18.853,-394492,-425868,-444308,-432406,2,2,2,2
2025-08-21 11:55:18.853,-394246,-425877,-427934,-432414,2,2,2,2
2025-08-21 11:55:18.853,-394252,-409498,-428003,-440673,2,2,2,2
2025-08-21 11:55:18.853,-394250,-425879,-428001,-432414,2,2,2,2
2025-08-21 11:55:18.854,-394494,-425865,-427988,-432399,2,2,2,2
2025-08-21 11:55:18.854,-394483,-425790,-427913,-448775,2,2,2,2
2025-08-21 11:55:18.854,-394491,-425929,-427925,-448785,2,2,2,2
2025-08-21 11:55:18.855,-394490,-409480,-427926,-440595,2,2,2,2
2025-08-21 11:55:18.855,-394492,-425863,-427928,-432406,2,2,2,2
2025-08-21 11:55:18.855,-394484,-425852,-427981,-432393,2,2,2,2
2025-08-21 11:55:18.855,-394478,-425845,-427971,-432388,2,2,2,2
2025-08-21 11:55:18.855,-394480,-425783,-427911,-448778,2,2,2,2
2025-08-21 11:55:18.856,-394496,-425929,-427925,-432413,2,2,2,2
2025-08-21 11:55:18.856,-394250,-425878,-427934,-432422,2,2,2,2
2025-08-21 11:55:18.856,-394247,-425877,-427930,-432420,2,2,2,2
2025-08-21 11:55:18.856,-394261,-425956,-428005,-432495,2,2,2,2
2025-08-21 11:55:18.857,-394259,-425887,-444382,-432488,2,2,2,2
2025-08-21 11:55:18.857,-394268,-425955,-444391,-432491,2,2,2,2
2025-08-21 11:55:18.858,-394339,-409548,-428015,-448882,2,2,2,2
2025-08-21 11:55:18.858,-394346,-425973,-428023,-448893,2,2,2,2
2025-08-21 11:55:18.858,-394347,-425976,-428027,-448831,2,2,2,2
2025-08-21 11:55:18.858,-394348,-425980,-428029,-448832,2,2,2,2
2025-08-21 11:55:18.858,-394283,-425982,-444414,-432511,2,2,2,2
2025-08-21 11:55:18.859,-394300,-425995,-427788,-432528,2,2,2,2
2025-08-21 11:55:18.859,-394441,-426005,-444185,-432542,2,2,2,2
2025-08-21 11:55:18.859,-394446,-426012,-444257,-432616,2,2,2,2
2025-08-21 11:55:18.860,-394387,-442469,-427884,-440816,2,2,2,2
2025-08-21 11:55:18.860,-394390,-442408,-427887,-449007,2,2,2,2
2025-08-21 11:55:18.860,-394387,-442432,-427881,-449001,2,2,2,2
2025-08-21 11:55:18.860,-394373,-426002,-444185,-432602,2,2,2,2
2025-08-21 11:55:18.861,-394437,-426004,-444188,-432539,2,2,2,2
2025-08-21 11:55:18.861,-394374,-426004,-427806,-432605,2,2,2,2
2025-08-21 11:55:18.861,-394369,-425995,-427800,-432601,2,2,2,2
2025-08-21 11:55:18.862,-394364,-425983,-427792,-432532,2,2,2,2
2025-08-21 11:55:18.862,-394352,-425968,-428029,-432514,2,2,2,2
2025-08-21 11:55:18.862,-394276,-425957,-444404,-432500,2,2,2,2
2025-08-21 11:55:18.862,-394266,-409500,-428010,-440683,2,2,2,2
2025-08-21 11:55:18.863,-394259,-425879,-428003,-432422,2,2,2,2
2025-08-21 11:55:18.863,-394241,-425929,-427926,-448820,2,2,2,2
2025-08-21 11:55:18.863,-394241,-425929,-427923,-448818,2,2,2,2
2025-08-21 11:55:18.863,-394494,-425924,-427918,-448785,2,2,2,2
2025-08-21 11:55:18.864,-394245,-425868,-444344,-432405,2,2,2,2
2025-08-21 11:55:18.864,-394253,-425876,-427934,-432414,2,2,2,2
2025-08-21 11:55:18.864,-394294,-425888,-428009,-432428,2,2,2,2
2025-08-21 11:55:18.865,-394270,-425959,-444402,-432500,2,2,2,2
2025-08-21 11:55:18.865,-394343,-409550,-428028,-440699,2,2,2,2
2025-08-21 11:55:18.865,-394270,-409541,-428020,-440692,2,2,2,2
2025-08-21 11:55:18.865,-394343,-409578,-428028,-448892,2,2,2,2
2025-08-21 11:55:18.866,-394353,-425970,-444163,-432511,2,2,2,2
2025-08-21 11:55:18.866,-394360,-425980,-427788,-448966,2,2,2,2
2025-08-21 11:55:18.866,-394366,-425991,-427801,-448977,2,2,2,2
2025-08-21 11:55:18.866,-394377,-426001,-427873,-432605,2,2,2,2
2025-08-21 11:55:18.867,-394392,-426015,-427819,-432619,2,2,2,2
2025-08-21 11:55:18.867,-394457,-426016,-444270,-432623,2,2,2,2
2025-08-21 11:55:18.867,-394480,-426036,-427911,-449028,2,2,2,2
2025-08-21 11:55:18.867,-394522,-426141,-444402,-432752,2,2,2,2
2025-08-21 11:55:18.868,-394607,-442612,-428041,-440967,2,2,2,2
2025-08-21 11:55:18.868,-394615,-442617,-428048,-449166,2,2,2,2
2025-08-21 11:55:18.868,-394618,-426238,-428048,-432788,2,2,2,2
2025-08-21 11:55:18.868,-394630,-425996,-428056,-449216,2,2,2,2
2025-08-21 11:55:18.869,-394708,-426014,-444486,-432876,2,2,2,2
2025-08-21 11:55:18.869,-394641,-426015,-428136,-432875,2,2,2,2
2025-08-21 11:55:18.869,-394620,-425996,-428050,-432853,2,2,2,2
2025-08-21 11:55:18.870,-394614,-425990,-428045,-432847,2,2,2,2
2025-08-21 11:55:18.870,-394613,-425990,-428045,-432782,2,2,2,2
2025-08-21 11:55:18.870,-394530,-426228,-444416,-432771,2,2,2,2
2025-08-21 11:55:18.870,-394510,-426209,-444368,-432757,2,2,2,2
2025-08-21 11:55:18.871,-394495,-442547,-428003,-440934,2,2,2,2
2025-08-21 11:55:18.871,-394445,-426109,-427919,-432657,2,2,2,2
2025-08-21 11:55:18.871,-394470,-426044,-427921,-449034,2,2,2,2
2025-08-21 11:55:18.872,-394468,-426103,-444360,-432645,2,2,2,2
2025-08-21 11:55:18.872,-394427,-426095,-444283,-432638,2,2,2,2
2025-08-21 11:55:18.872,-394417,-426083,-427888,-432624,2,2,2,2
2025-08-21 11:55:18.873,-394371,-426004,-427808,-432609,2,2,2,2
2025-08-21 11:55:18.873,-394364,-425993,-427797,-448986,2,2,2,2
2025-08-21 11:55:18.873,-394436,-426002,-427809,-432612,2,2,2,2
2025-08-21 11:55:18.873,-394439,-426006,-427814,-432614,2,2,2,2
2025-08-21 11:55:18.874,-394370,-442388,-427808,-448993,2,2,2,2
2025-08-21 11:55:18.874,-394441,-426012,-444263,-432617,2,2,2,2
2025-08-21 11:55:18.874,-394441,-426013,-444200,-432617,2,2,2,2
2025-08-21 11:55:18.874,-394374,-442394,-427878,-440804,2,2,2,2
2025-08-21 11:55:18.875,-394458,-426092,-444218,-432631,2,2,2,2
2025-08-21 11:55:18.875,-394485,-442567,-427922,-449038,2,2,2,2
2025-08-21 11:55:18.875,-394493,-426129,-444312,-432658,2,2,2,2
2025-08-21 11:55:18.875,-394489,-426125,-444307,-432652,2,2,2,2
2025-08-21 11:55:18.876,-394490,-426126,-427924,-432656,2,2,2,2
2025-08-21 11:55:18.876,-394487,-426189,-427922,-449038,2,2,2,2
2025-08-21 11:55:18.876,-394494,-426132,-427991,-432663,2,2,2,2
2025-08-21 11:55:18.877,-394511,-426214,-428009,-449096,2,2,2,2
2025-08-21 11:55:18.877,-394535,-426238,-444417,-432768,2,2,2,2
2025-08-21 11:55:18.877,-394607,-425988,-428041,-432841,2,2,2,2
2025-08-21 11:55:18.877,-394617,-425994,-428052,-432851,2,2,2,2
2025-08-21 11:55:18.878,-394619,-425993,-428056,-432792,2,2,2,2
2025-08-21 11:55:18.878,-394613,-425989,-428051,-449205,2,2,2,2
2025-08-21 11:55:18.878,-394632,-426007,-428137,-449255,2,2,2,2
2025-08-21 11:55:18.878,-394717,-426092,-444541,-432894,2,2,2,2
2025-08-21 11:55:18.879,-394721,-442447,-428159,-449027,2,2,2,2
2025-08-21 11:55:18.879,-394691,-426102,-428164,-432649,2,2,2,2
2025-08-21 11:55:18.879,-394728,-426110,-428236,-432655,2,2,2,2
2025-08-21 11:55:18.880,-394741,-426118,-444597,-432663,2,2,2,2
2025-08-21 11:55:18.880,-394744,-442508,-428185,-440860,2,2,2,2
2025-08-21 11:55:18.880,-394737,-442568,-428178,-449045,2,2,2,2
2025-08-21 11:55:18.880,-394696,-426110,-444553,-432654,2,2,2,2
2025-08-21 11:55:18.881,-394630,-426014,-428138,-449257,2,2,2,2
2025-08-21 11:55:18.881,-394609,-425997,-428056,-432854,2,2,2,2
2025-08-21 11:55:18.881,-394527,-442622,-428039,-449160,2,2,2,2
2025-08-21 11:55:18.882,-394559,-426233,-428036,-432838,2,2,2,2
2025-08-21 11:55:18.882,-394596,-426236,-428038,-432775,2,2,2,2
2025-08-21 11:55:18.882,-394602,-426239,-428045,-432834,2,2,2,2
2025-08-21 11:55:18.883,-394523,-426222,-428030,-432757,2,2,2,2
2025-08-21 11:55:18.883,-394596,-426231,-428041,-432768,2,2,2,2
2025-08-21 11:55:18.883,-394607,-425990,-428052,-449164,2,2,2,2
2025-08-21 11:55:18.883,-394557,-426004,-444481,-432795,2,2,2,2
2025-08-21 11:55:18.884,-394642,-442472,-428147,-441073,2,2,2,2
2025-08-21 11:55:18.884,-394727,-426107,-444618,-432647,2,2,2,2
2025-08-21 11:55:18.884,-394729,-426040,-428173,-449034,2,2,2,2
2025-08-21 11:55:18.884,-394651,-426024,-428157,-449274,2,2,2,2
2025-08-21 11:55:18.885,-394701,-426009,-444521,-432873,2,2,2,2
2025-08-21 11:55:18.885,-394631,-442425,-428130,-441064,2,2,2,2
2025-08-21 11:55:18.885,-394635,-426011,-428133,-432876,2,2,2,2
2025-08-21 11:55:18.886,-394627,-426002,-428066,-432869,2,2,2,2
2025-08-21 11:55:18.886,-394604,-426235,-428046,-449164,2,2,2,2
2025-08-21 11:55:18.886,-394522,-426219,-444411,-432760,2,2,2,2
2025-08-21 11:55:18.886,-394515,-442564,-428019,-440947,2,2,2,2
2025-08-21 11:55:18.887,-394525,-426221,-428028,-432699,2,2,2,2
2025-08-21 11:55:18.887,-394569,-426225,-444417,-432833,2,2,2,2
2025-08-21 11:55:18.887,-394595,-426223,-428034,-432767,2,2,2,2
2025-08-21 11:55:18.887,-394519,-426213,-428027,-449078,2,2,2,2
2025-08-21 11:55:18.888,-394511,-426137,-444367,-432748,2,2,2,2
2025-08-21 11:55:18.888,-394511,-426140,-428016,-432747,2,2,2,2
2025-08-21 11:55:18.888,-394497,-426191,-428002,-449046,2,2,2,2
2025-08-21 11:55:18.888,-394474,-426103,-444295,-432636,2,2,2,2
2025-08-21 11:55:18.889,-394396,-426025,-427897,-448976,2,2,2,2
2025-08-21 11:55:18.889,-394442,-426005,-427816,-432610,2,2,2,2
2025-08-21 11:55:18.889,-394293,-425980,-427793,-432524,2,2,2,2
2025-08-21 11:55:18.889,-394339,-409582,-428030,-448891,2,2,2,2
2025-08-21 11:55:18.890,-394305,-425968,-444412,-432507,2,2,2,2
2025-08-21 11:55:18.890,-394343,-409596,-427781,-440708,2,2,2,2
2025-08-21 11:55:18.890,-394362,-442390,-427803,-440727,2,2,2,2
2025-08-21 11:55:18.890,-394379,-426084,-427882,-432612,2,2,2,2
2025-08-21 11:55:18.891,-394382,-426085,-427819,-432614,2,2,2,2
2025-08-21 11:55:18.891,-394386,-426024,-427887,-449009,2,2,2,2
2025-08-21 11:55:18.891,-394452,-426091,-444274,-432632,2,2,2,2
2025-08-21 11:55:18.892,-394482,-426120,-427923,-432669,2,2,2,2
2025-08-21 11:55:18.892,-394506,-426144,-428009,-432758,2,2,2,2
2025-08-21 11:55:18.892,-394515,-426214,-428016,-432763,2,2,2,2
2025-08-21 11:55:18.892,-394520,-426217,-428022,-449154,2,2,2,2
2025-08-21 11:55:18.893,-394524,-426224,-444416,-432777,2,2,2,2
2025-08-21 11:55:18.893,-394518,-442572,-428029,-449152,2,2,2,2
2025-08-21 11:55:18.893,-394503,-442557,-428012,-449139,2,2,2,2
2025-08-21 11:55:18.893,-394496,-426133,-428005,-432682,2,2,2,2
2025-08-21 11:55:18.894,-394490,-426128,-427997,-432741,2,2,2,2
2025-08-21 11:55:18.894,-394490,-426125,-427930,-432676,2,2,2,2
2025-08-21 11:55:18.894,-394475,-426114,-444364,-432663,2,2,2,2
2025-08-21 11:55:18.894,-394480,-442502,-427920,-440856,2,2,2,2
2025-08-21 11:55:18.895,-394482,-426119,-427920,-432667,2,2,2,2
2025-08-21 11:55:18.895,-394476,-426048,-427917,-432664,2,2,2,2
2025-08-21 11:55:18.896,-394472,-426104,-444359,-432656,2,2,2,2
2025-08-21 11:55:18.896,-394481,-426179,-427919,-449080,2,2,2,2
2025-08-21 11:55:18.896,-394477,-426177,-427915,-449045,2,2,2,2
2025-08-21 11:55:18.896,-394458,-426096,-444281,-432646,2,2,2,2
2025-08-21 11:55:18.897,-394433,-426108,-427905,-432655,2,2,2,2
2025-08-21 11:55:18.897,-394473,-426110,-427976,-432659,2,2,2,2
2025-08-21 11:55:18.897,-394485,-426188,-427923,-449055,2,2,2,2
2025-08-21 11:55:18.898,-394480,-426118,-444299,-432665,2,2,2,2
2025-08-21 11:55:18.898,-394477,-442503,-427915,-440857,2,2,2,2
2025-08-21 11:55:18.898,-394480,-442508,-427922,-440859,2,2,2,2
2025-08-21 11:55:18.898,-394480,-426122,-427920,-432669,2,2,2,2
2025-08-21 11:55:18.899,-394440,-426118,-427917,-432664,2,2,2,2
2025-08-21 11:55:18.899,-394490,-426202,-427935,-449069,2,2,2,2
2025-08-21 11:55:18.899,-394515,-426228,-428024,-449222,2,2,2,2
2025-08-21 11:55:18.899,-394533,-425988,-444428,-432792,2,2,2,2
2025-08-21 11:55:18.900,-394594,-442369,-428038,-440979,2,2,2,2
2025-08-21 11:55:18.900,-394536,-425993,-444428,-432794,2,2,2,2
2025-08-21 11:55:18.900,-394611,-426006,-428059,-432870,2,2,2,2
2025-08-21 11:55:18.901,-394613,-426012,-428132,-432870,2,2,2,2
2025-08-21 11:55:18.901,-394619,-442400,-428138,-449260,2,2,2,2
2025-08-21 11:55:18.901,-394621,-442399,-428138,-449263,2,2,2,2
2025-08-21 11:55:18.901,-394617,-426014,-444518,-432870,2,2,2,2
2025-08-21 11:55:18.902,-394545,-426003,-444444,-432798,2,2,2,2
2025-08-21 11:55:18.902,-394601,-425997,-428054,-432858,2,2,2,2
2025-08-21 11:55:18.902,-394605,-426004,-428061,-432863,2,2,2,2
2025-08-21 11:55:18.902,-394603,-426002,-428057,-432799,2,2,2,2
2025-08-21 11:55:18.903,-394602,-426002,-428051,-449181,2,2,2,2
2025-08-21 11:55:18.903,-394533,-425996,-444427,-432789,2,2,2,2
2025-08-21 11:55:18.903,-394499,-426212,-428005,-432689,2,2,2,2
2025-08-21 11:55:18.904,-394482,-426129,-427923,-432669,2,2,2,2
2025-08-21 11:55:18.904,-394481,-426196,-427922,-449083,2,2,2,2
2025-08-21 11:55:18.904,-394478,-426128,-427976,-432663,2,2,2,2
2025-08-21 11:55:18.904,-394464,-426110,-444283,-432650,2,2,2,2
2025-08-21 11:55:18.905,-394458,-426103,-444280,-432645,2,2,2,2
2025-08-21 11:55:18.905,-394430,-426109,-427902,-432647,2,2,2,2
2025-08-21 11:55:18.905,-394384,-426098,-427891,-432633,2,2,2,2
2025-08-21 11:55:18.905,-394370,-426083,-427813,-432624,2,2,2,2
2025-08-21 11:55:18.906,-394352,-442420,-427795,-440802,2,2,2,2
2025-08-21 11:55:18.906,-394346,-442384,-427787,-440733,2,2,2,2
2025-08-21 11:55:18.906,-394259,-409595,-428025,-448908,2,2,2,2
2025-08-21 11:55:18.907,-394496,-425960,-444391,-432508,2,2,2,2
2025-08-21 11:55:18.907,-394482,-425944,-427930,-432428,2,2,2,2
2025-08-21 11:55:18.907,-394494,-425958,-428011,-448824,2,2,2,2
2025-08-21 11:55:18.907,-394255,-425971,-444409,-432518,2,2,2,2
2025-08-21 11:55:18.908,-394261,-425974,-428031,-432521,2,2,2,2
2025-08-21 11:55:18.908,-394264,-425981,-444162,-432527,2,2,2,2
2025-08-21 11:55:18.908,-394266,-425983,-444415,-432529,2,2,2,2
2025-08-21 11:55:18.909,-394266,-425986,-428030,-432593,2,2,2,2
2025-08-21 11:55:18.909,-394244,-425968,-428010,-448892,2,2,2,2
2025-08-21 11:55:18.909,-394477,-409558,-427925,-448873,2,2,2,2
2025-08-21 11:55:18.909,-394469,-425933,-427915,-448834,2,2,2,2
2025-08-21 11:55:18.910,-394455,-425858,-444288,-432406,2,2,2,2
2025-08-21 11:55:18.910,-394381,-425851,-427896,-432396,2,2,2,2
2025-08-21 11:55:18.910,-394385,-425857,-427901,-432400,2,2,2,2
2025-08-21 11:55:18.910,-394431,-425876,-427914,-432416,2,2,2,2
2025-08-21 11:55:18.911,-394475,-425887,-427990,-432491,2,2,2,2
2025-08-21 11:55:18.911,-394476,-409569,-427928,-432492,2,2,2,2
2025-08-21 11:55:18.911,-394489,-409546,-427936,-440691,2,2,2,2
2025-08-21 11:55:18.912,-394491,-425962,-428002,-432433,2,2,2,2
2025-08-21 11:55:18.912,-394493,-425959,-427934,-448845,2,2,2,2
2025-08-21 11:55:18.912,-394496,-425960,-427936,-448848,2,2,2,2
2025-08-21 11:55:18.912,-394248,-425970,-428012,-432439,2,2,2,2
2025-08-21 11:55:18.913,-394266,-425990,-444415,-432523,2,2,2,2
2025-08-21 11:55:18.913,-394316,-426010,-444176,-432540,2,2,2,2
2025-08-21 11:55:18.913,-394360,-426016,-427800,-432611,2,2,2,2
2025-08-21 11:55:18.913,-394355,-426009,-427793,-432542,2,2,2,2
2025-08-21 11:55:18.914,-394354,-426010,-427790,-448987,2,2,2,2
2025-08-21 11:55:18.914,-394342,-442376,-427778,-448908,2,2,2,2
2025-08-21 11:55:18.914,-394284,-425997,-427784,-432525,2,2,2,2
2025-08-21 11:55:18.914,-394357,-426006,-427796,-448918,2,2,2,2
2025-08-21 11:55:18.915,-394299,-426012,-444186,-432538,2,2,2,2
2025-08-21 11:55:18.915,-394366,-426012,-427803,-432603,2,2,2,2
2025-08-21 11:55:18.915,-394360,-426007,-427801,-432601,2,2,2,2
2025-08-21 11:55:18.915,-394438,-426084,-444198,-432617,2,2,2,2
2025-08-21 11:55:18.916,-394373,-442405,-427876,-449000,2,2,2,2
2025-08-21 11:55:18.916,-394435,-426083,-444258,-432614,2,2,2,2
2025-08-21 11:55:18.916,-394368,-442470,-427879,-432616,2,2,2,2
2025-08-21 11:55:18.917,-394370,-426094,-427884,-432624,2,2,2,2
2025-08-21 11:55:18.917,-394381,-426106,-427832,-432637,2,2,2,2
2025-08-21 11:55:18.917,-394392,-426181,-427906,-449028,2,2,2,2
2025-08-21 11:55:18.918,-394467,-426187,-427914,-449035,2,2,2,2
2025-08-21 11:55:18.918,-394479,-426128,-427919,-432657,2,2,2,2
2025-08-21 11:55:18.918,-394476,-426122,-427978,-432654,2,2,2,2
2025-08-21 11:55:18.919,-394479,-426122,-427983,-432661,2,2,2,2
2025-08-21 11:55:18.919,-394481,-426189,-427924,-449080,2,2,2,2
2025-08-21 11:55:18.919,-394465,-426114,-444358,-432650,2,2,2,2
2025-08-21 11:55:18.919,-394381,-442485,-427895,-440826,2,2,2,2
2025-08-21 11:55:18.919,-394369,-442444,-427883,-449005,2,2,2,2
2025-08-21 11:55:18.920,-394366,-426088,-427876,-432616,2,2,2,2
2025-08-21 11:55:18.920,-394365,-426020,-427807,-448960,2,2,2,2
2025-08-21 11:55:18.920,-394300,-426016,-444218,-432541,2,2,2,2
2025-08-21 11:55:18.921,-394358,-442426,-427798,-440729,2,2,2,2
2025-08-21 11:55:18.921,-394296,-426015,-444187,-432544,2,2,2,2
2025-08-21 11:55:18.921,-394376,-426097,-444266,-432631,2,2,2,2
2025-08-21 11:55:18.922,-394470,-426184,-427912,-432661,2,2,2,2
2025-08-21 11:55:18.922,-394475,-426121,-427978,-432666,2,2,2,2
2025-08-21 11:55:18.922,-394482,-442545,-427923,-449121,2,2,2,2
2025-08-21 11:55:18.922,-394475,-426188,-427915,-449049,2,2,2,2
2025-08-21 11:55:18.923,-394392,-426108,-427833,-432645,2,2,2,2
2025-08-21 11:55:18.923,-394376,-426092,-427881,-432631,2,2,2,2
2025-08-21 11:55:18.923,-394363,-426084,-427806,-432623,2,2,2,2
2025-08-21 11:55:18.923,-394296,-426013,-427804,-432619,2,2,2,2
2025-08-21 11:55:18.924,-394362,-426012,-427801,-449001,2,2,2,2
2025-08-21 11:55:18.924,-394292,-426003,-444211,-432610,2,2,2,2
2025-08-21 11:55:18.924,-394338,-425986,-427779,-448974,2,2,2,2
2025-08-21 11:55:18.924,-394260,-409587,-428023,-440707,2,2,2,2
2025-08-21 11:55:18.925,-394249,-425958,-428011,-432441,2,2,2,2
2025-08-21 11:55:18.925,-394487,-425878,-427995,-432490,2,2,2,2
2025-08-21 11:55:18.925,-394478,-425932,-427920,-448829,2,2,2,2
2025-08-21 11:55:18.925,-394486,-425878,-444310,-432485,2,2,2,2
2025-08-21 11:55:18.926,-394488,-409497,-427932,-432491,2,2,2,2
2025-08-21 11:55:18.926,-394487,-425875,-427927,-432422,2,2,2,2
2025-08-21 11:55:18.926,-394486,-425872,-427925,-432419,2,2,2,2
2025-08-21 11:55:18.926,-394496,-425882,-427999,-432491,2,2,2,2
2025-08-21 11:55:18.927,-394242,-425953,-428005,-448847,2,2,2,2
2025-08-21 11:55:18.927,-394492,-425880,-444382,-432489,2,2,2,2
2025-08-21 11:55:18.927,-394470,-425858,-444359,-432404,2,2,2,2
2025-08-21 11:55:18.927,-394466,-409402,-427906,-448781,2,2,2,2
2025-08-21 11:55:18.928,-394465,-425848,-427972,-432395,2,2,2,2
2025-08-21 11:55:18.928,-394475,-425923,-427918,-448789,2,2,2,2
2025-08-21 11:55:18.928,-394492,-425940,-427932,-448804,2,2,2,2
2025-08-21 11:55:18.928,-394265,-425975,-444411,-432516,2,2,2,2
2025-08-21 11:55:18.929,-394350,-442378,-427795,-448924,2,2,2,2
2025-08-21 11:55:18.929,-394276,-425981,-444168,-432529,2,2,2,2
2025-08-21 11:55:18.929,-394273,-425978,-444165,-432523,2,2,2,2
2025-08-21 11:55:18.930,-394349,-425989,-427795,-432597,2,2,2,2
2025-08-21 11:55:18.930,-394344,-442372,-427793,-448913,2,2,2,2
2025-08-21 11:55:18.930,-394343,-442369,-427790,-448911,2,2,2,2
2025-08-21 11:55:18.930,-394316,-425990,-444177,-432528,2,2,2,2
2025-08-21 11:55:18.931,-394366,-426013,-427874,-432614,2,2,2,2
2025-08-21 11:55:18.931,-394345,-425992,-427789,-432594,2,2,2,2
2025-08-21 11:55:18.931,-394345,-425986,-427788,-432531,2,2,2,2
2025-08-21 11:55:18.932,-394341,-425983,-427787,-448913,2,2,2,2
2025-08-21 11:55:18.932,-394277,-425979,-444166,-432525,2,2,2,2
2025-08-21 11:55:18.932,-394254,-425962,-428021,-432432,2,2,2,2
2025-08-21 11:55:18.933,-394244,-425953,-428012,-432484,2,2,2,2
2025-08-21 11:55:18.933,-394495,-425949,-428008,-448833,2,2,2,2
2025-08-21 11:55:18.933,-394246,-425955,-428016,-448838,2,2,2,2
2025-08-21 11:55:18.933,-394260,-425969,-444416,-432499,2,2,2,2
2025-08-21 11:55:18.934,-394264,-409589,-427780,-440698,2,2,2,2
2025-08-21 11:55:18.934,-394291,-425964,-428029,-432439,2,2,2,2
2025-08-21 11:55:18.934,-394247,-425886,-428016,-432493,2,2,2,2
2025-08-21 11:55:18.934,-394495,-425945,-428008,-448839,2,2,2,2
2025-08-21 11:55:18.935,-394248,-425953,-428016,-448815,2,2,2,2
2025-08-21 11:55:18.935,-394260,-409548,-428024,-440700,2,2,2,2
2025-08-21 11:55:18.935,-394253,-409541,-428020,-440698,2,2,2,2
2025-08-21 11:55:18.935,-394241,-425885,-428007,-432429,2,2,2,2
2025-08-21 11:55:18.936,-394490,-425876,-444318,-432486,2,2,2,2
2025-08-21 11:55:18.936,-394482,-425937,-427927,-432416,2,2,2,2
2025-08-21 11:55:18.936,-394479,-425934,-427920,-432410,2,2,2,2
2025-08-21 11:55:18.936,-394478,-425869,-444368,-432406,2,2,2,2
2025-08-21 11:55:18.937,-394479,-409552,-427921,-448792,2,2,2,2
2025-08-21 11:55:18.937,-394475,-425866,-444302,-432403,2,2,2,2
2025-08-21 11:55:18.938,-394361,-425757,-427874,-432619,2,2,2,2
2025-08-21 11:55:18.938,-394338,-425730,-427784,-448916,2,2,2,2
2025-08-21 11:55:18.938,-394255,-425968,-427769,-448898,2,2,2,2
2025-08-21 11:55:18.938,-394263,-425975,-427778,-448904,2,2,2,2
2025-08-21 11:55:18.939,-394281,-425739,-444215,-432538,2,2,2,2
2025-08-21 11:55:18.939,-394369,-425827,-427886,-432625,2,2,2,2
2025-08-21 11:55:18.939,-394304,-425828,-427823,-432624,2,2,2,2
2025-08-21 11:55:18.939,-394356,-425753,-427813,-432611,2,2,2,2
2025-08-21 11:55:18.940,-394348,-425745,-427807,-448955,2,2,2,2
2025-08-21 11:55:18.940,-394350,-409364,-427807,-440732,2,2,2,2
2025-08-21 11:55:18.940,-394343,-409358,-427800,-440723,2,2,2,2
2025-08-21 11:55:18.940,-394346,-409360,-427803,-440723,2,2,2,2
2025-08-21 11:55:18.941,-394319,-425748,-427807,-432597,2,2,2,2
2025-08-21 11:55:18.941,-394292,-425753,-444191,-432537,2,2,2,2
2025-08-21 11:55:18.941,-394362,-425760,-427877,-448960,2,2,2,2
2025-08-21 11:55:18.941,-394438,-425838,-444276,-432620,2,2,2,2
2025-08-21 11:55:18.942,-394374,-409458,-427895,-440816,2,2,2,2
2025-08-21 11:55:18.942,-394373,-425779,-427895,-449006,2,2,2,2
2025-08-21 11:55:18.942,-394384,-425856,-427970,-432633,2,2,2,2
2025-08-21 11:55:18.943,-394373,-425779,-427892,-449004,2,2,2,2
2025-08-21 11:55:18.943,-394294,-425832,-427816,-432541,2,2,2,2
2025-08-21 11:55:18.943,-394362,-409422,-427884,-448997,2,2,2,2
2025-08-21 11:55:18.943,-394371,-425848,-427892,-432623,2,2,2,2
2025-08-21 11:55:18.944,-394385,-425864,-427840,-432634,2,2,2,2
2025-08-21 11:55:18.944,-394391,-409487,-427912,-440577,2,2,2,2
2025-08-21 11:55:18.944,-394447,-425861,-444284,-432633,2,2,2,2
2025-08-21 11:55:18.944,-394462,-425874,-427976,-432389,2,2,2,2
2025-08-21 11:55:18.945,-394486,-409572,-427934,-448794,2,2,2,2
2025-08-21 11:55:18.945,-394487,-425953,-427998,-432406,2,2,2,2
2025-08-21 11:55:18.945,-394470,-425870,-444304,-432390,2,2,2,2
2025-08-21 11:55:18.945,-394480,-409492,-427930,-440592,2,2,2,2
2025-08-21 11:55:18.946,-394489,-425954,-428007,-432414,2,2,2,2
2025-08-21 11:55:18.946,-394475,-425945,-427932,-448789,2,2,2,2
2025-08-21 11:55:18.946,-394391,-425928,-427911,-448772,2,2,2,2
2025-08-21 11:55:18.946,-394450,-425861,-444289,-432638,2,2,2,2
2025-08-21 11:55:18.947,-394477,-409538,-427928,-440598,2,2,2,2
2025-08-21 11:55:18.947,-394242,-425968,-428008,-432418,2,2,2,2
2025-08-21 11:55:18.947,-394266,-425996,-427779,-432505,2,2,2,2
2025-08-21 11:55:18.948,-394342,-426012,-427796,-448904,2,2,2,2
2025-08-21 11:55:18.948,-394291,-426089,-444228,-432536,2,2,2,2
2025-08-21 11:55:18.948,-394373,-442488,-427892,-440814,2,2,2,2
2025-08-21 11:55:18.948,-394371,-426103,-427889,-432619,2,2,2,2
2025-08-21 11:55:18.949,-394377,-426110,-427833,-432626,2,2,2,2
2025-08-21 11:55:18.949,-394383,-426047,-427906,-449017,2,2,2,2
2025-08-21 11:55:18.949,-394378,-426046,-427905,-449012,2,2,2,2
2025-08-21 11:55:18.949,-394438,-426108,-444287,-432622,2,2,2,2
2025-08-21 11:55:18.950,-394363,-442483,-427887,-440802,2,2,2,2
2025-08-21 11:55:18.950,-394369,-426105,-427891,-432616,2,2,2,2
2025-08-21 11:55:18.950,-394444,-426112,-444286,-432623,2,2,2,2
2025-08-21 11:55:18.951,-394449,-426106,-444285,-432624,2,2,2,2
2025-08-21 11:55:18.951,-394373,-442412,-427887,-448996,2,2,2,2
2025-08-21 11:55:18.951,-394355,-442394,-427804,-448917,2,2,2,2
2025-08-21 11:55:18.951,-394320,-426009,-444189,-432530,2,2,2,2
2025-08-21 11:55:18.952,-394355,-426016,-427808,-432600,2,2,2,2
2025-08-21 11:55:18.952,-394293,-426083,-444194,-432542,2,2,2,2
2025-08-21 11:55:18.952,-394356,-426082,-427808,-432541,2,2,2,2
2025-08-21 11:55:18.953,-394337,-426001,-427787,-448907,2,2,2,2
2025-08-21 11:55:18.953,-394267,-425995,-444164,-432520,2,2,2,2
2025-08-21 11:55:18.953,-394255,-425978,-428020,-432440,2,2,2,2
2025-08-21 11:55:18.954,-394249,-425973,-428017,-432502,2,2,2,2
2025-08-21 11:55:18.954,-394247,-425974,-428018,-448887,2,2,2,2
2025-08-21 11:55:18.954,-394255,-425982,-428029,-432509,2,2,2,2
2025-08-21 11:55:18.954,-394268,-442382,-427787,-440713,2,2,2,2
2025-08-21 11:55:18.955,-394349,-442396,-427803,-440731,2,2,2,2
2025-08-21 11:55:18.955,-394348,-426007,-427803,-432539,2,2,2,2
2025-08-21 11:55:18.955,-394345,-426004,-427804,-432538,2,2,2,2
2025-08-21 11:55:18.955,-394268,-425988,-427791,-448911,2,2,2,2
2025-08-21 11:55:18.956,-394255,-425973,-444161,-432515,2,2,2,2
2025-08-21 11:55:18.956,-394245,-425961,-428021,-432438,2,2,2,2
2025-08-21 11:55:18.956,-394494,-409538,-428018,-440684,2,2,2,2
2025-08-21 11:55:18.956,-394448,-425877,-428002,-432414,2,2,2,2
2025-08-21 11:55:18.957,-394385,-425846,-427970,-432385,2,2,2,2
2025-08-21 11:55:18.957,-394381,-425769,-427894,-449019,2,2,2,2
2025-08-21 11:55:18.957,-394393,-425778,-427904,-432387,2,2,2,2
2025-08-21 11:55:18.957,-394478,-425861,-444372,-432405,2,2,2,2
2025-08-21 11:55:18.958,-394486,-425871,-427932,-432415,2,2,2,2
2025-08-21 11:55:18.958,-394495,-425881,-444320,-432485,2,2,2,2
2025-08-21 11:55:18.958,-394244,-425887,-428012,-432496,2,2,2,2
2025-08-21 11:55:18.958,-394338,-425978,-427787,-448970,2,2,2,2
2025-08-21 11:55:18.959,-394296,-426001,-444225,-432609,2,2,2,2
2025-08-21 11:55:18.959,-394347,-425987,-427797,-432601,2,2,2,2
2025-08-21 11:55:18.959,-394268,-425971,-427783,-448908,2,2,2,2
2025-08-21 11:55:18.959,-394270,-425974,-444173,-432532,2,2,2,2
2025-08-21 11:55:18.960,-394268,-425973,-444167,-432531,2,2,2,2
2025-08-21 11:55:18.960,-394256,-425962,-444410,-432513,2,2,2,2
2025-08-21 11:55:18.960,-394488,-409555,-428004,-448875,2,2,2,2
2025-08-21 11:55:18.961,-394434,-425855,-444303,-432403,2,2,2,2
2025-08-21 11:55:18.961,-394375,-425767,-427892,-449015,2,2,2,2
2025-08-21 11:55:18.961,-394365,-409375,-427881,-440814,2,2,2,2
2025-08-21 11:55:18.961,-394366,-425759,-427879,-432623,2,2,2,2
2025-08-21 11:55:18.962,-394364,-425827,-427817,-432624,2,2,2,2
2025-08-21 11:55:18.962,-394375,-425839,-427826,-432631,2,2,2,2
2025-08-21 11:55:18.962,-394380,-425781,-427896,-449019,2,2,2,2
2025-08-21 11:55:18.962,-394455,-425851,-444286,-432387,2,2,2,2
2025-08-21 11:55:18.963,-394384,-409457,-427896,-440828,2,2,2,2
2025-08-21 11:55:18.963,-394382,-425839,-427895,-432629,2,2,2,2
2025-08-21 11:55:18.963,-394379,-425842,-427831,-432627,2,2,2,2
2025-08-21 11:55:18.963,-394381,-425785,-427901,-449015,2,2,2,2
2025-08-21 11:55:18.964,-394451,-425851,-444293,-432385,2,2,2,2
2025-08-21 11:55:18.964,-394396,-409475,-427919,-448779,2,2,2,2
2025-08-21 11:55:18.964,-394393,-409406,-427912,-448777,2,2,2,2
2025-08-21 11:55:18.964,-394381,-425844,-427900,-432386,2,2,2,2
2025-08-21 11:55:18.965,-394375,-425834,-427826,-432635,2,2,2,2
2025-08-21 11:55:18.965,-394375,-425829,-427887,-432630,2,2,2,2
2025-08-21 11:55:18.965,-394439,-425760,-444235,-432626,2,2,2,2
2025-08-21 11:55:18.965,-394364,-409400,-427808,-440811,2,2,2,2
2025-08-21 11:55:18.966,-394317,-425739,-427795,-432607,2,2,2,2
2025-08-21 11:55:18.966,-394292,-425746,-444216,-432612,2,2,2,2
2025-08-21 11:55:18.966,-394349,-425734,-427790,-432601,2,2,2,2
2025-08-21 11:55:18.967,-394276,-425976,-444159,-432525,2,2,2,2
2025-08-21 11:55:18.967,-394270,-425970,-427769,-448905,2,2,2,2
2025-08-21 11:55:18.967,-394354,-425738,-427789,-448926,2,2,2,2
2025-08-21 11:55:18.967,-394441,-425828,-444262,-432629,2,2,2,2
2025-08-21 11:55:18.968,-394250,-425959,-427936,-432435,2,2,2,2
2025-08-21 11:55:18.968,-394261,-425970,-428012,-432508,2,2,2,2
2025-08-21 11:55:18.968,-394268,-425974,-428018,-448899,2,2,2,2
2025-08-21 11:55:18.969,-394345,-425986,-428028,-448911,2,2,2,2
2025-08-21 11:55:18.969,-394338,-425979,-428022,-432586,2,2,2,2
2025-08-21 11:55:18.969,-394253,-409578,-428002,-440699,2,2,2,2
2025-08-21 11:55:18.969,-394263,-425973,-428014,-432582,2,2,2,2
2025-08-21 11:55:18.970,-394298,-425980,-428021,-432589,2,2,2,2
2025-08-21 11:55:18.970,-394262,-425977,-444407,-432525,2,2,2,2
2025-08-21 11:55:18.970,-394267,-425981,-444411,-432530,2,2,2,2
2025-08-21 11:55:18.970,-394263,-425977,-444406,-432525,2,2,2,2
2025-08-21 11:55:18.971,-394263,-409592,-428023,-440715,2,2,2,2
2025-08-21 11:55:18.971,-394249,-425963,-428008,-448894,2,2,2,2
2025-08-21 11:55:18.971,-394254,-425971,-428014,-432517,2,2,2,2
2025-08-21 11:55:18.972,-394367,-426024,-427874,-432631,2,2,2,2
2025-08-21 11:55:18.972,-394369,-442446,-427877,-449017,2,2,2,2
2025-08-21 11:55:18.972,-394369,-426090,-427874,-432633,2,2,2,2
2025-08-21 11:55:18.972,-394374,-426091,-444264,-432638,2,2,2,2
2025-08-21 11:55:18.973,-394374,-426024,-427885,-432638,2,2,2,2
2025-08-21 11:55:18.973,-394299,-426011,-444193,-432626,2,2,2,2
2025-08-21 11:55:18.973,-394364,-426014,-427812,-432626,2,2,2,2
2025-08-21 11:55:18.974,-394369,-426019,-427885,-449011,2,2,2,2
2025-08-21 11:55:18.974,-394371,-426014,-427884,-448973,2,2,2,2
2025-08-21 11:55:18.974,-394377,-442434,-427888,-440815,2,2,2,2
2025-08-21 11:55:18.975,-394364,-426005,-427873,-432611,2,2,2,2
2025-08-21 11:55:18.975,-394353,-425995,-444181,-432600,2,2,2,2
2025-08-21 11:55:18.975,-394345,-425988,-427794,-448948,2,2,2,2
2025-08-21 11:55:18.975,-394285,-425992,-444214,-432540,2,2,2,2
2025-08-21 11:55:18.976,-394351,-442380,-427799,-440735,2,2,2,2
2025-08-21 11:55:18.976,-394373,-426014,-427881,-432626,2,2,2,2
2025-08-21 11:55:18.976,-394387,-426089,-427830,-432638,2,2,2,2
2025-08-21 11:55:18.976,-394394,-426099,-427838,-432644,2,2,2,2
2025-08-21 11:55:18.977,-394393,-426036,-427899,-449027,2,2,2,2
2025-08-21 11:55:18.977,-394457,-426103,-444284,-432644,2,2,2,2
2025-08-21 11:55:18.977,-394383,-442447,-427889,-440826,2,2,2,2
2025-08-21 11:55:18.977,-394374,-442411,-427881,-449014,2,2,2,2
2025-08-21 11:55:18.978,-394386,-426108,-427829,-432646,2,2,2,2
2025-08-21 11:55:18.978,-394472,-426190,-427910,-449052,2,2,2,2
2025-08-21 11:55:18.978,-394492,-426208,-427927,-449068,2,2,2,2
2025-08-21 11:55:18.978,-394509,-426223,-444386,-432763,2,2,2,2
2025-08-21 11:55:18.979,-394514,-442614,-428012,-449156,2,2,2,2
2025-08-21 11:55:18.979,-394522,-426238,-444409,-432779,2,2,2,2
2025-08-21 11:55:18.979,-394528,-425989,-428034,-432788,2,2,2,2
2025-08-21 11:55:18.980,-394492,-426211,-427929,-432693,2,2,2,2
2025-08-21 11:55:18.980,-394484,-426202,-427922,-449133,2,2,2,2
2025-08-21 11:55:18.980,-394478,-442580,-427917,-449121,2,2,2,2
2025-08-21 11:55:18.980,-394488,-426134,-444307,-432744,2,2,2,2
2025-08-21 11:55:18.981,-394500,-426144,-428001,-432694,2,2,2,2
2025-08-21 11:55:18.981,-394506,-426211,-428005,-432696,2,2,2,2
2025-08-21 11:55:18.981,-394509,-426211,-428005,-432759,2,2,2,2
2025-08-21 11:55:18.982,-394507,-426207,-428006,-449104,2,2,2,2
2025-08-21 11:55:18.982,-394515,-426215,-444362,-432754,2,2,2,2
2025-08-21 11:55:18.982,-394491,-442550,-427927,-440859,2,2,2,2
2025-08-21 11:55:18.983,-394479,-426129,-427986,-432665,2,2,2,2
2025-08-21 11:55:18.983,-394470,-426119,-444295,-432657,2,2,2,2
2025-08-21 11:55:18.983,-394386,-426038,-427893,-449020,2,2,2,2
2025-08-21 11:55:18.983,-394452,-426108,-444282,-432639,2,2,2,2
2025-08-21 11:55:18.984,-394380,-442486,-427892,-440825,2,2,2,2
2025-08-21 11:55:18.984,-394391,-442427,-427898,-449028,2,2,2,2
2025-08-21 11:55:18.984,-394397,-426112,-427904,-432648,2,2,2,2
2025-08-21 11:55:18.984,-394394,-426046,-427897,-449031,2,2,2,2
2025-08-21 11:55:18.985,-394386,-426041,-427888,-449027,2,2,2,2
2025-08-21 11:55:18.985,-394455,-426112,-444217,-432652,2,2,2,2
2025-08-21 11:55:18.985,-394479,-442552,-427926,-440935,2,2,2,2
2025-08-21 11:55:18.985,-394502,-426230,-428016,-432703,2,2,2,2
2025-08-21 11:55:18.986,-394503,-426236,-428020,-432769,2,2,2,2
2025-08-21 11:55:18.986,-394499,-426231,-444367,-432766,2,2,2,2
2025-08-21 11:55:18.986,-394490,-426219,-428004,-432694,2,2,2,2
2025-08-21 11:55:18.986,-394472,-426139,-444369,-432742,2,2,2,2
2025-08-21 11:55:18.987,-394393,-442571,-427904,-449046,2,2,2,2
2025-08-21 11:55:18.987,-394397,-426131,-427973,-432666,2,2,2,2
2025-08-21 11:55:18.987,-394474,-426200,-427909,-449060,2,2,2,2
2025-08-21 11:55:18.988,-394475,-426134,-444355,-432738,2,2,2,2
2025-08-21 11:55:18.988,-394470,-426128,-427839,-432670,2,2,2,2
2025-08-21 11:55:18.988,-394392,-426046,-427886,-449038,2,2,2,2
2025-08-21 11:55:18.988,-394441,-426099,-444259,-432640,2,2,2,2
2025-08-21 11:55:18.989,-394389,-442501,-427895,-440841,2,2,2,2
2025-08-21 11:55:18.989,-394479,-426143,-427925,-432677,2,2,2,2
2025-08-21 11:55:18.989,-394498,-426223,-428004,-432757,2,2,2,2
2025-08-21 11:55:18.990,-394500,-426224,-428008,-449141,2,2,2,2
2025-08-21 11:55:18.990,-394490,-426214,-444351,-432751,2,2,2,2
2025-08-21 11:55:18.990,-394396,-442507,-427905,-440852,2,2,2,2
2025-08-21 11:55:18.990,-394378,-426106,-427888,-432642,2,2,2,2
2025-08-21 11:55:18.991,-394375,-426105,-427823,-432640,2,2,2,2
2025-08-21 11:55:18.991,-394385,-426114,-427832,-432651,2,2,2,2
2025-08-21 11:55:18.991,-394389,-426180,-427901,-449038,2,2,2,2
2025-08-21 11:55:18.991,-394458,-426117,-444283,-432657,2,2,2,2
2025-08-21 11:55:18.992,-394388,-442494,-427894,-440843,2,2,2,2
2025-08-21 11:55:18.992,-394458,-426119,-444284,-432659,2,2,2,2
2025-08-21 11:55:18.992,-394434,-426128,-444293,-432668,2,2,2,2
2025-08-21 11:55:18.993,-394492,-426223,-427936,-432694,2,2,2,2
2025-08-21 11:55:18.993,-394498,-426231,-428013,-432767,2,2,2,2
2025-08-21 11:55:18.993,-394502,-442621,-428018,-449155,2,2,2,2
2025-08-21 11:55:18.993,-394506,-426238,-444403,-432838,2,2,2,2
2025-08-21 11:55:18.994,-394506,-425986,-428023,-432775,2,2,2,2
2025-08-21 11:55:18.994,-394512,-442379,-428026,-440972,2,2,2,2
2025-08-21 11:55:18.994,-394524,-426004,-428033,-432852,2,2,2,2
2025-08-21 11:55:18.994,-394522,-426003,-428032,-432789,2,2,2,2
2025-08-21 11:55:18.995,-394522,-426002,-428030,-449176,2,2,2,2
2025-08-21 11:55:18.995,-394517,-425991,-444403,-432780,2,2,2,2
2025-08-21 11:55:18.995,-394513,-442370,-428012,-440965,2,2,2,2
2025-08-21 11:55:18.996,-394509,-425985,-428011,-432835,2,2,2,2
2025-08-21 11:55:18.996,-394512,-425989,-428011,-449155,2,2,2,2
2025-08-21 11:55:18.996,-394504,-426238,-427936,-449145,2,2,2,2
2025-08-21 11:55:18.996,-394481,-426218,-444298,-432742,2,2,2,2
2025-08-21 11:55:18.997,-394397,-442516,-427896,-432660,2,2,2,2
2025-08-21 11:55:18.997,-394388,-442507,-427888,-449036,2,2,2,2
2025-08-21 11:55:18.997,-394373,-426104,-427873,-432635,2,2,2,2
2025-08-21 11:55:18.997,-394351,-426084,-427789,-432616,2,2,2,2
2025-08-21 11:55:18.998,-394358,-426024,-427794,-448969,2,2,2,2
2025-08-21 11:55:18.998,-394352,-426086,-427791,-432614,2,2,2,2
2025-08-21 11:55:18.998,-394297,-426092,-444179,-432627,2,2,2,2
2025-08-21 11:55:18.998,-394365,-442415,-427801,-449012,2,2,2,2
2025-08-21 11:55:18.999,-394375,-426105,-444192,-432635,2,2,2,2
2025-08-21 11:55:18.999,-394374,-426042,-427875,-449019,2,2,2,2
2025-08-21 11:55:18.999,-394366,-426099,-427806,-432636,2,2,2,2
2025-08-21 11:55:19.000,-394442,-426108,-427820,-432645,2,2,2,2
2025-08-21 11:55:19.000,-394377,-426108,-427821,-432642,2,2,2,2
2025-08-21 11:55:19.000,-394436,-426108,-444264,-432638,2,2,2,2
2025-08-21 11:55:19.001,-394379,-426179,-427886,-432637,2,2,2,2
2025-08-21 11:55:19.001,-394373,-442489,-427881,-449017,2,2,2,2
2025-08-21 11:55:19.001,-394365,-426095,-427809,-432625,2,2,2,2
2025-08-21 11:55:19.001,-394349,-426015,-427790,-448962,2,2,2,2
2025-08-21 11:55:19.002,-394279,-426006,-444165,-432537,2,2,2,2
2025-08-21 11:55:19.002,-394289,-426083,-444175,-432614,2,2,2,2
2025-08-21 11:55:19.002,-394361,-442444,-427803,-440816,2,2,2,2
2025-08-21 11:55:19.002,-394363,-426090,-427802,-432624,2,2,2,2
2025-08-21 11:55:19.003,-394365,-426086,-427797,-432625,2,2,2,2
2025-08-21 11:55:19.003,-394366,-426020,-427795,-448976,2,2,2,2
2025-08-21 11:55:19.003,-394294,-426082,-444174,-432621,2,2,2,2
2025-08-21 11:55:19.003,-394360,-442438,-427794,-440815,2,2,2,2
2025-08-21 11:55:19.004,-394361,-426088,-427798,-432624,2,2,2,2
2025-08-21 11:55:19.004,-394375,-426034,-427876,-449027,2,2,2,2
2025-08-21 11:55:19.005,-394442,-426103,-444201,-432648,2,2,2,2
2025-08-21 11:55:19.005,-394377,-426038,-427882,-449028,2,2,2,2
2025-08-21 11:55:19.005,-394378,-426101,-427881,-432640,2,2,2,2
2025-08-21 11:55:19.005,-394390,-426107,-427824,-432647,2,2,2,2
2025-08-21 11:55:19.006,-394480,-426139,-427986,-432672,2,2,2,2
2025-08-21 11:55:19.006,-394482,-426141,-427988,-432671,2,2,2,2
2025-08-21 11:55:19.006,-394465,-442574,-427906,-449039,2,2,2,2
2025-08-21 11:55:19.007,-394453,-426109,-444273,-432643,2,2,2,2
2025-08-21 11:55:19.007,-394374,-442478,-427876,-440817,2,2,2,2
2025-08-21 11:55:19.007,-394358,-442399,-427795,-440803,2,2,2,2
2025-08-21 11:55:19.007,-394343,-426001,-427781,-432596,2,2,2,2
2025-08-21 11:55:19.008,-394262,-425981,-428021,-432513,2,2,2,2
2025-08-21 11:55:19.008,-394241,-425957,-444388,-432497,2,2,2,2
2025-08-21 11:55:19.009,-394473,-409484,-427916,-440603,2,2,2,2
2025-08-21 11:55:19.009,-394472,-425930,-427915,-448794,2,2,2,2
2025-08-21 11:55:19.009,-394491,-425884,-427996,-432490,2,2,2,2
2025-08-21 11:55:19.009,-394241,-425958,-428003,-448882,2,2,2,2
2025-08-21 11:55:19.010,-394489,-425885,-444344,-432487,2,2,2,2
2025-08-21 11:55:19.010,-394483,-409529,-427924,-440676,2,2,2,2
2025-08-21 11:55:19.010,-394476,-425874,-427916,-432411,2,2,2,2
2025-08-21 11:55:19.010,-394484,-425879,-427919,-432417,2,2,2,2
2025-08-21 11:55:19.011,-394491,-425887,-427987,-432490,2,2,2,2
2025-08-21 11:55:19.011,-394248,-409583,-428003,-440699,2,2,2,2
2025-08-21 11:55:19.011,-394262,-425982,-444403,-432522,2,2,2,2
2025-08-21 11:55:19.011,-394268,-442372,-428023,-440718,2,2,2,2
2025-08-21 11:55:19.012,-394258,-409596,-428015,-448902,2,2,2,2
2025-08-21 11:55:19.012,-394251,-425974,-428010,-448898,2,2,2,2
2025-08-21 11:55:19.012,-394241,-425966,-427936,-432443,2,2,2,2
2025-08-21 11:55:19.013,-394492,-425962,-444375,-432504,2,2,2,2
2025-08-21 11:55:19.013,-394492,-425961,-427924,-432440,2,2,2,2
2025-08-21 11:55:19.013,-394492,-425958,-444302,-432505,2,2,2,2
2025-08-21 11:55:19.013,-394253,-425968,-444317,-432515,2,2,2,2
2025-08-21 11:55:19.014,-394351,-425998,-428024,-432603,2,2,2,2
2025-08-21 11:55:19.014,-394359,-426011,-427782,-432616,2,2,2,2
2025-08-21 11:55:19.014,-394361,-426013,-427786,-449000,2,2,2,2
2025-08-21 11:55:19.015,-394296,-426014,-444170,-432615,2,2,2,2
2025-08-21 11:55:19.015,-394300,-426084,-444209,-432624,2,2,2,2
2025-08-21 11:55:19.015,-394373,-426095,-427802,-432633,2,2,2,2
2025-08-21 11:55:19.015,-394394,-426115,-427888,-432653,2,2,2,2
2025-08-21 11:55:19.016,-394479,-426135,-427975,-432741,2,2,2,2
2025-08-21 11:55:19.016,-394488,-426212,-427923,-449104,2,2,2,2
2025-08-21 11:55:19.016,-394503,-426228,-444358,-432769,2,2,2,2
2025-08-21 11:55:19.016,-394505,-442614,-428006,-440961,2,2,2,2
2025-08-21 11:55:19.017,-394497,-426218,-427935,-432696,2,2,2,2
2025-08-21 11:55:19.017,-394499,-426223,-428001,-432762,2,2,2,2
2025-08-21 11:55:19.017,-394504,-426224,-427936,-449149,2,2,2,2
2025-08-21 11:55:19.017,-394500,-426221,-427933,-449147,2,2,2,2
2025-08-21 11:55:19.018,-394482,-426209,-444298,-432750,2,2,2,2
2025-08-21 11:55:19.018,-394433,-426127,-427896,-432665,2,2,2,2
2025-08-21 11:55:19.018,-394429,-426121,-427892,-432659,2,2,2,2
2025-08-21 11:55:19.018,-394442,-426134,-444288,-432672,2,2,2,2
2025-08-21 11:55:19.019,-394477,-426196,-427906,-449090,2,2,2,2
2025-08-21 11:55:19.019,-394453,-426110,-444201,-432651,2,2,2,2
2025-08-21 11:55:19.019,-394379,-442481,-427806,-440830,2,2,2,2
2025-08-21 11:55:19.019,-394367,-442439,-427798,-449011,2,2,2,2
2025-08-21 11:55:19.020,-394357,-426010,-427787,-432618,2,2,2,2
2025-08-21 11:55:19.020,-394261,-425974,-428013,-448965,2,2,2,2
2025-08-21 11:55:19.020,-394495,-425888,-427928,-432434,2,2,2,2
2025-08-21 11:55:19.021,-394477,-425865,-427972,-432414,2,2,2,2
2025-08-21 11:55:19.021,-394385,-425774,-427880,-449023,2,2,2,2
2025-08-21 11:55:19.021,-394300,-425753,-444177,-432619,2,2,2,2
2025-08-21 11:55:19.022,-394272,-425978,-427764,-432591,2,2,2,2
2025-08-21 11:55:19.022,-394252,-425959,-427745,-432509,2,2,2,2
2025-08-21 11:55:19.022,-394240,-409565,-427671,-448883,2,2,2,2
2025-08-21 11:55:19.022,-394247,-425955,-427678,-448894,2,2,2,2
2025-08-21 11:55:19.023,-394254,-425963,-444131,-432516,2,2,2,2
2025-08-21 11:55:19.023,-394266,-425980,-427762,-432592,2,2,2,2
2025-08-21 11:55:19.023,-394337,-425734,-427769,-432602,2,2,2,2
2025-08-21 11:55:19.023,-394338,-425740,-427769,-432537,2,2,2,2
2025-08-21 11:55:19.024,-394357,-425759,-427789,-449003,2,2,2,2
2025-08-21 11:55:19.024,-394294,-425758,-444173,-432618,2,2,2,2
2025-08-21 11:55:19.024,-394355,-409404,-427789,-440805,2,2,2,2
2025-08-21 11:55:19.025,-394349,-425750,-427785,-432610,2,2,2,2
2025-08-21 11:55:19.025,-394353,-425755,-427788,-432615,2,2,2,2
2025-08-21 11:55:19.025,-394370,-425771,-427804,-449013,2,2,2,2
2025-08-21 11:55:19.025,-394454,-425855,-444273,-432390,2,2,2,2
2025-08-21 11:55:19.026,-394474,-409492,-427908,-440600,2,2,2,2
2025-08-21 11:55:19.026,-394492,-409570,-427924,-448867,2,2,2,2
2025-08-21 11:55:19.026,-394485,-425881,-427919,-432413,2,2,2,2
2025-08-21 11:55:19.026,-394494,-425953,-427989,-432486,2,2,2,2
2025-08-21 11:55:19.027,-394261,-425977,-428015,-448894,2,2,2,2
2025-08-21 11:55:19.027,-394339,-442376,-428028,-440716,2,2,2,2
2025-08-21 11:55:19.027,-394260,-409590,-428015,-440702,2,2,2,2
2025-08-21 11:55:19.027,-394252,-425965,-428008,-432442,2,2,2,2
2025-08-21 11:55:19.028,-394248,-425963,-428006,-432499,2,2,2,2
2025-08-21 11:55:19.028,-394244,-425961,-428006,-448817,2,2,2,2
2025-08-21 11:55:19.028,-394480,-425880,-444371,-432412,2,2,2,2
2025-08-21 11:55:19.029,-394386,-409465,-427893,-449023,2,2,2,2
2025-08-21 11:55:19.029,-394373,-425771,-427881,-449009,2,2,2,2
2025-08-21 11:55:19.029,-394304,-425826,-444260,-432620,2,2,2,2
2025-08-21 11:55:19.030,-394297,-425826,-444220,-432620,2,2,2,2
2025-08-21 11:55:19.030,-394360,-425829,-427804,-432624,2,2,2,2
2025-08-21 11:55:19.030,-394355,-409375,-427802,-449007,2,2,2,2
2025-08-21 11:55:19.030,-394291,-425756,-444186,-432622,2,2,2,2
2025-08-21 11:55:19.031,-394373,-409454,-427882,-440832,2,2,2,2
2025-08-21 11:55:19.031,-394466,-425863,-427908,-432407,2,2,2,2
2025-08-21 11:55:19.031,-394491,-425885,-427994,-432491,2,2,2,2
2025-08-21 11:55:19.032,-394242,-425957,-444320,-432498,2,2,2,2
2025-08-21 11:55:19.032,-394494,-425955,-444320,-432496,2,2,2,2
2025-08-21 11:55:19.032,-394495,-409504,-427936,-432491,2,2,2,2
2025-08-21 11:55:19.032,-394247,-425960,-428004,-432436,2,2,2,2
2025-08-21 11:55:19.033,-394257,-425971,-428011,-432514,2,2,2,2
2025-08-21 11:55:19.033,-394346,-425994,-427782,-448955,2,2,2,2
2025-08-21 11:55:19.033,-394366,-426014,-427803,-448972,2,2,2,2
2025-08-21 11:55:19.033,-394304,-426015,-444222,-432618,2,2,2,2
2025-08-21 11:55:19.034,-394363,-442426,-427800,-440803,2,2,2,2
2025-08-21 11:55:19.034,-394359,-426008,-444180,-432609,2,2,2,2
2025-08-21 11:55:19.034,-394358,-426007,-427793,-448926,2,2,2,2
2025-08-21 11:55:19.034,-394361,-426010,-427794,-448963,2,2,2,2
2025-08-21 11:55:19.035,-394293,-426001,-444169,-432544,2,2,2,2
2025-08-21 11:55:19.035,-394345,-442370,-428032,-448919,2,2,2,2
2025-08-21 11:55:19.035,-394351,-442374,-427780,-448927,2,2,2,2
2025-08-21 11:55:19.035,-394364,-426001,-427791,-432618,2,2,2,2
2025-08-21 11:55:19.036,-394292,-425998,-444169,-432613,2,2,2,2
2025-08-21 11:55:19.036,-394343,-425986,-428028,-432598,2,2,2,2
2025-08-21 11:55:19.036,-394269,-425980,-444404,-432525,2,2,2,2
2025-08-21 11:55:19.036,-394337,-442369,-428027,-440722,2,2,2,2
2025-08-21 11:55:19.037,-394271,-409599,-428025,-448913,2,2,2,2
2025-08-21 11:55:19.037,-394266,-425979,-428018,-448910,2,2,2,2
2025-08-21 11:55:19.037,-394247,-425964,-428004,-432443,2,2,2,2
2025-08-21 11:55:19.038,-394241,-425957,-427935,-432434,2,2,2,2
2025-08-21 11:55:19.038,-394447,-425879,-444306,-432418,2,2,2,2
2025-08-21 11:55:19.038,-394475,-425939,-427913,-448797,2,2,2,2
2025-08-21 11:55:19.038,-394467,-425871,-444289,-432408,2,2,2,2
2025-08-21 11:55:19.039,-394398,-409472,-427890,-448779,2,2,2,2
2025-08-21 11:55:19.039,-394463,-425856,-427830,-432397,2,2,2,2
2025-08-21 11:55:19.039,-394465,-425858,-427831,-432398,2,2,2,2
2025-08-21 11:55:19.040,-394472,-425926,-427897,-448818,2,2,2,2
2025-08-21 11:55:19.040,-394490,-425875,-444296,-432485,2,2,2,2
2025-08-21 11:55:19.040,-394496,-409501,-427917,-440687,2,2,2,2
2025-08-21 11:55:19.040,-394245,-425955,-427920,-432435,2,2,2,2
2025-08-21 11:55:19.041,-394245,-425887,-427918,-432431,2,2,2,2
2025-08-21 11:55:19.041,-394249,-425953,-427916,-448847,2,2,2,2
2025-08-21 11:55:19.041,-394491,-425874,-444286,-432413,2,2,2,2
2025-08-21 11:55:19.041,-394478,-425864,-444277,-432401,2,2,2,2
2025-08-21 11:55:19.042,-394484,-409522,-427898,-440600,2,2,2,2
2025-08-21 11:55:19.042,-394490,-425881,-444290,-432414,2,2,2,2
2025-08-21 11:55:19.042,-394249,-425957,-427984,-432494,2,2,2,2
2025-08-21 11:55:19.043,-394350,-425995,-428025,-432604,2,2,2,2
2025-08-21 11:55:19.043,-394359,-426007,-427779,-432615,2,2,2,2
2025-08-21 11:55:19.043,-394364,-442427,-427785,-449002,2,2,2,2
2025-08-21 11:55:19.043,-394353,-425998,-428028,-448927,2,2,2,2
2025-08-21 11:55:19.044,-394272,-425982,-428015,-432527,2,2,2,2
2025-08-21 11:55:19.044,-394253,-425961,-444379,-432506,2,2,2,2
2025-08-21 11:55:19.044,-394265,-425972,-428005,-432519,2,2,2,2
2025-08-21 11:55:19.045,-394250,-425954,-427926,-448886,2,2,2,2
2025-08-21 11:55:19.045,-394491,-425880,-444298,-432488,2,2,2,2
2025-08-21 11:55:19.045,-394393,-409468,-427884,-440586,2,2,2,2
2025-08-21 11:55:19.046,-394390,-425846,-427879,-432387,2,2,2,2
2025-08-21 11:55:19.046,-394382,-409390,-427806,-449023,2,2,2,2
2025-08-21 11:55:19.046,-394392,-425779,-427879,-448773,2,2,2,2
2025-08-21 11:55:19.046,-394472,-425862,-444278,-432405,2,2,2,2
2025-08-21 11:55:19.047,-394476,-409488,-427895,-432407,2,2,2,2
2025-08-21 11:55:19.047,-394481,-425875,-427828,-432402,2,2,2,2
2025-08-21 11:55:19.047,-394481,-425876,-427897,-432403,2,2,2,2
2025-08-21 11:55:19.047,-394489,-425887,-427972,-432416,2,2,2,2
2025-08-21 11:55:19.048,-394485,-425950,-427903,-448828,2,2,2,2
2025-08-21 11:55:19.048,-394479,-409530,-427901,-440600,2,2,2,2
2025-08-21 11:55:19.048,-394474,-425876,-444218,-432408,2,2,2,2
2025-08-21 11:55:19.048,-394484,-425883,-427904,-432418,2,2,2,2
2025-08-21 11:55:19.049,-394242,-425961,-427984,-432493,2,2,2,2
2025-08-21 11:55:19.049,-394242,-425957,-427920,-448810,2,2,2,2
2025-08-21 11:55:19.049,-394248,-425959,-427924,-448813,2,2,2,2
2025-08-21 11:55:19.049,-394257,-425970,-444381,-432502,2,2,2,2
2025-08-21 11:55:19.050,-394268,-409595,-428005,-448898,2,2,2,2
2025-08-21 11:55:19.050,-394264,-425974,-427998,-432508,2,2,2,2
2025-08-21 11:55:19.050,-394252,-425964,-444306,-432499,2,2,2,2
2025-08-21 11:55:19.051,-394250,-425960,-427924,-432433,2,2,2,2
2025-08-21 11:55:19.051,-394302,-425974,-428001,-432448,2,2,2,2
2025-08-21 11:55:19.051,-394344,-409600,-428012,-448906,2,2,2,2
2025-08-21 11:55:19.051,-394298,-426002,-444416,-432541,2,2,2,2
2025-08-21 11:55:19.052,-394438,-426084,-444173,-432624,2,2,2,2
2025-08-21 11:55:19.052,-394379,-426092,-427796,-432631,2,2,2,2
2025-08-21 11:55:19.052,-394384,-426096,-427800,-432635,2,2,2,2
2025-08-21 11:55:19.053,-394375,-426026,-427792,-449010,2,2,2,2
2025-08-21 11:55:19.053,-394303,-426083,-444170,-432618,2,2,2,2
2025-08-21 11:55:19.053,-394390,-426101,-427874,-432637,2,2,2,2
2025-08-21 11:55:19.054,-394453,-426098,-427807,-432633,2,2,2,2
2025-08-21 11:55:19.054,-394394,-426107,-427812,-432638,2,2,2,2
2025-08-21 11:55:19.054,-394430,-426114,-427880,-432645,2,2,2,2
2025-08-21 11:55:19.054,-394469,-442508,-427888,-440841,2,2,2,2
2025-08-21 11:55:19.055,-394467,-442504,-427883,-440834,2,2,2,2
2025-08-21 11:55:19.055,-394388,-426104,-427799,-432624,2,2,2,2
2025-08-21 11:55:19.055,-394417,-426098,-427794,-432620,2,2,2,2
2025-08-21 11:55:19.055,-394387,-426035,-427795,-449009,2,2,2,2
2025-08-21 11:55:19.056,-394453,-426101,-444182,-432628,2,2,2,2
2025-08-21 11:55:19.056,-394469,-426111,-427805,-432641,2,2,2,2
2025-08-21 11:55:19.056,-394484,-442507,-427882,-440846,2,2,2,2
2025-08-21 11:55:19.056,-394488,-426124,-427883,-432658,2,2,2,2
2025-08-21 11:55:19.057,-394481,-426118,-427806,-432652,2,2,2,2
2025-08-21 11:55:19.057,-394483,-426121,-444230,-432658,2,2,2,2
2025-08-21 11:55:19.057,-394488,-442510,-427885,-440857,2,2,2,2
2025-08-21 11:55:19.058,-394494,-426130,-427892,-432670,2,2,2,2
2025-08-21 11:55:19.058,-394503,-426140,-444287,-432745,2,2,2,2
2025-08-21 11:55:19.058,-394495,-426197,-427894,-449059,2,2,2,2
2025-08-21 11:55:19.059,-394498,-426136,-444218,-432742,2,2,2,2
2025-08-21 11:55:19.059,-394513,-426215,-427981,-432761,2,2,2,2
2025-08-21 11:55:19.059,-394597,-426238,-428001,-449168,2,2,2,2
2025-08-21 11:55:19.059,-394554,-426001,-444403,-432865,2,2,2,2
2025-08-21 11:55:19.060,-394627,-426010,-428027,-449256,2,2,2,2
2025-08-21 11:55:19.060,-394643,-426089,-428045,-432889,2,2,2,2
2025-08-21 11:55:19.060,-394700,-426083,-428039,-432885,2,2,2,2
2025-08-21 11:55:19.060,-394624,-442393,-428030,-449260,2,2,2,2
2025-08-21 11:55:19.061,-394696,-426015,-444424,-432887,2,2,2,2
2025-08-21 11:55:19.061,-394630,-442399,-428037,-441078,2,2,2,2
2025-08-21 11:55:19.061,-394603,-442372,-428013,-440990,2,2,2,2
2025-08-21 11:55:19.061,-394511,-426216,-427920,-432703,2,2,2,2
2025-08-21 11:55:19.062,-394493,-426133,-427837,-432742,2,2,2,2
2025-08-21 11:55:19.062,-394504,-426207,-427912,-449102,2,2,2,2
2025-08-21 11:55:19.062,-394525,-426225,-444317,-432768,2,2,2,2
2025-08-21 11:55:19.063,-394602,-426235,-428009,-432839,2,2,2,2
2025-08-21 11:55:19.063,-394611,-425990,-428018,-432787,2,2,2,2
2025-08-21 11:55:19.063,-394604,-426235,-428011,-432783,2,2,2,2
2025-08-21 11:55:19.063,-394606,-426240,-428012,-449204,2,2,2,2
2025-08-21 11:55:19.064,-394548,-425991,-444368,-432795,2,2,2,2
2025-08-21 11:55:19.064,-394620,-442421,-428024,-449251,2,2,2,2
2025-08-21 11:55:19.064,-394624,-442426,-428030,-449258,2,2,2,2
2025-08-21 11:55:19.064,-394576,-425997,-428015,-432857,2,2,2,2
2025-08-21 11:55:19.065,-394521,-426231,-427995,-432768,2,2,2,2
2025-08-21 11:55:19.065,-394501,-426142,-427909,-432679,2,2,2,2
2025-08-21 11:55:19.065,-394496,-426137,-444288,-432670,2,2,2,2
2025-08-21 11:55:19.065,-394504,-442565,-427915,-440935,2,2,2,2
2025-08-21 11:55:19.066,-394547,-426226,-427929,-432692,2,2,2,2
2025-08-21 11:55:19.066,-394519,-426232,-428001,-449145,2,2,2,2
2025-08-21 11:55:19.066,-394516,-426229,-427935,-432694,2,2,2,2
2025-08-21 11:55:19.067,-394503,-426214,-444365,-432740,2,2,2,2
2025-08-21 11:55:19.067,-394499,-426210,-427914,-449121,2,2,2,2
2025-08-21 11:55:19.067,-394499,-426210,-444298,-432671,2,2,2,2
2025-08-21 11:55:19.068,-394518,-426227,-427926,-432694,2,2,2,2
2025-08-21 11:55:19.068,-394517,-426227,-427990,-432760,2,2,2,2
2025-08-21 11:55:19.068,-394525,-426238,-427931,-449154,2,2,2,2
2025-08-21 11:55:19.069,-394594,-425989,-427935,-449159,2,2,2,2
2025-08-21 11:55:19.069,-394528,-442373,-427929,-440964,2,2,2,2
2025-08-21 11:55:19.069,-394595,-442382,-427935,-440970,2,2,2,2
2025-08-21 11:55:19.069,-394520,-425989,-427926,-432833,2,2,2,2
2025-08-21 11:55:19.070,-394513,-426238,-427984,-432762,2,2,2,2
2025-08-21 11:55:19.070,-394527,-425989,-427931,-449156,2,2,2,2
2025-08-21 11:55:19.070,-394530,-425993,-444350,-432777,2,2,2,2
2025-08-21 11:55:19.070,-394505,-442610,-427913,-440942,2,2,2,2
2025-08-21 11:55:19.071,-394497,-442567,-427906,-440936,2,2,2,2
2025-08-21 11:55:19.071,-394502,-426220,-427915,-449132,2,2,2,2
2025-08-21 11:55:19.071,-394516,-426235,-427989,-432758,2,2,2,2
2025-08-21 11:55:19.071,-394595,-425986,-427933,-449153,2,2,2,2
2025-08-21 11:55:19.072,-394550,-426005,-444405,-432786,2,2,2,2
2025-08-21 11:55:19.072,-394692,-426086,-444420,-432800,2,2,2,2
2025-08-21 11:55:19.072,-394630,-426086,-428036,-432862,2,2,2,2
2025-08-21 11:55:19.072,-394625,-426015,-444413,-432791,2,2,2,2
2025-08-21 11:55:19.073,-394595,-425987,-427934,-449082,2,2,2,2
2025-08-21 11:55:19.073,-394524,-426235,-444374,-432755,2,2,2,2
2025-08-21 11:55:19.073,-394516,-442575,-427917,-449130,2,2,2,2
2025-08-21 11:55:19.074,-394500,-426204,-427901,-449052,2,2,2,2
2025-08-21 11:55:19.074,-394495,-426137,-427836,-432662,2,2,2,2
2025-08-21 11:55:19.074,-394490,-426198,-427893,-432656,2,2,2,2
2025-08-21 11:55:19.074,-394488,-426131,-427892,-432656,2,2,2,2
2025-08-21 11:55:19.075,-394504,-426209,-427970,-432671,2,2,2,2
2025-08-21 11:55:19.075,-394513,-426219,-444297,-432738,2,2,2,2
2025-08-21 11:55:19.075,-394518,-426227,-444303,-432741,2,2,2,2
2025-08-21 11:55:19.075,-394532,-425987,-444346,-432755,2,2,2,2
2025-08-21 11:55:19.076,-394593,-442624,-427927,-440944,2,2,2,2
2025-08-21 11:55:19.076,-394595,-425985,-427992,-432754,2,2,2,2
2025-08-21 11:55:19.076,-394603,-442380,-427936,-449150,2,2,2,2
2025-08-21 11:55:19.076,-394604,-425997,-428005,-449153,2,2,2,2
2025-08-21 11:55:19.077,-394539,-425997,-444391,-432764,2,2,2,2
2025-08-21 11:55:19.077,-394613,-426009,-428018,-432840,2,2,2,2
2025-08-21 11:55:19.077,-394618,-426014,-428022,-432846,2,2,2,2
2025-08-21 11:55:19.077,-394616,-426010,-428021,-432845,2,2,2,2
2025-08-21 11:55:19.078,-394625,-426085,-428033,-432795,2,2,2,2
2025-08-21 11:55:19.078,-394560,-426015,-444409,-432790,2,2,2,2
2025-08-21 11:55:19.078,-394547,-426001,-444361,-432776,2,2,2,2
2025-08-21 11:55:19.078,-394549,-425994,-444389,-432776,2,2,2,2
2025-08-21 11:55:19.079,-394528,-442610,-427916,-449136,2,2,2,2
2025-08-21 11:55:19.079,-394484,-426182,-427805,-449026,2,2,2,2
2025-08-21 11:55:19.079,-394471,-426045,-427795,-449014,2,2,2,2
2025-08-21 11:55:19.080,-394457,-426099,-444171,-432622,2,2,2,2
2025-08-21 11:55:19.080,-394419,-426092,-427785,-432617,2,2,2,2
2025-08-21 11:55:19.080,-394376,-426017,-427779,-448926,2,2,2,2
2025-08-21 11:55:19.080,-394301,-426006,-444407,-432533,2,2,2,2
2025-08-21 11:55:19.081,-394369,-426013,-428025,-432602,2,2,2,2
2025-08-21 11:55:19.081,-394382,-426089,-427781,-432612,2,2,2,2
2025-08-21 11:55:19.081,-394380,-442410,-427781,-448993,2,2,2,2
2025-08-21 11:55:19.082,-394377,-426088,-444415,-432540,2,2,2,2
2025-08-21 11:55:19.082,-394437,-426087,-444412,-432537,2,2,2,2
2025-08-21 11:55:19.082,-394370,-442468,-428021,-432535,2,2,2,2
2025-08-21 11:55:19.082,-394366,-426083,-428018,-432598,2,2,2,2
2025-08-21 11:55:19.083,-394374,-426092,-428029,-432543,2,2,2,2
2025-08-21 11:55:19.083,-394441,-426096,-444416,-432611,2,2,2,2
2025-08-21 11:55:19.083,-394383,-426037,-427782,-448969,2,2,2,2
2025-08-21 11:55:19.083,-394456,-426112,-444176,-432623,2,2,2,2
2025-08-21 11:55:19.084,-394468,-442504,-427805,-440829,2,2,2,2
2025-08-21 11:55:19.084,-394468,-426116,-427799,-432636,2,2,2,2
2025-08-21 11:55:19.084,-394428,-426110,-444176,-432632,2,2,2,2
2025-08-21 11:55:19.084,-394400,-426178,-427796,-449017,2,2,2,2
2025-08-21 11:55:19.085,-394475,-426124,-444220,-432644,2,2,2,2
2025-08-21 11:55:19.085,-394480,-426129,-444191,-432649,2,2,2,2
2025-08-21 11:55:19.085,-394472,-442508,-427801,-449026,2,2,2,2
2025-08-21 11:55:19.085,-394436,-426122,-427799,-432638,2,2,2,2
2025-08-21 11:55:19.086,-394400,-426118,-427796,-432632,2,2,2,2
2025-08-21 11:55:19.086,-394445,-426099,-444162,-432618,2,2,2,2
2025-08-21 11:55:19.086,-394373,-426089,-428028,-432610,2,2,2,2
2025-08-21 11:55:19.086,-394434,-426084,-428024,-432541,2,2,2,2
2025-08-21 11:55:19.087,-394371,-442409,-428030,-448928,2,2,2,2
2025-08-21 11:55:19.087,-394440,-426100,-444165,-432619,2,2,2,2
2025-08-21 11:55:19.087,-394466,-426195,-427876,-432655,2,2,2,2
2025-08-21 11:55:19.088,-394482,-426210,-444214,-432671,2,2,2,2
2025-08-21 11:55:19.088,-394493,-442575,-427907,-449129,2,2,2,2
2025-08-21 11:55:19.088,-394491,-426220,-427905,-449055,2,2,2,2
2025-08-21 11:55:19.088,-394492,-426223,-444286,-432672,2,2,2,2
2025-08-21 11:55:19.089,-394485,-426211,-427887,-432662,2,2,2,2
2025-08-21 11:55:19.089,-394468,-426122,-427803,-432641,2,2,2,2
2025-08-21 11:55:19.089,-394392,-426041,-427788,-449008,2,2,2,2
2025-08-21 11:55:19.090,-394443,-426093,-444416,-432541,2,2,2,2
2025-08-21 11:55:19.090,-394439,-426092,-444416,-432539,2,2,2,2
2025-08-21 11:55:19.090,-394357,-442398,-428023,-440716,2,2,2,2
2025-08-21 11:55:19.090,-394269,-425990,-428001,-432440,2,2,2,2
2025-08-21 11:55:19.091,-394254,-425971,-427981,-432490,2,2,2,2
2025-08-21 11:55:19.091,-394269,-425979,-427925,-448818,2,2,2,2
2025-08-21 11:55:19.091,-394285,-425994,-444389,-432513,2,2,2,2
2025-08-21 11:55:19.091,-394355,-442382,-428012,-440710,2,2,2,2
2025-08-21 11:55:19.092,-394357,-425999,-428011,-432585,2,2,2,2
2025-08-21 11:55:19.092,-394369,-426009,-428019,-432530,2,2,2,2
2025-08-21 11:55:19.092,-394373,-426014,-428025,-432539,2,2,2,2
2025-08-21 11:55:19.092,-394384,-426026,-427778,-448966,2,2,2,2
2025-08-21 11:55:19.093,-394459,-426101,-444172,-432623,2,2,2,2
2025-08-21 11:55:19.093,-394474,-426116,-427801,-432637,2,2,2,2
2025-08-21 11:55:19.093,-394504,-442599,-427901,-449053,2,2,2,2
2025-08-21 11:55:19.093,-394564,-425989,-444317,-432765,2,2,2,2
2025-08-21 11:55:19.094,-394609,-426005,-428011,-449159,2,2,2,2
2025-08-21 11:55:19.094,-394619,-442466,-428022,-440975,2,2,2,2
2025-08-21 11:55:19.094,-394551,-426081,-444405,-432781,2,2,2,2
2025-08-21 11:55:19.094,-394615,-442433,-428022,-449167,2,2,2,2
2025-08-21 11:55:19.095,-394627,-426089,-428030,-432856,2,2,2,2
2025-08-21 11:55:19.095,-394642,-426102,-428036,-432868,2,2,2,2
2025-08-21 11:55:19.096,-394711,-426105,-428040,-432875,2,2,2,2
2025-08-21 11:55:19.097,-394721,-426048,-428047,-449272,2,2,2,2
2025-08-21 11:55:19.097,-394733,-426126,-444446,-432644,2,2,2,2
2025-08-21 11:55:19.097,-394732,-426194,-428063,-432648,2,2,2,2
2025-08-21 11:55:19.097,-394730,-442547,-428062,-440837,2,2,2,2
2025-08-21 11:55:19.097,-394650,-426115,-428048,-432883,2,2,2,2
2025-08-21 11:55:19.098,-394641,-426045,-428041,-449262,2,2,2,2
2025-08-21 11:55:19.098,-394702,-426103,-444421,-432874,2,2,2,2
2025-08-21 11:55:19.098,-394627,-426027,-428025,-432862,2,2,2,2
2025-08-21 11:55:19.098,-394635,-426096,-428031,-432873,2,2,2,2
2025-08-21 11:55:19.098,-394701,-426096,-428034,-432873,2,2,2,2
2025-08-21 11:55:19.099,-394635,-426034,-428033,-449257,2,2,2,2
2025-08-21 11:55:19.099,-394557,-426088,-444368,-432791,2,2,2,2
2025-08-21 11:55:19.099,-394616,-442468,-428010,-440978,2,2,2,2
2025-08-21 11:55:19.100,-394610,-426082,-428004,-432844,2,2,2,2
2025-08-21 11:55:19.100,-394602,-426012,-427931,-449149,2,2,2,2
2025-08-21 11:55:19.100,-394528,-426004,-427991,-432757,2,2,2,2
2025-08-21 11:55:19.100,-394526,-426005,-427930,-449076,2,2,2,2
2025-08-21 11:55:19.101,-394525,-426008,-444347,-432759,2,2,2,2
2025-08-21 11:55:19.101,-394602,-442431,-428007,-440962,2,2,2,2
2025-08-21 11:55:19.101,-394573,-426015,-428005,-432836,2,2,2,2
2025-08-21 11:55:19.101,-394601,-426008,-428003,-432768,2,2,2,2
2025-08-21 11:55:19.102,-394603,-426011,-428004,-449155,2,2,2,2
2025-08-21 11:55:19.102,-394613,-426024,-428018,-432847,2,2,2,2
2025-08-21 11:55:19.102,-394553,-426091,-444407,-432789,2,2,2,2
2025-08-21 11:55:19.102,-394615,-442405,-428019,-449172,2,2,2,2
2025-08-21 11:55:19.103,-394620,-426085,-444408,-432789,2,2,2,2
2025-08-21 11:55:19.103,-394618,-442466,-428025,-432788,2,2,2,2
2025-08-21 11:55:19.103,-394601,-426001,-428007,-449221,2,2,2,2
2025-08-21 11:55:19.103,-394529,-425994,-444385,-432761,2,2,2,2
2025-08-21 11:55:19.104,-394523,-425989,-427999,-432756,2,2,2,2
2025-08-21 11:55:19.104,-394594,-426001,-428006,-449148,2,2,2,2
2025-08-21 11:55:19.104,-394601,-426008,-428012,-449153,2,2,2,2
2025-08-21 11:55:19.105,-394618,-442482,-428030,-440987,2,2,2,2
2025-08-21 11:55:19.105,-394616,-426096,-428021,-432790,2,2,2,2
2025-08-21 11:55:19.105,-394619,-442414,-428018,-449174,2,2,2,2
2025-08-21 11:55:19.105,-394630,-426040,-428029,-449218,2,2,2,2
2025-08-21 11:55:19.106,-394705,-426111,-444422,-432878,2,2,2,2
2025-08-21 11:55:19.106,-394645,-442498,-428040,-449263,2,2,2,2
2025-08-21 11:55:19.106,-394635,-426107,-428031,-432870,2,2,2,2
2025-08-21 11:55:19.106,-394623,-426094,-428018,-432861,2,2,2,2
2025-08-21 11:55:19.107,-394615,-426084,-428008,-432787,2,2,2,2
2025-08-21 11:55:19.107,-394560,-426084,-444365,-432795,2,2,2,2
2025-08-21 11:55:19.107,-394617,-442430,-428012,-440979,2,2,2,2
2025-08-21 11:55:19.108,-394608,-442389,-427936,-449156,2,2,2,2
2025-08-21 11:55:19.108,-394540,-426006,-444316,-432767,2,2,2,2
2025-08-21 11:55:19.108,-394604,-426012,-427931,-449153,2,2,2,2
2025-08-21 11:55:19.108,-394595,-426005,-427929,-449084,2,2,2,2
2025-08-21 11:55:19.109,-394513,-425986,-444358,-432749,2,2,2,2
2025-08-21 11:55:19.109,-394493,-426224,-427827,-432666,2,2,2,2
2025-08-21 11:55:19.109,-394488,-426220,-427888,-432664,2,2,2,2
2025-08-21 11:55:19.109,-394491,-426224,-444274,-432664,2,2,2,2
2025-08-21 11:55:19.110,-394511,-425988,-427906,-432679,2,2,2,2
2025-08-21 11:55:19.110,-394510,-425986,-427838,-432742,2,2,2,2
2025-08-21 11:55:19.110,-394504,-442619,-427897,-449056,2,2,2,2
2025-08-21 11:55:19.111,-394497,-426225,-444276,-432664,2,2,2,2
2025-08-21 11:55:19.111,-394482,-426207,-427877,-449031,2,2,2,2
2025-08-21 11:55:19.111,-394466,-426192,-427801,-432630,2,2,2,2
2025-08-21 11:55:19.111,-394393,-426117,-427790,-432619,2,2,2,2
2025-08-21 11:55:19.112,-394376,-426092,-428021,-432535,2,2,2,2
2025-08-21 11:55:19.112,-394302,-426016,-444391,-432523,2,2,2,2
2025-08-21 11:55:19.112,-394360,-426013,-428002,-448906,2,2,2,2
2025-08-21 11:55:19.113,-394341,-425997,-427919,-432441,2,2,2,2
2025-08-21 11:55:19.113,-394308,-425998,-427918,-432436,2,2,2,2
2025-08-21 11:55:19.113,-394347,-426003,-427926,-448889,2,2,2,2
2025-08-21 11:55:19.113,-394352,-426008,-427935,-448894,2,2,2,2
2025-08-21 11:55:19.114,-394293,-426083,-444357,-432513,2,2,2,2
2025-08-21 11:55:19.114,-394296,-426086,-444390,-432515,2,2,2,2
2025-08-21 11:55:19.114,-394357,-426083,-428002,-432514,2,2,2,2
2025-08-21 11:55:19.114,-394350,-426014,-427996,-432507,2,2,2,2
2025-08-21 11:55:19.115,-394364,-426031,-428011,-448908,2,2,2,2
2025-08-21 11:55:19.115,-394458,-426121,-444163,-432614,2,2,2,2
2025-08-21 11:55:19.115,-394495,-426214,-444232,-432646,2,2,2,2
2025-08-21 11:55:19.115,-394513,-442612,-427896,-449050,2,2,2,2
2025-08-21 11:55:19.116,-394557,-426239,-427910,-432680,2,2,2,2
2025-08-21 11:55:19.116,-394520,-426235,-427970,-432739,2,2,2,2
2025-08-21 11:55:19.116,-394509,-426230,-427895,-432671,2,2,2,2
2025-08-21 11:55:19.117,-394500,-442609,-427886,-440852,2,2,2,2
2025-08-21 11:55:19.117,-394489,-426216,-427877,-449038,2,2,2,2
2025-08-21 11:55:19.117,-394445,-426141,-444190,-432647,2,2,2,2
2025-08-21 11:55:19.118,-394502,-426231,-427898,-449058,2,2,2,2
2025-08-21 11:55:19.118,-394516,-425992,-427978,-432758,2,2,2,2
2025-08-21 11:55:19.118,-394525,-442419,-427925,-449148,2,2,2,2
2025-08-21 11:55:19.118,-394597,-426013,-427935,-449158,2,2,2,2
2025-08-21 11:55:19.119,-394536,-426015,-444386,-432774,2,2,2,2
2025-08-21 11:55:19.119,-394607,-442437,-428007,-440969,2,2,2,2
2025-08-21 11:55:19.119,-394598,-426014,-427932,-432704,2,2,2,2
2025-08-21 11:55:19.119,-394526,-426008,-427989,-432762,2,2,2,2
2025-08-21 11:55:19.120,-394520,-442382,-427922,-449140,2,2,2,2
2025-08-21 11:55:19.120,-394510,-426239,-444292,-432739,2,2,2,2
2025-08-21 11:55:19.120,-394496,-426222,-444277,-432658,2,2,2,2
2025-08-21 11:55:19.120,-394480,-442525,-427876,-440832,2,2,2,2
2025-08-21 11:55:19.121,-394390,-426114,-427787,-432614,2,2,2,2
2025-08-21 11:55:19.121,-394366,-426087,-428021,-432529,2,2,2,2
2025-08-21 11:55:19.121,-394352,-426010,-428007,-448896,2,2,2,2
2025-08-21 11:55:19.121,-394285,-426005,-444320,-432505,2,2,2,2
2025-08-21 11:55:19.122,-394342,-425999,-427993,-432496,2,2,2,2
2025-08-21 11:55:19.122,-394306,-425994,-427924,-432428,2,2,2,2
2025-08-21 11:55:19.122,-394264,-425989,-427984,-432485,2,2,2,2
2025-08-21 11:55:19.123,-394266,-425994,-427923,-448837,2,2,2,2
2025-08-21 11:55:19.123,-394264,-442372,-427918,-440676,2,2,2,2
2025-08-21 11:55:19.123,-394252,-409591,-427902,-440599,2,2,2,2
2025-08-21 11:55:19.123,-394490,-425960,-427882,-432391,2,2,2,2
2025-08-21 11:55:19.124,-394477,-425883,-427806,-432634,2,2,2,2
2025-08-21 11:55:19.124,-394388,-425924,-427786,-448999,2,2,2,2
2025-08-21 11:55:19.124,-394454,-425861,-444175,-432619,2,2,2,2
2025-08-21 11:55:19.125,-394390,-409472,-427790,-448998,2,2,2,2
2025-08-21 11:55:19.125,-394430,-425865,-444184,-432625,2,2,2,2
2025-08-21 11:55:19.125,-394396,-425867,-427802,-432625,2,2,2,2
2025-08-21 11:55:19.125,-394466,-425938,-427806,-449012,2,2,2,2
2025-08-21 11:55:19.126,-394459,-425864,-444215,-432615,2,2,2,2
2025-08-21 11:55:19.126,-394373,-409460,-427779,-448914,2,2,2,2
2025-08-21 11:55:19.126,-394356,-409377,-427760,-448895,2,2,2,2
2025-08-21 11:55:19.126,-394314,-425749,-444131,-432500,2,2,2,2
2025-08-21 11:55:19.127,-394288,-425825,-444106,-432511,2,2,2,2
2025-08-21 11:55:19.127,-394372,-425848,-427774,-432598,2,2,2,2
2025-08-21 11:55:19.127,-394376,-425853,-427777,-432538,2,2,2,2
2025-08-21 11:55:19.128,-394368,-425845,-427766,-432597,2,2,2,2
2025-08-21 11:55:19.128,-394373,-425789,-427776,-448959,2,2,2,2
2025-08-21 11:55:19.128,-394469,-425879,-427805,-432385,2,2,2,2
2025-08-21 11:55:19.129,-394488,-425954,-427820,-432400,2,2,2,2
2025-08-21 11:55:19.129,-394244,-425968,-427834,-432416,2,2,2,2
2025-08-21 11:55:19.129,-394242,-425969,-427905,-448834,2,2,2,2
2025-08-21 11:55:19.129,-394252,-425979,-444296,-432492,2,2,2,2
2025-08-21 11:55:19.130,-394270,-442380,-427930,-440697,2,2,2,2
2025-08-21 11:55:19.130,-394272,-425997,-427934,-432445,2,2,2,2
2025-08-21 11:55:19.130,-394343,-425999,-428006,-432518,2,2,2,2
2025-08-21 11:55:19.130,-394360,-426011,-428019,-448946,2,2,2,2
2025-08-21 11:55:19.131,-394301,-426016,-444404,-432532,2,2,2,2
2025-08-21 11:55:19.131,-394364,-442436,-428022,-440727,2,2,2,2
2025-08-21 11:55:19.131,-394376,-442484,-427779,-440802,2,2,2,2
2025-08-21 11:55:19.131,-394382,-426112,-427785,-432616,2,2,2,2
2025-08-21 11:55:19.132,-394467,-426131,-427800,-432633,2,2,2,2
2025-08-21 11:55:19.132,-394473,-426202,-427801,-432636,2,2,2,2
2025-08-21 11:55:19.132,-394463,-426123,-444175,-432625,2,2,2,2
2025-08-21 11:55:19.132,-394397,-442507,-427788,-440816,2,2,2,2
2025-08-21 11:55:19.133,-394400,-426127,-427793,-432627,2,2,2,2
2025-08-21 11:55:19.133,-394474,-426138,-444182,-432636,2,2,2,2
2025-08-21 11:55:19.133,-394490,-426216,-427811,-432649,2,2,2,2
2025-08-21 11:55:19.133,-394492,-426217,-427881,-449037,2,2,2,2
2025-08-21 11:55:19.134,-394489,-426210,-427877,-432650,2,2,2,2
2025-08-21 11:55:19.134,-394486,-426202,-427807,-449028,2,2,2,2
2025-08-21 11:55:19.134,-394482,-426130,-427801,-432643,2,2,2,2
2025-08-21 11:55:19.134,-394492,-426137,-444192,-432654,2,2,2,2
2025-08-21 11:55:19.135,-394489,-426140,-427877,-432657,2,2,2,2
2025-08-21 11:55:19.135,-394487,-426144,-444200,-432655,2,2,2,2
2025-08-21 11:55:19.135,-394495,-442603,-427886,-449045,2,2,2,2
2025-08-21 11:55:19.136,-394502,-426228,-427890,-449084,2,2,2,2
2025-08-21 11:55:19.136,-394498,-426224,-427884,-432663,2,2,2,2
2025-08-21 11:55:19.136,-394486,-442527,-427807,-440844,2,2,2,2
2025-08-21 11:55:19.136,-394480,-442548,-427800,-440837,2,2,2,2
2025-08-21 11:55:19.137,-394488,-426140,-427806,-432654,2,2,2,2
2025-08-21 11:55:19.137,-394485,-426138,-427803,-432654,2,2,2,2
2025-08-21 11:55:19.137,-394481,-426136,-444187,-432657,2,2,2,2
2025-08-21 11:55:19.137,-394480,-426137,-444223,-432658,2,2,2,2
2025-08-21 11:55:19.138,-394474,-442547,-427804,-440844,2,2,2,2
2025-08-21 11:55:19.138,-394468,-426190,-427800,-449034,2,2,2,2
2025-08-21 11:55:19.138,-394388,-426112,-427786,-432635,2,2,2,2
2025-08-21 11:55:19.139,-394390,-426183,-427793,-449029,2,2,2,2
2025-08-21 11:55:19.139,-394457,-426118,-427794,-432645,2,2,2,2
2025-08-21 11:55:19.139,-394399,-442506,-427800,-449033,2,2,2,2
2025-08-21 11:55:19.139,-394432,-426123,-427799,-432648,2,2,2,2
2025-08-21 11:55:19.140,-394471,-426130,-427804,-432651,2,2,2,2
2025-08-21 11:55:19.140,-394471,-426132,-444220,-432651,2,2,2,2
2025-08-21 11:55:19.140,-394396,-426195,-427796,-432642,2,2,2,2
2025-08-21 11:55:19.140,-394451,-426119,-427781,-432628,2,2,2,2
2025-08-21 11:55:19.141,-394395,-442575,-427787,-449022,2,2,2,2
2025-08-21 11:55:19.141,-394484,-426214,-427809,-432664,2,2,2,2
2025-08-21 11:55:19.141,-394502,-426231,-444279,-432744,2,2,2,2
2025-08-21 11:55:19.141,-394520,-442378,-427917,-440957,2,2,2,2
2025-08-21 11:55:19.142,-394537,-426012,-444382,-432783,2,2,2,2
2025-08-21 11:55:19.142,-394621,-426092,-428012,-432799,2,2,2,2
2025-08-21 11:55:19.142,-394632,-426034,-428020,-449184,2,2,2,2
2025-08-21 11:55:19.142,-394691,-426087,-444395,-432790,2,2,2,2
2025-08-21 11:55:19.143,-394628,-442439,-428008,-440982,2,2,2,2
2025-08-21 11:55:19.143,-394608,-426004,-427929,-432839,2,2,2,2
2025-08-21 11:55:19.143,-394517,-426232,-427835,-432749,2,2,2,2
2025-08-21 11:55:19.144,-394512,-426226,-444275,-432742,2,2,2,2
2025-08-21 11:55:19.144,-394510,-426226,-427891,-432678,2,2,2,2
2025-08-21 11:55:19.144,-394593,-425990,-427911,-432699,2,2,2,2
2025-08-21 11:55:19.145,-394616,-426009,-427995,-432784,2,2,2,2
2025-08-21 11:55:19.145,-394629,-426022,-428009,-449214,2,2,2,2
2025-08-21 11:55:19.145,-394632,-426026,-428011,-449248,2,2,2,2
2025-08-21 11:55:19.145,-394694,-426089,-444358,-432796,2,2,2,2
2025-08-21 11:55:19.146,-394626,-442440,-428007,-440987,2,2,2,2
2025-08-21 11:55:19.146,-394698,-426100,-444403,-432868,2,2,2,2
2025-08-21 11:55:19.146,-394631,-426035,-428016,-449250,2,2,2,2
2025-08-21 11:55:19.146,-394615,-426018,-427936,-449168,2,2,2,2
2025-08-21 11:55:19.147,-394538,-426000,-444338,-432771,2,2,2,2
2025-08-21 11:55:19.147,-394604,-442384,-427923,-449152,2,2,2,2
2025-08-21 11:55:19.147,-394596,-442381,-427920,-449145,2,2,2,2
2025-08-21 11:55:19.147,-394570,-426003,-444309,-432766,2,2,2,2
2025-08-21 11:55:19.148,-394640,-426102,-428023,-432868,2,2,2,2
2025-08-21 11:55:19.148,-394721,-426116,-444419,-432887,2,2,2,2
2025-08-21 11:55:19.148,-394721,-442500,-428036,-449271,2,2,2,2
2025-08-21 11:55:19.149,-394684,-426110,-428031,-432879,2,2,2,2
2025-08-21 11:55:19.149,-394647,-426104,-428030,-432877,2,2,2,2
2025-08-21 11:55:19.150,-394710,-426102,-428029,-432878,2,2,2,2
2025-08-21 11:55:19.150,-394649,-426037,-428027,-449227,2,2,2,2
2025-08-21 11:55:19.150,-394706,-426094,-444402,-432866,2,2,2,2
2025-08-21 11:55:19.151,-394621,-426010,-427936,-432842,2,2,2,2
2025-08-21 11:55:19.151,-394612,-442392,-427931,-449160,2,2,2,2
2025-08-21 11:55:19.151,-394607,-426002,-427993,-432769,2,2,2,2
2025-08-21 11:55:19.151,-394608,-426002,-427928,-449154,2,2,2,2
2025-08-21 11:55:19.152,-394696,-426090,-444397,-432793,2,2,2,2
2025-08-21 11:55:19.152,-394634,-442478,-428013,-440988,2,2,2,2
2025-08-21 11:55:19.152,-394614,-442431,-427933,-440972,2,2,2,2
2025-08-21 11:55:19.152,-394539,-426004,-427987,-432770,2,2,2,2
2025-08-21 11:55:19.153,-394604,-426006,-427927,-449157,2,2,2,2
2025-08-21 11:55:19.153,-394612,-426013,-427932,-449226,2,2,2,2
2025-08-21 11:55:19.153,-394557,-426083,-444358,-432789,2,2,2,2
2025-08-21 11:55:19.153,-394613,-442397,-427935,-440979,2,2,2,2
2025-08-21 11:55:19.154,-394605,-426004,-427926,-432843,2,2,2,2
2025-08-21 11:55:19.154,-394601,-425999,-427924,-449161,2,2,2,2
2025-08-21 11:55:19.154,-394602,-425999,-427990,-432781,2,2,2,2
2025-08-21 11:55:19.155,-394514,-426233,-444283,-432751,2,2,2,2
2025-08-21 11:55:19.155,-394507,-426227,-427895,-432682,2,2,2,2
2025-08-21 11:55:19.155,-394512,-426234,-427897,-432688,2,2,2,2
2025-08-21 11:55:19.155,-394513,-426237,-427832,-432753,2,2,2,2
2025-08-21 11:55:19.156,-394509,-442614,-427892,-440935,2,2,2,2
2025-08-21 11:55:19.156,-394508,-426225,-444209,-432739,2,2,2,2
2025-08-21 11:55:19.156,-394494,-442596,-427876,-449044,2,2,2,2
2025-08-21 11:55:19.157,-394472,-426188,-427791,-449023,2,2,2,2
2025-08-21 11:55:19.157,-394462,-426112,-444165,-432627,2,2,2,2
2025-08-21 11:55:19.157,-394471,-426186,-427790,-449020,2,2,2,2
2025-08-21 11:55:19.157,-394495,-426210,-444199,-432658,2,2,2,2
2025-08-21 11:55:19.158,-394498,-426209,-427821,-432661,2,2,2,2
2025-08-21 11:55:19.158,-394492,-426207,-427884,-449044,2,2,2,2
2025-08-21 11:55:19.158,-394504,-426219,-444278,-432671,2,2,2,2
2025-08-21 11:55:19.159,-394605,-442380,-427927,-440963,2,2,2,2
2025-08-21 11:55:19.159,-394601,-425994,-427929,-432839,2,2,2,2
2025-08-21 11:55:19.159,-394610,-442389,-428002,-449169,2,2,2,2
2025-08-21 11:55:19.159,-394559,-426015,-444396,-432795,2,2,2,2
2025-08-21 11:55:19.160,-394559,-426081,-444360,-432793,2,2,2,2
2025-08-21 11:55:19.160,-394618,-442399,-428001,-440983,2,2,2,2
2025-08-21 11:55:19.160,-394621,-426081,-428002,-432857,2,2,2,2
2025-08-21 11:55:19.160,-394624,-426082,-428002,-432793,2,2,2,2
2025-08-21 11:55:19.161,-394627,-426081,-428009,-432795,2,2,2,2
2025-08-21 11:55:19.161,-394554,-426007,-444352,-432784,2,2,2,2
2025-08-21 11:55:19.161,-394550,-426004,-444344,-432777,2,2,2,2
2025-08-21 11:55:19.161,-394610,-442383,-427921,-440966,2,2,2,2
2025-08-21 11:55:19.162,-394597,-425988,-427911,-432700,2,2,2,2
2025-08-21 11:55:19.162,-394604,-425999,-427919,-449149,2,2,2,2
2025-08-21 11:55:19.162,-394532,-425988,-444291,-432752,2,2,2,2
2025-08-21 11:55:19.163,-394519,-426232,-444216,-432739,2,2,2,2
2025-08-21 11:55:19.163,-394546,-426224,-444274,-432667,2,2,2,2
2025-08-21 11:55:19.163,-394504,-426217,-427882,-432658,2,2,2,2
2025-08-21 11:55:19.163,-394486,-426139,-427805,-432644,2,2,2,2
2025-08-21 11:55:19.164,-394482,-426139,-427807,-432646,2,2,2,2
2025-08-21 11:55:19.164,-394485,-442560,-427808,-449032,2,2,2,2
2025-08-21 11:55:19.164,-394478,-442584,-427800,-449026,2,2,2,2
2025-08-21 11:55:19.165,-394479,-426139,-444188,-432644,2,2,2,2
2025-08-21 11:55:19.165,-394492,-426214,-444232,-432657,2,2,2,2
2025-08-21 11:55:19.165,-394493,-426213,-427880,-432659,2,2,2,2
2025-08-21 11:55:19.165,-394499,-426217,-427884,-432665,2,2,2,2
2025-08-21 11:55:19.166,-394494,-426211,-427814,-432660,2,2,2,2
2025-08-21 11:55:19.169,-394493,-426213,-444268,-432660,2,2,2,2
2025-08-21 11:55:19.169,-394394,-426104,-427779,-432614,2,2,2,2
2025-08-21 11:55:19.170,-394366,-426014,-428010,-432586,2,2,2,2
2025-08-21 11:55:19.170,-394363,-426012,-428008,-448906,2,2,2,2
2025-08-21 11:55:19.170,-394369,-426018,-428015,-448946,2,2,2,2
2025-08-21 11:55:19.170,-394433,-426016,-444365,-432530,2,2,2,2
2025-08-21 11:55:19.170,-394357,-442419,-427935,-440710,2,2,2,2
2025-08-21 11:55:19.170,-394351,-425993,-427926,-432445,2,2,2,2
2025-08-21 11:55:19.171,-394361,-426007,-428003,-432521,2,2,2,2
2025-08-21 11:55:19.171,-394379,-426026,-428025,-448956,2,2,2,2
2025-08-21 11:55:19.171,-394371,-442395,-428015,-440720,2,2,2,2
2025-08-21 11:55:19.171,-394372,-442426,-428017,-440722,2,2,2,2
2025-08-21 11:55:19.171,-394424,-426091,-427779,-432613,2,2,2,2
2025-08-21 11:55:19.172,-394471,-426177,-427801,-449017,2,2,2,2
2025-08-21 11:55:19.172,-394500,-426202,-427891,-449076,2,2,2,2
2025-08-21 11:55:19.172,-394506,-426208,-427898,-432666,2,2,2,2
2025-08-21 11:55:19.172,-394520,-442575,-427910,-440934,2,2,2,2
2025-08-21 11:55:19.172,-394601,-442623,-427925,-449138,2,2,2,2
2025-08-21 11:55:19.172,-394596,-426238,-427986,-432751,2,2,2,2
2025-08-21 11:55:19.173,-394478,-426192,-427803,-449025,2,2,2,2
2025-08-21 11:55:19.173,-394399,-426114,-427789,-432625,2,2,2,2
2025-08-21 11:55:19.173,-394397,-442492,-427783,-449004,2,2,2,2
2025-08-21 11:55:19.173,-394389,-426037,-428032,-449000,2,2,2,2
2025-08-21 11:55:19.173,-394434,-426082,-444396,-432530,2,2,2,2
2025-08-21 11:55:19.173,-394355,-426002,-427931,-448961,2,2,2,2
2025-08-21 11:55:19.174,-394346,-425993,-427923,-432442,2,2,2,2
2025-08-21 11:55:19.174,-394283,-425987,-427987,-432508,2,2,2,2
2025-08-21 11:55:19.174,-394342,-409599,-427921,-448890,2,2,2,2
2025-08-21 11:55:19.174,-394268,-425970,-444292,-432496,2,2,2,2
2025-08-21 11:55:19.174,-394259,-409581,-427895,-440681,2,2,2,2
2025-08-21 11:55:19.175,-394254,-425961,-427893,-432425,2,2,2,2
2025-08-21 11:55:19.175,-394253,-425960,-427827,-432487,2,2,2,2
2025-08-21 11:55:19.175,-394257,-425968,-427833,-432491,2,2,2,2
2025-08-21 11:55:19.175,-394253,-425966,-427895,-448843,2,2,2,2
2025-08-21 11:55:19.176,-394306,-425985,-427910,-432448,2,2,2,2
2025-08-21 11:55:19.176,-394301,-425982,-427906,-432447,2,2,2,2
2025-08-21 11:55:19.176,-394337,-425986,-427977,-432516,2,2,2,2
2025-08-21 11:55:19.177,-394270,-425983,-427916,-448901,2,2,2,2
2025-08-21 11:55:19.177,-394281,-425994,-444377,-432528,2,2,2,2
2025-08-21 11:55:19.177,-394434,-426087,-444398,-432614,2,2,2,2
2025-08-21 11:55:19.177,-394382,-442481,-428024,-449008,2,2,2,2
2025-08-21 11:55:19.178,-394418,-426102,-444413,-432625,2,2,2,2
2025-08-21 11:55:19.178,-394380,-426101,-428023,-432625,2,2,2,2
2025-08-21 11:55:19.179,-394448,-426107,-428028,-432630,2,2,2,2
2025-08-21 11:55:19.179,-394400,-426123,-427785,-432646,2,2,2,2
2025-08-21 11:55:19.179,-394469,-426125,-444168,-432651,2,2,2,2
2025-08-21 11:55:19.180,-394490,-426203,-427800,-432664,2,2,2,2
2025-08-21 11:55:19.180,-394483,-426129,-427795,-432660,2,2,2,2
2025-08-21 11:55:19.180,-394474,-426122,-427789,-432654,2,2,2,2
2025-08-21 11:55:19.180,-394466,-426179,-427779,-449028,2,2,2,2
2025-08-21 11:55:19.181,-394452,-426100,-444408,-432630,2,2,2,2
2025-08-21 11:55:19.181,-394467,-442502,-427784,-440837,2,2,2,2
2025-08-21 11:55:19.181,-394485,-442550,-427799,-440853,2,2,2,2
2025-08-21 11:55:19.181,-394483,-426136,-427799,-432662,2,2,2,2
2025-08-21 11:55:19.182,-394471,-426124,-427787,-432649,2,2,2,2
2025-08-21 11:55:19.182,-394465,-426115,-444166,-432643,2,2,2,2
2025-08-21 11:55:19.182,-394461,-426110,-444415,-432639,2,2,2,2
2025-08-21 11:55:19.182,-394389,-442485,-428020,-440821,2,2,2,2
2025-08-21 11:55:19.183,-394367,-426016,-428001,-432611,2,2,2,2
2025-08-21 11:55:19.183,-394364,-426015,-427934,-448962,2,2,2,2
2025-08-21 11:55:19.183,-394467,-426186,-427784,-449032,2,2,2,2
2025-08-21 11:55:19.184,-394468,-426125,-444172,-432650,2,2,2,2
2025-08-21 11:55:19.184,-394396,-426110,-427778,-432640,2,2,2,2
2025-08-21 11:55:19.184,-394434,-426111,-444167,-432641,2,2,2,2
2025-08-21 11:55:19.184,-394479,-426119,-444182,-432653,2,2,2,2
2025-08-21 11:55:19.185,-394481,-426182,-427799,-432654,2,2,2,2
2025-08-21 11:55:19.185,-394475,-426111,-427795,-432646,2,2,2,2
2025-08-21 11:55:19.185,-394469,-442423,-427786,-449022,2,2,2,2
2025-08-21 11:55:19.186,-394383,-426083,-444403,-432614,2,2,2,2
2025-08-21 11:55:19.186,-394436,-426010,-444397,-432540,2,2,2,2
2025-08-21 11:55:19.186,-394368,-442392,-428011,-440727,2,2,2,2
2025-08-21 11:55:19.186,-394364,-426004,-428006,-432595,2,2,2,2
2025-08-21 11:55:19.187,-394358,-425994,-427999,-432520,2,2,2,2
2025-08-21 11:55:19.187,-394356,-425989,-427930,-448904,2,2,2,2
2025-08-21 11:55:19.187,-394376,-426008,-428013,-448953,2,2,2,2
2025-08-21 11:55:19.187,-394460,-426091,-444414,-432622,2,2,2,2
2025-08-21 11:55:19.188,-394388,-442437,-428023,-440806,2,2,2,2
2025-08-21 11:55:19.188,-394429,-426093,-444413,-432620,2,2,2,2
2025-08-21 11:55:19.188,-394466,-426098,-427781,-432627,2,2,2,2
2025-08-21 11:55:19.188,-394392,-426023,-428030,-448970,2,2,2,2
2025-08-21 11:55:19.189,-394438,-426011,-444402,-432540,2,2,2,2
2025-08-21 11:55:19.189,-394368,-426004,-428011,-432530,2,2,2,2
2025-08-21 11:55:19.189,-394355,-442380,-427935,-448904,2,2,2,2
2025-08-21 11:55:19.189,-394305,-425980,-427919,-432441,2,2,2,2
2025-08-21 11:55:19.190,-394253,-425956,-427832,-432483,2,2,2,2
2025-08-21 11:55:19.190,-394246,-425883,-427884,-432405,2,2,2,2
2025-08-21 11:55:19.190,-394254,-425888,-427890,-432410,2,2,2,2
2025-08-21 11:55:19.190,-394269,-425969,-427838,-432490,2,2,2,2
2025-08-21 11:55:19.191,-394342,-409590,-427908,-448877,2,2,2,2
2025-08-21 11:55:19.191,-394341,-425974,-427907,-448844,2,2,2,2
2025-08-21 11:55:19.191,-394253,-425950,-427885,-432413,2,2,2,2
2025-08-21 11:55:19.192,-394245,-425877,-427879,-432407,2,2,2,2
2025-08-21 11:55:19.192,-394245,-425881,-444267,-432407,2,2,2,2
2025-08-21 11:55:19.192,-394242,-425942,-427879,-448818,2,2,2,2
2025-08-21 11:55:19.192,-394493,-425864,-444191,-432390,2,2,2,2
2025-08-21 11:55:19.193,-394244,-425872,-444232,-432401,2,2,2,2
2025-08-21 11:55:19.193,-394254,-425882,-427889,-432413,2,2,2,2
2025-08-21 11:55:19.193,-394250,-425878,-427825,-432407,2,2,2,2
2025-08-21 11:55:19.193,-394246,-425939,-427888,-448790,2,2,2,2
2025-08-21 11:55:19.194,-394249,-425943,-427890,-448827,2,2,2,2
2025-08-21 11:55:19.194,-394272,-425965,-444291,-432496,2,2,2,2
2025-08-21 11:55:19.194,-394349,-409599,-427919,-440706,2,2,2,2
2025-08-21 11:55:19.194,-394346,-425982,-427916,-432577,2,2,2,2
2025-08-21 11:55:19.195,-394289,-425956,-427890,-432423,2,2,2,2
2025-08-21 11:55:19.195,-394496,-425875,-444258,-432404,2,2,2,2
2025-08-21 11:55:19.195,-394488,-425867,-444186,-432394,2,2,2,2
2025-08-21 11:55:19.195,-394493,-409486,-427803,-440588,2,2,2,2
2025-08-21 11:55:19.196,-394241,-409488,-427805,-440590,2,2,2,2
2025-08-21 11:55:19.196,-394242,-425874,-444190,-432397,2,2,2,2
2025-08-21 11:55:19.196,-394248,-425883,-427817,-432405,2,2,2,2
2025-08-21 11:55:19.196,-394259,-425960,-427895,-448836,2,2,2,2
2025-08-21 11:55:19.197,-394340,-425972,-427918,-432442,2,2,2,2
2025-08-21 11:55:19.197,-394348,-425975,-427929,-432578,2,2,2,2
2025-08-21 11:55:19.197,-394340,-409580,-427921,-448886,2,2,2,2
2025-08-21 11:55:19.197,-394299,-425955,-444291,-432491,2,2,2,2
2025-08-21 11:55:19.198,-394259,-425882,-444277,-432483,2,2,2,2
2025-08-21 11:55:19.198,-394250,-425877,-444203,-432411,2,2,2,2
2025-08-21 11:55:19.198,-394495,-409483,-427807,-448784,2,2,2,2
2025-08-21 11:55:19.199,-394489,-425928,-427806,-448781,2,2,2,2
2025-08-21 11:55:19.199,-394241,-425872,-444261,-432407,2,2,2,2
2025-08-21 11:55:19.199,-394255,-425888,-427888,-432420,2,2,2,2
2025-08-21 11:55:19.200,-394255,-425885,-427885,-432416,2,2,2,2
2025-08-21 11:55:19.200,-394265,-425955,-427829,-432491,2,2,2,2
2025-08-21 11:55:19.200,-394337,-425958,-427898,-448845,2,2,2,2
2025-08-21 11:55:19.200,-394290,-425973,-444299,-432508,2,2,2,2
2025-08-21 11:55:19.201,-394371,-442377,-427936,-440720,2,2,2,2
2025-08-21 11:55:19.201,-394396,-426014,-428023,-432614,2,2,2,2
2025-08-21 11:55:19.201,-394481,-426101,-427788,-432640,2,2,2,2
2025-08-21 11:55:19.201,-394491,-426048,-427799,-449033,2,2,2,2
2025-08-21 11:55:19.202,-394497,-426181,-427873,-449040,2,2,2,2
2025-08-21 11:55:19.202,-394499,-442501,-427873,-440847,2,2,2,2
2025-08-21 11:55:19.202,-394499,-442498,-427877,-440845,2,2,2,2
2025-08-21 11:55:19.202,-394512,-426128,-427890,-432665,2,2,2,2
2025-08-21 11:55:19.203,-394516,-426132,-427829,-432665,2,2,2,2
2025-08-21 11:55:19.203,-394523,-426198,-427900,-432670,2,2,2,2
2025-08-21 11:55:19.203,-394510,-426122,-444274,-432662,2,2,2,2
2025-08-21 11:55:19.203,-394493,-426109,-444191,-432646,2,2,2,2
2025-08-21 11:55:19.204,-394468,-442439,-427781,-449007,2,2,2,2
2025-08-21 11:55:19.204,-394389,-426011,-428022,-432544,2,2,2,2
2025-08-21 11:55:19.205,-394268,-425964,-427901,-432429,2,2,2,2
2025-08-21 11:55:19.205,-394244,-425872,-427880,-432404,2,2,2,2
2025-08-21 11:55:19.205,-394488,-425861,-427803,-432392,2,2,2,2
2025-08-21 11:55:19.205,-394479,-425856,-444186,-432385,2,2,2,2
2025-08-21 11:55:19.206,-394496,-409484,-427880,-440591,2,2,2,2
2025-08-21 11:55:19.206,-394243,-425870,-444201,-432400,2,2,2,2
2025-08-21 11:55:19.206,-394251,-425880,-427823,-432406,2,2,2,2
2025-08-21 11:55:19.207,-394258,-425951,-427895,-448830,2,2,2,2
2025-08-21 11:55:19.207,-394261,-425954,-444280,-432482,2,2,2,2
2025-08-21 11:55:19.207,-394266,-409576,-427903,-432484,2,2,2,2
2025-08-21 11:55:19.207,-394270,-425960,-427904,-432424,2,2,2,2
2025-08-21 11:55:19.208,-394268,-425963,-427973,-432489,2,2,2,2
2025-08-21 11:55:19.208,-394345,-425973,-427988,-432502,2,2,2,2
2025-08-21 11:55:19.208,-394362,-425990,-428007,-448902,2,2,2,2
2025-08-21 11:55:19.208,-394455,-426084,-444165,-432613,2,2,2,2
2025-08-21 11:55:19.209,-394477,-442488,-427802,-440825,2,2,2,2
2025-08-21 11:55:19.209,-394507,-426133,-427828,-432661,2,2,2,2
2025-08-21 11:55:19.209,-394528,-426219,-427973,-432747,2,2,2,2
2025-08-21 11:55:19.209,-394528,-426216,-427907,-449101,2,2,2,2
2025-08-21 11:55:19.210,-394522,-426212,-444279,-432740,2,2,2,2
2025-08-21 11:55:19.210,-394503,-426128,-427877,-432660,2,2,2,2
2025-08-21 11:55:19.210,-394492,-442502,-427805,-449032,2,2,2,2
2025-08-21 11:55:19.210,-394495,-426122,-427873,-432652,2,2,2,2
2025-08-21 11:55:19.211,-394499,-426132,-427811,-432657,2,2,2,2
2025-08-21 11:55:19.211,-394492,-426130,-444221,-432650,2,2,2,2
2025-08-21 11:55:19.211,-394495,-442552,-427875,-440849,2,2,2,2
2025-08-21 11:55:19.212,-394504,-426142,-427881,-432667,2,2,2,2
2025-08-21 11:55:19.212,-394504,-426138,-444262,-432663,2,2,2,2
2025-08-21 11:55:19.212,-394512,-426210,-427886,-432677,2,2,2,2
2025-08-21 11:55:19.213,-394514,-426212,-444204,-432742,2,2,2,2
2025-08-21 11:55:19.213,-394518,-442566,-427884,-449125,2,2,2,2
2025-08-21 11:55:19.213,-394513,-426205,-427883,-449122,2,2,2,2
2025-08-21 11:55:19.213,-394512,-426139,-444267,-432672,2,2,2,2
2025-08-21 11:55:19.214,-394516,-426213,-427895,-432675,2,2,2,2
2025-08-21 11:55:19.214,-394530,-426231,-427976,-432755,2,2,2,2
2025-08-21 11:55:19.214,-394612,-425996,-427928,-449157,2,2,2,2
2025-08-21 11:55:19.215,-394552,-426002,-444318,-432781,2,2,2,2
2025-08-21 11:55:19.215,-394630,-442424,-428012,-440987,2,2,2,2
2025-08-21 11:55:19.215,-394632,-442393,-428016,-440991,2,2,2,2
2025-08-21 11:55:19.215,-394630,-426003,-428013,-432861,2,2,2,2
2025-08-21 11:55:19.216,-394622,-425994,-428004,-432786,2,2,2,2
2025-08-21 11:55:19.216,-394619,-425991,-427933,-449231,2,2,2,2
2025-08-21 11:55:19.216,-394550,-425986,-444313,-432777,2,2,2,2
2025-08-21 11:55:19.216,-394607,-442618,-427922,-432769,2,2,2,2
2025-08-21 11:55:19.217,-394527,-426218,-427908,-432689,2,2,2,2
2025-08-21 11:55:19.217,-394494,-426120,-427812,-432656,2,2,2,2
2025-08-21 11:55:19.217,-394477,-426098,-427795,-432640,2,2,2,2
2025-08-21 11:55:19.217,-394484,-426036,-427798,-449026,2,2,2,2
2025-08-21 11:55:19.218,-394472,-426091,-444172,-432630,2,2,2,2
2025-08-21 11:55:19.218,-394478,-442415,-427794,-449019,2,2,2,2
2025-08-21 11:55:19.218,-394485,-426101,-427800,-432641,2,2,2,2
2025-08-21 11:55:19.218,-394492,-426109,-427808,-432647,2,2,2,2
2025-08-21 11:55:19.219,-394508,-426188,-427886,-449079,2,2,2,2
2025-08-21 11:55:19.219,-394521,-426141,-427900,-432677,2,2,2,2
2025-08-21 11:55:19.219,-394528,-426210,-444355,-432749,2,2,2,2
2025-08-21 11:55:19.219,-394600,-442570,-427916,-449147,2,2,2,2
2025-08-21 11:55:19.220,-394615,-426231,-427929,-432843,2,2,2,2
2025-08-21 11:55:19.220,-394617,-426233,-427932,-449232,2,2,2,2
2025-08-21 11:55:19.220,-394619,-426236,-428008,-432853,2,2,2,2
2025-08-21 11:55:19.221,-394622,-442624,-428009,-440984,2,2,2,2
2025-08-21 11:55:19.221,-394616,-426236,-428001,-432786,2,2,2,2
2025-08-21 11:55:19.221,-394610,-426230,-444315,-432780,2,2,2,2
2025-08-21 11:55:19.222,-394599,-426220,-427920,-432834,2,2,2,2
2025-08-21 11:55:19.222,-394536,-426217,-427983,-432774,2,2,2,2
2025-08-21 11:55:19.222,-394595,-426213,-427979,-432770,2,2,2,2
2025-08-21 11:55:19.222,-394593,-426209,-427909,-449151,2,2,2,2
2025-08-21 11:55:19.223,-394526,-426212,-444292,-432765,2,2,2,2
2025-08-21 11:55:19.223,-394521,-442523,-427903,-440949,2,2,2,2
2025-08-21 11:55:19.223,-394524,-426137,-427904,-432690,2,2,2,2
2025-08-21 11:55:19.223,-394534,-426209,-427976,-432761,2,2,2,2
2025-08-21 11:55:19.224,-394522,-426137,-427838,-432752,2,2,2,2
2025-08-21 11:55:19.224,-394546,-426221,-444304,-432772,2,2,2,2
2025-08-21 11:55:19.224,-394615,-442609,-427922,-440970,2,2,2,2
2025-08-21 11:55:19.225,-394595,-442558,-427902,-449143,2,2,2,2
2025-08-21 11:55:19.225,-394522,-426197,-427895,-449139,2,2,2,2
2025-08-21 11:55:19.225,-394510,-426184,-427884,-449097,2,2,2,2
2025-08-21 11:55:19.225,-394501,-426110,-444259,-432668,2,2,2,2
2025-08-21 11:55:19.226,-394504,-426111,-444231,-432670,2,2,2,2
2025-08-21 11:55:19.226,-394521,-426128,-427829,-432745,2,2,2,2
2025-08-21 11:55:19.226,-394553,-426121,-427890,-432676,2,2,2,2
2025-08-21 11:55:19.226,-394505,-426107,-427807,-432657,2,2,2,2
2025-08-21 11:55:19.227,-394506,-426114,-444228,-432663,2,2,2,2
2025-08-21 11:55:19.227,-394494,-442488,-427798,-440842,2,2,2,2
2025-08-21 11:55:19.227,-394477,-426084,-427782,-432632,2,2,2,2
2025-08-21 11:55:19.228,-394433,-426008,-444411,-432617,2,2,2,2
2025-08-21 11:55:19.228,-394477,-426025,-427787,-449016,2,2,2,2
2025-08-21 11:55:19.228,-394475,-426090,-444173,-432632,2,2,2,2
2025-08-21 11:55:19.229,-394466,-426013,-428032,-432622,2,2,2,2
2025-08-21 11:55:19.229,-394399,-426008,-428025,-449005,2,2,2,2
2025-08-21 11:55:19.229,-394466,-426009,-444409,-432622,2,2,2,2
2025-08-21 11:55:19.229,-394473,-426017,-428028,-448974,2,2,2,2
2025-08-21 11:55:19.230,-394469,-426012,-428024,-432617,2,2,2,2
2025-08-21 11:55:19.230,-394387,-425993,-428011,-432535,2,2,2,2
2025-08-21 11:55:19.230,-394375,-409598,-428003,-448910,2,2,2,2
2025-08-21 11:55:19.230,-394382,-425990,-444394,-432537,2,2,2,2
2025-08-21 11:55:19.231,-394442,-425985,-444388,-432538,2,2,2,2
2025-08-21 11:55:19.231,-394385,-425991,-428009,-432607,2,2,2,2
2025-08-21 11:55:19.231,-394467,-426011,-428025,-432627,2,2,2,2
2025-08-21 11:55:19.231,-394486,-426095,-427791,-432648,2,2,2,2
2025-08-21 11:55:19.232,-394492,-426041,-427796,-449037,2,2,2,2
2025-08-21 11:55:19.232,-394496,-426109,-444214,-432655,2,2,2,2
2025-08-21 11:55:19.232,-394505,-442499,-427802,-440853,2,2,2,2
2025-08-21 11:55:19.233,-394510,-426119,-427808,-432670,2,2,2,2
2025-08-21 11:55:19.233,-394518,-426190,-427880,-449093,2,2,2,2
2025-08-21 11:55:19.233,-394623,-426232,-427915,-449229,2,2,2,2
2025-08-21 11:55:19.234,-394702,-425993,-444380,-432798,2,2,2,2
2025-08-21 11:55:19.234,-394634,-442374,-427927,-449249,2,2,2,2
2025-08-21 11:55:19.234,-394621,-426234,-427985,-432793,2,2,2,2
2025-08-21 11:55:19.234,-394628,-426238,-427986,-432798,2,2,2,2
2025-08-21 11:55:19.235,-394653,-426004,-428008,-449269,2,2,2,2
2025-08-21 11:55:19.235,-394733,-442436,-428022,-440835,2,2,2,2
2025-08-21 11:55:19.235,-394725,-442430,-428019,-441084,2,2,2,2
2025-08-21 11:55:19.235,-394644,-442380,-428005,-449257,2,2,2,2
2025-08-21 11:55:19.236,-394625,-426233,-427985,-432793,2,2,2,2
2025-08-21 11:55:19.236,-394626,-426233,-427926,-432852,2,2,2,2
2025-08-21 11:55:19.236,-394553,-426228,-444368,-432783,2,2,2,2
2025-08-21 11:55:19.237,-394606,-442573,-427911,-449158,2,2,2,2
2025-08-21 11:55:19.237,-394594,-426206,-427898,-449148,2,2,2,2
2025-08-21 11:55:19.237,-394509,-426122,-444263,-432742,2,2,2,2
2025-08-21 11:55:19.238,-394503,-426118,-427808,-432668,2,2,2,2
2025-08-21 11:55:19.238,-394498,-442432,-427803,-449049,2,2,2,2
2025-08-21 11:55:19.238,-394499,-426177,-427806,-449048,2,2,2,2
2025-08-21 11:55:19.238,-394512,-426129,-444268,-432746,2,2,2,2
2025-08-21 11:55:19.239,-394489,-426106,-427798,-432661,2,2,2,2
2025-08-21 11:55:19.239,-394398,-426082,-428029,-432634,2,2,2,2
2025-08-21 11:55:19.239,-394392,-426011,-428024,-432626,2,2,2,2
2025-08-21 11:55:19.240,-394398,-426013,-428026,-449015,2,2,2,2
2025-08-21 11:55:19.240,-394478,-426025,-427782,-449027,2,2,2,2
2025-08-21 11:55:19.240,-394481,-426091,-444168,-432644,2,2,2,2
2025-08-21 11:55:19.240,-394467,-442432,-428025,-440825,2,2,2,2
2025-08-21 11:55:19.241,-394430,-426013,-428022,-432630,2,2,2,2
2025-08-21 11:55:19.241,-394397,-426015,-428023,-432631,2,2,2,2
2025-08-21 11:55:19.241,-394396,-426012,-428019,-449016,2,2,2,2
2025-08-21 11:55:19.241,-394459,-426011,-444401,-432632,2,2,2,2
2025-08-21 11:55:19.242,-394467,-442433,-428024,-440834,2,2,2,2
2025-08-21 11:55:19.242,-394466,-426013,-428025,-432642,2,2,2,2
2025-08-21 11:55:19.242,-394481,-426091,-444169,-432651,2,2,2,2
2025-08-21 11:55:19.243,-394502,-426047,-427801,-449053,2,2,2,2
2025-08-21 11:55:19.243,-394525,-426135,-444207,-432753,2,2,2,2
2025-08-21 11:55:19.243,-394596,-426144,-427834,-432760,2,2,2,2
2025-08-21 11:55:19.243,-394558,-426141,-427893,-432692,2,2,2,2
2025-08-21 11:55:19.244,-394524,-426140,-427823,-432750,2,2,2,2
2025-08-21 11:55:19.244,-394513,-426128,-427875,-432674,2,2,2,2
2025-08-21 11:55:19.244,-394507,-426117,-444219,-432664,2,2,2,2
2025-08-21 11:55:19.244,-394502,-426117,-427803,-432663,2,2,2,2
2025-08-21 11:55:19.245,-394514,-442578,-427885,-449131,2,2,2,2
2025-08-21 11:55:19.245,-394527,-426142,-444282,-432761,2,2,2,2
2025-08-21 11:55:19.245,-394611,-426224,-427919,-432843,2,2,2,2
2025-08-21 11:55:19.246,-394551,-426229,-444372,-432785,2,2,2,2
2025-08-21 11:55:19.246,-394614,-426232,-427986,-432787,2,2,2,2
2025-08-21 11:55:19.246,-394612,-426228,-427915,-449166,2,2,2,2
2025-08-21 11:55:19.246,-394544,-426224,-444297,-432776,2,2,2,2
2025-08-21 11:55:19.247,-394573,-426215,-427906,-432699,2,2,2,2
2025-08-21 11:55:19.247,-394568,-426209,-427896,-432690,2,2,2,2
2025-08-21 11:55:19.247,-394608,-426218,-427839,-432762,2,2,2,2
2025-08-21 11:55:19.248,-394544,-426217,-444285,-432765,2,2,2,2
2025-08-21 11:55:19.248,-394529,-426137,-444204,-432755,2,2,2,2
2025-08-21 11:55:19.248,-394506,-442498,-427801,-440862,2,2,2,2
2025-08-21 11:55:19.248,-394504,-426112,-427799,-432664,2,2,2,2
2025-08-21 11:55:19.249,-394505,-426111,-427802,-432662,2,2,2,2
2025-08-21 11:55:19.249,-394501,-426106,-444214,-432656,2,2,2,2
2025-08-21 11:55:19.249,-394497,-426036,-427796,-449035,2,2,2,2
2025-08-21 11:55:19.249,-394503,-426106,-444214,-432658,2,2,2,2
2025-08-21 11:55:19.250,-394504,-442498,-427802,-440858,2,2,2,2
2025-08-21 11:55:19.250,-394504,-426117,-444188,-432668,2,2,2,2
2025-08-21 11:55:19.250,-394503,-426115,-427806,-432665,2,2,2,2
2025-08-21 11:55:19.251,-394521,-426195,-427888,-449101,2,2,2,2
2025-08-21 11:55:19.251,-394525,-426200,-427896,-432689,2,2,2,2
2025-08-21 11:55:19.251,-394520,-426130,-427828,-432746,2,2,2,2
2025-08-21 11:55:19.251,-394518,-442580,-427893,-449130,2,2,2,2
2025-08-21 11:55:19.251,-394553,-426136,-444279,-432752,2,2,2,2
2025-08-21 11:55:19.252,-394503,-426116,-444229,-432671,2,2,2,2
2025-08-21 11:55:19.252,-394487,-426097,-444180,-432652,2,2,2,2
2025-08-21 11:55:19.252,-394479,-442438,-427781,-449024,2,2,2,2
2025-08-21 11:55:19.253,-394469,-426011,-428027,-449016,2,2,2,2
2025-08-21 11:55:19.253,-394397,-426003,-428018,-449009,2,2,2,2
2025-08-21 11:55:19.253,-394496,-426104,-427794,-432659,2,2,2,2
2025-08-21 11:55:19.254,-394500,-426102,-427798,-432658,2,2,2,2
2025-08-21 11:55:19.254,-394504,-426105,-444186,-432664,2,2,2,2
2025-08-21 11:55:19.254,-394516,-426179,-427876,-449091,2,2,2,2
2025-08-21 11:55:19.255,-394512,-442496,-427876,-440930,2,2,2,2
2025-08-21 11:55:19.255,-394502,-442483,-427803,-449046,2,2,2,2
2025-08-21 11:55:19.255,-394499,-426099,-427803,-432662,2,2,2,2
2025-08-21 11:55:19.255,-394504,-426042,-427806,-449084,2,2,2,2
2025-08-21 11:55:19.256,-394510,-426048,-427875,-449089,2,2,2,2
2025-08-21 11:55:19.256,-394518,-426120,-444235,-432745,2,2,2,2
2025-08-21 11:55:19.256,-394514,-442509,-427884,-440938,2,2,2,2
2025-08-21 11:55:19.256,-394506,-426119,-427882,-432673,2,2,2,2
2025-08-21 11:55:19.257,-394492,-426102,-444184,-432656,2,2,2,2
2025-08-21 11:55:19.257,-394478,-426024,-427785,-449024,2,2,2,2
2025-08-21 11:55:19.257,-394473,-426087,-444167,-432636,2,2,2,2
2025-08-21 11:55:19.257,-394482,-442475,-427794,-440834,2,2,2,2
2025-08-21 11:55:19.258,-394484,-442443,-427797,-449031,2,2,2,2
2025-08-21 11:55:19.258,-394492,-426098,-427801,-432658,2,2,2,2
2025-08-21 11:55:19.258,-394487,-426095,-427796,-432654,2,2,2,2
2025-08-21 11:55:19.258,-394467,-426011,-428030,-449017,2,2,2,2
2025-08-21 11:55:19.259,-394438,-425980,-444354,-432540,2,2,2,2
2025-08-21 11:55:19.259,-394348,-425951,-427908,-448898,2,2,2,2
2025-08-21 11:55:19.259,-394302,-425871,-427890,-432432,2,2,2,2
2025-08-21 11:55:19.259,-394270,-425870,-427826,-432495,2,2,2,2
2025-08-21 11:55:19.260,-394282,-425885,-427976,-432513,2,2,2,2
2025-08-21 11:55:19.260,-394285,-425953,-444364,-432517,2,2,2,2
2025-08-21 11:55:19.260,-394353,-409575,-427920,-448906,2,2,2,2
2025-08-21 11:55:19.261,-394369,-425978,-428004,-448958,2,2,2,2
2025-08-21 11:55:19.261,-394374,-409597,-428006,-440803,2,2,2,2
2025-08-21 11:55:19.261,-394378,-425981,-428006,-448999,2,2,2,2
2025-08-21 11:55:19.261,-394447,-425982,-444398,-432617,2,2,2,2
2025-08-21 11:55:19.262,-394392,-425986,-428021,-432619,2,2,2,2
2025-08-21 11:55:19.262,-394462,-425992,-444412,-432622,2,2,2,2
2025-08-21 11:55:19.262,-394458,-425991,-444407,-432617,2,2,2,2
2025-08-21 11:55:19.263,-394471,-442423,-427785,-440824,2,2,2,2
2025-08-21 11:55:19.263,-394478,-442401,-427792,-449023,2,2,2,2
2025-08-21 11:55:19.263,-394484,-442408,-427794,-449030,2,2,2,2
2025-08-21 11:55:19.263,-394477,-426017,-427784,-449023,2,2,2,2
2025-08-21 11:55:19.264,-394461,-425998,-444409,-432621,2,2,2,2
2025-08-21 11:55:19.264,-394386,-425994,-428019,-432616,2,2,2,2
2025-08-21 11:55:19.264,-394400,-426006,-428031,-432629,2,2,2,2
2025-08-21 11:55:19.264,-394443,-426081,-427782,-432639,2,2,2,2
2025-08-21 11:55:19.265,-394486,-426091,-427791,-432649,2,2,2,2
2025-08-21 11:55:19.265,-394509,-426180,-427876,-449055,2,2,2,2
2025-08-21 11:55:19.265,-394523,-426131,-444275,-432751,2,2,2,2
2025-08-21 11:55:19.265,-394525,-442550,-427888,-440946,2,2,2,2
2025-08-21 11:55:19.266,-394521,-426132,-427882,-432689,2,2,2,2
2025-08-21 11:55:19.266,-394524,-426131,-444270,-432752,2,2,2,2
2025-08-21 11:55:19.266,-394518,-426187,-427881,-449071,2,2,2,2
2025-08-21 11:55:19.267,-394515,-426120,-444199,-432750,2,2,2,2
2025-08-21 11:55:19.267,-394494,-426101,-427798,-432665,2,2,2,2
2025-08-21 11:55:19.267,-394488,-426094,-427797,-432660,2,2,2,2
2025-08-21 11:55:19.267,-394486,-426091,-427796,-432654,2,2,2,2
2025-08-21 11:55:19.268,-394487,-426026,-427794,-449035,2,2,2,2
2025-08-21 11:55:19.268,-394476,-442432,-427784,-440836,2,2,2,2
2025-08-21 11:55:19.268,-394464,-425999,-428026,-432630,2,2,2,2
2025-08-21 11:55:19.268,-394480,-442397,-427780,-449024,2,2,2,2
2025-08-21 11:55:19.269,-394497,-426090,-444179,-432654,2,2,2,2
2025-08-21 11:55:19.269,-394490,-426081,-444174,-432651,2,2,2,2
2025-08-21 11:55:19.269,-394475,-426001,-428031,-432637,2,2,2,2
2025-08-21 11:55:19.269,-394478,-426000,-444411,-432634,2,2,2,2
2025-08-21 11:55:19.270,-394476,-442383,-428027,-449016,2,2,2,2
2025-08-21 11:55:19.270,-394476,-425998,-428029,-449017,2,2,2,2
2025-08-21 11:55:19.270,-394482,-426001,-444162,-432638,2,2,2,2
2025-08-21 11:55:19.270,-394491,-442396,-427790,-432648,2,2,2,2
2025-08-21 11:55:19.271,-394499,-426085,-427801,-432659,2,2,2,2
2025-08-21 11:55:19.271,-394511,-426099,-427811,-432737,2,2,2,2
2025-08-21 11:55:19.271,-394595,-426124,-427833,-432760,2,2,2,2
2025-08-21 11:55:19.271,-394552,-426216,-444301,-432781,2,2,2,2
2025-08-21 11:55:19.272,-394519,-426113,-427884,-432684,2,2,2,2
2025-08-21 11:55:19.272,-394504,-426098,-427805,-432669,2,2,2,2
2025-08-21 11:55:19.272,-394506,-426101,-427809,-432672,2,2,2,2
2025-08-21 11:55:19.273,-394497,-426036,-427806,-449081,2,2,2,2
2025-08-21 11:55:19.273,-394489,-426094,-444215,-432652,2,2,2,2
2025-08-21 11:55:19.273,-394473,-426014,-444170,-432637,2,2,2,2
2025-08-21 11:55:19.273,-394469,-426010,-427782,-432637,2,2,2,2
2025-08-21 11:55:19.274,-394468,-426008,-427778,-432635,2,2,2,2
2025-08-21 11:55:19.274,-394394,-425995,-428015,-448975,2,2,2,2
2025-08-21 11:55:19.274,-394464,-425998,-444404,-432624,2,2,2,2
2025-08-21 11:55:19.275,-394466,-442382,-428020,-440816,2,2,2,2
2025-08-21 11:55:19.275,-394467,-425998,-444403,-432624,2,2,2,2
2025-08-21 11:55:19.275,-394435,-426002,-444406,-432628,2,2,2,2
2025-08-21 11:55:19.276,-394378,-425982,-427934,-448990,2,2,2,2
2025-08-21 11:55:19.276,-394376,-425978,-427993,-432539,2,2,2,2
2025-08-21 11:55:19.276,-394385,-442369,-427935,-448928,2,2,2,2
2025-08-21 11:55:19.276,-394431,-425997,-428010,-432619,2,2,2,2
2025-08-21 11:55:19.277,-394482,-426016,-428029,-432640,2,2,2,2
2025-08-21 11:55:19.277,-394507,-426102,-427797,-432661,2,2,2,2
2025-08-21 11:55:19.277,-394506,-426103,-427801,-432663,2,2,2,2
2025-08-21 11:55:19.277,-394504,-426097,-427797,-432659,2,2,2,2
2025-08-21 11:55:19.278,-394494,-442408,-427788,-449034,2,2,2,2
2025-08-21 11:55:19.278,-394483,-426014,-427778,-432647,2,2,2,2
2025-08-21 11:55:19.279,-394489,-426085,-427783,-432651,2,2,2,2
2025-08-21 11:55:19.279,-394505,-426100,-444183,-432668,2,2,2,2
2025-08-21 11:55:19.279,-394511,-426043,-427806,-449089,2,2,2,2
2025-08-21 11:55:19.279,-394504,-426099,-444184,-432668,2,2,2,2
2025-08-21 11:55:19.280,-394502,-426099,-427803,-432665,2,2,2,2
2025-08-21 11:55:19.280,-394505,-426103,-427810,-432668,2,2,2,2
2025-08-21 11:55:19.280,-394511,-426040,-427878,-449051,2,2,2,2
2025-08-21 11:55:19.281,-394505,-426034,-427873,-449077,2,2,2,2
2025-08-21 11:55:19.281,-394491,-426084,-444209,-432648,2,2,2,2
2025-08-21 11:55:19.281,-394475,-442420,-427784,-440824,2,2,2,2
2025-08-21 11:55:19.281,-394466,-425999,-428030,-432626,2,2,2,2
2025-08-21 11:55:19.282,-394466,-425998,-428028,-432629,2,2,2,2
2025-08-21 11:55:19.282,-394465,-425995,-444411,-432629,2,2,2,2
2025-08-21 11:55:19.282,-394467,-425997,-444412,-432629,2,2,2,2
2025-08-21 11:55:19.282,-394477,-442391,-427781,-440826,2,2,2,2
2025-08-21 11:55:19.283,-394395,-442375,-428018,-449003,2,2,2,2
2025-08-21 11:55:19.283,-394419,-425980,-444390,-432610,2,2,2,2
2025-08-21 11:55:19.283,-394382,-425973,-427998,-432539,2,2,2,2
2025-08-21 11:55:19.283,-394381,-425967,-427931,-448951,2,2,2,2
2025-08-21 11:55:19.284,-394384,-425973,-427934,-432604,2,2,2,2
2025-08-21 11:55:19.284,-394467,-425992,-428020,-432619,2,2,2,2
2025-08-21 11:55:19.284,-394468,-442379,-428021,-449003,2,2,2,2
2025-08-21 11:55:19.284,-394428,-425987,-444396,-432611,2,2,2,2
2025-08-21 11:55:19.285,-394467,-442380,-428024,-440816,2,2,2,2
2025-08-21 11:55:19.285,-394460,-425989,-444398,-432618,2,2,2,2
2025-08-21 11:55:19.285,-394466,-442377,-428021,-449007,2,2,2,2
2025-08-21 11:55:19.286,-394470,-426000,-428027,-449013,2,2,2,2
2025-08-21 11:55:19.286,-394462,-425988,-444406,-432623,2,2,2,2
2025-08-21 11:55:19.286,-394397,-425992,-428020,-432626,2,2,2,2
2025-08-21 11:55:19.287,-394468,-426002,-428024,-432634,2,2,2,2
2025-08-21 11:55:19.287,-394477,-442390,-428028,-449026,2,2,2,2
2025-08-21 11:55:19.287,-394493,-426082,-444169,-432660,2,2,2,2
2025-08-21 11:55:19.288,-394503,-442475,-427799,-440860,2,2,2,2
2025-08-21 11:55:19.288,-394498,-426088,-427793,-432663,2,2,2,2
2025-08-21 11:55:19.288,-394503,-426091,-427797,-432666,2,2,2,2
2025-08-21 11:55:19.288,-394505,-426032,-427805,-449084,2,2,2,2
2025-08-21 11:55:19.289,-394511,-426038,-427883,-449093,2,2,2,2
2025-08-21 11:55:19.289,-394514,-442484,-427883,-440934,2,2,2,2
2025-08-21 11:55:19.289,-394595,-426117,-427899,-432694,2,2,2,2
2025-08-21 11:55:19.289,-394567,-426124,-427901,-432701,2,2,2,2
2025-08-21 11:55:19.290,-394602,-426129,-427840,-432765,2,2,2,2
2025-08-21 11:55:19.290,-394527,-426118,-444277,-432752,2,2,2,2
2025-08-21 11:55:19.290,-394514,-426106,-444229,-432738,2,2,2,2
2025-08-21 11:55:19.290,-394512,-426103,-444196,-432671,2,2,2,2
2025-08-21 11:55:19.291,-394503,-442444,-427804,-449048,2,2,2,2
2025-08-21 11:55:19.291,-394500,-426026,-427797,-449079,2,2,2,2
2025-08-21 11:55:19.291,-394512,-426041,-427874,-449061,2,2,2,2
2025-08-21 11:55:19.292,-394520,-426115,-444235,-432748,2,2,2,2
2025-08-21 11:55:19.292,-394593,-426192,-427893,-449142,2,2,2,2
2025-08-21 11:55:19.292,-394563,-426131,-427896,-432698,2,2,2,2
2025-08-21 11:55:19.292,-394533,-426132,-444284,-432765,2,2,2,2
2025-08-21 11:55:19.293,-394600,-442549,-427904,-440960,2,2,2,2
2025-08-21 11:55:19.293,-394539,-426136,-427971,-432767,2,2,2,2
2025-08-21 11:55:19.293,-394607,-426139,-427979,-432772,2,2,2,2
2025-08-21 11:55:19.294,-394611,-426210,-444303,-432778,2,2,2,2
2025-08-21 11:55:19.294,-394604,-426209,-427917,-432836,2,2,2,2
2025-08-21 11:55:19.294,-394602,-442527,-427915,-432766,2,2,2,2
2025-08-21 11:55:19.294,-394608,-426211,-427921,-432836,2,2,2,2
2025-08-21 11:55:19.295,-394609,-426216,-427990,-432778,2,2,2,2
2025-08-21 11:55:19.295,-394622,-426227,-428006,-449205,2,2,2,2
2025-08-21 11:55:19.295,-394695,-426235,-444396,-432797,2,2,2,2
2025-08-21 11:55:19.296,-394723,-426004,-428038,-432886,2,2,2,2
2025-08-21 11:55:19.296,-394691,-426001,-428039,-432885,2,2,2,2
2025-08-21 11:55:19.296,-394724,-425996,-428036,-432880,2,2,2,2
2025-08-21 11:55:19.296,-394730,-426004,-428042,-449269,2,2,2,2
2025-08-21 11:55:19.297,-394728,-426004,-444425,-432881,2,2,2,2
2025-08-21 11:55:19.297,-394722,-425996,-428029,-432877,2,2,2,2
2025-08-21 11:55:19.297,-394652,-442373,-428022,-449261,2,2,2,2
2025-08-21 11:55:19.297,-394700,-426002,-428037,-432892,2,2,2,2
2025-08-21 11:55:19.298,-394501,-426087,-428063,-432660,2,2,2,2
2025-08-21 11:55:19.298,-394519,-426106,-444492,-432738,2,2,2,2
2025-08-21 11:55:19.298,-394512,-426102,-444483,-432668,2,2,2,2
2025-08-21 11:55:19.298,-394506,-442483,-428131,-440861,2,2,2,2
2025-08-21 11:55:19.299,-394748,-426086,-428052,-432659,2,2,2,2
2025-08-21 11:55:19.299,-394745,-426084,-444435,-432657,2,2,2,2
2025-08-21 11:55:19.299,-394513,-426041,-428136,-432680,2,2,2,2
2025-08-21 11:55:19.300,-394500,-426090,-444438,-432663,2,2,2,2
2025-08-21 11:55:19.300,-394741,-426007,-428036,-432642,2,2,2,2
2025-08-21 11:55:19.300,-394697,-425990,-444404,-432886,2,2,2,2
2025-08-21 11:55:19.300,-394642,-426217,-427996,-432797,2,2,2,2
2025-08-21 11:55:19.301,-394616,-426192,-427909,-449222,2,2,2,2
2025-08-21 11:55:19.301,-394545,-426124,-444291,-432771,2,2,2,2
2025-08-21 11:55:19.301,-394542,-426123,-427974,-432768,2,2,2,2
2025-08-21 11:55:19.301,-394603,-426183,-427906,-449144,2,2,2,2
2025-08-21 11:55:19.302,-394528,-426111,-444279,-432753,2,2,2,2
2025-08-21 11:55:19.302,-394601,-426180,-427903,-432698,2,2,2,2
2025-08-21 11:55:19.302,-394541,-426118,-427839,-432763,2,2,2,2
2025-08-21 11:55:19.303,-394602,-442564,-427903,-449146,2,2,2,2
2025-08-21 11:55:19.303,-394534,-426110,-444281,-432756,2,2,2,2
2025-08-21 11:55:19.303,-394529,-426104,-444275,-432752,2,2,2,2
2025-08-21 11:55:19.303,-394525,-442486,-427889,-432754,2,2,2,2
2025-08-21 11:55:19.304,-394521,-426101,-427885,-432688,2,2,2,2
2025-08-21 11:55:19.304,-394522,-426102,-427820,-432750,2,2,2,2
2025-08-21 11:55:19.304,-394526,-426043,-427891,-449139,2,2,2,2
2025-08-21 11:55:19.304,-394530,-426112,-444281,-432759,2,2,2,2
2025-08-21 11:55:19.305,-394595,-426117,-427897,-432697,2,2,2,2
2025-08-21 11:55:19.305,-394521,-426112,-427890,-432690,2,2,2,2
2025-08-21 11:55:19.305,-394511,-426101,-427818,-432747,2,2,2,2
2025-08-21 11:55:19.306,-394508,-426032,-427878,-449100,2,2,2,2
2025-08-21 11:55:19.306,-394504,-426094,-444195,-432746,2,2,2,2
2025-08-21 11:55:19.306,-394526,-442501,-427895,-440957,2,2,2,2
2025-08-21 11:55:19.306,-394523,-426112,-427893,-432697,2,2,2,2
2025-08-21 11:55:19.307,-394516,-426102,-427819,-432748,2,2,2,2
2025-08-21 11:55:19.307,-394505,-426028,-427878,-449092,2,2,2,2
2025-08-21 11:55:19.307,-394514,-426108,-444240,-432749,2,2,2,2
2025-08-21 11:55:19.308,-394515,-442492,-427887,-440940,2,2,2,2
2025-08-21 11:55:19.308,-394515,-426107,-427823,-432746,2,2,2,2
2025-08-21 11:55:19.308,-394509,-426099,-427814,-432739,2,2,2,2
2025-08-21 11:55:19.308,-394501,-426034,-427874,-449083,2,2,2,2
2025-08-21 11:55:19.309,-394494,-426029,-427801,-432659,2,2,2,2
2025-08-21 11:55:19.309,-394500,-426099,-427809,-432666,2,2,2,2
2025-08-21 11:55:19.309,-394502,-442483,-427876,-449048,2,2,2,2
2025-08-21 11:55:19.309,-394502,-426102,-444258,-432666,2,2,2,2
2025-08-21 11:55:19.310,-394502,-426101,-427811,-432666,2,2,2,2
2025-08-21 11:55:19.310,-394516,-442498,-427887,-440934,2,2,2,2
2025-08-21 11:55:19.310,-394517,-426112,-427886,-432679,2,2,2,2
2025-08-21 11:55:19.310,-394508,-426097,-427810,-432667,2,2,2,2
2025-08-21 11:55:19.311,-394519,-426108,-427820,-432738,2,2,2,2
2025-08-21 11:55:19.311,-394607,-426200,-427908,-432702,2,2,2,2
2025-08-21 11:55:19.312,-394610,-426138,-427910,-432700,2,2,2,2
2025-08-21 11:55:19.312,-394596,-426188,-427894,-449134,2,2,2,2
2025-08-21 11:55:19.312,-394523,-426181,-427887,-449092,2,2,2,2
2025-08-21 11:55:19.312,-394539,-426133,-444284,-432754,2,2,2,2
2025-08-21 11:55:19.313,-394551,-426210,-444294,-432767,2,2,2,2
2025-08-21 11:55:19.313,-394554,-426212,-427974,-432770,2,2,2,2
2025-08-21 11:55:19.313,-394620,-426215,-427974,-432772,2,2,2,2
2025-08-21 11:55:19.313,-394623,-426215,-427911,-449159,2,2,2,2
2025-08-21 11:55:19.314,-394624,-426218,-427915,-449164,2,2,2,2
2025-08-21 11:55:19.314,-394630,-426218,-427920,-432844,2,2,2,2
2025-08-21 11:55:19.314,-394622,-442561,-427913,-440964,2,2,2,2
2025-08-21 11:55:19.314,-394609,-426129,-427901,-432698,2,2,2,2
2025-08-21 11:55:19.315,-394546,-426104,-444263,-432672,2,2,2,2
2025-08-21 11:55:19.315,-394481,-426003,-428031,-449019,2,2,2,2
2025-08-21 11:55:19.315,-394471,-425996,-444408,-432628,2,2,2,2
2025-08-21 11:55:19.316,-394476,-442381,-428026,-449013,2,2,2,2
2025-08-21 11:55:19.316,-394483,-426004,-427779,-432636,2,2,2,2
2025-08-21 11:55:19.316,-394493,-426082,-427791,-432650,2,2,2,2
2025-08-21 11:55:19.316,-394492,-426019,-427791,-449035,2,2,2,2
2025-08-21 11:55:19.317,-394480,-426009,-427780,-432639,2,2,2,2
2025-08-21 11:55:19.317,-394483,-442395,-427780,-449025,2,2,2,2
2025-08-21 11:55:19.317,-394486,-442397,-427786,-449028,2,2,2,2
2025-08-21 11:55:19.317,-394498,-426086,-444180,-432660,2,2,2,2
2025-08-21 11:55:19.318,-394510,-426099,-444224,-432737,2,2,2,2
2025-08-21 11:55:19.318,-394523,-426111,-427886,-432683,2,2,2,2
2025-08-21 11:55:19.318,-394546,-426133,-444222,-432769,2,2,2,2
2025-08-21 11:55:19.318,-394610,-426133,-427834,-432770,2,2,2,2
2025-08-21 11:55:19.319,-394616,-426208,-427907,-449161,2,2,2,2
2025-08-21 11:55:19.319,-394619,-426210,-427916,-432850,2,2,2,2
2025-08-21 11:55:19.320,-394598,-426123,-427896,-432698,2,2,2,2
2025-08-21 11:55:19.320,-394522,-426177,-427886,-449099,2,2,2,2
2025-08-21 11:55:19.320,-394520,-426178,-427882,-449099,2,2,2,2
2025-08-21 11:55:19.320,-394523,-426112,-444232,-432744,2,2,2,2
2025-08-21 11:55:19.321,-394527,-442499,-427883,-440938,2,2,2,2
2025-08-21 11:55:19.321,-394604,-426127,-427829,-432757,2,2,2,2
2025-08-21 11:55:19.321,-394627,-426213,-427976,-432779,2,2,2,2
2025-08-21 11:55:19.321,-394636,-426221,-427983,-432788,2,2,2,2
2025-08-21 11:55:19.322,-394624,-426211,-427908,-449226,2,2,2,2
2025-08-21 11:55:19.322,-394624,-442558,-427910,-449161,2,2,2,2
2025-08-21 11:55:19.322,-394618,-442552,-427905,-440960,2,2,2,2
2025-08-21 11:55:19.322,-394597,-442566,-427887,-449133,2,2,2,2
2025-08-21 11:55:19.323,-394609,-426130,-427837,-432763,2,2,2,2
2025-08-21 11:55:19.323,-394550,-426136,-444287,-432772,2,2,2,2
2025-08-21 11:55:19.323,-394620,-426210,-427910,-432842,2,2,2,2
2025-08-21 11:55:19.323,-394698,-426223,-444369,-432788,2,2,2,2
2025-08-21 11:55:19.324,-394639,-442613,-427927,-449172,2,2,2,2
2025-08-21 11:55:19.325,-394730,-426002,-428022,-432885,2,2,2,2
2025-08-21 11:55:19.325,-394721,-425991,-428014,-449264,2,2,2,2
2025-08-21 11:55:19.325,-394651,-426240,-428010,-449259,2,2,2,2
2025-08-21 11:55:19.325,-394706,-426230,-444385,-432868,2,2,2,2
2025-08-21 11:55:19.326,-394650,-426237,-428006,-432867,2,2,2,2
2025-08-21 11:55:19.326,-394725,-425992,-428017,-432873,2,2,2,2
2025-08-21 11:55:19.326,-394742,-426011,-428034,-432892,2,2,2,2
2025-08-21 11:55:19.327,-394739,-426007,-428034,-449272,2,2,2,2
2025-08-21 11:55:19.327,-394730,-442382,-428025,-441072,2,2,2,2
2025-08-21 11:55:19.327,-394722,-442375,-428016,-441070,2,2,2,2
2025-08-21 11:55:19.327,-394726,-426002,-428024,-432887,2,2,2,2
2025-08-21 11:55:19.328,-394735,-426012,-428031,-432894,2,2,2,2
2025-08-21 11:55:19.328,-394736,-426011,-428031,-449279,2,2,2,2
2025-08-21 11:55:19.328,-394726,-426001,-444409,-432889,2,2,2,2
2025-08-21 11:55:19.328,-394713,-425985,-444361,-432877,2,2,2,2
2025-08-21 11:55:19.329,-394654,-442369,-428006,-441070,2,2,2,2
2025-08-21 11:55:19.329,-394685,-425985,-444390,-432878,2,2,2,2
2025-08-21 11:55:19.329,-394721,-425988,-428016,-449266,2,2,2,2
2025-08-21 11:55:19.329,-394747,-426012,-428042,-449038,2,2,2,2
2025-08-21 11:55:19.330,-394512,-426099,-444478,-432739,2,2,2,2
2025-08-21 11:55:19.330,-394526,-426112,-428070,-432754,2,2,2,2
2025-08-21 11:55:19.330,-394593,-442496,-428136,-449138,2,2,2,2
2025-08-21 11:55:19.330,-394566,-426114,-428144,-432689,2,2,2,2
2025-08-21 11:55:19.331,-394597,-426113,-428082,-432753,2,2,2,2
2025-08-21 11:55:19.331,-394526,-426105,-428137,-432682,2,2,2,2
2025-08-21 11:55:19.331,-394516,-426095,-444477,-432669,2,2,2,2
2025-08-21 11:55:19.331,-394502,-442435,-428052,-440848,2,2,2,2
2025-08-21 11:55:19.332,-394746,-426010,-428042,-432644,2,2,2,2
2025-08-21 11:55:19.332,-394503,-426023,-428061,-432658,2,2,2,2
2025-08-21 11:55:19.333,-394515,-426100,-444458,-432737,2,2,2,2
2025-08-21 11:55:19.333,-394528,-426048,-428150,-449099,2,2,2,2
2025-08-21 11:55:19.333,-394525,-426046,-428145,-449094,2,2,2,2
2025-08-21 11:55:19.333,-394522,-426110,-444531,-432741,2,2,2,2
2025-08-21 11:55:19.334,-394513,-426040,-428140,-449055,2,2,2,2
2025-08-21 11:55:19.334,-394505,-426098,-428133,-432667,2,2,2,2
2025-08-21 11:55:19.334,-394752,-426087,-428059,-432657,2,2,2,2
2025-08-21 11:55:19.334,-394502,-426032,-428131,-449053,2,2,2,2
2025-08-21 11:55:19.335,-394509,-426104,-444522,-432739,2,2,2,2
2025-08-21 11:55:19.335,-394515,-442492,-428144,-440936,2,2,2,2
2025-08-21 11:55:19.335,-394600,-442504,-428160,-440949,2,2,2,2
2025-08-21 11:55:19.335,-394619,-426142,-428181,-432843,2,2,2,2
2025-08-21 11:55:19.336,-394640,-442612,-428266,-449181,2,2,2,2
2025-08-21 11:55:19.336,-394650,-426241,-428276,-449259,2,2,2,2
2025-08-21 11:55:19.336,-394724,-426253,-444667,-432884,2,2,2,2
2025-08-21 11:55:19.336,-394729,-442648,-428037,-441084,2,2,2,2
2025-08-21 11:55:19.337,-394731,-426265,-428039,-432894,2,2,2,2
2025-08-21 11:55:19.337,-394731,-426267,-428041,-432897,2,2,2,2
2025-08-21 11:55:19.337,-394729,-426260,-428035,-432889,2,2,2,2
2025-08-21 11:55:19.337,-394728,-426261,-428287,-449272,2,2,2,2
2025-08-21 11:55:19.338,-394728,-426262,-444671,-432893,2,2,2,2
2025-08-21 11:55:19.338,-394726,-442645,-428288,-449279,2,2,2,2
2025-08-21 11:55:19.338,-394654,-426249,-428278,-432885,2,2,2,2
2025-08-21 11:55:19.338,-394723,-426251,-428285,-432887,2,2,2,2
2025-08-21 11:55:19.339,-394714,-426238,-444659,-432872,2,2,2,2
2025-08-21 11:55:19.339,-394710,-426236,-444656,-432869,2,2,2,2
2025-08-21 11:55:19.339,-394651,-442628,-428279,-449262,2,2,2,2
2025-08-21 11:55:19.340,-394693,-426257,-428034,-432891,2,2,2,2
2025-08-21 11:55:19.340,-394731,-426263,-428041,-449279,2,2,2,2
2025-08-21 11:55:19.340,-394720,-426253,-444667,-432884,2,2,2,2
2025-08-21 11:55:19.341,-394715,-426245,-428279,-432872,2,2,2,2
2025-08-21 11:55:19.341,-394712,-426238,-444660,-432872,2,2,2,2
2025-08-21 11:55:19.341,-394714,-426243,-444661,-432873,2,2,2,2
2025-08-21 11:55:19.342,-394650,-442631,-428276,-441064,2,2,2,2
2025-08-21 11:55:19.342,-394640,-426232,-428265,-432799,2,2,2,2
2025-08-21 11:55:19.342,-394632,-442611,-428259,-449175,2,2,2,2
2025-08-21 11:55:19.342,-394622,-426219,-444572,-432785,2,2,2,2
2025-08-21 11:55:19.343,-394553,-426215,-444570,-432782,2,2,2,2
2025-08-21 11:55:19.343,-394552,-426213,-444632,-432781,2,2,2,2
2025-08-21 11:55:19.343,-394617,-426217,-428189,-432847,2,2,2,2
2025-08-21 11:55:19.343,-394615,-426213,-428250,-432779,2,2,2,2
2025-08-21 11:55:19.344,-394607,-426143,-428239,-432772,2,2,2,2
2025-08-21 11:55:19.344,-394597,-426195,-428164,-449083,2,2,2,2
2025-08-21 11:55:19.344,-394729,-442424,-428047,-440833,2,2,2,2
2025-08-21 11:55:19.345,-394632,-426228,-428016,-432863,2,2,2,2
2025-08-21 11:55:19.345,-394689,-426218,-444391,-432791,2,2,2,2
2025-08-21 11:55:19.345,-394626,-426219,-428009,-449209,2,2,2,2
2025-08-21 11:55:19.345,-394691,-426222,-444362,-432795,2,2,2,2
2025-08-21 11:55:19.346,-394698,-426227,-444367,-432865,2,2,2,2
2025-08-21 11:55:19.346,-394635,-442610,-428011,-449182,2,2,2,2
2025-08-21 11:55:19.346,-394625,-426217,-428001,-432791,2,2,2,2
2025-08-21 11:55:19.346,-394624,-426218,-428004,-432791,2,2,2,2
2025-08-21 11:55:19.347,-394631,-426227,-428011,-449220,2,2,2,2
2025-08-21 11:55:19.347,-394697,-426229,-444396,-432869,2,2,2,2
2025-08-21 11:55:19.347,-394628,-442576,-428006,-440991,2,2,2,2
2025-08-21 11:55:19.347,-394631,-442613,-428010,-449249,2,2,2,2
2025-08-21 11:55:19.348,-394677,-426237,-444402,-432875,2,2,2,2
2025-08-21 11:55:19.348,-394724,-425998,-428033,-449273,2,2,2,2
2025-08-21 11:55:19.348,-394725,-425999,-444420,-432889,2,2,2,2
2025-08-21 11:55:19.348,-394724,-425997,-444421,-432892,2,2,2,2
2025-08-21 11:55:19.349,-394730,-442384,-428042,-449280,2,2,2,2
2025-08-21 11:55:19.349,-394751,-426018,-428059,-449040,2,2,2,2
2025-08-21 11:55:19.349,-394503,-426091,-428063,-432660,2,2,2,2
2025-08-21 11:55:19.350,-394525,-426111,-428145,-432678,2,2,2,2
2025-08-21 11:55:19.350,-394607,-426129,-428164,-432697,2,2,2,2
2025-08-21 11:55:19.350,-394620,-426143,-428241,-432775,2,2,2,2
2025-08-21 11:55:19.350,-394621,-426206,-428177,-449159,2,2,2,2
2025-08-21 11:55:19.351,-394635,-442600,-428192,-440977,2,2,2,2
2025-08-21 11:55:19.351,-394628,-426143,-428187,-432842,2,2,2,2
2025-08-21 11:55:19.351,-394654,-426237,-428283,-432873,2,2,2,2
2025-08-21 11:55:19.352,-394739,-426257,-428047,-449278,2,2,2,2
2025-08-21 11:55:19.352,-394741,-426259,-428048,-449276,2,2,2,2
2025-08-21 11:55:19.352,-394655,-442617,-428282,-441064,2,2,2,2
2025-08-21 11:55:19.353,-394645,-426229,-428274,-432797,2,2,2,2
2025-08-21 11:55:19.353,-394632,-426212,-428262,-432784,2,2,2,2
2025-08-21 11:55:19.353,-394616,-426201,-428185,-449155,2,2,2,2
2025-08-21 11:55:19.353,-394546,-426134,-444597,-432767,2,2,2,2
2025-08-21 11:55:19.354,-394609,-442547,-428178,-440962,2,2,2,2
2025-08-21 11:55:19.354,-394602,-426126,-428235,-432763,2,2,2,2
2025-08-21 11:55:19.354,-394556,-426115,-444542,-432685,2,2,2,2
2025-08-21 11:55:19.354,-394526,-426114,-428091,-432746,2,2,2,2
2025-08-21 11:55:19.355,-394524,-426108,-444536,-432743,2,2,2,2
2025-08-21 11:55:19.355,-394507,-442441,-428134,-449047,2,2,2,2
2025-08-21 11:55:19.355,-394745,-442422,-428049,-449031,2,2,2,2
2025-08-21 11:55:19.355,-394741,-426005,-428044,-432645,2,2,2,2
2025-08-21 11:55:19.356,-394735,-425999,-428040,-432895,2,2,2,2
2025-08-21 11:55:19.356,-394745,-426009,-428050,-432649,2,2,2,2
2025-08-21 11:55:19.356,-394733,-425997,-444428,-432896,2,2,2,2
2025-08-21 11:55:19.356,-394724,-426239,-444416,-432883,2,2,2,2
2025-08-21 11:55:19.357,-394726,-442370,-428033,-449267,2,2,2,2
2025-08-21 11:55:19.357,-394745,-426013,-428058,-449037,2,2,2,2
2025-08-21 11:55:19.358,-394497,-426081,-444445,-432654,2,2,2,2
2025-08-21 11:55:19.358,-394752,-426015,-428059,-449034,2,2,2,2
2025-08-21 11:55:19.358,-394502,-426023,-428063,-449041,2,2,2,2
2025-08-21 11:55:19.358,-394515,-426099,-444523,-432671,2,2,2,2
2025-08-21 11:55:19.359,-394523,-426109,-428088,-432752,2,2,2,2
2025-08-21 11:55:19.359,-394523,-426107,-428086,-432747,2,2,2,2
2025-08-21 11:55:19.359,-394593,-442563,-428161,-449137,2,2,2,2
2025-08-21 11:55:19.360,-394535,-426117,-444547,-432759,2,2,2,2
2025-08-21 11:55:19.360,-394597,-442499,-428163,-440952,2,2,2,2
2025-08-21 11:55:19.360,-394595,-442499,-428165,-440953,2,2,2,2
2025-08-21 11:55:19.360,-394597,-426117,-428166,-432701,2,2,2,2
2025-08-21 11:55:19.361,-394599,-426120,-428229,-432768,2,2,2,2
2025-08-21 11:55:19.361,-394538,-426124,-444551,-432774,2,2,2,2
2025-08-21 11:55:19.361,-394545,-426134,-444559,-432781,2,2,2,2
2025-08-21 11:55:19.362,-394643,-426228,-428270,-432874,2,2,2,2
2025-08-21 11:55:19.362,-394721,-426242,-428285,-432888,2,2,2,2
2025-08-21 11:55:19.362,-394731,-426249,-428040,-432894,2,2,2,2
2025-08-21 11:55:19.362,-394727,-426243,-428034,-449273,2,2,2,2
2025-08-21 11:55:19.363,-394724,-426242,-444672,-432889,2,2,2,2
2025-08-21 11:55:19.363,-394742,-426262,-428054,-432908,2,2,2,2
2025-08-21 11:55:19.363,-394762,-426350,-428140,-432928,2,2,2,2
2025-08-21 11:55:19.363,-394766,-426355,-428078,-432997,2,2,2,2
2025-08-21 11:55:19.364,-394769,-426294,-428140,-449348,2,2,2,2
2025-08-21 11:55:19.364,-394757,-426342,-444446,-432918,2,2,2,2
2025-08-21 11:55:19.364,-394736,-426257,-444426,-432899,2,2,2,2
2025-08-21 11:55:19.364,-394731,-442636,-428036,-449275,2,2,2,2
2025-08-21 11:55:19.365,-394743,-426262,-428046,-432901,2,2,2,2
2025-08-21 11:55:19.365,-394750,-426270,-428055,-449294,2,2,2,2
2025-08-21 11:55:19.365,-394752,-426274,-428057,-449296,2,2,2,2
2025-08-21 11:55:19.365,-394748,-426270,-444469,-432911,2,2,2,2
2025-08-21 11:55:19.366,-394745,-426265,-428045,-432903,2,2,2,2
2025-08-21 11:55:19.366,-394739,-426260,-444421,-432894,2,2,2,2
2025-08-21 11:55:19.366,-394752,-426337,-444433,-432907,2,2,2,2
2025-08-21 11:55:19.367,-394767,-442743,-428133,-432926,2,2,2,2
2025-08-21 11:55:19.367,-394777,-442754,-428140,-449383,2,2,2,2
2025-08-21 11:55:19.367,-394779,-442757,-428145,-449387,2,2,2,2
2025-08-21 11:55:19.367,-394807,-426371,-428142,-432940,2,2,2,2
2025-08-21 11:55:19.368,-394778,-426370,-444526,-433007,2,2,2,2
2025-08-21 11:55:19.368,-394777,-426373,-428144,-432944,2,2,2,2
2025-08-21 11:55:19.368,-394775,-426373,-428144,-432943,2,2,2,2
2025-08-21 11:55:19.368,-394746,-426341,-428046,-432911,2,2,2,2
2025-08-21 11:55:19.369,-394651,-426249,-428277,-432885,2,2,2,2
2025-08-21 11:55:19.369,-394695,-426226,-444609,-432799,2,2,2,2
2025-08-21 11:55:19.369,-394641,-426234,-428267,-432875,2,2,2,2
2025-08-21 11:55:19.370,-394655,-426248,-428279,-432894,2,2,2,2
2025-08-21 11:55:19.370,-394727,-426256,-428034,-449287,2,2,2,2
2025-08-21 11:55:19.370,-394727,-426255,-428035,-449285,2,2,2,2
2025-08-21 11:55:19.370,-394736,-426268,-444427,-432906,2,2,2,2
2025-08-21 11:55:19.371,-394742,-426337,-444465,-432912,2,2,2,2
2025-08-21 11:55:19.371,-394748,-426345,-428060,-432918,2,2,2,2
2025-08-21 11:55:19.371,-394745,-426342,-428051,-432912,2,2,2,2
2025-08-21 11:55:19.371,-394748,-426348,-428060,-432917,2,2,2,2
2025-08-21 11:55:19.372,-394762,-426296,-428138,-449350,2,2,2,2
2025-08-21 11:55:19.372,-394771,-442754,-428147,-441199,2,2,2,2
2025-08-21 11:55:19.372,-394759,-442743,-428139,-441188,2,2,2,2
2025-08-21 11:55:19.372,-394746,-442697,-428064,-449305,2,2,2,2
2025-08-21 11:55:19.373,-394746,-426344,-444448,-432919,2,2,2,2
2025-08-21 11:55:19.373,-394733,-426265,-428052,-449289,2,2,2,2
2025-08-21 11:55:19.373,-394724,-426252,-428039,-449275,2,2,2,2
2025-08-21 11:55:19.373,-394715,-426246,-444670,-432879,2,2,2,2
2025-08-21 11:55:19.374,-394706,-426238,-428278,-432868,2,2,2,2
2025-08-21 11:55:19.374,-394629,-426223,-428268,-432787,2,2,2,2
2025-08-21 11:55:19.374,-394610,-426140,-428247,-432766,2,2,2,2
2025-08-21 11:55:19.375,-394598,-426199,-428175,-432689,2,2,2,2
2025-08-21 11:55:19.375,-394622,-442606,-428264,-449158,2,2,2,2
2025-08-21 11:55:19.375,-394623,-442601,-428264,-449161,2,2,2,2
2025-08-21 11:55:19.375,-394607,-426199,-428184,-449147,2,2,2,2
2025-08-21 11:55:19.376,-394539,-426131,-444559,-432764,2,2,2,2
2025-08-21 11:55:19.376,-394523,-426116,-444478,-432750,2,2,2,2
2025-08-21 11:55:19.376,-394503,-426091,-444454,-432666,2,2,2,2
2025-08-21 11:55:19.376,-394509,-426096,-428072,-432672,2,2,2,2
2025-08-21 11:55:19.377,-394517,-426038,-428144,-449126,2,2,2,2
2025-08-21 11:55:19.377,-394737,-442419,-428047,-440833,2,2,2,2
2025-08-21 11:55:19.378,-394741,-426005,-428050,-432643,2,2,2,2
2025-08-21 11:55:19.378,-394748,-426012,-428055,-449034,2,2,2,2
2025-08-21 11:55:19.378,-394497,-426081,-444444,-432656,2,2,2,2
2025-08-21 11:55:19.378,-394506,-426091,-444487,-432669,2,2,2,2
2025-08-21 11:55:19.379,-394508,-442482,-428139,-440931,2,2,2,2
2025-08-21 11:55:19.379,-394553,-426111,-428152,-432688,2,2,2,2
2025-08-21 11:55:19.379,-394599,-426130,-428229,-432768,2,2,2,2
2025-08-21 11:55:19.379,-394612,-426210,-428243,-432778,2,2,2,2
2025-08-21 11:55:19.380,-394620,-426221,-428188,-449204,2,2,2,2
2025-08-21 11:55:19.380,-394628,-442576,-428260,-440990,2,2,2,2
2025-08-21 11:55:19.380,-394691,-426221,-428258,-432796,2,2,2,2
2025-08-21 11:55:19.380,-394634,-426229,-428264,-432865,2,2,2,2
2025-08-21 11:55:19.381,-394632,-426228,-428266,-432799,2,2,2,2
2025-08-21 11:55:19.381,-394628,-426227,-428262,-432858,2,2,2,2
2025-08-21 11:55:19.381,-394698,-426232,-444622,-432799,2,2,2,2
2025-08-21 11:55:19.381,-394709,-426240,-444662,-432870,2,2,2,2
2025-08-21 11:55:19.382,-394641,-442620,-428275,-449250,2,2,2,2
2025-08-21 11:55:19.382,-394705,-426237,-444657,-432800,2,2,2,2
2025-08-21 11:55:19.382,-394633,-426232,-428268,-432794,2,2,2,2
2025-08-21 11:55:19.383,-394618,-426210,-428186,-432839,2,2,2,2
2025-08-21 11:55:19.383,-394616,-426206,-428183,-449155,2,2,2,2
2025-08-21 11:55:19.383,-394608,-426198,-428173,-449150,2,2,2,2
2025-08-21 11:55:19.383,-394532,-426121,-444546,-432755,2,2,2,2
2025-08-21 11:55:19.384,-394524,-426111,-428151,-432686,2,2,2,2
2025-08-21 11:55:19.384,-394547,-426136,-444619,-432766,2,2,2,2
2025-08-21 11:55:19.384,-394643,-426230,-428266,-432797,2,2,2,2
2025-08-21 11:55:19.385,-394732,-426250,-428286,-449267,2,2,2,2
2025-08-21 11:55:19.385,-394736,-442637,-428034,-441075,2,2,2,2
2025-08-21 11:55:19.385,-394734,-442638,-428034,-441078,2,2,2,2
2025-08-21 11:55:19.385,-394727,-426245,-428280,-432881,2,2,2,2
2025-08-21 11:55:19.386,-394729,-426244,-428280,-432878,2,2,2,2
2025-08-21 11:55:19.386,-394725,-426240,-428280,-449228,2,2,2,2
2025-08-21 11:55:19.386,-394653,-426238,-428275,-449226,2,2,2,2
2025-08-21 11:55:19.386,-394707,-426232,-444619,-432865,2,2,2,2
2025-08-21 11:55:19.387,-394633,-442571,-428191,-440979,2,2,2,2
2025-08-21 11:55:19.387,-394636,-426219,-428257,-432787,2,2,2,2
2025-08-21 11:55:19.387,-394625,-426212,-428253,-432779,2,2,2,2
2025-08-21 11:55:19.387,-394616,-426199,-428179,-449152,2,2,2,2
2025-08-21 11:55:19.388,-394548,-426127,-444559,-432766,2,2,2,2
2025-08-21 11:55:19.388,-394607,-442508,-428172,-449145,2,2,2,2
2025-08-21 11:55:19.388,-394605,-442508,-428173,-449145,2,2,2,2
2025-08-21 11:55:19.388,-394615,-426134,-428184,-432833,2,2,2,2
2025-08-21 11:55:19.389,-394623,-426140,-428259,-432780,2,2,2,2
2025-08-21 11:55:19.389,-394554,-426138,-444611,-432777,2,2,2,2
2025-08-21 11:55:19.389,-394554,-426139,-444610,-432776,2,2,2,2
2025-08-21 11:55:19.389,-394607,-442512,-428181,-440957,2,2,2,2
2025-08-21 11:55:19.390,-394611,-426129,-428183,-432703,2,2,2,2
2025-08-21 11:55:19.390,-394514,-426034,-428149,-432668,2,2,2,2
2025-08-21 11:55:19.391,-394752,-426081,-444450,-432653,2,2,2,2
2025-08-21 11:55:19.391,-394752,-426015,-444448,-432650,2,2,2,2
2025-08-21 11:55:19.391,-394502,-426023,-428133,-449042,2,2,2,2
2025-08-21 11:55:19.391,-394751,-426014,-444442,-432649,2,2,2,2
2025-08-21 11:55:19.392,-394498,-426014,-428058,-449036,2,2,2,2
2025-08-21 11:55:19.392,-394500,-426012,-428060,-432654,2,2,2,2
2025-08-21 11:55:19.392,-394749,-426004,-428051,-432648,2,2,2,2
2025-08-21 11:55:19.392,-394741,-425995,-428038,-449278,2,2,2,2
2025-08-21 11:55:19.393,-394732,-425986,-444413,-432885,2,2,2,2
2025-08-21 11:55:19.393,-394732,-442369,-428028,-441075,2,2,2,2
2025-08-21 11:55:19.393,-394722,-442617,-428019,-441065,2,2,2,2
2025-08-21 11:55:19.393,-394650,-426224,-428013,-432863,2,2,2,2
2025-08-21 11:55:19.394,-394650,-426222,-428012,-432797,2,2,2,2
2025-08-21 11:55:19.394,-394705,-426213,-444350,-432785,2,2,2,2
2025-08-21 11:55:19.394,-394702,-426210,-444317,-432778,2,2,2,2
2025-08-21 11:55:19.394,-394641,-442598,-428002,-440974,2,2,2,2
2025-08-21 11:55:19.395,-394641,-442569,-428002,-440978,2,2,2,2
2025-08-21 11:55:19.395,-394639,-426217,-427999,-432785,2,2,2,2
2025-08-21 11:55:19.395,-394629,-426143,-427991,-432774,2,2,2,2
2025-08-21 11:55:19.395,-394639,-426220,-428002,-449202,2,2,2,2
2025-08-21 11:55:19.396,-394725,-426239,-444404,-432875,2,2,2,2
2025-08-21 11:55:19.396,-394729,-425986,-428025,-432878,2,2,2,2
2025-08-21 11:55:19.396,-394729,-426237,-428023,-432877,2,2,2,2
2025-08-21 11:55:19.396,-394732,-426240,-428028,-432877,2,2,2,2
2025-08-21 11:55:19.397,-394740,-425991,-444424,-432885,2,2,2,2
2025-08-21 11:55:19.397,-394738,-425994,-444425,-432888,2,2,2,2
2025-08-21 11:55:19.397,-394742,-442382,-428044,-449277,2,2,2,2
2025-08-21 11:55:19.398,-394741,-425995,-428044,-449271,2,2,2,2
2025-08-21 11:55:19.398,-394738,-425990,-428035,-449270,2,2,2,2
2025-08-21 11:55:19.398,-394738,-425989,-428037,-449271,2,2,2,2
2025-08-21 11:55:19.398,-394747,-426004,-428055,-432648,2,2,2,2
2025-08-21 11:55:19.399,-394498,-426016,-428066,-432658,2,2,2,2
2025-08-21 11:55:19.399,-394499,-426085,-444513,-432660,2,2,2,2
2025-08-21 11:55:19.399,-394503,-426089,-444517,-432667,2,2,2,2
2025-08-21 11:55:19.400,-394517,-442483,-428145,-440931,2,2,2,2
2025-08-21 11:55:19.400,-394524,-442426,-428149,-449126,2,2,2,2
2025-08-21 11:55:19.400,-394510,-442446,-428132,-449046,2,2,2,2
2025-08-21 11:55:19.400,-394506,-426088,-444446,-432654,2,2,2,2
2025-08-21 11:55:19.401,-394508,-426088,-444513,-432657,2,2,2,2
2025-08-21 11:55:19.401,-394520,-426098,-428135,-432667,2,2,2,2
2025-08-21 11:55:19.401,-394512,-426086,-428057,-432656,2,2,2,2
2025-08-21 11:55:19.401,-394506,-426083,-428053,-432648,2,2,2,2
2025-08-21 11:55:19.402,-394506,-426082,-428053,-432647,2,2,2,2
2025-08-21 11:55:19.402,-394497,-442389,-428044,-440836,2,2,2,2
2025-08-21 11:55:19.403,-394498,-426004,-428048,-432642,2,2,2,2
2025-08-21 11:55:19.403,-394744,-425996,-428038,-449269,2,2,2,2
2025-08-21 11:55:19.403,-394733,-425988,-428028,-449226,2,2,2,2
2025-08-21 11:55:19.403,-394722,-426232,-428016,-449245,2,2,2,2
2025-08-21 11:55:19.404,-394707,-426219,-444357,-432789,2,2,2,2
2025-08-21 11:55:19.404,-394631,-426139,-427993,-432779,2,2,2,2
2025-08-21 11:55:19.404,-394635,-426143,-427933,-432850,2,2,2,2
2025-08-21 11:55:19.404,-394650,-426220,-428011,-432799,2,2,2,2
2025-08-21 11:55:19.405,-394647,-426214,-428006,-449208,2,2,2,2
2025-08-21 11:55:19.405,-394616,-442501,-427913,-440951,2,2,2,2
2025-08-21 11:55:19.405,-394593,-442484,-427893,-440929,2,2,2,2
2025-08-21 11:55:19.405,-394527,-442420,-427892,-449124,2,2,2,2
2025-08-21 11:55:19.406,-394572,-426113,-444286,-432750,2,2,2,2
2025-08-21 11:55:19.406,-394537,-426115,-444289,-432747,2,2,2,2
2025-08-21 11:55:19.406,-394602,-426178,-427903,-449068,2,2,2,2
2025-08-21 11:55:19.406,-394599,-426110,-427899,-432683,2,2,2,2
2025-08-21 11:55:19.407,-394598,-442494,-427901,-449133,2,2,2,2
2025-08-21 11:55:19.407,-394546,-426120,-444294,-432758,2,2,2,2
2025-08-21 11:55:19.408,-394546,-426116,-444293,-432757,2,2,2,2
2025-08-21 11:55:19.408,-394608,-426128,-427915,-432697,2,2,2,2
2025-08-21 11:55:19.408,-394619,-442586,-427927,-449156,2,2,2,2
2025-08-21 11:55:19.408,-394635,-426218,-428009,-432784,2,2,2,2
2025-08-21 11:55:19.409,-394704,-426220,-444395,-432789,2,2,2,2
2025-08-21 11:55:19.409,-394627,-426138,-427931,-432838,2,2,2,2
2025-08-21 11:55:19.409,-394554,-426132,-444373,-432767,2,2,2,2
2025-08-21 11:55:19.409,-394638,-426216,-428003,-432783,2,2,2,2
2025-08-21 11:55:19.410,-394652,-426233,-428017,-449214,2,2,2,2
2025-08-21 11:55:19.410,-394737,-426002,-444421,-432886,2,2,2,2
2025-08-21 11:55:19.410,-394737,-442382,-428037,-441079,2,2,2,2
2025-08-21 11:55:19.411,-394748,-426005,-428046,-432645,2,2,2,2
2025-08-21 11:55:19.411,-394507,-426017,-428061,-449073,2,2,2,2
2025-08-21 11:55:19.411,-394594,-426036,-428148,-449095,2,2,2,2
2025-08-21 11:55:19.411,-394552,-426121,-444551,-432763,2,2,2,2
2025-08-21 11:55:19.412,-394626,-442515,-428175,-440963,2,2,2,2
2025-08-21 11:55:19.412,-394640,-426211,-444573,-432851,2,2,2,2
2025-08-21 11:55:19.412,-394647,-426218,-428261,-432795,2,2,2,2
2025-08-21 11:55:19.412,-394647,-426215,-428259,-432794,2,2,2,2
2025-08-21 11:55:19.413,-394654,-426221,-428262,-449245,2,2,2,2
2025-08-21 11:55:19.413,-394730,-442619,-428274,-449253,2,2,2,2
2025-08-21 11:55:19.413,-394735,-442627,-428284,-441073,2,2,2,2
2025-08-21 11:55:19.413,-394681,-426222,-428263,-432863,2,2,2,2
2025-08-21 11:55:19.414,-394624,-426130,-428236,-432772,2,2,2,2
2025-08-21 11:55:19.414,-394598,-426044,-428148,-432680,2,2,2,2
2025-08-21 11:55:19.414,-394516,-426029,-428134,-432663,2,2,2,2
2025-08-21 11:55:19.414,-394498,-426008,-444436,-432643,2,2,2,2
2025-08-21 11:55:19.415,-394735,-442376,-428036,-449268,2,2,2,2
2025-08-21 11:55:19.415,-394733,-425989,-428033,-449274,2,2,2,2
2025-08-21 11:55:19.416,-394742,-425994,-444423,-432642,2,2,2,2
2025-08-21 11:55:19.416,-394499,-426009,-428053,-449039,2,2,2,2
2025-08-21 11:55:19.419,-394511,-426017,-428063,-449046,2,2,2,2
2025-08-21 11:55:19.420,-394538,-426101,-444537,-432753,2,2,2,2
2025-08-21 11:55:19.421,-394618,-426182,-428170,-449217,2,2,2,2
2025-08-21 11:55:19.421,-394700,-426133,-428252,-432786,2,2,2,2
2025-08-21 11:55:19.421,-394709,-426211,-428261,-432792,2,2,2,2
2025-08-21 11:55:19.422,-394729,-442615,-428282,-449260,2,2,2,2
2025-08-21 11:55:19.422,-394735,-426240,-444417,-432882,2,2,2,2
2025-08-21 11:55:19.422,-394744,-442638,-428045,-441088,2,2,2,2
2025-08-21 11:55:19.423,-394749,-442646,-428048,-441091,2,2,2,2
2025-08-21 11:55:19.423,-394755,-426271,-428053,-432907,2,2,2,2
2025-08-21 11:55:19.423,-394746,-426266,-428048,-432900,2,2,2,2
2025-08-21 11:55:19.423,-394741,-426256,-444425,-432894,2,2,2,2
2025-08-21 11:55:19.424,-394732,-426246,-444669,-432883,2,2,2,2
2025-08-21 11:55:19.424,-394732,-426242,-428282,-432876,2,2,2,2
2025-08-21 11:55:19.424,-394655,-426229,-428269,-432800,2,2,2,2
2025-08-21 11:55:19.425,-394640,-426213,-428257,-432787,2,2,2,2
2025-08-21 11:55:19.425,-394636,-426210,-428189,-449166,2,2,2,2
2025-08-21 11:55:19.425,-394694,-426142,-444603,-432776,2,2,2,2
2025-08-21 11:55:19.426,-394628,-426139,-428187,-432841,2,2,2,2
2025-08-21 11:55:19.426,-394627,-442553,-428185,-449157,2,2,2,2
2025-08-21 11:55:19.427,-394625,-426136,-428245,-432775,2,2,2,2
2025-08-21 11:55:19.427,-394630,-426136,-428247,-432779,2,2,2,2
2025-08-21 11:55:19.427,-394696,-426136,-444600,-432779,2,2,2,2
2025-08-21 11:55:19.427,-394711,-426216,-444614,-432795,2,2,2,2
2025-08-21 11:55:19.428,-394654,-442576,-428269,-441059,2,2,2,2
2025-08-21 11:55:19.428,-394691,-426232,-428276,-432871,2,2,2,2
2025-08-21 11:55:19.428,-394721,-426232,-428273,-449222,2,2,2,2
2025-08-21 11:55:19.429,-394730,-426244,-444419,-432883,2,2,2,2
2025-08-21 11:55:19.429,-394735,-426250,-444424,-432885,2,2,2,2
2025-08-21 11:55:19.430,-394752,-426264,-444439,-432899,2,2,2,2
2025-08-21 11:55:19.430,-394801,-426342,-444516,-432912,2,2,2,2
2025-08-21 11:55:19.430,-394854,-442748,-428156,-449381,2,2,2,2
2025-08-21 11:55:19.431,-394868,-426376,-428235,-433009,2,2,2,2
2025-08-21 11:55:19.431,-394866,-426437,-428166,-449392,2,2,2,2
2025-08-21 11:55:19.431,-394795,-426367,-444543,-433000,2,2,2,2
2025-08-21 11:55:19.432,-394849,-426360,-428152,-432928,2,2,2,2
2025-08-21 11:55:19.432,-394765,-426338,-428132,-432910,2,2,2,2
2025-08-21 11:55:19.432,-394754,-426260,-428057,-432900,2,2,2,2
2025-08-21 11:55:19.432,-394739,-426243,-428041,-432884,2,2,2,2
2025-08-21 11:55:19.433,-394721,-426222,-444657,-432865,2,2,2,2
2025-08-21 11:55:19.433,-394653,-442602,-428268,-440987,2,2,2,2
2025-08-21 11:55:19.433,-394643,-426142,-428192,-432846,2,2,2,2
2025-08-21 11:55:19.434,-394636,-426197,-428183,-449155,2,2,2,2
2025-08-21 11:55:19.434,-394636,-426199,-428184,-449157,2,2,2,2
2025-08-21 11:55:19.434,-394649,-426209,-428259,-449204,2,2,2,2
2025-08-21 11:55:19.434,-394705,-426137,-444606,-432783,2,2,2,2
2025-08-21 11:55:19.435,-394635,-426133,-428186,-432841,2,2,2,2
2025-08-21 11:55:19.435,-394628,-426122,-428178,-432835,2,2,2,2
2025-08-21 11:55:19.435,-394622,-426113,-444557,-432763,2,2,2,2
2025-08-21 11:55:19.435,-394615,-442496,-428165,-440951,2,2,2,2
2025-08-21 11:55:19.436,-394613,-442498,-428169,-440953,2,2,2,2
2025-08-21 11:55:19.436,-394610,-442497,-428162,-449142,2,2,2,2
2025-08-21 11:55:19.436,-394615,-426118,-428165,-432700,2,2,2,2
2025-08-21 11:55:19.436,-394609,-426048,-428158,-449076,2,2,2,2
2025-08-21 11:55:19.436,-394614,-426178,-428160,-449080,2,2,2,2
2025-08-21 11:55:19.437,-394615,-426115,-428156,-432694,2,2,2,2
2025-08-21 11:55:19.437,-394541,-426109,-428084,-432746,2,2,2,2
2025-08-21 11:55:19.437,-394605,-426110,-428090,-432749,2,2,2,2
2025-08-21 11:55:19.438,-394543,-426107,-444537,-432746,2,2,2,2
2025-08-21 11:55:19.438,-394631,-426186,-428174,-432833,2,2,2,2
2025-08-21 11:55:19.439,-394639,-442576,-428181,-449156,2,2,2,2
2025-08-21 11:55:19.439,-394727,-426217,-428269,-432794,2,2,2,2
2025-08-21 11:55:19.439,-394743,-426238,-428288,-449230,2,2,2,2
2025-08-21 11:55:19.440,-394738,-426232,-444666,-432869,2,2,2,2
2025-08-21 11:55:19.440,-394733,-426229,-444665,-432868,2,2,2,2
2025-08-21 11:55:19.440,-394728,-426226,-428281,-432866,2,2,2,2
2025-08-21 11:55:19.440,-394734,-426231,-428286,-432872,2,2,2,2
2025-08-21 11:55:19.441,-394730,-426227,-428282,-449254,2,2,2,2
2025-08-21 11:55:19.441,-394724,-426224,-444665,-432868,2,2,2,2
2025-08-21 11:55:19.442,-394646,-442571,-428270,-440987,2,2,2,2
2025-08-21 11:55:19.442,-394722,-426230,-428278,-432866,2,2,2,2
2025-08-21 11:55:19.442,-394739,-426245,-428039,-449271,2,2,2,2
2025-08-21 11:55:19.443,-394757,-426264,-428058,-432909,2,2,2,2
2025-08-21 11:55:19.443,-394759,-426268,-428055,-449294,2,2,2,2
2025-08-21 11:55:19.444,-394768,-426338,-444479,-432916,2,2,2,2
2025-08-21 11:55:19.444,-394824,-426358,-428150,-432934,2,2,2,2
2025-08-21 11:55:19.444,-394869,-426368,-428095,-433006,2,2,2,2
2025-08-21 11:55:19.445,-394877,-426376,-428229,-433016,2,2,2,2
2025-08-21 11:55:19.445,-394882,-426451,-428173,-449405,2,2,2,2
2025-08-21 11:55:19.445,-394950,-426386,-428239,-433023,2,2,2,2
2025-08-21 11:55:19.445,-394888,-442805,-428174,-441216,2,2,2,2
2025-08-21 11:55:19.446,-394879,-442826,-428165,-449402,2,2,2,2
2025-08-21 11:55:19.446,-394823,-426354,-444526,-432995,2,2,2,2
2025-08-21 11:55:19.446,-394849,-426283,-428138,-432923,2,2,2,2
2025-08-21 11:55:19.447,-394853,-426284,-428141,-449309,2,2,2,2
2025-08-21 11:55:19.447,-394803,-426356,-444471,-433001,2,2,2,2
2025-08-21 11:55:19.447,-394865,-442738,-428145,-449385,2,2,2,2
2025-08-21 11:55:19.448,-394799,-426353,-444524,-432997,2,2,2,2
2025-08-21 11:55:19.448,-394797,-426351,-444524,-432993,2,2,2,2
2025-08-21 11:55:19.448,-394874,-426365,-428156,-432938,2,2,2,2
2025-08-21 11:55:19.449,-394855,-426284,-428139,-449304,2,2,2,2
2025-08-21 11:55:19.449,-394776,-442649,-428058,-449288,2,2,2,2
2025-08-21 11:55:19.449,-394740,-426224,-428276,-449219,2,2,2,2
2025-08-21 11:55:19.450,-394727,-426213,-428263,-432859,2,2,2,2
2025-08-21 11:55:19.450,-394723,-426209,-428264,-432858,2,2,2,2
2025-08-21 11:55:19.451,-394724,-426212,-428265,-432796,2,2,2,2
2025-08-21 11:55:19.452,-394729,-426219,-428267,-449219,2,2,2,2
2025-08-21 11:55:19.452,-394740,-426230,-444659,-432872,2,2,2,2
2025-08-21 11:55:19.453,-394738,-426234,-444660,-432872,2,2,2,2
2025-08-21 11:55:19.453,-394744,-442621,-428278,-441068,2,2,2,2
2025-08-21 11:55:19.453,-394749,-426247,-428287,-432883,2,2,2,2
2025-08-21 11:55:19.454,-394746,-426242,-428281,-449265,2,2,2,2
2025-08-21 11:55:19.455,-394727,-426224,-428265,-449218,2,2,2,2
2025-08-21 11:55:19.455,-394711,-426212,-444607,-432793,2,2,2,2
2025-08-21 11:55:19.456,-394644,-442561,-428189,-440985,2,2,2,2
2025-08-21 11:55:19.456,-394676,-426212,-444643,-432795,2,2,2,2
2025-08-21 11:55:19.457,-394622,-426127,-444558,-432703,2,2,2,2
2025-08-21 11:55:19.457,-394605,-426115,-428225,-432756,2,2,2,2
2025-08-21 11:55:19.457,-394602,-426178,-428160,-449078,2,2,2,2
2025-08-21 11:55:19.458,-394598,-442497,-428162,-449140,2,2,2,2
2025-08-21 11:55:19.458,-394529,-426109,-428095,-432751,2,2,2,2
2025-08-21 11:55:19.458,-394559,-426102,-428154,-432682,2,2,2,2
2025-08-21 11:55:19.458,-394601,-426111,-428227,-432757,2,2,2,2
2025-08-21 11:55:19.459,-394620,-426128,-428181,-432840,2,2,2,2
2025-08-21 11:55:19.459,-394628,-426197,-428188,-432848,2,2,2,2
2025-08-21 11:55:19.459,-394699,-426140,-428260,-432794,2,2,2,2
2025-08-21 11:55:19.459,-394637,-442584,-428191,-449174,2,2,2,2
2025-08-21 11:55:19.459,-394719,-426216,-444651,-432795,2,2,2,2
2025-08-21 11:55:19.460,-394652,-442601,-428263,-440989,2,2,2,2
2025-08-21 11:55:19.460,-394722,-426219,-428264,-432863,2,2,2,2
2025-08-21 11:55:19.460,-394655,-426216,-428262,-449213,2,2,2,2
2025-08-21 11:55:19.460,-394641,-426202,-428185,-449170,2,2,2,2
2025-08-21 11:55:19.460,-394692,-426122,-444549,-432770,2,2,2,2
2025-08-21 11:55:19.461,-394617,-426111,-428152,-432697,2,2,2,2
2025-08-21 11:55:19.461,-394618,-426118,-428156,-432700,2,2,2,2
2025-08-21 11:55:19.461,-394615,-426117,-428092,-432763,2,2,2,2
2025-08-21 11:55:19.462,-394610,-426177,-428156,-449146,2,2,2,2
2025-08-21 11:55:19.462,63994,-7341761,8257536,131072,131072,131072,165827,-255360
